[0mdirenv: loading ~/gh/cb/CBRD-27089-oos-deferred-write/.envrc
Preset Mode: debug_gcc
Install Dir: /home/vimkim/.cub/install/CBRD-27089-oos-deferred-write/debug_gcc
DB Dir: /home/vimkim/gh/cb/CBRD-27089-oos-deferred-write/.cub-workenv/databases
Build Dir: /home/vimkim/gh/cb/CBRD-27089-oos-deferred-write/build_preset_debug_gcc
[0mdirenv: loading ~/gh/cb/CBRD-27089-oos-deferred-write/.envrc
Preset Mode: debug_gcc
Install Dir: /home/vimkim/.cub/install/CBRD-27089-oos-deferred-write/debug_gcc
DB Dir: /home/vimkim/gh/cb/CBRD-27089-oos-deferred-write/.cub-workenv/databases
Build Dir: /home/vimkim/gh/cb/CBRD-27089-oos-deferred-write/build_preset_debug_gcc
[0mdirenv: loading ~/gh/cb/CBRD-27089-oos-deferred-write/.envrc
Preset Mode: debug_gcc
Install Dir: /home/vimkim/.cub/install/CBRD-27089-oos-deferred-write/debug_gcc
DB Dir: /home/vimkim/gh/cb/CBRD-27089-oos-deferred-write/.cub-workenv/databases
Build Dir: /home/vimkim/gh/cb/CBRD-27089-oos-deferred-write/build_preset_debug_gcc
Using JAVA_HOME JDK: /home/vimkim/.local/share/mise/installs/java/temurin-8.0.462+8
[0mdirenv: loading ~/gh/cb/CBRD-27089-oos-deferred-write/.envrc
Preset Mode: debug_gcc
Install Dir: /home/vimkim/.cub/install/CBRD-27089-oos-deferred-write/debug_gcc
DB Dir: /home/vimkim/gh/cb/CBRD-27089-oos-deferred-write/.cub-workenv/databases
Build Dir: /home/vimkim/gh/cb/CBRD-27089-oos-deferred-write/build_preset_debug_gcc
Logging build output to: /home/vimkim/gh/cb/CBRD-27089-oos-deferred-write/build_preset_debug_gcc/build.log
[0mdirenv: loading ~/gh/cb/CBRD-27089-oos-deferred-write/.envrc
Preset Mode: debug_gcc
Install Dir: /home/vimkim/.cub/install/CBRD-27089-oos-deferred-write/debug_gcc
DB Dir: /home/vimkim/gh/cb/CBRD-27089-oos-deferred-write/.cub-workenv/databases
Build Dir: /home/vimkim/gh/cb/CBRD-27089-oos-deferred-write/build_preset_debug_gcc
[0/2] Re-checking globbed directories...
[1/1302] Running utility command for pl_install_jdk
[INFO] Install JDK 8
[2/1302] Building CXX object sa/CMakeFiles/cubridsa.dir/__/src/base/process_util.c.o
[3/1302] Building CXX object sa/CMakeFiles/cubridsa.dir/__/src/storage/byte_order.c.o
[4/1302] Building CXX object sa/CMakeFiles/cubridsa.dir/__/src/base/sha1.c.o
[5/1302] Building CXX object sa/CMakeFiles/cubridsa.dir/__/src/base/mprec.c.o
[6/1302] Building CXX object sa/CMakeFiles/cubridsa.dir/__/src/base/get_clock_freq.c.o
[7/1302] Building CXX object sa/CMakeFiles/cubridsa.dir/__/src/base/dtoa.c.o
[8/1302] Building CXX object sa/CMakeFiles/cubridsa.dir/__/src/base/bit.c.o
[9/1302] Building CXX object sa/CMakeFiles/cubridsa.dir/__/src/base/chartype.c.o
[10/1302] Building CXX object sa/CMakeFiles/cubridsa.dir/__/src/base/release_string.c.o
[11/1302] Building CXX object sa/CMakeFiles/cubridsa.dir/__/src/base/ini_parser.c.o
[12/1302] Building CXX object sa/CMakeFiles/cubridsa.dir/__/src/base/porting.c.o
[13/1302] Building CXX object sa/CMakeFiles/cubridsa.dir/__/src/base/message_catalog.c.o
[14/1302] Building CXX object sa/CMakeFiles/cubridsa.dir/__/src/base/hide_password.cpp.o
[15/1302] Building CXX object sa/CMakeFiles/cubridsa.dir/__/src/base/cubrid_getopt_long.c.o
[16/1302] Building CXX object sa/CMakeFiles/cubridsa.dir/__/src/base/xml_parser.c.o
[17/1302] Building CXX object sa/CMakeFiles/cubridsa.dir/__/src/base/unicode_support.c.o
[18/1302] Building CXX object sa/CMakeFiles/cubridsa.dir/__/src/base/misc_string.c.o
[19/1302] Building CXX object sa/CMakeFiles/cubridsa.dir/__/src/base/tsc_timer.c.o
[20/1302] Building CXX object sa/CMakeFiles/cubridsa.dir/__/src/base/environment_variable.c.o
[21/1302] Building CXX object sa/CMakeFiles/cubridsa.dir/__/src/base/util_func.c.o
[22/1302] Building CXX object sa/CMakeFiles/cubridsa.dir/__/src/base/variable_string.c.o
[23/1302] Building CXX object sa/CMakeFiles/cubridsa.dir/__/src/base/fixed_alloc.c.o
[24/1302] Building CXX object sa/CMakeFiles/cubridsa.dir/__/src/base/fileline_location.cpp.o
[25/1302] Building CXX object sa/CMakeFiles/cubridsa.dir/__/src/base/intl_support.c.o
[26/1302] Building CXX object sa/CMakeFiles/cubridsa.dir/__/src/base/printer.cpp.o
[27/1302] Building CXX object sa/CMakeFiles/cubridsa.dir/__/src/base/perf.cpp.o
[28/1302] Building CXX object sa/CMakeFiles/cubridsa.dir/__/src/base/mem_block.cpp.o
[29/1302] Building CXX object sa/CMakeFiles/cubridsa.dir/__/src/base/memory_private_allocator.cpp.o
[30/1302] Building CXX object sa/CMakeFiles/cubridsa.dir/__/src/base/uca_support.c.o
[31/1302] Building CXX object sa/CMakeFiles/cubridsa.dir/__/src/base/error_context.cpp.o
[32/1302] Building CXX object sa/CMakeFiles/cubridsa.dir/__/src/base/base64.c.o
[33/1302] Building C object sa/CMakeFiles/cubridsa.dir/__/src/compat/dbtype_function.c.o
[34/1302] Building CXX object sa/CMakeFiles/cubridsa.dir/__/src/base/encryption.c.o
[35/1302] Building CXX object sa/CMakeFiles/cubridsa.dir/__/src/compat/cnv.c.o
[36/1302] Building CXX object sa/CMakeFiles/cubridsa.dir/__/src/base/stack_dump.c.o
[37/1302] Building CXX object sa/CMakeFiles/cubridsa.dir/__/src/base/filesys_temp.cpp.o
[38/1302] Building CXX object sa/CMakeFiles/cubridsa.dir/__/src/base/pinnable_buffer.cpp.o
[39/1302] Building CXX object sa/CMakeFiles/cubridsa.dir/__/src/executables/extract_schema.cpp.o
[40/1302] Building CXX object sa/CMakeFiles/cubridsa.dir/__/src/base/packer.cpp.o
[41/1302] Building CXX object sa/CMakeFiles/cubridsa.dir/__/src/base/string_buffer.cpp.o
[42/1302] Building CXX object sa/CMakeFiles/cubridsa.dir/__/src/base/binaryheap.c.o
[43/1302] Building CXX object sa/CMakeFiles/cubridsa.dir/__/src/base/databases_file.c.o
[44/1302] Building CXX object sa/CMakeFiles/cubridsa.dir/__/src/base/lockfree_bitmap.cpp.o
[45/1302] Building CXX object sa/CMakeFiles/cubridsa.dir/__/src/executables/csql_result.c.o
[46/1302] Building CXX object sa/CMakeFiles/cubridsa.dir/__/src/base/locale_helper.cpp.o
[47/1302] Building CXX object sa/CMakeFiles/cubridsa.dir/__/src/executables/file_hash.c.o
[48/1302] Building CXX object sa/CMakeFiles/cubridsa.dir/__/src/base/resource_tracker.cpp.o
[49/1302] Building CXX object sa/CMakeFiles/cubridsa.dir/__/src/base/error_manager.c.o
[50/1302] Building CXX object sa/CMakeFiles/cubridsa.dir/__/src/base/lock_free.c.o
[51/1302] Building CXX object sa/CMakeFiles/cubridsa.dir/__/src/compat/db_json_allocator.cpp.o
[52/1302] Building CXX object sa/CMakeFiles/cubridsa.dir/__/src/base/perf_monitor_trackers.cpp.o
[53/1302] Building CXX object sa/CMakeFiles/cubridsa.dir/__/src/base/fault_injection.c.o
[54/1302] Building CXX object sa/CMakeFiles/cubridsa.dir/__/src/heaplayers/lea_heap.c.o
[55/1302] Building CXX object sa/CMakeFiles/cubridsa.dir/__/src/sp/pl_file.c.o
[56/1302] Building CXX object sa/CMakeFiles/cubridsa.dir/__/src/connection/connection_less.cpp.o
[57/1302] Building CXX object sa/CMakeFiles/cubridsa.dir/__/src/base/dynamic_load.c.o
[58/1302] Building CXX object sa/CMakeFiles/cubridsa.dir/__/src/base/locale_support.c.o
[59/1302] Building CXX object sa/CMakeFiles/cubridsa.dir/__/src/base/lockfree_hashmap.cpp.o
[60/1302] Building CXX object sa/CMakeFiles/cubridsa.dir/__/src/heaplayers/customheaps.cpp.o
[61/1302] Building CXX object sa/CMakeFiles/cubridsa.dir/__/src/connection/connection_list_cl.cpp.o
[62/1302] Building CXX object sa/CMakeFiles/cubridsa.dir/__/src/connection/connection_globals.c.o
[63/1302] Building CXX object sa/CMakeFiles/cubridsa.dir/__/src/base/filesys_parser.cpp.o
[64/1302] Building CXX object sa/CMakeFiles/cubridsa.dir/__/src/connection/tcp.c.o
[65/1302] Building CXX object sa/CMakeFiles/cubridsa.dir/__/src/communication/network_histogram.cpp.o
[66/1302] Building CXX object sa/CMakeFiles/cubridsa.dir/__/src/connection/host_lookup.c.o
[67/1302] Building CXX object sa/CMakeFiles/cubridsa.dir/__/src/base/area_alloc.c.o
[68/1302] Building CXX object sa/CMakeFiles/cubridsa.dir/__/src/sp/pl_signature.cpp.o
[69/1302] Building CXX object sa/CMakeFiles/cubridsa.dir/__/src/base/memory_alloc.c.o
[70/1302] Building CXX object sa/CMakeFiles/cubridsa.dir/__/src/compat/db_elo.c.o
[71/1302] Building CXX object sa/CMakeFiles/cubridsa.dir/__/src/compat/db_set.c.o
[72/1302] Building CXX object sa/CMakeFiles/cubridsa.dir/__/src/base/cgroup.cpp.o
[73/1302] Building CXX object sa/CMakeFiles/cubridsa.dir/__/src/connection/connection_cl.cpp.o
[74/1302] Building CXX object sa/CMakeFiles/cubridsa.dir/__/src/compat/db_date.c.o
[75/1302] Building CXX object sa/CMakeFiles/cubridsa.dir/__/src/base/memory_hash.c.o
[76/1302] Building CXX object sa/CMakeFiles/cubridsa.dir/__/src/executables/csql_result_format.c.o
[77/1302] Building CXX object sa/CMakeFiles/cubridsa.dir/__/src/compat/db_old.c.o
[78/1302] Building CXX object sa/CMakeFiles/cubridsa.dir/__/src/compat/db_macro.c.o
[79/1302] Building CXX object sa/CMakeFiles/cubridsa.dir/__/src/executables/csql_support.c.o
[80/1302] Building CXX object sa/CMakeFiles/cubridsa.dir/__/src/sp/pl_comm.c.o
[81/1302] Building CXX object sa/CMakeFiles/cubridsa.dir/__/src/sp/pl_compile_handler.cpp.o
[82/1302] Building CXX object sa/CMakeFiles/cubridsa.dir/__/src/compat/db_value_printer.cpp.o
[83/1302] Building CXX object sa/CMakeFiles/cubridsa.dir/__/src/compat/db_virt.c.o
[84/1302] Building CXX object sa/CMakeFiles/cubridsa.dir/__/src/executables/util_common.c.o
[85/1302] Building CXX object sa/CMakeFiles/cubridsa.dir/__/src/base/resources.cpp.o
[86/1302] Building CXX object sa/CMakeFiles/cubridsa.dir/__/src/compat/db_class.c.o
[87/1302] Building CXX object sa/CMakeFiles/cubridsa.dir/__/src/compat/db_method_static.cpp.o
[88/1302] Building CXX object sa/CMakeFiles/cubridsa.dir/__/src/communication/network_callback_sr.cpp.o
[89/1302] Building CXX object cs/CMakeFiles/cubridcs.dir/__/src/executables/csql_support.c.o
[90/1302] Building CXX object sa/CMakeFiles/cubridsa.dir/__/src/connection/connection_support.cpp.o
[91/1302] Building CXX object sa/CMakeFiles/cubridsa.dir/__/src/sp/pl_connection.cpp.o
[92/1302] Building CXX object sa/CMakeFiles/cubridsa.dir/__/src/compat/db_temp.c.o
[93/1302] Building CXX object sa/CMakeFiles/cubridsa.dir/__/src/executables/unloaddb.c.o
[94/1302] Building CXX object sa/CMakeFiles/cubridsa.dir/__/src/method/method_struct_parameter_info.cpp.o
[95/1302] Building CXX object sa/CMakeFiles/cubridsa.dir/__/src/compat/db_info.c.o
[96/1302] Building CXX object sa/CMakeFiles/cubridsa.dir/__/src/base/tz_compile.c.o
[97/1302] Building CXX object sa/CMakeFiles/cubridsa.dir/__/src/storage/compactdb_sr.c.o
[98/1302] Building CXX object sa/CMakeFiles/cubridsa.dir/__/src/executables/csql_session.c.o
[99/1302] Building CXX object sa/CMakeFiles/cubridsa.dir/__/src/method/method_error.cpp.o
[100/1302] Building CXX object sa/CMakeFiles/cubridsa.dir/__/src/sp/pl_struct_compile.cpp.o
[101/1302] Building CXX object sa/CMakeFiles/cubridsa.dir/__/src/compat/db_json_path.cpp.o
[102/1302] Building CXX object sa/CMakeFiles/cubridsa.dir/__/src/compat/db_obj.c.o
[103/1302] Building CXX object sa/CMakeFiles/cubridsa.dir/__/src/base/language_support.c.o
[104/1302] Building CXX object sa/CMakeFiles/cubridsa.dir/__/src/method/method_struct_query.cpp.o
[105/1302] Building CXX object sa/CMakeFiles/cubridsa.dir/__/src/executables/unload_object_file.c.o
[106/1302] Building CXX object sa/CMakeFiles/cubridsa.dir/__/src/method/method_struct_invoke.cpp.o
[107/1302] Building CXX object sa/CMakeFiles/cubridsa.dir/__/src/executables/unload_object.c.o
[108/1302] Building CXX object sa/CMakeFiles/cubridsa.dir/__/src/base/ddl_log.c.o
[109/1302] Building CXX object sa/CMakeFiles/cubridsa.dir/__/src/executables/csql.c.o
[110/1302] Building CXX object sa/CMakeFiles/cubridsa.dir/__/src/sp/pl_sr.cpp.o
[111/1302] Building CXX object sa/CMakeFiles/cubridsa.dir/__/src/compat/db_query.c.o
[112/1302] Building CXX object cs/CMakeFiles/cubridcs.dir/__/src/executables/csql_session.c.o
[113/1302] Building CXX object sa/CMakeFiles/cubridsa.dir/__/src/executables/compactdb_common.c.o
[114/1302] Building CXX object sa/CMakeFiles/cubridsa.dir/__/src/communication/network_callback_cl.cpp.o
[115/1302] Building CXX object sa/CMakeFiles/cubridsa.dir/__/src/base/perf_monitor.c.o
[116/1302] Building CXX object sa/CMakeFiles/cubridsa.dir/__/src/method/method_struct_oid_info.cpp.o
[117/1302] Building CXX object sa/CMakeFiles/cubridsa.dir/__/src/executables/compactdb.c.o
[118/1302] Building CXX object sa/CMakeFiles/cubridsa.dir/__/src/connection/client_support.cpp.o
[119/1302] Building CXX object sa/CMakeFiles/cubridsa.dir/__/src/executables/util_cs.c.o
[120/1302] Building CXX object sa/CMakeFiles/cubridsa.dir/__/src/object/lob_locator.cpp.o
[121/1302] Building CXX object sa/CMakeFiles/cubridsa.dir/__/src/method/method_oid_handler.cpp.o
[122/1302] Building CXX object sa/CMakeFiles/cubridsa.dir/__/src/parser/double_byte_support.c.o
[123/1302] Building CXX object sa/CMakeFiles/cubridsa.dir/__/src/compat/db_admin.c.o
[124/1302] Building CXX object sa/CMakeFiles/cubridsa.dir/__/src/method/method_query_util.cpp.o
[125/1302] Building CXX object sa/CMakeFiles/cubridsa.dir/__/src/compat/db_vdb.c.o
[126/1302] Building CXX object sa/CMakeFiles/cubridsa.dir/__/src/base/object_representation_sr.c.o
[127/1302] Building CXX object sa/CMakeFiles/cubridsa.dir/__/src/monitor/monitor_transaction.cpp.o
[128/1302] Building CXX object sa/CMakeFiles/cubridsa.dir/__/src/base/system_parameter.c.o
[129/1302] Building CXX object sa/CMakeFiles/cubridsa.dir/__/src/object/object_print_util.cpp.o
[130/1302] Building CXX object sa/CMakeFiles/cubridsa.dir/__/src/object/quick_fit.c.o
[131/1302] Building CXX object sa/CMakeFiles/cubridsa.dir/__/src/object/elo.c.o
[132/1302] Building CXX object sa/CMakeFiles/cubridsa.dir/__/src/optimizer/query_bitset.c.o
[133/1302] Building CXX object sa/CMakeFiles/cubridsa.dir/__/src/object/identifier_store.cpp.o
[134/1302] Building CXX object sa/CMakeFiles/cubridsa.dir/__/src/method/method_struct_value.cpp.o
[135/1302] Building CXX object sa/CMakeFiles/cubridsa.dir/__/src/object/schema_information_schema.cpp.o
[136/1302] Building CXX object sa/CMakeFiles/cubridsa.dir/__/src/executables/util_sa.c.o
[137/1302] Building CXX object sa/CMakeFiles/cubridsa.dir/__/src/executables/unload_schema.c.o
[138/1302] Building CXX object sa/CMakeFiles/cubridsa.dir/__/src/sp/pl_query_cursor.cpp.o
[139/1302] Building CXX object sa/CMakeFiles/cubridsa.dir/__/src/base/tz_support.c.o
[140/1302] Building CXX object sa/CMakeFiles/cubridsa.dir/__/src/sp/jsp_cl.cpp.o
[141/1302] Building CXX object sa/CMakeFiles/cubridsa.dir/__/src/query/parallel/px_scan/px_scan_instnum.cpp.o
[142/1302] Building CXX object sa/CMakeFiles/cubridsa.dir/__/src/object/schema_information_schema_definition.cpp.o
[143/1302] Building CXX object sa/CMakeFiles/cubridsa.dir/__/src/communication/network_interface_cl.c.o
[144/1302] Building CXX object sa/CMakeFiles/cubridsa.dir/__/src/sp/sp_code.cpp.o
[145/1302] Building CXX object sa/CMakeFiles/cubridsa.dir/__/src/sp/pl_execution_stack_context.cpp.o
[146/1302] Building CXX object sa/CMakeFiles/cubridsa.dir/__/src/sp/method_invoke_group.cpp.o
[147/1302] Building CXX object sa/CMakeFiles/cubridsa.dir/__/src/object/authenticate_password.cpp.o
[148/1302] Building CXX object sa/CMakeFiles/cubridsa.dir/__/src/object/authenticate_owner.cpp.o
[149/1302] Building CXX object sa/CMakeFiles/cubridsa.dir/__/src/query/parallel/px_scan/px_scan_checker.cpp.o
[150/1302] Building CXX object sa/CMakeFiles/cubridsa.dir/__/src/method/method_scan.cpp.o
[151/1302] Building CXX object sa/CMakeFiles/cubridsa.dir/__/src/method/method_query_handler.cpp.o
[152/1302] Building CXX object sa/CMakeFiles/cubridsa.dir/__/src/object/transform.c.o
[153/1302] Building CXX object sa/CMakeFiles/cubridsa.dir/__/src/query/parallel/px_query_execute/px_query_checker.cpp.o
[154/1302] Building CXX object sa/CMakeFiles/cubridsa.dir/__/src/object/schema_system_catalog_install_query_spec.cpp.o
[155/1302] Building CXX object sa/CMakeFiles/cubridsa.dir/__/src/object/deduplicate_key.c.o
[156/1302] Building CXX object sa/CMakeFiles/cubridsa.dir/__/src/object/authenticate_context.cpp.o
[157/1302] Building CXX object sa/CMakeFiles/cubridsa.dir/__/src/object/schema_system_catalog_definition.cpp.o
[158/1302] Building CXX object sa/CMakeFiles/cubridsa.dir/__/src/sp/pl_executor.cpp.o
[159/1302] Building CXX object sa/CMakeFiles/cubridsa.dir/__/src/object/authenticate_access_class.cpp.o
[160/1302] Building CXX object sa/CMakeFiles/cubridsa.dir/__/src/object/authenticate.c.o
[161/1302] Building CXX object sa/CMakeFiles/cubridsa.dir/__/src/object/object_printer.cpp.o
[162/1302] Building CXX object sa/CMakeFiles/cubridsa.dir/__/src/sp/pl_session.cpp.o
[163/1302] Building CXX object sa/CMakeFiles/cubridsa.dir/__/src/object/class_description.cpp.o
[164/1302] Building CXX object sa/CMakeFiles/cubridsa.dir/__/src/object/object_description.cpp.o
[165/1302] Building CXX object sa/CMakeFiles/cubridsa.dir/__/src/object/authenticate_cache.cpp.o
[166/1302] Building CXX object sa/CMakeFiles/cubridsa.dir/__/src/object/schema_system_catalog.cpp.o
[167/1302] Building CXX object sa/CMakeFiles/cubridsa.dir/__/src/object/authenticate_migration.cpp.o
[168/1302] Building CXX object sa/CMakeFiles/cubridsa.dir/__/src/object/schema_system_catalog_builder.cpp.o
[169/1302] Building CXX object sa/CMakeFiles/cubridsa.dir/__/src/object/object_representation.c.o
[170/1302] Building CXX object sa/CMakeFiles/cubridsa.dir/__/src/object/authenticate_access_user.cpp.o
[171/1302] Building CXX object sa/CMakeFiles/cubridsa.dir/__/src/method/method_callback.cpp.o
[172/1302] Building CXX object sa/CMakeFiles/cubridsa.dir/__/src/object/authenticate_access_auth.cpp.o
[173/1302] Building CXX object sa/CMakeFiles/cubridsa.dir/__/src/query/crypt_opfunc.c.o
[174/1302] Building CXX object sa/CMakeFiles/cubridsa.dir/__/src/compat/db_json.cpp.o
[175/1302] Building CXX object sa/CMakeFiles/cubridsa.dir/__/src/object/object_print.c.o
[176/1302] Building CXX object sa/CMakeFiles/cubridsa.dir/__/src/object/authenticate_grant.cpp.o
[177/1302] Building CXX object sa/CMakeFiles/cubridsa.dir/__/src/object/object_template.c.o
[178/1302] Building CXX object sa/CMakeFiles/cubridsa.dir/__/src/optimizer/rewriter/query_rewrite_auto_parameterize.c.o
[179/1302] Building CXX object sa/CMakeFiles/cubridsa.dir/__/src/object/class_object.c.o
[180/1302] Building CXX object sa/CMakeFiles/cubridsa.dir/__/src/object/schema_information_schema_install_query_spec.cpp.o
[181/1302] Building CXX object sa/CMakeFiles/cubridsa.dir/__/src/optimizer/rewriter/query_rewrite_subquery.c.o
[182/1302] Building CXX object sa/CMakeFiles/cubridsa.dir/__/src/object/schema_information_schema_builder.cpp.o
[183/1302] Building CXX object sa/CMakeFiles/cubridsa.dir/__/src/object/trigger_description.cpp.o
[184/1302] Building CXX object sa/CMakeFiles/cubridsa.dir/__/src/object/virtual_object.c.o
[185/1302] Building CXX object sa/CMakeFiles/cubridsa.dir/__/src/method/query_method.cpp.o
[186/1302] Building CXX object sa/CMakeFiles/cubridsa.dir/__/src/object/transform_cl.c.o
[187/1302] Building CXX object sa/CMakeFiles/cubridsa.dir/__/src/object/set_object.c.o
[188/1302] Building CXX object sa/CMakeFiles/cubridsa.dir/__/src/object/schema_template.c.o
[189/1302] Building CXX object sa/CMakeFiles/cubridsa.dir/__/src/object/object_accessor.c.o
[190/1302] Building CXX object sa/CMakeFiles/cubridsa.dir/__/src/optimizer/rewriter/query_rewrite.c.o
[191/1302] Building CXX object sa/CMakeFiles/cubridsa.dir/__/src/object/schema_class_truncator.cpp.o
[192/1302] Building CXX object sa/CMakeFiles/cubridsa.dir/__/src/optimizer/rewriter/query_rewrite_set.c.o
[193/1302] Building CXX object sa/CMakeFiles/cubridsa.dir/__/src/query/qfile_tuple_layout.c.o
[194/1302] Building CXX object sa/CMakeFiles/cubridsa.dir/__/src/optimizer/rewriter/query_rewrite_select.c.o
[195/1302] Building CXX object sa/CMakeFiles/cubridsa.dir/__/src/optimizer/rewriter/query_rewrite_term.c.o
[196/1302] Building CXX object sa/CMakeFiles/cubridsa.dir/__/src/object/trigger_manager.c.o
[197/1302] Building CXX object sa/CMakeFiles/cubridsa.dir/__/src/query/numeric_opfunc.c.o
[198/1302] Building CXX object sa/CMakeFiles/cubridsa.dir/__/src/object/object_domain.c.o
[199/1302] Building CXX object sa/CMakeFiles/cubridsa.dir/__/src/object/work_space.c.o
[200/1302] Building CXX object sa/CMakeFiles/cubridsa.dir/__/src/query/cursor.c.o
[201/1302] Building CXX object sa/CMakeFiles/cubridsa.dir/__/src/object/schema_manager.c.o
[202/1302] Building C object sa/CMakeFiles/cubridsa.dir/__/csql_lexer.c.o
[203/1302] Building CXX object sa/CMakeFiles/cubridsa.dir/__/src/object/schema_information_schema_install.cpp.o
[204/1302] Building CXX object sa/CMakeFiles/cubridsa.dir/__/src/query/string_regex_re2.cpp.o
[205/1302] Building CXX object sa/CMakeFiles/cubridsa.dir/__/src/object/object_primitive.c.o
[206/1302] Building CXX object sa/CMakeFiles/cubridsa.dir/__/src/optimizer/query_graph.c.o
[207/1302] Building CXX object sa/CMakeFiles/cubridsa.dir/__/src/query/arithmetic.c.o
[208/1302] Building CXX object sa/CMakeFiles/cubridsa.dir/__/src/query/dblink_2pc.c.o
[209/1302] Building CXX object sa/CMakeFiles/cubridsa.dir/__/src/optimizer/plan_generation.c.o
[210/1302] Building CXX object sa/CMakeFiles/cubridsa.dir/__/src/object/schema_system_catalog_install.cpp.o
[211/1302] Building CXX object sa/CMakeFiles/cubridsa.dir/__/src/query/dblink_scan.c.o
[212/1302] Building CXX object sa/CMakeFiles/cubridsa.dir/__/src/thread/critical_section_tracker.cpp.o
[213/1302] Building CXX object sa/CMakeFiles/cubridsa.dir/__/src/transaction/client_credentials.cpp.o
[214/1302] Building CXX object sa/CMakeFiles/cubridsa.dir/__/src/sp/sp_catalog.cpp.o
[215/1302] Building CXX object sa/CMakeFiles/cubridsa.dir/__/src/query/fetch.c.o
[216/1302] Building CXX object sa/CMakeFiles/cubridsa.dir/__/src/query/vacuum_oos.cpp.o
[217/1302] Building CXX object sa/CMakeFiles/cubridsa.dir/__/src/query/filter_pred_cache.c.o
[218/1302] Building CXX object sa/CMakeFiles/cubridsa.dir/__/src/query/list_file.c.o
[219/1302] Building CXX object sa/CMakeFiles/cubridsa.dir/__/src/transaction/log_lsa.cpp.o
[220/1302] Building CXX object sa/CMakeFiles/cubridsa.dir/__/src/transaction/locator.c.o
[221/1302] Building CXX object sa/CMakeFiles/cubridsa.dir/__/src/query/string_regex.cpp.o
[222/1302] Building CXX object sa/CMakeFiles/cubridsa.dir/__/src/optimizer/query_planner.c.o
[223/1302] Building CXX object sa/CMakeFiles/cubridsa.dir/__/src/query/partition.c.o
[224/1302] Building CXX object sa/CMakeFiles/cubridsa.dir/__/src/query/regu_var.cpp.o
[225/1302] Building CXX object sa/CMakeFiles/cubridsa.dir/__/src/query/query_cl.c.o
[226/1302] Building CXX object sa/CMakeFiles/cubridsa.dir/__/src/query/query_analytic.cpp.o
[227/1302] Building CXX object sa/CMakeFiles/cubridsa.dir/__/src/query/query_evaluator.c.o
[228/1302] Building CXX object sa/CMakeFiles/cubridsa.dir/__/src/query/query_dump.c.o
[229/1302] Building CXX object sa/CMakeFiles/cubridsa.dir/__/src/query/query_manager.c.o
[230/1302] Building CXX object sa/CMakeFiles/cubridsa.dir/__/src/thread/thread_entry_task.cpp.o
[231/1302] Building CXX object sa/CMakeFiles/cubridsa.dir/__/src/query/execute_schema.c.o
[232/1302] Building CXX object sa/CMakeFiles/cubridsa.dir/__/src/parser/cnf.c.o
[233/1302] Building CXX object sa/CMakeFiles/cubridsa.dir/__/src/query/query_aggregate.cpp.o
[234/1302] Building CXX object sa/CMakeFiles/cubridsa.dir/__/src/query/scan_json_table.cpp.o
[235/1302] Building CXX object sa/CMakeFiles/cubridsa.dir/__/src/query/query_hash_join.c.o
[236/1302] Building CXX object sa/CMakeFiles/cubridsa.dir/__/src/query/query_reevaluation.cpp.o
[237/1302] Building CXX object sa/CMakeFiles/cubridsa.dir/__/src/parser/keyword.c.o
[238/1302] Building CXX object sa/CMakeFiles/cubridsa.dir/__/src/query/query_hash_scan.c.o
[239/1302] Building CXX object sa/CMakeFiles/cubridsa.dir/__/src/query/set_scan.c.o
[240/1302] Building CXX object sa/CMakeFiles/cubridsa.dir/__/src/transaction/log_comm.c.o
[241/1302] Building CXX object sa/CMakeFiles/cubridsa.dir/__/src/parser/method_transform.c.o
[242/1302] Building CXX object sa/CMakeFiles/cubridsa.dir/__/src/thread/thread_lockfree_hash_map.cpp.o
[243/1302] Building CXX object sa/CMakeFiles/cubridsa.dir/__/src/thread/thread_manager.cpp.o
[244/1302] Building CXX object sa/CMakeFiles/cubridsa.dir/__/src/query/subquery_cache.c.o
[245/1302] Building CXX object sa/CMakeFiles/cubridsa.dir/__/src/parser/parse_tree.c.o
[246/1302] Building CXX object sa/CMakeFiles/cubridsa.dir/__/src/query/show_scan.c.o
[247/1302] Building CXX object sa/CMakeFiles/cubridsa.dir/__/src/parser/parser_allocator.cpp.o
[248/1302] Building CXX object sa/CMakeFiles/cubridsa.dir/__/src/storage/es_owfs.c.o
[249/1302] Building CXX object sa/CMakeFiles/cubridsa.dir/__/src/transaction/log_compress.c.o
[250/1302] Building CXX object sa/CMakeFiles/cubridsa.dir/__/src/parser/parse_type.cpp.o
[251/1302] Building CXX object sa/CMakeFiles/cubridsa.dir/__/src/transaction/flashback.c.o
[252/1302] Building CXX object sa/CMakeFiles/cubridsa.dir/__/src/transaction/log_2pc.c.o
[253/1302] Building CXX object sa/CMakeFiles/cubridsa.dir/__/src/parser/func_type.cpp.o
[254/1302] Building CXX object sa/CMakeFiles/cubridsa.dir/__/src/transaction/log_append.cpp.o
[255/1302] Building CXX object sa/CMakeFiles/cubridsa.dir/__/src/parser/show_meta.c.o
[256/1302] Building CXX object sa/CMakeFiles/cubridsa.dir/__/src/transaction/log_global.c.o
[257/1302] Building CXX object sa/CMakeFiles/cubridsa.dir/__/src/parser/scanner_support.c.o
[258/1302] Building CXX object sa/CMakeFiles/cubridsa.dir/__/src/parser/compile.c.o
[259/1302] Building CXX object sa/CMakeFiles/cubridsa.dir/__/src/query/scan_manager.c.o
[260/1302] Building CXX object sa/CMakeFiles/cubridsa.dir/__/src/storage/es_posix.c.o
[261/1302] Building CXX object sa/CMakeFiles/cubridsa.dir/__/src/query/stream_to_xasl.c.o
[262/1302] Building CXX object sa/CMakeFiles/cubridsa.dir/__/src/transaction/log_postpone_cache.cpp.o
[263/1302] Building CXX object sa/CMakeFiles/cubridsa.dir/__/src/query/xasl_to_stream.c.o
[264/1302] Building CXX object sa/CMakeFiles/cubridsa.dir/__/src/parser/parse_evaluate.c.o
[265/1302] Building CXX object sa/CMakeFiles/cubridsa.dir/__/src/storage/btree_unique.cpp.o
[266/1302] Building CXX object sa/CMakeFiles/cubridsa.dir/__/src/storage/disk_manager.c.o
[267/1302] Building CXX object sa/CMakeFiles/cubridsa.dir/__/src/transaction/mvcc_active_tran.cpp.o
[268/1302] Building CXX object sa/CMakeFiles/cubridsa.dir/__/src/storage/es_common.c.o
[269/1302] Building CXX object sa/CMakeFiles/cubridsa.dir/__/src/query/query_opfunc.c.o
[270/1302] Building CXX object sa/CMakeFiles/cubridsa.dir/__/src/query/memoize.cpp.o
[271/1302] Building CXX object sa/CMakeFiles/cubridsa.dir/__/src/transaction/log_system_tran.cpp.o
[272/1302] Building CXX object sa/CMakeFiles/cubridsa.dir/__/src/storage/oid.c.o
[273/1302] Building CXX object sa/CMakeFiles/cubridsa.dir/__/src/query/serial.c.o
[274/1302] Building CXX object sa/CMakeFiles/cubridsa.dir/__/src/parser/xasl_regu_alloc.cpp.o
[275/1302] Running utility command for jdbc_build
-- Found Git: /usr/bin/git (found version "2.47.3") 
[INFO] JDBC VERSION = 11.4.0.0077
Buildfile: /home/vimkim/gh/cb/CBRD-27089-oos-deferred-write/cubrid-jdbc/build.xml

clean:

src-jar-cubrid:
    [mkdir] Created dir: /home/vimkim/gh/cb/CBRD-27089-oos-deferred-write/cubrid-jdbc/output/bin-cubrid
    [mkdir] Created dir: /home/vimkim/gh/cb/CBRD-27089-oos-deferred-write/cubrid-jdbc/output/src-cubrid
     [copy] Copying 1 file to /home/vimkim/gh/cb/CBRD-27089-oos-deferred-write/cubrid-jdbc/output/src-cubrid
     [copy] Copying 97 files to /home/vimkim/gh/cb/CBRD-27089-oos-deferred-write/cubrid-jdbc/output/src-cubrid
      [jar] Building jar: /home/vimkim/gh/cb/CBRD-27089-oos-deferred-write/cubrid-jdbc/cubrid-jdbc-11.4.0.0077-sources.jar

compile-cubrid:
    [javac] Compiling 97 source files to /home/vimkim/gh/cb/CBRD-27089-oos-deferred-write/cubrid-jdbc/output/bin-cubrid

doc-jar-cubrid:
  [javadoc] Generating Javadoc
  [javadoc] Javadoc execution
  [javadoc] Loading source files for package cubrid.jdbc.driver...
  [javadoc] Loading source files for package cubrid.jdbc.jci...
  [javadoc] Loading source files for package cubrid.jdbc.net...
  [javadoc] Loading source files for package cubrid.jdbc.util...
  [javadoc] Loading source files for package cubrid.sql...
  [javadoc] Constructing Javadoc information...
  [javadoc] Standard Doclet version 1.8.0_462
  [javadoc] Building tree for all the packages and classes...
  [javadoc] Building index for all the packages and classes...
  [javadoc] Building index for all classes...
      [jar] Building jar: /home/vimkim/gh/cb/CBRD-27089-oos-deferred-write/cubrid-jdbc/cubrid-jdbc-11.4.0.0077-javadoc.jar

dist-cubrid:
      [jar] Building jar: /home/vimkim/gh/cb/CBRD-27089-oos-deferred-write/cubrid-jdbc/cubrid-jdbc-11.4.0.0077.jar

BUILD SUCCESSFUL
Total time: 16 seconds
[INFO] Generating cubrid_jdbc.jar finished
[276/1302] Building CXX object sa/CMakeFiles/cubridsa.dir/__/src/parser/query_result.c.o
[277/1302] Building CXX object sa/CMakeFiles/cubridsa.dir/__/src/transaction/mvcc.c.o
[278/1302] Building CXX object sa/CMakeFiles/cubridsa.dir/__/src/transaction/replication.c.o
[279/1302] Building CXX object sa/CMakeFiles/cubridsa.dir/__/src/transaction/log_recovery_redo.cpp.o
[280/1302] Building CXX object sa/CMakeFiles/cubridsa.dir/__/src/query/execute_statement.c.o
[281/1302] Building CXX object sa/CMakeFiles/cubridsa.dir/__/src/transaction/mvcc_table.cpp.o
[282/1302] Building CXX object sa/CMakeFiles/cubridsa.dir/__/src/storage/statistics_ndv.c.o
[283/1302] Building CXX object sa/CMakeFiles/cubridsa.dir/__/src/storage/heap_pending_record.cpp.o
[284/1302] Building CXX object sa/CMakeFiles/cubridsa.dir/__/src/parser/name_resolution.c.o
[285/1302] Building CXX object sa/CMakeFiles/cubridsa.dir/__/src/query/xasl_cache.c.o
[286/1302] Building CXX object sa/CMakeFiles/cubridsa.dir/__/src/storage/oos_util.cpp.o
[287/1302] Building CXX object sa/CMakeFiles/cubridsa.dir/__/src/thread/thread_entry.cpp.o
[288/1302] Building CXX object sa/CMakeFiles/cubridsa.dir/__/src/parser/view_transform.c.o
[289/1302] Building CXX object sa/CMakeFiles/cubridsa.dir/__/src/transaction/transaction_transient.cpp.o
[290/1302] Building CXX object sa/CMakeFiles/cubridsa.dir/__/src/parser/parse_dbi.c.o
[291/1302] Building CXX object sa/CMakeFiles/cubridsa.dir/__/src/transaction/log_prior_inflight.cpp.o
[292/1302] Building CXX object sa/CMakeFiles/cubridsa.dir/__/src/transaction/boot_cl.c.o
[293/1302] Building CXX object sa/CMakeFiles/cubridsa.dir/__/src/xasl/xasl_unpack_info.cpp.o
[294/1302] Building CXX object sa/CMakeFiles/cubridsa.dir/__/src/query/string_opfunc.c.o
[295/1302] Building CXX object sa/CMakeFiles/cubridsa.dir/__/src/storage/storage_common.c.o
[296/1302] Building CXX object sa/CMakeFiles/cubridsa.dir/__/src/query/vacuum.c.o
[297/1302] Building CXX object sa/CMakeFiles/cubridsa.dir/__/src/transaction/locator_cl.c.o
[298/1302] Building CXX object sa/CMakeFiles/cubridsa.dir/__/src/transaction/log_recovery.c.o
[299/1302] Building CXX object sa/CMakeFiles/cubridsa.dir/__/src/transaction/lock_manager.c.o
[300/1302] Building CXX object sa/CMakeFiles/cubridsa.dir/__/src/storage/ftab_set.cpp.o
[301/1302] Building CXX object sa/CMakeFiles/cubridsa.dir/__/src/transaction/boot_sr.c.o
[302/1302] Building CXX object sa/CMakeFiles/cubridsa.dir/__/src/xasl/access_json_table.cpp.o
[303/1302] Building CXX object sa/CMakeFiles/cubridsa.dir/__/src/storage/overflow_file.c.o
[304/1302] Building CXX object sa/CMakeFiles/cubridsa.dir/__/src/parser/parser_support.c.o
[305/1302] Building CXX object sa/CMakeFiles/cubridsa.dir/__/src/query/string_regex_std.cpp.o
[306/1302] Building CXX object sa/CMakeFiles/cubridsa.dir/__/src/transaction/log_writer.c.o
[307/1302] Building CXX object sa/CMakeFiles/cubridsa.dir/__/src/storage/record_descriptor.cpp.o
[308/1302] Building CXX object sa/CMakeFiles/cubridsa.dir/__/src/query/query_executor.c.o
[309/1302] Building C object sa/CMakeFiles/cubridsa.dir/__/csql_grammar.c.o
/home/vimkim/gh/cb/CBRD-27089-oos-deferred-write/build_preset_debug_gcc/csql_grammar.c: In function ‘yyuserAction’:
/home/vimkim/gh/cb/CBRD-27089-oos-deferred-write/build_preset_debug_gcc/csql_grammar.c:42611:80: warning: implicit conversion from ‘enum pt_currency_types’ to ‘DB_CURRENCY’ [-Wenum-conversion]
42611 |                             pt_value_set_monetary (this_parser, val, str, txt, PT_CURRENCY_YEN);
      |                                                                                ^~~~~~~~~~~~~~~
/home/vimkim/gh/cb/CBRD-27089-oos-deferred-write/build_preset_debug_gcc/csql_grammar.c:42631:80: warning: implicit conversion from ‘enum pt_currency_types’ to ‘DB_CURRENCY’ [-Wenum-conversion]
42631 |                             pt_value_set_monetary (this_parser, val, str, txt, PT_CURRENCY_DOLLAR);
      |                                                                                ^~~~~~~~~~~~~~~~~~
/home/vimkim/gh/cb/CBRD-27089-oos-deferred-write/build_preset_debug_gcc/csql_grammar.c:42651:80: warning: implicit conversion from ‘enum pt_currency_types’ to ‘DB_CURRENCY’ [-Wenum-conversion]
42651 |                             pt_value_set_monetary (this_parser, val, str, txt, PT_CURRENCY_WON);
      |                                                                                ^~~~~~~~~~~~~~~
/home/vimkim/gh/cb/CBRD-27089-oos-deferred-write/build_preset_debug_gcc/csql_grammar.c:42671:80: warning: implicit conversion from ‘enum pt_currency_types’ to ‘DB_CURRENCY’ [-Wenum-conversion]
42671 |                             pt_value_set_monetary (this_parser, val, str, txt, PT_CURRENCY_TL);
      |                                                                                ^~~~~~~~~~~~~~
/home/vimkim/gh/cb/CBRD-27089-oos-deferred-write/build_preset_debug_gcc/csql_grammar.c:42691:80: warning: implicit conversion from ‘enum pt_currency_types’ to ‘DB_CURRENCY’ [-Wenum-conversion]
42691 |                             pt_value_set_monetary (this_parser, val, str, txt, PT_CURRENCY_BRITISH_POUND);
      |                                                                                ^~~~~~~~~~~~~~~~~~~~~~~~~
/home/vimkim/gh/cb/CBRD-27089-oos-deferred-write/build_preset_debug_gcc/csql_grammar.c:42710:80: warning: implicit conversion from ‘enum pt_currency_types’ to ‘DB_CURRENCY’ [-Wenum-conversion]
42710 |                             pt_value_set_monetary (this_parser, val, str, txt, PT_CURRENCY_CAMBODIAN_RIEL);
      |                                                                                ^~~~~~~~~~~~~~~~~~~~~~~~~~
/home/vimkim/gh/cb/CBRD-27089-oos-deferred-write/build_preset_debug_gcc/csql_grammar.c:42729:80: warning: implicit conversion from ‘enum pt_currency_types’ to ‘DB_CURRENCY’ [-Wenum-conversion]
42729 |                             pt_value_set_monetary (this_parser, val, str, txt, PT_CURRENCY_CHINESE_RENMINBI);
      |                                                                                ^~~~~~~~~~~~~~~~~~~~~~~~~~~~
/home/vimkim/gh/cb/CBRD-27089-oos-deferred-write/build_preset_debug_gcc/csql_grammar.c:42748:80: warning: implicit conversion from ‘enum pt_currency_types’ to ‘DB_CURRENCY’ [-Wenum-conversion]
42748 |                             pt_value_set_monetary (this_parser, val, str, txt, PT_CURRENCY_INDIAN_RUPEE);
      |                                                                                ^~~~~~~~~~~~~~~~~~~~~~~~
/home/vimkim/gh/cb/CBRD-27089-oos-deferred-write/build_preset_debug_gcc/csql_grammar.c:42767:80: warning: implicit conversion from ‘enum pt_currency_types’ to ‘DB_CURRENCY’ [-Wenum-conversion]
42767 |                             pt_value_set_monetary (this_parser, val, str, txt, PT_CURRENCY_RUSSIAN_RUBLE);
      |                                                                                ^~~~~~~~~~~~~~~~~~~~~~~~~
/home/vimkim/gh/cb/CBRD-27089-oos-deferred-write/build_preset_debug_gcc/csql_grammar.c:42786:80: warning: implicit conversion from ‘enum pt_currency_types’ to ‘DB_CURRENCY’ [-Wenum-conversion]
42786 |                             pt_value_set_monetary (this_parser, val, str, txt, PT_CURRENCY_AUSTRALIAN_DOLLAR);
      |                                                                                ^~~~~~~~~~~~~~~~~~~~~~~~~~~~~
/home/vimkim/gh/cb/CBRD-27089-oos-deferred-write/build_preset_debug_gcc/csql_grammar.c:42805:80: warning: implicit conversion from ‘enum pt_currency_types’ to ‘DB_CURRENCY’ [-Wenum-conversion]
42805 |                             pt_value_set_monetary (this_parser, val, str, txt, PT_CURRENCY_CANADIAN_DOLLAR);
      |                                                                                ^~~~~~~~~~~~~~~~~~~~~~~~~~~
/home/vimkim/gh/cb/CBRD-27089-oos-deferred-write/build_preset_debug_gcc/csql_grammar.c:42824:80: warning: implicit conversion from ‘enum pt_currency_types’ to ‘DB_CURRENCY’ [-Wenum-conversion]
42824 |                             pt_value_set_monetary (this_parser, val, str, txt, PT_CURRENCY_BRASILIAN_REAL);
      |                                                                                ^~~~~~~~~~~~~~~~~~~~~~~~~~
/home/vimkim/gh/cb/CBRD-27089-oos-deferred-write/build_preset_debug_gcc/csql_grammar.c:42843:80: warning: implicit conversion from ‘enum pt_currency_types’ to ‘DB_CURRENCY’ [-Wenum-conversion]
42843 |                             pt_value_set_monetary (this_parser, val, str, txt, PT_CURRENCY_ROMANIAN_LEU);
      |                                                                                ^~~~~~~~~~~~~~~~~~~~~~~~
/home/vimkim/gh/cb/CBRD-27089-oos-deferred-write/build_preset_debug_gcc/csql_grammar.c:42862:80: warning: implicit conversion from ‘enum pt_currency_types’ to ‘DB_CURRENCY’ [-Wenum-conversion]
42862 |                             pt_value_set_monetary (this_parser, val, str, txt, PT_CURRENCY_EURO);
      |                                                                                ^~~~~~~~~~~~~~~~
/home/vimkim/gh/cb/CBRD-27089-oos-deferred-write/build_preset_debug_gcc/csql_grammar.c:42881:80: warning: implicit conversion from ‘enum pt_currency_types’ to ‘DB_CURRENCY’ [-Wenum-conversion]
42881 |                             pt_value_set_monetary (this_parser, val, str, txt, PT_CURRENCY_SWISS_FRANC);
      |                                                                                ^~~~~~~~~~~~~~~~~~~~~~~
/home/vimkim/gh/cb/CBRD-27089-oos-deferred-write/build_preset_debug_gcc/csql_grammar.c:42900:80: warning: implicit conversion from ‘enum pt_currency_types’ to ‘DB_CURRENCY’ [-Wenum-conversion]
42900 |                             pt_value_set_monetary (this_parser, val, str, txt, PT_CURRENCY_DANISH_KRONE);
      |                                                                                ^~~~~~~~~~~~~~~~~~~~~~~~
/home/vimkim/gh/cb/CBRD-27089-oos-deferred-write/build_preset_debug_gcc/csql_grammar.c:42919:80: warning: implicit conversion from ‘enum pt_currency_types’ to ‘DB_CURRENCY’ [-Wenum-conversion]
42919 |                             pt_value_set_monetary (this_parser, val, str, txt, PT_CURRENCY_NORWEGIAN_KRONE);
      |                                                                                ^~~~~~~~~~~~~~~~~~~~~~~~~~~
/home/vimkim/gh/cb/CBRD-27089-oos-deferred-write/build_preset_debug_gcc/csql_grammar.c:42938:80: warning: implicit conversion from ‘enum pt_currency_types’ to ‘DB_CURRENCY’ [-Wenum-conversion]
42938 |                             pt_value_set_monetary (this_parser, val, str, txt, PT_CURRENCY_BULGARIAN_LEV);
      |                                                                                ^~~~~~~~~~~~~~~~~~~~~~~~~
/home/vimkim/gh/cb/CBRD-27089-oos-deferred-write/build_preset_debug_gcc/csql_grammar.c:42957:80: warning: implicit conversion from ‘enum pt_currency_types’ to ‘DB_CURRENCY’ [-Wenum-conversion]
42957 |                             pt_value_set_monetary (this_parser, val, str, txt, PT_CURRENCY_VIETNAMESE_DONG);
      |                                                                                ^~~~~~~~~~~~~~~~~~~~~~~~~~~
/home/vimkim/gh/cb/CBRD-27089-oos-deferred-write/build_preset_debug_gcc/csql_grammar.c:42976:80: warning: implicit conversion from ‘enum pt_currency_types’ to ‘DB_CURRENCY’ [-Wenum-conversion]
42976 |                             pt_value_set_monetary (this_parser, val, str, txt, PT_CURRENCY_CZECH_KORUNA);
      |                                                                                ^~~~~~~~~~~~~~~~~~~~~~~~
/home/vimkim/gh/cb/CBRD-27089-oos-deferred-write/build_preset_debug_gcc/csql_grammar.c:42995:80: warning: implicit conversion from ‘enum pt_currency_types’ to ‘DB_CURRENCY’ [-Wenum-conversion]
42995 |                             pt_value_set_monetary (this_parser, val, str, txt, PT_CURRENCY_POLISH_ZLOTY);
      |                                                                                ^~~~~~~~~~~~~~~~~~~~~~~~
/home/vimkim/gh/cb/CBRD-27089-oos-deferred-write/build_preset_debug_gcc/csql_grammar.c:43014:80: warning: implicit conversion from ‘enum pt_currency_types’ to ‘DB_CURRENCY’ [-Wenum-conversion]
43014 |                             pt_value_set_monetary (this_parser, val, str, txt, PT_CURRENCY_SWEDISH_KRONA);
      |                                                                                ^~~~~~~~~~~~~~~~~~~~~~~~~
/home/vimkim/gh/cb/CBRD-27089-oos-deferred-write/build_preset_debug_gcc/csql_grammar.c:43033:80: warning: implicit conversion from ‘enum pt_currency_types’ to ‘DB_CURRENCY’ [-Wenum-conversion]
43033 |                             pt_value_set_monetary (this_parser, val, str, txt, PT_CURRENCY_CROATIAN_KUNA);
      |                                                                                ^~~~~~~~~~~~~~~~~~~~~~~~~
/home/vimkim/gh/cb/CBRD-27089-oos-deferred-write/build_preset_debug_gcc/csql_grammar.c:43052:80: warning: implicit conversion from ‘enum pt_currency_types’ to ‘DB_CURRENCY’ [-Wenum-conversion]
43052 |                             pt_value_set_monetary (this_parser, val, str, txt, PT_CURRENCY_SERBIAN_DINAR);
      |                                                                                ^~~~~~~~~~~~~~~~~~~~~~~~~
/home/vimkim/gh/cb/CBRD-27089-oos-deferred-write/build_preset_debug_gcc/csql_grammar.c: In function ‘pt_value_set_monetary’:
/home/vimkim/gh/cb/CBRD-27089-oos-deferred-write/build_preset_debug_gcc/csql_grammar.c:49108:42: warning: implicit conversion from ‘DB_CURRENCY’ to ‘PT_CURRENCY’ {aka ‘enum pt_currency_types’} [-Wenum-conversion]
49108 |   node->info.value.data_value.money.type = type;
      |                                          ^
[310/1302] Building CXX object sa/CMakeFiles/cubridsa.dir/__/src/parser/semantic_check.c.o
[311/1302] Building CXX object sa/CMakeFiles/cubridsa.dir/__/src/transaction/transaction_cl.c.o
[312/1302] Building CXX object sa/CMakeFiles/cubridsa.dir/__/src/loaddb/load_common.cpp.o
[313/1302] Building CXX object sa/CMakeFiles/cubridsa.dir/__/load_lexer.cpp.o
[314/1302] Building CXX object cs/CMakeFiles/cubridcs.dir/__/src/executables/extract_schema.cpp.o
[315/1302] Building CXX object sa/CMakeFiles/cubridsa.dir/__/src/transaction/transaction_sr.c.o
[316/1302] Building CXX object sa/CMakeFiles/cubridsa.dir/__/src/transaction/recovery.c.o
[317/1302] Building CXX object sa/CMakeFiles/cubridsa.dir/__/src/loaddb/load_semantic_helper.cpp.o
[318/1302] Building CXX object sa/CMakeFiles/cubridsa.dir/__/src/loaddb/load_driver.cpp.o
[319/1302] Building CXX object sa/CMakeFiles/cubridsa.dir/__/src/optimizer/histogram/histogram_reader.cpp.o
[320/1302] Building CXX object sa/CMakeFiles/cubridsa.dir/__/src/transaction/locator_sr.c.o
[321/1302] Building CXX object sa/CMakeFiles/cubridsa.dir/__/load_grammar.cpp.o
[322/1302] Building CXX object cs/CMakeFiles/cubridcs.dir/__/src/executables/csql_result.c.o
[323/1302] Building CXX object sa/CMakeFiles/cubridsa.dir/__/src/session/session_sr.c.o
[324/1302] Building CXX object cs/CMakeFiles/cubridcs.dir/__/src/executables/file_hash.c.o
[325/1302] Building CXX object cs/CMakeFiles/cubridcs.dir/__/src/compat/cnv.c.o
[326/1302] Building CXX object sa/CMakeFiles/cubridsa.dir/__/src/storage/es.c.o
[327/1302] Building CXX object cs/CMakeFiles/cubridcs.dir/__/src/base/chartype.c.o
[328/1302] Building CXX object sa/CMakeFiles/cubridsa.dir/__/src/parser/parse_tree_cl.c.o
[329/1302] Building CXX object sa/CMakeFiles/cubridsa.dir/__/src/storage/double_write_buffer.cpp.o
[330/1302] Building CXX object sa/CMakeFiles/cubridsa.dir/__/src/loaddb/load_error_handler.cpp.o
[331/1302] Building CXX object sa/CMakeFiles/cubridsa.dir/__/src/optimizer/histogram/histogram_builder.cpp.o
[332/1302] Building CXX object cs/CMakeFiles/cubridcs.dir/__/src/base/dtoa.c.o
[333/1302] Building CXX object sa/CMakeFiles/cubridsa.dir/__/src/storage/btree_sort.c.o
[334/1302] Building CXX object cs/CMakeFiles/cubridcs.dir/__/src/base/environment_variable.c.o
[335/1302] Building CXX object cs/CMakeFiles/cubridcs.dir/__/src/base/fault_injection.c.o
[336/1302] Building CXX object cs/CMakeFiles/cubridcs.dir/__/src/base/cubrid_getopt_long.c.o
[337/1302] Building CXX object sa/CMakeFiles/cubridsa.dir/__/src/storage/extendible_hash.c.o
[338/1302] Building CXX object sa/CMakeFiles/cubridsa.dir/__/src/storage/catalog_class.c.o
[339/1302] Building CXX object sa/CMakeFiles/cubridsa.dir/__/src/transaction/log_page_buffer.c.o
[340/1302] Building CXX object sa/CMakeFiles/cubridsa.dir/__/src/storage/bestspace.cpp.o
[341/1302] Building CXX object sa/CMakeFiles/cubridsa.dir/__/src/transaction/log_tran_table.c.o
[342/1302] Building CXX object sa/CMakeFiles/cubridsa.dir/__/src/xasl/xasl_predicate.cpp.o
[343/1302] Building CXX object sa/CMakeFiles/cubridsa.dir/__/src/parser/xasl_generation.c.o
[344/1302] Building CXX object cs/CMakeFiles/cubridcs.dir/__/src/base/encryption.c.o
[345/1302] Building CXX object cs/CMakeFiles/cubridcs.dir/__/src/base/ini_parser.c.o
[346/1302] Building CXX object sa/CMakeFiles/cubridsa.dir/__/src/storage/statistics_cl.c.o
[347/1302] Building CXX object sa/CMakeFiles/cubridsa.dir/__/src/parser/type_checking.c.o
[348/1302] Building C object cs/CMakeFiles/cubridcs.dir/__/src/compat/dbtype_function.c.o
[349/1302] Building CXX object cs/CMakeFiles/cubridcs.dir/__/src/base/fixed_alloc.c.o
[350/1302] Building CXX object sa/CMakeFiles/cubridsa.dir/__/src/xasl/xasl_analytic.cpp.o
[351/1302] Building CXX object sa/CMakeFiles/cubridsa.dir/__/src/transaction/log_manager.c.o
[352/1302] Building CXX object cs/CMakeFiles/cubridcs.dir/__/src/base/fileline_location.cpp.o
[353/1302] Building CXX object sa/CMakeFiles/cubridsa.dir/__/src/loaddb/load_object_table.c.o
[354/1302] Building CXX object cs/CMakeFiles/cubridcs.dir/__/src/base/error_context.cpp.o
[355/1302] Building CXX object cs/CMakeFiles/cubridcs.dir/__/src/compat/db_json_allocator.cpp.o
[356/1302] Building CXX object cs/CMakeFiles/cubridcs.dir/__/src/base/mprec.c.o
[357/1302] Building CXX object cs/CMakeFiles/cubridcs.dir/__/src/base/base64.c.o
[358/1302] Building CXX object sa/CMakeFiles/cubridsa.dir/__/src/storage/external_sort.c.o
[359/1302] Building CXX object cs/CMakeFiles/cubridcs.dir/__/src/base/message_catalog.c.o
[360/1302] Building CXX object sa/CMakeFiles/cubridsa.dir/__/src/storage/heap_oos.cpp.o
[361/1302] Building CXX object cs/CMakeFiles/cubridcs.dir/__/src/base/locale_support.c.o
[362/1302] Building CXX object cs/CMakeFiles/cubridcs.dir/__/src/base/databases_file.c.o
[363/1302] Building CXX object cs/CMakeFiles/cubridcs.dir/__/src/base/intl_support.c.o
[364/1302] Building CXX object sa/CMakeFiles/cubridsa.dir/__/src/storage/slotted_page.c.o
[365/1302] Building CXX object sa/CMakeFiles/cubridsa.dir/__/src/storage/tde.c.o
[366/1302] Building CXX object cs/CMakeFiles/cubridcs.dir/__/src/base/misc_string.c.o
[367/1302] Building CXX object sa/CMakeFiles/cubridsa.dir/__/src/xasl/xasl_iteration.cpp.o
[368/1302] Building CXX object cs/CMakeFiles/cubridcs.dir/__/src/base/get_clock_freq.c.o
[369/1302] Building CXX object cs/CMakeFiles/cubridcs.dir/__/src/base/hide_password.cpp.o
[370/1302] Building CXX object sa/CMakeFiles/cubridsa.dir/__/src/session/session.c.o
[371/1302] Building CXX object sa/CMakeFiles/cubridsa.dir/__/src/xasl/xasl_stream.cpp.o
[372/1302] Building CXX object cs/CMakeFiles/cubridcs.dir/__/src/base/lockfree_bitmap.cpp.o
[373/1302] Building CXX object sa/CMakeFiles/cubridsa.dir/__/src/storage/statistics_sr.c.o
[374/1302] Building CXX object cs/CMakeFiles/cubridcs.dir/__/src/base/process_util.c.o
[375/1302] Building CXX object cs/CMakeFiles/cubridcs.dir/__/src/base/porting.c.o
[376/1302] Building CXX object cs/CMakeFiles/cubridcs.dir/__/src/base/locale_helper.cpp.o
[377/1302] Building CXX object cs/CMakeFiles/cubridcs.dir/__/src/base/tsc_timer.c.o
[378/1302] Building CXX object cs/CMakeFiles/cubridcs.dir/__/src/executables/csql_result_format.c.o
[379/1302] Building CXX object sa/CMakeFiles/cubridsa.dir/__/src/storage/btree_load.c.o
[380/1302] Building CXX object cs/CMakeFiles/cubridcs.dir/__/src/base/release_string.c.o
[381/1302] Building CXX object cs/CMakeFiles/cubridcs.dir/__/src/compat/db_elo.c.o
[382/1302] Building CXX object cs/CMakeFiles/cubridcs.dir/__/src/base/sha1.c.o
[383/1302] Building CXX object cs/CMakeFiles/cubridcs.dir/__/src/base/filesys_temp.cpp.o
[384/1302] Building CXX object sa/CMakeFiles/cubridsa.dir/__/src/storage/file_io.c.o
[385/1302] Building CXX object cs/CMakeFiles/cubridcs.dir/__/src/base/memory_private_allocator.cpp.o
[386/1302] Building CXX object cs/CMakeFiles/cubridcs.dir/__/src/base/variable_string.c.o
[387/1302] Building CXX object cs/CMakeFiles/cubridcs.dir/__/src/executables/compactdb_common.c.o
[388/1302] Building CXX object cs/CMakeFiles/cubridcs.dir/__/src/base/mem_block.cpp.o
[389/1302] Building CXX object cubrid/CMakeFiles/cubrid.dir/__/src/query/partition.c.o
[390/1302] Building CXX object cs/CMakeFiles/cubridcs.dir/__/src/base/error_manager.c.o
[391/1302] Building CXX object cs/CMakeFiles/cubridcs.dir/__/src/executables/unload_object_file.c.o
[392/1302] Building CXX object cs/CMakeFiles/cubridcs.dir/__/src/base/perf.cpp.o
[393/1302] Building CXX object sa/CMakeFiles/cubridsa.dir/__/src/loaddb/load_object.c.o
[394/1302] Building CXX object cs/CMakeFiles/cubridcs.dir/__/src/base/uca_support.c.o
[395/1302] Building CXX object sa/CMakeFiles/cubridsa.dir/__/src/loaddb/load_db.c.o
[396/1302] Building CXX object cs/CMakeFiles/cubridcs.dir/__/src/executables/unloaddb.c.o
[397/1302] Running utility command for pl_build
[INFO] JDBC Driver built at cubrid-jdbc submodule
> Task :pl_server:generateGrammarSource UP-TO-DATE
> Task :pl_server:compileJava UP-TO-DATE
> Task :pl_server:processResources UP-TO-DATE
> Task :pl_server:classes UP-TO-DATE
> Task :pl_server:jar UP-TO-DATE
> Task :pl_server:startScripts UP-TO-DATE
> Task :pl_server:distTar UP-TO-DATE
> Task :pl_server:distZip UP-TO-DATE
> Task :pl_server:assemble UP-TO-DATE
> Task :pl_server:check
> Task :pl_server:build

BUILD SUCCESSFUL in 4s
7 actionable tasks: 7 up-to-date
[398/1302] Building CXX object cs/CMakeFiles/cubridcs.dir/__/src/executables/util_common.c.o
[399/1302] Building CXX object cs/CMakeFiles/cubridcs.dir/__/src/executables/compactdb_cl.c.o
[400/1302] Building CXX object cs/CMakeFiles/cubridcs.dir/__/src/base/xml_parser.c.o
[401/1302] Building CXX object cs/CMakeFiles/cubridcs.dir/__/src/base/unicode_support.c.o
[402/1302] Building CXX object cs/CMakeFiles/cubridcs.dir/__/src/base/pinnable_buffer.cpp.o
[403/1302] Building CXX object cs/CMakeFiles/cubridcs.dir/__/src/base/util_func.c.o
[404/1302] Building CXX object cs/CMakeFiles/cubridcs.dir/__/src/base/printer.cpp.o
[405/1302] Building CXX object cs/CMakeFiles/cubridcs.dir/__/src/base/resource_tracker.cpp.o
[406/1302] Building CXX object cs/CMakeFiles/cubridcs.dir/__/src/executables/csql.c.o
[407/1302] Building CXX object sa/CMakeFiles/cubridsa.dir/__/src/storage/page_buffer.c.o
[408/1302] Building CXX object cs/CMakeFiles/cubridcs.dir/__/src/executables/unload_object.c.o
[409/1302] Building CXX object sa/CMakeFiles/cubridsa.dir/__/src/storage/file_manager.c.o
[410/1302] Building CXX object cs/CMakeFiles/cubridcs.dir/__/src/compat/db_class.c.o
[411/1302] Building CXX object sa/CMakeFiles/cubridsa.dir/__/src/storage/oos_file.cpp.o
[412/1302] Building CXX object cs/CMakeFiles/cubridcs.dir/__/src/executables/checksumdb.c.o
[413/1302] Building CXX object cs/CMakeFiles/cubridcs.dir/__/src/communication/network_common.cpp.o
[414/1302] Building CXX object cs/CMakeFiles/cubridcs.dir/__/src/base/string_buffer.cpp.o
[415/1302] Building CXX object cs/CMakeFiles/cubridcs.dir/__/src/base/stack_dump.c.o
[416/1302] Building CXX object cs/CMakeFiles/cubridcs.dir/__/src/compat/db_date.c.o
[417/1302] Building CXX object cs/CMakeFiles/cubridcs.dir/__/src/compat/db_old.c.o
[418/1302] Building CXX object cs/CMakeFiles/cubridcs.dir/__/src/base/packer.cpp.o
[419/1302] Building CXX object cs/CMakeFiles/cubridcs.dir/__/src/heaplayers/lea_heap.c.o
[420/1302] Building CXX object cs/CMakeFiles/cubridcs.dir/__/src/compat/db_info.c.o
[421/1302] Building CXX object sa/CMakeFiles/cubridsa.dir/__/src/storage/system_catalog.c.o
[422/1302] Building CXX object cs/CMakeFiles/cubridcs.dir/__/src/compat/db_obj.c.o
[423/1302] Building CXX object cs/CMakeFiles/cubridcs.dir/__/src/compat/db_virt.c.o
[424/1302] Building CXX object cs/CMakeFiles/cubridcs.dir/__/src/compat/db_temp.c.o
[425/1302] Building CXX object cs/CMakeFiles/cubridcs.dir/__/src/compat/db_admin.c.o
[426/1302] Building CXX object cubrid/CMakeFiles/cubrid.dir/__/src/query/list_file.c.o
[427/1302] Building CXX object cs/CMakeFiles/cubridcs.dir/__/src/compat/db_macro.c.o
[428/1302] Building CXX object cs/CMakeFiles/cubridcs.dir/__/src/base/dynamic_load.c.o
[429/1302] Building CXX object cs/CMakeFiles/cubridcs.dir/__/src/communication/network_histogram.cpp.o
[430/1302] Building CXX object cs/CMakeFiles/cubridcs.dir/__/src/compat/db_method_static.cpp.o
[431/1302] Building CXX object cs/CMakeFiles/cubridcs.dir/__/src/heaplayers/customheaps.cpp.o
[432/1302] Building CXX object cs/CMakeFiles/cubridcs.dir/__/src/compat/db_value_printer.cpp.o
[433/1302] Building CXX object cs/CMakeFiles/cubridcs.dir/__/src/base/area_alloc.c.o
[434/1302] Building CXX object cs/CMakeFiles/cubridcs.dir/__/src/compat/db_set.c.o
[435/1302] Building CXX object cs/CMakeFiles/cubridcs.dir/__/src/connection/connection_list_cl.cpp.o
[436/1302] Building CXX object cs/CMakeFiles/cubridcs.dir/__/src/connection/connection_less.cpp.o
[437/1302] Building CXX object sa/CMakeFiles/cubridsa.dir/__/src/loaddb/load_sa_loader.cpp.o
[438/1302] Building CXX object cs/CMakeFiles/cubridcs.dir/__/src/base/filesys_parser.cpp.o
[439/1302] Building CXX object cs/CMakeFiles/cubridcs.dir/__/src/compat/db_query.c.o
[440/1302] Building CXX object cs/CMakeFiles/cubridcs.dir/__/src/executables/util_cs.c.o
[441/1302] Building CXX object sa/CMakeFiles/cubridsa.dir/__/src/optimizer/histogram/histogram_cl.cpp.o
[442/1302] Building CXX object cs/CMakeFiles/cubridcs.dir/__/src/connection/tcp.c.o
[443/1302] Building CXX object cs/CMakeFiles/cubridcs.dir/__/src/connection/host_lookup.c.o
[444/1302] Building CXX object cs/CMakeFiles/cubridcs.dir/__/src/connection/heartbeat.c.o
[445/1302] Building CXX object cs/CMakeFiles/cubridcs.dir/__/src/object/quick_fit.c.o
[446/1302] Building CXX object cs/CMakeFiles/cubridcs.dir/__/src/connection/connection_globals.c.o
[447/1302] Building CXX object cs/CMakeFiles/cubridcs.dir/__/src/object/object_print_util.cpp.o
[448/1302] Building CXX object cs/CMakeFiles/cubridcs.dir/__/src/executables/unload_schema.c.o
[449/1302] Building CXX object cs/CMakeFiles/cubridcs.dir/__/src/object/identifier_store.cpp.o
[450/1302] Building CXX object cs/CMakeFiles/cubridcs.dir/__/src/compat/db_vdb.c.o
[451/1302] Building CXX object cs/CMakeFiles/cubridcs.dir/__/src/object/elo.c.o
[452/1302] Building CXX object cs/CMakeFiles/cubridcs.dir/__/src/compat/db_json_path.cpp.o
[453/1302] Building CXX object cs/CMakeFiles/cubridcs.dir/__/src/base/cgroup.cpp.o
[454/1302] Building CXX object cs/CMakeFiles/cubridcs.dir/__/src/base/memory_alloc.c.o
[455/1302] Building CXX object cs/CMakeFiles/cubridcs.dir/__/src/object/transform.c.o
[456/1302] Building CXX object cs/CMakeFiles/cubridcs.dir/__/src/optimizer/query_bitset.c.o
[457/1302] Building CXX object cs/CMakeFiles/cubridcs.dir/__/src/connection/connection_cl.cpp.o
[458/1302] Building CXX object cs/CMakeFiles/cubridcs.dir/__/src/base/memory_hash.c.o
[459/1302] Building CXX object cs/CMakeFiles/cubridcs.dir/__/src/object/schema_information_schema.cpp.o
[460/1302] Building CXX object cs/CMakeFiles/cubridcs.dir/__/src/base/resources.cpp.o
[461/1302] Building CXX object cs/CMakeFiles/cubridcs.dir/__/src/object/schema_information_schema_definition.cpp.o
[462/1302] Building CXX object cs/CMakeFiles/cubridcs.dir/__/src/base/language_support.c.o
[463/1302] Building CXX object cs/CMakeFiles/cubridcs.dir/__/src/communication/network_callback_cl.cpp.o
[464/1302] Building CXX object cs/CMakeFiles/cubridcs.dir/__/src/base/perf_monitor.c.o
[465/1302] Building CXX object cs/CMakeFiles/cubridcs.dir/__/src/base/ddl_log.c.o
[466/1302] Building CXX object sa/CMakeFiles/cubridsa.dir/__/src/storage/heap_file.c.o
[467/1302] Building CXX object cs/CMakeFiles/cubridcs.dir/__/src/connection/client_support.cpp.o
[468/1302] Building CXX object cs/CMakeFiles/cubridcs.dir/__/src/base/tz_support.c.o
[469/1302] Building CXX object cs/CMakeFiles/cubridcs.dir/__/src/object/authenticate_password.cpp.o
[470/1302] Building CXX object cs/CMakeFiles/cubridcs.dir/__/src/base/system_parameter.c.o
[471/1302] Building CXX object cs/CMakeFiles/cubridcs.dir/__/src/connection/connection_support.cpp.o
[472/1302] Building CXX object cs/CMakeFiles/cubridcs.dir/__/src/object/deduplicate_key.c.o
[473/1302] Building C object cs/CMakeFiles/cubridcs.dir/__/csql_lexer.c.o
[474/1302] Building CXX object cs/CMakeFiles/cubridcs.dir/__/src/object/authenticate_access_class.cpp.o
[475/1302] Building CXX object cs/CMakeFiles/cubridcs.dir/__/src/communication/network_cl.c.o
[476/1302] Building CXX object cs/CMakeFiles/cubridcs.dir/__/src/object/class_description.cpp.o
[477/1302] Building CXX object cs/CMakeFiles/cubridcs.dir/__/src/object/authenticate_migration.cpp.o
[478/1302] Building CXX object cs/CMakeFiles/cubridcs.dir/__/src/object/object_description.cpp.o
[479/1302] Building CXX object cs/CMakeFiles/cubridcs.dir/__/src/object/authenticate.c.o
[480/1302] Building CXX object sa/CMakeFiles/cubridsa.dir/__/src/storage/btree.c.o
[481/1302] Building CXX object cs/CMakeFiles/cubridcs.dir/__/src/object/authenticate_grant.cpp.o
[482/1302] Building CXX object cs/CMakeFiles/cubridcs.dir/__/src/object/lob_locator.cpp.o
[483/1302] Building CXX object cs/CMakeFiles/cubridcs.dir/__/src/object/authenticate_cache.cpp.o
[484/1302] Building CXX object cs/CMakeFiles/cubridcs.dir/__/src/object/authenticate_access_user.cpp.o
[485/1302] Building CXX object cs/CMakeFiles/cubridcs.dir/__/src/api/cubrid_log.c.o
[486/1302] Building CXX object cs/CMakeFiles/cubridcs.dir/__/src/object/authenticate_owner.cpp.o
[487/1302] Building CXX object cs/CMakeFiles/cubridcs.dir/__/src/object/schema_system_catalog_builder.cpp.o
[488/1302] Building CXX object cs/CMakeFiles/cubridcs.dir/__/src/object/authenticate_context.cpp.o
[489/1302] Building CXX object cs/CMakeFiles/cubridcs.dir/__/src/object/object_print.c.o
[490/1302] Building CXX object cs/CMakeFiles/cubridcs.dir/__/src/object/schema_system_catalog.cpp.o
[491/1302] Building CXX object cs/CMakeFiles/cubridcs.dir/__/src/object/schema_system_catalog_install_query_spec.cpp.o
[492/1302] Building CXX object cs/CMakeFiles/cubridcs.dir/__/src/object/authenticate_access_auth.cpp.o
[493/1302] Building CXX object cs/CMakeFiles/cubridcs.dir/__/src/object/class_object.c.o
[494/1302] Building CXX object cs/CMakeFiles/cubridcs.dir/__/src/object/schema_system_catalog_definition.cpp.o
[495/1302] Building CXX object cs/CMakeFiles/cubridcs.dir/__/src/optimizer/rewriter/query_rewrite_auto_parameterize.c.o
[496/1302] Building CXX object cs/CMakeFiles/cubridcs.dir/__/src/object/trigger_description.cpp.o
[497/1302] Building CXX object cs/CMakeFiles/cubridcs.dir/__/src/object/object_template.c.o
[498/1302] Building CXX object sa/CMakeFiles/cubridsa.dir/__/src/optimizer/histogram/histogram_sampler_sr.cpp.o
[499/1302] Building CXX object cs/CMakeFiles/cubridcs.dir/__/src/object/object_printer.cpp.o
[500/1302] Building CXX object cs/CMakeFiles/cubridcs.dir/__/src/object/virtual_object.c.o
[501/1302] Building CXX object cs/CMakeFiles/cubridcs.dir/__/src/object/object_accessor.c.o
[502/1302] Building CXX object cs/CMakeFiles/cubridcs.dir/__/src/object/transform_cl.c.o
[503/1302] Building CXX object cs/CMakeFiles/cubridcs.dir/__/src/object/schema_information_schema_install_query_spec.cpp.o
[504/1302] Building CXX object cs/CMakeFiles/cubridcs.dir/__/src/optimizer/rewriter/query_rewrite_set.c.o
[505/1302] Building CXX object cs/CMakeFiles/cubridcs.dir/__/src/object/schema_information_schema_builder.cpp.o
[506/1302] Building CXX object cs/CMakeFiles/cubridcs.dir/__/src/object/set_object.c.o
[507/1302] Building CXX object cs/CMakeFiles/cubridcs.dir/__/src/object/object_representation.c.o
[508/1302] Building CXX object cs/CMakeFiles/cubridcs.dir/__/src/object/trigger_manager.c.o
[509/1302] Building CXX object cs/CMakeFiles/cubridcs.dir/__/src/object/work_space.c.o
[510/1302] Building CXX object cs/CMakeFiles/cubridcs.dir/__/src/object/object_domain.c.o
[511/1302] Building CXX object cs/CMakeFiles/cubridcs.dir/__/src/object/schema_class_truncator.cpp.o
[512/1302] Building CXX object cs/CMakeFiles/cubridcs.dir/__/src/object/schema_template.c.o
[513/1302] Building CXX object cs/CMakeFiles/cubridcs.dir/__/src/communication/network_interface_cl.c.o
/home/vimkim/gh/cb/CBRD-27089-oos-deferred-write/src/communication/network_interface_cl.c: In function ‘int heap_create(HFID*, const OID*, bool)’:
/home/vimkim/gh/cb/CBRD-27089-oos-deferred-write/src/communication/network_interface_cl.c:1677:22: warning: ‘request’ may be used uninitialized [-Wmaybe-uninitialized]
 1677 |   ptr = or_pack_hfid (request, hfid);
      |         ~~~~~~~~~~~~~^~~~~~~~~~~~~~~
In file included from /home/vimkim/gh/cb/CBRD-27089-oos-deferred-write/src/communication/network_interface_cl.c:56:
/home/vimkim/gh/cb/CBRD-27089-oos-deferred-write/src/base/object_representation.h:1154:14: note: by argument 1 of type ‘const char*’ to ‘char* or_pack_hfid(const char*, const HFID*)’ declared here
 1154 | extern char *or_pack_hfid (const char *ptr, const HFID * hfid);
      |              ^~~~~~~~~~~~
/home/vimkim/gh/cb/CBRD-27089-oos-deferred-write/src/communication/network_interface_cl.c:1669:61: note: ‘a_request’ declared here
 1669 |   OR_ALIGNED_BUF (OR_HFID_SIZE + OR_OID_SIZE + OR_INT_SIZE) a_request;
      |                                                             ^~~~~~~~~
/home/vimkim/gh/cb/CBRD-27089-oos-deferred-write/src/communication/network_interface_cl.c: In function ‘int heap_destroy_newly_created(const HFID*, const OID*, bool)’:
/home/vimkim/gh/cb/CBRD-27089-oos-deferred-write/src/communication/network_interface_cl.c:1777:22: warning: ‘request’ may be used uninitialized [-Wmaybe-uninitialized]
 1777 |   ptr = or_pack_hfid (request, hfid);
      |         ~~~~~~~~~~~~~^~~~~~~~~~~~~~~
In file included from /home/vimkim/gh/cb/CBRD-27089-oos-deferred-write/src/communication/network_interface_cl.c:56:
/home/vimkim/gh/cb/CBRD-27089-oos-deferred-write/src/base/object_representation.h:1154:14: note: by argument 1 of type ‘const char*’ to ‘char* or_pack_hfid(const char*, const HFID*)’ declared here
 1154 | extern char *or_pack_hfid (const char *ptr, const HFID * hfid);
      |              ^~~~~~~~~~~~
/home/vimkim/gh/cb/CBRD-27089-oos-deferred-write/src/communication/network_interface_cl.c:1769:61: note: ‘a_request’ declared here
 1769 |   OR_ALIGNED_BUF (OR_HFID_SIZE + OR_OID_SIZE + OR_INT_SIZE) a_request;
      |                                                             ^~~~~~~~~
/home/vimkim/gh/cb/CBRD-27089-oos-deferred-write/src/communication/network_interface_cl.c: In function ‘int heap_get_class_num_objects_pages(HFID*, int, int*, int*)’:
/home/vimkim/gh/cb/CBRD-27089-oos-deferred-write/src/communication/network_interface_cl.c:1829:22: warning: ‘request’ may be used uninitialized [-Wmaybe-uninitialized]
 1829 |   ptr = or_pack_hfid (request, hfid);
      |         ~~~~~~~~~~~~~^~~~~~~~~~~~~~~
In file included from /home/vimkim/gh/cb/CBRD-27089-oos-deferred-write/src/communication/network_interface_cl.c:56:
/home/vimkim/gh/cb/CBRD-27089-oos-deferred-write/src/base/object_representation.h:1154:14: note: by argument 1 of type ‘const char*’ to ‘char* or_pack_hfid(const char*, const HFID*)’ declared here
 1154 | extern char *or_pack_hfid (const char *ptr, const HFID * hfid);
      |              ^~~~~~~~~~~~
/home/vimkim/gh/cb/CBRD-27089-oos-deferred-write/src/communication/network_interface_cl.c:1820:47: note: ‘a_request’ declared here
 1820 |   OR_ALIGNED_BUF (OR_HFID_SIZE + OR_INT_SIZE) a_request;
      |                                               ^~~~~~~~~
/home/vimkim/gh/cb/CBRD-27089-oos-deferred-write/src/communication/network_interface_cl.c: In function ‘int heap_has_instance(HFID*, OID*, int)’:
/home/vimkim/gh/cb/CBRD-27089-oos-deferred-write/src/communication/network_interface_cl.c:1883:22: warning: ‘request’ may be used uninitialized [-Wmaybe-uninitialized]
 1883 |   ptr = or_pack_hfid (request, hfid);
      |         ~~~~~~~~~~~~~^~~~~~~~~~~~~~~
In file included from /home/vimkim/gh/cb/CBRD-27089-oos-deferred-write/src/communication/network_interface_cl.c:56:
/home/vimkim/gh/cb/CBRD-27089-oos-deferred-write/src/base/object_representation.h:1154:14: note: by argument 1 of type ‘const char*’ to ‘char* or_pack_hfid(const char*, const HFID*)’ declared here
 1154 | extern char *or_pack_hfid (const char *ptr, const HFID * hfid);
      |              ^~~~~~~~~~~~
/home/vimkim/gh/cb/CBRD-27089-oos-deferred-write/src/communication/network_interface_cl.c:1874:61: note: ‘a_request’ declared here
 1874 |   OR_ALIGNED_BUF (OR_HFID_SIZE + OR_OID_SIZE + OR_INT_SIZE) a_request;
      |                                                             ^~~~~~~~~
/home/vimkim/gh/cb/CBRD-27089-oos-deferred-write/src/communication/network_interface_cl.c: In function ‘int heap_reclaim_addresses(const HFID*)’:
/home/vimkim/gh/cb/CBRD-27089-oos-deferred-write/src/communication/network_interface_cl.c:1932:22: warning: ‘request’ may be used uninitialized [-Wmaybe-uninitialized]
 1932 |   ptr = or_pack_hfid (request, hfid);
      |         ~~~~~~~~~~~~~^~~~~~~~~~~~~~~
In file included from /home/vimkim/gh/cb/CBRD-27089-oos-deferred-write/src/communication/network_interface_cl.c:56:
/home/vimkim/gh/cb/CBRD-27089-oos-deferred-write/src/base/object_representation.h:1154:14: note: by argument 1 of type ‘const char*’ to ‘char* or_pack_hfid(const char*, const HFID*)’ declared here
 1154 | extern char *or_pack_hfid (const char *ptr, const HFID * hfid);
      |              ^~~~~~~~~~~~
/home/vimkim/gh/cb/CBRD-27089-oos-deferred-write/src/communication/network_interface_cl.c:1924:47: note: ‘a_request’ declared here
 1924 |   OR_ALIGNED_BUF (OR_HFID_SIZE + OR_INT_SIZE) a_request;
      |                                               ^~~~~~~~~
/home/vimkim/gh/cb/CBRD-27089-oos-deferred-write/src/communication/network_interface_cl.c: In function ‘int lob_remove_dir(HFID*, int)’:
/home/vimkim/gh/cb/CBRD-27089-oos-deferred-write/src/communication/network_interface_cl.c:11939:22: warning: ‘request’ may be used uninitialized [-Wmaybe-uninitialized]
11939 |   ptr = or_pack_hfid (request, hfid);
      |         ~~~~~~~~~~~~~^~~~~~~~~~~~~~~
In file included from /home/vimkim/gh/cb/CBRD-27089-oos-deferred-write/src/communication/network_interface_cl.c:56:
/home/vimkim/gh/cb/CBRD-27089-oos-deferred-write/src/base/object_representation.h:1154:14: note: by argument 1 of type ‘const char*’ to ‘char* or_pack_hfid(const char*, const HFID*)’ declared here
 1154 | extern char *or_pack_hfid (const char *ptr, const HFID * hfid);
      |              ^~~~~~~~~~~~
/home/vimkim/gh/cb/CBRD-27089-oos-deferred-write/src/communication/network_interface_cl.c:11928:47: note: ‘a_request’ declared here
11928 |   OR_ALIGNED_BUF (OR_HFID_SIZE + OR_INT_SIZE) a_request;
      |                                               ^~~~~~~~~
At global scope:
cc1plus: note: unrecognized command-line option ‘-Wno-template-body’ may have been intended to silence earlier diagnostics
[514/1302] Building CXX object cs/CMakeFiles/cubridcs.dir/__/src/parser/cnf.c.o
[515/1302] Building CXX object cs/CMakeFiles/cubridcs.dir/__/src/parser/double_byte_support.c.o
[516/1302] Building CXX object cs/CMakeFiles/cubridcs.dir/__/src/compat/db_json.cpp.o
[517/1302] Building CXX object cs/CMakeFiles/cubridcs.dir/__/src/optimizer/rewriter/query_rewrite_subquery.c.o
[518/1302] Building CXX object cs/CMakeFiles/cubridcs.dir/__/src/optimizer/rewriter/query_rewrite.c.o
[519/1302] Building CXX object cs/CMakeFiles/cubridcs.dir/__/src/parser/keyword.c.o
[520/1302] Building CXX object cs/CMakeFiles/cubridcs.dir/__/src/optimizer/rewriter/query_rewrite_select.c.o
[521/1302] Building CXX object cs/CMakeFiles/cubridcs.dir/__/src/query/crypt_opfunc.c.o
[522/1302] Building CXX object cs/CMakeFiles/cubridcs.dir/__/src/optimizer/rewriter/query_rewrite_term.c.o
[523/1302] Building CXX object cs/CMakeFiles/cubridcs.dir/__/src/method/method_error.cpp.o
[524/1302] Building CXX object cs/CMakeFiles/cubridcs.dir/__/src/sp/pl_signature.cpp.o
[525/1302] Building CXX object cs/CMakeFiles/cubridcs.dir/__/src/storage/byte_order.c.o
[526/1302] Building CXX object cs/CMakeFiles/cubridcs.dir/__/src/transaction/log_lsa.cpp.o
[527/1302] Building CXX object cs/CMakeFiles/cubridcs.dir/__/src/object/schema_manager.c.o
[528/1302] Building CXX object cs/CMakeFiles/cubridcs.dir/__/src/parser/parse_type.cpp.o
[529/1302] Building CXX object cs/CMakeFiles/cubridcs.dir/__/src/parser/compile.c.o
[530/1302] Building CXX object cs/CMakeFiles/cubridcs.dir/__/src/method/method_struct_parameter_info.cpp.o
[531/1302] Building CXX object cs/CMakeFiles/cubridcs.dir/__/src/storage/es_posix.c.o
[532/1302] Building CXX object cs/CMakeFiles/cubridcs.dir/__/src/optimizer/plan_generation.c.o
[533/1302] Building CXX object cs/CMakeFiles/cubridcs.dir/__/src/parser/parser_allocator.cpp.o
[534/1302] Building CXX object cs/CMakeFiles/cubridcs.dir/__/src/object/object_primitive.c.o
[535/1302] Building CXX object cs/CMakeFiles/cubridcs.dir/__/src/transaction/locator.c.o
[536/1302] Building CXX object cs/CMakeFiles/cubridcs.dir/__/src/method/method_oid_handler.cpp.o
[537/1302] Building CXX object cs/CMakeFiles/cubridcs.dir/__/src/transaction/client_credentials.cpp.o
[538/1302] Building CXX object cs/CMakeFiles/cubridcs.dir/__/src/storage/es_owfs.c.o
[539/1302] Building CXX object cs/CMakeFiles/cubridcs.dir/__/src/optimizer/query_planner.c.o
[540/1302] Building CXX object cs/CMakeFiles/cubridcs.dir/__/src/method/method_struct_oid_info.cpp.o
[541/1302] Building CXX object cs/CMakeFiles/cubridcs.dir/__/src/parser/func_type.cpp.o
[542/1302] Building CXX object cs/CMakeFiles/cubridcs.dir/__/src/parser/method_transform.c.o
[543/1302] Building CXX object cs/CMakeFiles/cubridcs.dir/__/src/parser/query_result.c.o
[544/1302] Building CXX object cs/CMakeFiles/cubridcs.dir/__/src/parser/show_meta.c.o
[545/1302] Building CXX object cs/CMakeFiles/cubridcs.dir/__/src/transaction/log_compress.c.o
[546/1302] Building CXX object cs/CMakeFiles/cubridcs.dir/__/src/parser/scanner_support.c.o
[547/1302] Building CXX object cs/CMakeFiles/cubridcs.dir/__/src/method/method_struct_invoke.cpp.o
[548/1302] Building CXX object cs/CMakeFiles/cubridcs.dir/__/src/object/schema_information_schema_install.cpp.o
[549/1302] Building CXX object cs/CMakeFiles/cubridcs.dir/__/src/parser/xasl_regu_alloc.cpp.o
[550/1302] Building CXX object cs/CMakeFiles/cubridcs.dir/__/src/method/method_struct_schema_info.cpp.o
[551/1302] Building CXX object cs/CMakeFiles/cubridcs.dir/__/src/storage/oid.c.o
[552/1302] Building CXX object cs/CMakeFiles/cubridcs.dir/__/src/parser/parse_tree.c.o
[553/1302] Building CXX object cs/CMakeFiles/cubridcs.dir/__/src/method/method_struct_query.cpp.o
[554/1302] Building CXX object cs/CMakeFiles/cubridcs.dir/__/src/query/string_regex_re2.cpp.o
[555/1302] Building CXX object cs/CMakeFiles/cubridcs.dir/__/src/storage/es_common.c.o
[556/1302] Building CXX object cs/CMakeFiles/cubridcs.dir/__/src/optimizer/query_graph.c.o
[557/1302] Building CXX object cs/CMakeFiles/cubridcs.dir/__/src/method/method_query_util.cpp.o
[558/1302] Building CXX object cs/CMakeFiles/cubridcs.dir/__/src/parser/parse_evaluate.c.o
[559/1302] Building CXX object cs/CMakeFiles/cubridcs.dir/__/src/parser/parse_dbi.c.o
[560/1302] Building CXX object cs/CMakeFiles/cubridcs.dir/__/src/object/schema_system_catalog_install.cpp.o
[561/1302] Building CXX object cs/CMakeFiles/cubridcs.dir/__/src/sp/pl_struct_compile.cpp.o
[562/1302] Building CXX object cs/CMakeFiles/cubridcs.dir/__/src/xasl/xasl_unpack_info.cpp.o
[563/1302] Building CXX object cs/CMakeFiles/cubridcs.dir/__/src/query/numeric_opfunc.c.o
[564/1302] Building CXX object cs/CMakeFiles/cubridcs.dir/__/src/query/string_regex.cpp.o
[565/1302] Building CXX object cs/CMakeFiles/cubridcs.dir/__/src/query/qfile_tuple_layout.c.o
[566/1302] Building CXX object cs/CMakeFiles/cubridcs.dir/__/src/storage/storage_common.c.o
[567/1302] Building CXX object cs/CMakeFiles/cubridcs.dir/__/src/storage/tde.c.o
[568/1302] Building CXX object cs/CMakeFiles/cubridcs.dir/__/src/parser/name_resolution.c.o
[569/1302] Building CXX object cs/CMakeFiles/cubridcs.dir/__/src/query/cursor.c.o
[570/1302] Building CXX object cs/CMakeFiles/cubridcs.dir/__/src/parser/parser_support.c.o
[571/1302] Building CXX object cs/CMakeFiles/cubridcs.dir/__/src/query/regu_var.cpp.o
[572/1302] Building CXX object cs/CMakeFiles/cubridcs.dir/__/src/xasl/access_json_table.cpp.o
[573/1302] Building CXX object cs/CMakeFiles/cubridcs.dir/__/src/query/query_dump.c.o
[574/1302] Building CXX object cs/CMakeFiles/cubridcs.dir/__/src/query/query_cl.c.o
[575/1302] Building CXX object cs/CMakeFiles/cubridcs.dir/__/src/parser/view_transform.c.o
[576/1302] Building CXX object cs/CMakeFiles/cubridcs.dir/__/src/optimizer/histogram/histogram_reader.cpp.o
[577/1302] Building CXX object cs/CMakeFiles/cubridcs.dir/__/src/loaddb/load_common.cpp.o
[578/1302] Building CXX object cs/CMakeFiles/cubridcs.dir/__/src/sp/pl_comm.c.o
[579/1302] Building CXX object cs/CMakeFiles/cubridcs.dir/__/src/parser/semantic_check.c.o
[580/1302] Building CXX object cs/CMakeFiles/cubridcs.dir/__/src/storage/file_io.c.o
[581/1302] Building CXX object cs/CMakeFiles/cubridcs.dir/__/src/parser/parse_tree_cl.c.o
[582/1302] Building CXX object cs/CMakeFiles/cubridcs.dir/__/src/optimizer/histogram/histogram_builder.cpp.o
[583/1302] Building CXX object cs/CMakeFiles/cubridcs.dir/__/src/query/xasl_to_stream.c.o
[584/1302] Building CXX object cs/CMakeFiles/cubridcs.dir/__/src/method/method_query_handler.cpp.o
[585/1302] Building CXX object cs/CMakeFiles/cubridcs.dir/__/src/method/method_struct_value.cpp.o
[586/1302] Building CXX object cs/CMakeFiles/cubridcs.dir/__/src/transaction/log_comm.c.o
[587/1302] Building CXX object cs/CMakeFiles/cubridcs.dir/__/src/query/arithmetic.c.o
[588/1302] Building CXX object cs/CMakeFiles/cubridcs.dir/__/src/sp/jsp_cl.cpp.o
[589/1302] Building CXX object cs/CMakeFiles/cubridcs.dir/__/src/transaction/log_applier_sql_log.c.o
[590/1302] Building CXX object cs/CMakeFiles/cubridcs.dir/__/src/xasl/xasl_predicate.cpp.o
[591/1302] Building CXX object cs/CMakeFiles/cubridcs.dir/__/src/method/method_schema_info.cpp.o
[592/1302] Building CXX object cs/CMakeFiles/cubridcs.dir/__/src/query/execute_schema.c.o
[593/1302] Building CXX object cs/CMakeFiles/cubridcs.dir/__/src/transaction/transaction_cl.c.o
[594/1302] Building C object cs/CMakeFiles/cubridcs.dir/__/csql_grammar.c.o
/home/vimkim/gh/cb/CBRD-27089-oos-deferred-write/build_preset_debug_gcc/csql_grammar.c: In function ‘yyuserAction’:
/home/vimkim/gh/cb/CBRD-27089-oos-deferred-write/build_preset_debug_gcc/csql_grammar.c:42611:80: warning: implicit conversion from ‘enum pt_currency_types’ to ‘DB_CURRENCY’ [-Wenum-conversion]
42611 |                             pt_value_set_monetary (this_parser, val, str, txt, PT_CURRENCY_YEN);
      |                                                                                ^~~~~~~~~~~~~~~
/home/vimkim/gh/cb/CBRD-27089-oos-deferred-write/build_preset_debug_gcc/csql_grammar.c:42631:80: warning: implicit conversion from ‘enum pt_currency_types’ to ‘DB_CURRENCY’ [-Wenum-conversion]
42631 |                             pt_value_set_monetary (this_parser, val, str, txt, PT_CURRENCY_DOLLAR);
      |                                                                                ^~~~~~~~~~~~~~~~~~
/home/vimkim/gh/cb/CBRD-27089-oos-deferred-write/build_preset_debug_gcc/csql_grammar.c:42651:80: warning: implicit conversion from ‘enum pt_currency_types’ to ‘DB_CURRENCY’ [-Wenum-conversion]
42651 |                             pt_value_set_monetary (this_parser, val, str, txt, PT_CURRENCY_WON);
      |                                                                                ^~~~~~~~~~~~~~~
/home/vimkim/gh/cb/CBRD-27089-oos-deferred-write/build_preset_debug_gcc/csql_grammar.c:42671:80: warning: implicit conversion from ‘enum pt_currency_types’ to ‘DB_CURRENCY’ [-Wenum-conversion]
42671 |                             pt_value_set_monetary (this_parser, val, str, txt, PT_CURRENCY_TL);
      |                                                                                ^~~~~~~~~~~~~~
/home/vimkim/gh/cb/CBRD-27089-oos-deferred-write/build_preset_debug_gcc/csql_grammar.c:42691:80: warning: implicit conversion from ‘enum pt_currency_types’ to ‘DB_CURRENCY’ [-Wenum-conversion]
42691 |                             pt_value_set_monetary (this_parser, val, str, txt, PT_CURRENCY_BRITISH_POUND);
      |                                                                                ^~~~~~~~~~~~~~~~~~~~~~~~~
/home/vimkim/gh/cb/CBRD-27089-oos-deferred-write/build_preset_debug_gcc/csql_grammar.c:42710:80: warning: implicit conversion from ‘enum pt_currency_types’ to ‘DB_CURRENCY’ [-Wenum-conversion]
42710 |                             pt_value_set_monetary (this_parser, val, str, txt, PT_CURRENCY_CAMBODIAN_RIEL);
      |                                                                                ^~~~~~~~~~~~~~~~~~~~~~~~~~
/home/vimkim/gh/cb/CBRD-27089-oos-deferred-write/build_preset_debug_gcc/csql_grammar.c:42729:80: warning: implicit conversion from ‘enum pt_currency_types’ to ‘DB_CURRENCY’ [-Wenum-conversion]
42729 |                             pt_value_set_monetary (this_parser, val, str, txt, PT_CURRENCY_CHINESE_RENMINBI);
      |                                                                                ^~~~~~~~~~~~~~~~~~~~~~~~~~~~
/home/vimkim/gh/cb/CBRD-27089-oos-deferred-write/build_preset_debug_gcc/csql_grammar.c:42748:80: warning: implicit conversion from ‘enum pt_currency_types’ to ‘DB_CURRENCY’ [-Wenum-conversion]
42748 |                             pt_value_set_monetary (this_parser, val, str, txt, PT_CURRENCY_INDIAN_RUPEE);
      |                                                                                ^~~~~~~~~~~~~~~~~~~~~~~~
/home/vimkim/gh/cb/CBRD-27089-oos-deferred-write/build_preset_debug_gcc/csql_grammar.c:42767:80: warning: implicit conversion from ‘enum pt_currency_types’ to ‘DB_CURRENCY’ [-Wenum-conversion]
42767 |                             pt_value_set_monetary (this_parser, val, str, txt, PT_CURRENCY_RUSSIAN_RUBLE);
      |                                                                                ^~~~~~~~~~~~~~~~~~~~~~~~~
/home/vimkim/gh/cb/CBRD-27089-oos-deferred-write/build_preset_debug_gcc/csql_grammar.c:42786:80: warning: implicit conversion from ‘enum pt_currency_types’ to ‘DB_CURRENCY’ [-Wenum-conversion]
42786 |                             pt_value_set_monetary (this_parser, val, str, txt, PT_CURRENCY_AUSTRALIAN_DOLLAR);
      |                                                                                ^~~~~~~~~~~~~~~~~~~~~~~~~~~~~
/home/vimkim/gh/cb/CBRD-27089-oos-deferred-write/build_preset_debug_gcc/csql_grammar.c:42805:80: warning: implicit conversion from ‘enum pt_currency_types’ to ‘DB_CURRENCY’ [-Wenum-conversion]
42805 |                             pt_value_set_monetary (this_parser, val, str, txt, PT_CURRENCY_CANADIAN_DOLLAR);
      |                                                                                ^~~~~~~~~~~~~~~~~~~~~~~~~~~
/home/vimkim/gh/cb/CBRD-27089-oos-deferred-write/build_preset_debug_gcc/csql_grammar.c:42824:80: warning: implicit conversion from ‘enum pt_currency_types’ to ‘DB_CURRENCY’ [-Wenum-conversion]
42824 |                             pt_value_set_monetary (this_parser, val, str, txt, PT_CURRENCY_BRASILIAN_REAL);
      |                                                                                ^~~~~~~~~~~~~~~~~~~~~~~~~~
/home/vimkim/gh/cb/CBRD-27089-oos-deferred-write/build_preset_debug_gcc/csql_grammar.c:42843:80: warning: implicit conversion from ‘enum pt_currency_types’ to ‘DB_CURRENCY’ [-Wenum-conversion]
42843 |                             pt_value_set_monetary (this_parser, val, str, txt, PT_CURRENCY_ROMANIAN_LEU);
      |                                                                                ^~~~~~~~~~~~~~~~~~~~~~~~
/home/vimkim/gh/cb/CBRD-27089-oos-deferred-write/build_preset_debug_gcc/csql_grammar.c:42862:80: warning: implicit conversion from ‘enum pt_currency_types’ to ‘DB_CURRENCY’ [-Wenum-conversion]
42862 |                             pt_value_set_monetary (this_parser, val, str, txt, PT_CURRENCY_EURO);
      |                                                                                ^~~~~~~~~~~~~~~~
/home/vimkim/gh/cb/CBRD-27089-oos-deferred-write/build_preset_debug_gcc/csql_grammar.c:42881:80: warning: implicit conversion from ‘enum pt_currency_types’ to ‘DB_CURRENCY’ [-Wenum-conversion]
42881 |                             pt_value_set_monetary (this_parser, val, str, txt, PT_CURRENCY_SWISS_FRANC);
      |                                                                                ^~~~~~~~~~~~~~~~~~~~~~~
/home/vimkim/gh/cb/CBRD-27089-oos-deferred-write/build_preset_debug_gcc/csql_grammar.c:42900:80: warning: implicit conversion from ‘enum pt_currency_types’ to ‘DB_CURRENCY’ [-Wenum-conversion]
42900 |                             pt_value_set_monetary (this_parser, val, str, txt, PT_CURRENCY_DANISH_KRONE);
      |                                                                                ^~~~~~~~~~~~~~~~~~~~~~~~
/home/vimkim/gh/cb/CBRD-27089-oos-deferred-write/build_preset_debug_gcc/csql_grammar.c:42919:80: warning: implicit conversion from ‘enum pt_currency_types’ to ‘DB_CURRENCY’ [-Wenum-conversion]
42919 |                             pt_value_set_monetary (this_parser, val, str, txt, PT_CURRENCY_NORWEGIAN_KRONE);
      |                                                                                ^~~~~~~~~~~~~~~~~~~~~~~~~~~
/home/vimkim/gh/cb/CBRD-27089-oos-deferred-write/build_preset_debug_gcc/csql_grammar.c:42938:80: warning: implicit conversion from ‘enum pt_currency_types’ to ‘DB_CURRENCY’ [-Wenum-conversion]
42938 |                             pt_value_set_monetary (this_parser, val, str, txt, PT_CURRENCY_BULGARIAN_LEV);
      |                                                                                ^~~~~~~~~~~~~~~~~~~~~~~~~
/home/vimkim/gh/cb/CBRD-27089-oos-deferred-write/build_preset_debug_gcc/csql_grammar.c:42957:80: warning: implicit conversion from ‘enum pt_currency_types’ to ‘DB_CURRENCY’ [-Wenum-conversion]
42957 |                             pt_value_set_monetary (this_parser, val, str, txt, PT_CURRENCY_VIETNAMESE_DONG);
      |                                                                                ^~~~~~~~~~~~~~~~~~~~~~~~~~~
/home/vimkim/gh/cb/CBRD-27089-oos-deferred-write/build_preset_debug_gcc/csql_grammar.c:42976:80: warning: implicit conversion from ‘enum pt_currency_types’ to ‘DB_CURRENCY’ [-Wenum-conversion]
42976 |                             pt_value_set_monetary (this_parser, val, str, txt, PT_CURRENCY_CZECH_KORUNA);
      |                                                                                ^~~~~~~~~~~~~~~~~~~~~~~~
/home/vimkim/gh/cb/CBRD-27089-oos-deferred-write/build_preset_debug_gcc/csql_grammar.c:42995:80: warning: implicit conversion from ‘enum pt_currency_types’ to ‘DB_CURRENCY’ [-Wenum-conversion]
42995 |                             pt_value_set_monetary (this_parser, val, str, txt, PT_CURRENCY_POLISH_ZLOTY);
      |                                                                                ^~~~~~~~~~~~~~~~~~~~~~~~
/home/vimkim/gh/cb/CBRD-27089-oos-deferred-write/build_preset_debug_gcc/csql_grammar.c:43014:80: warning: implicit conversion from ‘enum pt_currency_types’ to ‘DB_CURRENCY’ [-Wenum-conversion]
43014 |                             pt_value_set_monetary (this_parser, val, str, txt, PT_CURRENCY_SWEDISH_KRONA);
      |                                                                                ^~~~~~~~~~~~~~~~~~~~~~~~~
/home/vimkim/gh/cb/CBRD-27089-oos-deferred-write/build_preset_debug_gcc/csql_grammar.c:43033:80: warning: implicit conversion from ‘enum pt_currency_types’ to ‘DB_CURRENCY’ [-Wenum-conversion]
43033 |                             pt_value_set_monetary (this_parser, val, str, txt, PT_CURRENCY_CROATIAN_KUNA);
      |                                                                                ^~~~~~~~~~~~~~~~~~~~~~~~~
/home/vimkim/gh/cb/CBRD-27089-oos-deferred-write/build_preset_debug_gcc/csql_grammar.c:43052:80: warning: implicit conversion from ‘enum pt_currency_types’ to ‘DB_CURRENCY’ [-Wenum-conversion]
43052 |                             pt_value_set_monetary (this_parser, val, str, txt, PT_CURRENCY_SERBIAN_DINAR);
      |                                                                                ^~~~~~~~~~~~~~~~~~~~~~~~~
/home/vimkim/gh/cb/CBRD-27089-oos-deferred-write/build_preset_debug_gcc/csql_grammar.c: In function ‘pt_value_set_monetary’:
/home/vimkim/gh/cb/CBRD-27089-oos-deferred-write/build_preset_debug_gcc/csql_grammar.c:49108:42: warning: implicit conversion from ‘DB_CURRENCY’ to ‘PT_CURRENCY’ {aka ‘enum pt_currency_types’} [-Wenum-conversion]
49108 |   node->info.value.data_value.money.type = type;
      |                                          ^
[595/1302] Building CXX object cubrid/CMakeFiles/cubrid.dir/__/src/base/chartype.c.o
[596/1302] Building CXX object cs/CMakeFiles/cubridcs.dir/__/src/storage/es.c.o
[597/1302] Building CXX object cubrid/CMakeFiles/cubrid.dir/__/src/base/bit.c.o
[598/1302] Building CXX object cs/CMakeFiles/cubridcs.dir/__/src/transaction/log_writer.c.o
[599/1302] Building CXX object cs/CMakeFiles/cubridcs.dir/__/src/xasl/xasl_stream.cpp.o
[600/1302] Building CXX object cubrid/CMakeFiles/cubrid.dir/__/src/base/encryption.c.o
[601/1302] Building CXX object cs/CMakeFiles/cubridcs.dir/__/src/transaction/boot_cl.c.o
[602/1302] Building CXX object cubrid/CMakeFiles/cubrid.dir/__/src/base/dtoa.c.o
[603/1302] Building CXX object cs/CMakeFiles/cubridcs.dir/__/src/transaction/flashback_cl.c.o
[604/1302] Building CXX object cubrid/CMakeFiles/cubrid.dir/__/src/base/binaryheap.c.o
[605/1302] Building CXX object cubrid/CMakeFiles/cubrid.dir/__/src/base/release_string.c.o
[606/1302] Building CXX object cs/CMakeFiles/cubridcs.dir/__/src/query/parallel/px_scan/px_scan_instnum.cpp.o
[607/1302] Building CXX object cubrid/CMakeFiles/cubrid.dir/__/src/base/environment_variable.c.o
[608/1302] Building CXX object cs/CMakeFiles/cubridcs.dir/__/src/xasl/xasl_analytic.cpp.o
[609/1302] Building CXX object cubrid/CMakeFiles/cubrid.dir/__/src/base/base64.c.o
[610/1302] Building CXX object cubrid/CMakeFiles/cubrid.dir/__/src/base/sha1.c.o
[611/1302] Building CXX object cubrid/CMakeFiles/cubrid.dir/__/src/base/fileline_location.cpp.o
[612/1302] Building CXX object cubrid/CMakeFiles/cubrid.dir/__/src/base/cubrid_getopt_long.c.o
[613/1302] Building CXX object cs/CMakeFiles/cubridcs.dir/__/src/transaction/locator_cl.c.o
[614/1302] Building CXX object cs/CMakeFiles/cubridcs.dir/__/src/method/query_method.cpp.o
[615/1302] Building CXX object cubrid/CMakeFiles/cubrid.dir/__/src/base/databases_file.c.o
[616/1302] Building CXX object cubrid/CMakeFiles/cubrid.dir/__/src/base/filesys_temp.cpp.o
[617/1302] Building CXX object cs/CMakeFiles/cubridcs.dir/__/src/parser/type_checking.c.o
[618/1302] Building CXX object cubrid/CMakeFiles/cubrid.dir/__/src/base/stack_dump.c.o
[619/1302] Building CXX object cs/CMakeFiles/cubridcs.dir/__/src/storage/statistics_cl.c.o
[620/1302] Building CXX object cubrid/CMakeFiles/cubrid.dir/__/src/base/mem_block.cpp.o
[621/1302] Building CXX object cubrid/CMakeFiles/cubrid.dir/__/src/base/area_alloc.c.o
[622/1302] Building CXX object cs/CMakeFiles/cubridcs.dir/__/src/parser/xasl_generation.c.o
[623/1302] Building CXX object cubrid/CMakeFiles/cubrid.dir/__/src/base/misc_string.c.o
[624/1302] Building CXX object cubrid/CMakeFiles/cubrid.dir/__/src/base/lockfree_bitmap.cpp.o
[625/1302] Building CXX object cubrid/CMakeFiles/cubrid.dir/__/src/base/ini_parser.c.o
[626/1302] Building CXX object cs/CMakeFiles/cubridcs.dir/__/src/query/string_opfunc.c.o
[627/1302] Building CXX object cubrid/CMakeFiles/cubrid.dir/__/src/base/locale_helper.cpp.o
[628/1302] Building CXX object cubrid/CMakeFiles/cubrid.dir/__/src/base/lock_free.c.o
[629/1302] Building CXX object cubrid/CMakeFiles/cubrid.dir/__/src/base/fixed_alloc.c.o
[630/1302] Building CXX object cubrid/CMakeFiles/cubrid.dir/__/src/base/memory_monitor_api.cpp.o
[631/1302] Building CXX object cs/CMakeFiles/cubridcs.dir/__/src/query/parallel/px_scan/px_scan_checker.cpp.o
[632/1302] Building CXX object cubrid/CMakeFiles/cubrid.dir/__/src/base/get_clock_freq.c.o
[633/1302] Building CXX object cs/CMakeFiles/cubridcs.dir/__/src/query/parallel/px_query_execute/px_query_checker.cpp.o
[634/1302] Building CXX object cs/CMakeFiles/cubridcs.dir/__/src/query/string_regex_std.cpp.o
[635/1302] Building CXX object cs/CMakeFiles/cubridcs.dir/__/src/query/execute_statement.c.o
[636/1302] Building CXX object cubrid/CMakeFiles/cubrid.dir/__/src/base/memory_hash.c.o
[637/1302] Building CXX object cs/CMakeFiles/cubridcs.dir/__/src/loaddb/load_db.c.o
[638/1302] Building CXX object cs/CMakeFiles/cubridcs.dir/__/src/method/method_callback.cpp.o
[639/1302] Building CXX object cs/CMakeFiles/cubridcs.dir/__/src/loaddb/load_object.c.o
[640/1302] Building CXX object cubrid/CMakeFiles/cubrid.dir/__/src/base/message_catalog.c.o
[641/1302] Building CXX object cubrid/CMakeFiles/cubrid.dir/__/src/base/packer.cpp.o
[642/1302] Building CXX object cubrid/CMakeFiles/cubrid.dir/__/src/base/error_context.cpp.o
[643/1302] Building CXX object cubrid/CMakeFiles/cubrid.dir/__/src/base/locale_support.c.o
[644/1302] Building CXX object cubrid/CMakeFiles/cubrid.dir/__/src/base/intl_support.c.o
[645/1302] Building CXX object cubrid/CMakeFiles/cubrid.dir/__/src/base/mprec.c.o
[646/1302] Building CXX object cs/CMakeFiles/cubridcs.dir/__/src/transaction/log_applier.c.o
/home/vimkim/gh/cb/CBRD-27089-oos-deferred-write/src/transaction/log_applier.c: In function ‘int la_get_copied_log_info(const char*, const char*, INT64, bool, LOG_LSA*, LOG_LSA*)’:
/home/vimkim/gh/cb/CBRD-27089-oos-deferred-write/src/transaction/log_applier.c:8383:35: warning: format ‘%ld’ expects argument of type ‘long int’, but argument 2 has type ‘int’ [-Wformat=]
 8383 |               printf ("offset:%04ld (tid:%d bck p:%lld,o:%ld frw p:%lld,o:%ld type:%d)\n", lsa.offset, lrec->trid,
      |                               ~~~~^                                                        ~~~~~~~~~~
      |                                   |                                                            |
      |                                   long int                                                     int
      |                               %04d
/home/vimkim/gh/cb/CBRD-27089-oos-deferred-write/src/transaction/log_applier.c:8383:60: warning: format ‘%ld’ expects argument of type ‘long int’, but argument 5 has type ‘int’ [-Wformat=]
 8383 |               printf ("offset:%04ld (tid:%d bck p:%lld,o:%ld frw p:%lld,o:%ld type:%d)\n", lsa.offset, lrec->trid,
      |                                                          ~~^
      |                                                            |
      |                                                            long int
      |                                                          %d
 8384 |                       (long long int) lrec->back_lsa.pageid, lrec->back_lsa.offset,
      |                                                              ~~~~~~~~~~~~~~~~~~~~~
      |                                                                             |
      |                                                                             int
/home/vimkim/gh/cb/CBRD-27089-oos-deferred-write/src/transaction/log_applier.c:8383:77: warning: format ‘%ld’ expects argument of type ‘long int’, but argument 7 has type ‘int’ [-Wformat=]
 8383 |               printf ("offset:%04ld (tid:%d bck p:%lld,o:%ld frw p:%lld,o:%ld type:%d)\n", lsa.offset, lrec->trid,
      |                                                                           ~~^
      |                                                                             |
      |                                                                             long int
      |                                                                           %d
 8384 |                       (long long int) lrec->back_lsa.pageid, lrec->back_lsa.offset,
 8385 |                       (long long int) lrec->forw_lsa.pageid, lrec->forw_lsa.offset, lrec->type);
      |                                                              ~~~~~~~~~~~~~~~~~~~~~
      |                                                                             |
      |                                                                             int
At global scope:
cc1plus: note: unrecognized command-line option ‘-Wno-template-body’ may have been intended to silence earlier diagnostics
[647/1302] Building CXX object cubrid/CMakeFiles/cubrid.dir/__/src/base/lockfree_hashmap.cpp.o
[648/1302] Building CXX object cubrid/CMakeFiles/cubrid.dir/__/src/base/perf.cpp.o
[649/1302] Building CXX object cubrid/CMakeFiles/cubrid.dir/__/src/base/porting.c.o
[650/1302] Building CXX object cubrid/CMakeFiles/cubrid.dir/__/src/base/memory_private_allocator.cpp.o
[651/1302] Building CXX object cubrid/CMakeFiles/cubrid.dir/__/src/base/process_util.c.o
[652/1302] Building CXX object cubrid/CMakeFiles/cubrid.dir/__/src/base/printer.cpp.o
[653/1302] Building CXX object cubrid/CMakeFiles/cubrid.dir/__/src/base/pinnable_buffer.cpp.o
[654/1302] Building CXX object cubrid/CMakeFiles/cubrid.dir/__/src/base/error_manager.c.o
[655/1302] Building CXX object cubrid/CMakeFiles/cubrid.dir/__/src/base/resource_tracker.cpp.o
[656/1302] Building CXX object cubrid/CMakeFiles/cubrid.dir/__/src/base/string_buffer.cpp.o
[657/1302] Building CXX object cubrid/CMakeFiles/cubrid.dir/__/src/base/tsc_timer.c.o
[658/1302] Building CXX object cubrid/CMakeFiles/cubrid.dir/__/src/base/fault_injection.c.o
[659/1302] Building CXX object cubrid/CMakeFiles/cubrid.dir/__/src/base/memory_alloc.c.o
[660/1302] Building CXX object cubrid/CMakeFiles/cubrid.dir/__/src/base/language_support.c.o
[661/1302] Building CXX object cubrid/CMakeFiles/cubrid.dir/__/src/base/uca_support.c.o
[662/1302] Building CXX object cubrid/CMakeFiles/cubrid.dir/__/src/base/DMRBMemoryPool.cpp.o
[663/1302] Building CXX object cubrid/CMakeFiles/cubrid.dir/__/src/base/nonblocking.cpp.o
[664/1302] Building CXX object cs/CMakeFiles/cubridcs.dir/__/src/optimizer/histogram/histogram_cl.cpp.o
[665/1302] Building CXX object cubrid/CMakeFiles/cubrid.dir/__/src/base/unicode_support.c.o
[666/1302] Building CXX object cubrid/CMakeFiles/cubrid.dir/__/src/base/epoll.cpp.o
[667/1302] Building CXX object cubrid/CMakeFiles/cubrid.dir/__/src/base/trace_event_log.c.o
[668/1302] Building CXX object cubrid/CMakeFiles/cubrid.dir/__/src/base/perf_monitor_trackers.cpp.o
[669/1302] Building CXX object cubrid/CMakeFiles/cubrid.dir/__/src/base/packet_buffer.cpp.o
[670/1302] Building CXX object cubrid/CMakeFiles/cubrid.dir/__/src/base/util_func.c.o
[671/1302] Building CXX object cubrid/CMakeFiles/cubrid.dir/__/src/compat/db_set.c.o
[672/1302] Building CXX object cubrid/CMakeFiles/cubrid.dir/__/src/compat/db_elo.c.o
[673/1302] Building CXX object cs/CMakeFiles/cubridcs.dir/__/src/sp/sp_catalog.cpp.o
[674/1302] Building CXX object cubrid/CMakeFiles/cubrid.dir/__/src/base/variable_string.c.o
[675/1302] Building CXX object cubrid/CMakeFiles/cubrid.dir/__/src/sp/pl_file.c.o
[676/1302] Building CXX object cubrid/CMakeFiles/cubrid.dir/__/src/connection/transmitter.cpp.o
[677/1302] Building CXX object cubrid/CMakeFiles/cubrid.dir/__/src/base/filesys_parser.cpp.o
[678/1302] Building CXX object cubrid/CMakeFiles/cubrid.dir/__/src/base/xml_parser.c.o
[679/1302] Building CXX object cubrid/CMakeFiles/cubrid.dir/__/src/compat/db_json_allocator.cpp.o
[680/1302] Building CXX object cubrid/CMakeFiles/cubrid.dir/__/src/compat/cnv.c.o
[681/1302] Building CXX object cubrid/CMakeFiles/cubrid.dir/__/src/communication/network_common.cpp.o
[682/1302] Building CXX object cubrid/CMakeFiles/cubrid.dir/__/src/connection/buffer.cpp.o
[683/1302] Building CXX object cubrid/CMakeFiles/cubrid.dir/__/src/connection/connection_list_sr.c.o
[684/1302] Building CXX object cubrid/CMakeFiles/cubrid.dir/__/src/method/method_query_util.cpp.o
[685/1302] Building CXX object cubrid/CMakeFiles/cubrid.dir/__/src/method/method_error.cpp.o
[686/1302] Building CXX object cubrid/CMakeFiles/cubrid.dir/__/src/connection/connection_globals.c.o
[687/1302] Building CXX object cubrid/CMakeFiles/cubrid.dir/__/src/base/cgroup.cpp.o
[688/1302] Building CXX object cubrid/CMakeFiles/cubrid.dir/__/src/connection/connection_context.cpp.o
[689/1302] Building CXX object cubrid/CMakeFiles/cubrid.dir/__/src/heaplayers/lea_heap.c.o
[690/1302] Building CXX object cubrid/CMakeFiles/cubrid.dir/__/src/compat/db_macro.c.o
[691/1302] Building CXX object cubrid/CMakeFiles/cubrid.dir/__/src/base/resources.cpp.o
[692/1302] Building CXX object cubrid/CMakeFiles/cubrid.dir/__/load_lexer.cpp.o
[693/1302] Building CXX object cubrid/CMakeFiles/cubrid.dir/__/src/connection/receiver.cpp.o
[694/1302] Building CXX object cubrid/CMakeFiles/cubrid.dir/__/src/heaplayers/customheaps.cpp.o
[695/1302] Building CXX object cubrid/CMakeFiles/cubrid.dir/__/src/sp/pl_comm.c.o
[696/1302] Building CXX object cubrid/CMakeFiles/cubrid.dir/__/src/compat/db_value_printer.cpp.o
[697/1302] Building CXX object cubrid/CMakeFiles/cubrid.dir/__/src/method/method_struct_schema_info.cpp.o
[698/1302] Building CXX object cubrid/CMakeFiles/cubrid.dir/__/src/method/method_struct_parameter_info.cpp.o
[699/1302] Building CXX object cubrid/CMakeFiles/cubrid.dir/__/src/connection/host_lookup.c.o
[700/1302] Building CXX object cubrid/CMakeFiles/cubrid.dir/__/src/method/method_struct_oid_info.cpp.o
[701/1302] Building CXX object cubrid/CMakeFiles/cubrid.dir/__/src/connection/tcp.c.o
[702/1302] Building CXX object cubrid/CMakeFiles/cubrid.dir/__/src/sp/pl_connection.cpp.o
[703/1302] Building CXX object cubrid/CMakeFiles/cubrid.dir/__/src/method/method_struct_value.cpp.o
[704/1302] Building CXX object cubrid/CMakeFiles/cubrid.dir/__/src/compat/db_date.c.o
[705/1302] Building CXX object cubrid/CMakeFiles/cubrid.dir/__/src/connection/heartbeat.c.o
[706/1302] Building CXX object cubrid/CMakeFiles/cubrid.dir/__/src/communication/network_callback_sr.cpp.o
[707/1302] Building CXX object cubrid/CMakeFiles/cubrid.dir/__/src/method/method_struct_query.cpp.o
[708/1302] Building CXX object cubrid/CMakeFiles/cubrid.dir/__/src/executables/util_common.c.o
[709/1302] Building CXX object cubrid/CMakeFiles/cubrid.dir/__/src/base/object_representation_sr.c.o
[710/1302] Building CXX object cubrid/CMakeFiles/cubrid.dir/__/src/connection/connection_support.cpp.o
[711/1302] Building CXX object cubrid/CMakeFiles/cubrid.dir/__/src/compat/db_json_path.cpp.o
[712/1302] Building CXX object cubrid/CMakeFiles/cubrid.dir/__/src/base/perf_monitor.c.o
[713/1302] Building CXX object cubrid/CMakeFiles/cubrid.dir/__/src/sp/pl_signature.cpp.o
[714/1302] Building CXX object cubrid/CMakeFiles/cubrid.dir/__/src/sp/pl_sr.cpp.o
[715/1302] Building CXX object cubrid/CMakeFiles/cubrid.dir/__/src/loaddb/load_common.cpp.o
[716/1302] Building CXX object cubrid/CMakeFiles/cubrid.dir/__/src/sp/pl_compile_handler.cpp.o
[717/1302] Building CXX object cubrid/CMakeFiles/cubrid.dir/__/src/method/query_method.cpp.o
[718/1302] Building CXX object cubrid/CMakeFiles/cubrid.dir/__/src/base/tz_support.c.o
[719/1302] Building CXX object cubrid/CMakeFiles/cubrid.dir/__/src/object/lob_locator.cpp.o
[720/1302] Building CXX object cubrid/CMakeFiles/cubrid.dir/__/src/method/method_struct_invoke.cpp.o
[721/1302] Building CXX object cubrid/CMakeFiles/cubrid.dir/__/src/transaction/log_recovery_redo.cpp.o
[722/1302] Building CXX object cubrid/CMakeFiles/cubrid.dir/__/src/loaddb/load_driver.cpp.o
[723/1302] Building CXX object cubrid/CMakeFiles/cubrid.dir/__/load_grammar.cpp.o
[724/1302] Building CXX object cubrid/CMakeFiles/cubrid.dir/__/src/object/identifier_store.cpp.o
[725/1302] Building CXX object cubrid/CMakeFiles/cubrid.dir/__/src/loaddb/load_semantic_helper.cpp.o
[726/1302] Building CXX object cubrid/CMakeFiles/cubrid.dir/__/src/object/elo.c.o
[727/1302] Building CXX object cubrid/CMakeFiles/cubrid.dir/__/src/connection/connection_pool.cpp.o
[728/1302] Building CXX object cubrid/CMakeFiles/cubrid.dir/__/src/loaddb/load_class_registry.cpp.o
[729/1302] Building CXX object cubrid/CMakeFiles/cubrid.dir/__/src/sp/sp_code.cpp.o
[730/1302] Building CXX object cubrid/CMakeFiles/cubrid.dir/__/src/object/schema_information_schema.cpp.o
[731/1302] Building CXX object cubrid/CMakeFiles/cubrid.dir/__/src/connection/master_connector.cpp.o
[732/1302] Building CXX object cubrid/CMakeFiles/cubrid.dir/__/src/communication/network_sr.c.o
[733/1302] Building CXX object cubrid/CMakeFiles/cubrid.dir/__/src/object/schema_system_catalog.cpp.o
[734/1302] Building CXX object cubrid/CMakeFiles/cubrid.dir/__/src/sp/pl_query_cursor.cpp.o
[735/1302] Building CXX object cubrid/CMakeFiles/cubrid.dir/__/src/base/system_parameter.c.o
[736/1302] Building CXX object cubrid/CMakeFiles/cubrid.dir/__/src/loaddb/load_error_handler.cpp.o
[737/1302] Building CXX object cubrid/CMakeFiles/cubrid.dir/__/src/monitor/monitor_transaction.cpp.o
[738/1302] Building CXX object cubrid/CMakeFiles/cubrid.dir/__/src/sp/method_invoke_group.cpp.o
[739/1302] Building CXX object cubrid/CMakeFiles/cubrid.dir/__/src/connection/coordinator.cpp.o
[740/1302] Building CXX object cubrid/CMakeFiles/cubrid.dir/__/src/object/deduplicate_key.c.o
[741/1302] Building CXX object cubrid/CMakeFiles/cubrid.dir/__/src/object/set_object.c.o
[742/1302] Building CXX object cubrid/CMakeFiles/cubrid.dir/__/src/storage/btree_unique.cpp.o
[743/1302] Building CXX object cubrid/CMakeFiles/cubrid.dir/__/src/method/method_scan.cpp.o
[744/1302] Building CXX object cubrid/CMakeFiles/cubrid.dir/__/src/monitor/monitor_vacuum_ovfp_threshold.cpp.o
[745/1302] Building CXX object cubrid/CMakeFiles/cubrid.dir/__/src/query/qfile_tuple_layout.c.o
[746/1302] Building CXX object cubrid/CMakeFiles/cubrid.dir/__/src/query/numeric_opfunc.c.o
[747/1302] Building CXX object cubrid/CMakeFiles/cubrid.dir/__/src/connection/connection_worker.cpp.o
[748/1302] Building CXX object cubrid/CMakeFiles/cubrid.dir/__/src/loaddb/load_db_value_converter.cpp.o
[749/1302] Building CXX object cubrid/CMakeFiles/cubrid.dir/__/src/connection/connection_sr.c.o
[750/1302] Building CXX object cubrid/CMakeFiles/cubrid.dir/__/src/object/object_representation.c.o
[751/1302] Building CXX object cubrid/CMakeFiles/cubrid.dir/__/src/sp/pl_execution_stack_context.cpp.o
[752/1302] Building CXX object cubrid/CMakeFiles/cubrid.dir/__/src/object/transform.c.o
[753/1302] Building CXX object cubrid/CMakeFiles/cubrid.dir/__/src/sp/pl_executor.cpp.o
[754/1302] Building CXX object cubrid/CMakeFiles/cubrid.dir/__/src/storage/byte_order.c.o
[755/1302] Building CXX object cubrid/CMakeFiles/cubrid.dir/__/src/query/crypt_opfunc.c.o
[756/1302] Building CXX object cubrid/CMakeFiles/cubrid.dir/__/src/object/object_domain.c.o
[757/1302] Building CXX object cubrid/CMakeFiles/cubrid.dir/__/src/query/string_regex_re2.cpp.o
[758/1302] Building CXX object cubrid/CMakeFiles/cubrid.dir/__/src/storage/es_common.c.o
[759/1302] Building CXX object cubrid/CMakeFiles/cubrid.dir/__/src/query/string_regex.cpp.o
[760/1302] Building CXX object cubrid/CMakeFiles/cubrid.dir/__/src/object/object_primitive.c.o
[761/1302] Building CXX object cubrid/CMakeFiles/cubrid.dir/__/src/storage/es.c.o
[762/1302] Building CXX object cubrid/CMakeFiles/cubrid.dir/__/src/sp/pl_session.cpp.o
[763/1302] Building CXX object cubrid/CMakeFiles/cubrid.dir/__/src/query/query_reevaluation.cpp.o
[764/1302] Building CXX object cubrid/CMakeFiles/cubrid.dir/__/src/connection/server_support.c.o
[765/1302] Building CXX object cubrid/CMakeFiles/cubrid.dir/__/src/query/regu_var.cpp.o
[766/1302] Building CXX object cubrid/CMakeFiles/cubrid.dir/__/src/query/dblink_2pc.c.o
[767/1302] Building CXX object cubrid/CMakeFiles/cubrid.dir/__/src/compat/db_json.cpp.o
[768/1302] Building CXX object cubrid/CMakeFiles/cubrid.dir/__/src/loaddb/load_session.cpp.o
[769/1302] Building CXX object cubrid/CMakeFiles/cubrid.dir/__/src/query/set_scan.c.o
[770/1302] Building CXX object cubrid/CMakeFiles/cubrid.dir/__/src/query/dblink_scan.c.o
[771/1302] Building CXX object cubrid/CMakeFiles/cubrid.dir/__/src/storage/heap_pending_record.cpp.o
[772/1302] Building CXX object cubrid/CMakeFiles/cubrid.dir/__/src/query/subquery_cache.c.o
[773/1302] Building CXX object cubrid/CMakeFiles/cubrid.dir/__/src/query/show_scan.c.o
[774/1302] Building CXX object cubrid/CMakeFiles/cubrid.dir/__/src/storage/oid.c.o
[775/1302] Building CXX object cubrid/CMakeFiles/cubrid.dir/__/src/query/vacuum_oos.cpp.o
[776/1302] Building CXX object cubrid/CMakeFiles/cubrid.dir/__/src/storage/es_posix.c.o
[777/1302] Building CXX object cubrid/CMakeFiles/cubrid.dir/__/src/query/query_hash_scan.c.o
[778/1302] Building CXX object cubrid/CMakeFiles/cubrid.dir/__/src/loaddb/load_server_loader.cpp.o
[779/1302] Building CXX object cubrid/CMakeFiles/cubrid.dir/__/src/query/query_evaluator.c.o
[780/1302] Building CXX object cubrid/CMakeFiles/cubrid.dir/__/src/storage/oos_util.cpp.o
[781/1302] Building CXX object cubrid/CMakeFiles/cubrid.dir/__/src/query/scan_json_table.cpp.o
[782/1302] Building CXX object cubrid/CMakeFiles/cubrid.dir/__/src/query/query_analytic.cpp.o
[783/1302] Building CXX object cubrid/CMakeFiles/cubrid.dir/__/src/loaddb/load_worker_manager.cpp.o
[784/1302] Building CXX object cubrid/CMakeFiles/cubrid.dir/__/src/query/filter_pred_cache.c.o
[785/1302] Building CXX object cubrid/CMakeFiles/cubrid.dir/__/src/communication/network_interface_sr.cpp.o
[786/1302] Building CXX object cubrid/CMakeFiles/cubrid.dir/__/src/query/query_aggregate.cpp.o
[787/1302] Building CXX object cubrid/CMakeFiles/cubrid.dir/__/src/storage/es_owfs.c.o
[788/1302] Building CXX object cubrid/CMakeFiles/cubrid.dir/__/src/query/query_hash_join.c.o
[789/1302] Building CXX object cubrid/CMakeFiles/cubrid.dir/__/src/storage/statistics_ndv.c.o
[790/1302] Building CXX object cubrid/CMakeFiles/cubrid.dir/__/src/query/query_dump.c.o
[791/1302] Building CXX object cubrid/CMakeFiles/cubrid.dir/__/src/query/serial.c.o
[792/1302] Building CXX object cubrid/CMakeFiles/cubrid.dir/__/src/storage/storage_common.c.o
[793/1302] Building CXX object cubrid/CMakeFiles/cubrid.dir/__/src/thread/critical_section_tracker.cpp.o
[794/1302] Building CXX object cubrid/CMakeFiles/cubrid.dir/__/src/query/arithmetic.c.o
[795/1302] Building CXX object cubrid/CMakeFiles/cubrid.dir/__/src/query/string_opfunc.c.o
[796/1302] Building CXX object cubrid/CMakeFiles/cubrid.dir/__/src/query/query_opfunc.c.o
[797/1302] Building CXX object cubrid/CMakeFiles/cubrid.dir/__/src/query/query_manager.c.o
[798/1302] Building CXX object cubrid/CMakeFiles/cubrid.dir/__/src/query/memoize.cpp.o
[799/1302] Building CXX object cubrid/CMakeFiles/cubrid.dir/__/src/session/session_sr.c.o
[800/1302] Building CXX object cubrid/CMakeFiles/cubrid.dir/__/src/storage/compactdb_sr.c.o
[801/1302] Building CXX object cubrid/CMakeFiles/cubrid.dir/__/src/query/fetch.c.o
[802/1302] Building CXX object cubrid/CMakeFiles/cubrid.dir/__/src/query/stream_to_xasl.c.o
[803/1302] Building CXX object cubrid/CMakeFiles/cubrid.dir/__/src/query/scan_manager.c.o
[804/1302] Building CXX object cubrid/CMakeFiles/cubrid.dir/__/src/storage/overflow_file.c.o
[805/1302] Building CXX object cubrid/CMakeFiles/cubrid.dir/__/src/storage/bestspace.cpp.o
[806/1302] Building CXX object cubrid/CMakeFiles/cubrid.dir/__/src/storage/ftab_set.cpp.o
[807/1302] Building CXX object cubrid/CMakeFiles/cubrid.dir/__/src/storage/heap_oos.cpp.o
[808/1302] Building CXX object cubrid/CMakeFiles/cubrid.dir/__/src/thread/thread_daemon.cpp.o
[809/1302] Building CXX object cubrid/CMakeFiles/cubrid.dir/__/src/storage/record_descriptor.cpp.o
[810/1302] Building CXX object cubrid/CMakeFiles/cubrid.dir/__/src/transaction/log_lsa.cpp.o
[811/1302] Building CXX object cubrid/CMakeFiles/cubrid.dir/__/src/thread/thread_worker_pool_impl.cpp.o
[812/1302] Building CXX object cubrid/CMakeFiles/cubrid.dir/__/src/transaction/client_credentials.cpp.o
[813/1302] Building CXX object cubrid/CMakeFiles/cubrid.dir/__/src/storage/extendible_hash.c.o
[814/1302] Building CXX object cubrid/CMakeFiles/cubrid.dir/__/src/thread/thread_entry_task.cpp.o
[815/1302] Building CXX object cubrid/CMakeFiles/cubrid.dir/__/src/storage/btree_sort.c.o
[816/1302] Building CXX object cubrid/CMakeFiles/cubrid.dir/__/src/thread/thread_worker_pool_taskcap.cpp.o
[817/1302] Building CXX object cubrid/CMakeFiles/cubrid.dir/__/src/transaction/log_comm.c.o
[818/1302] Building CXX object cubrid/CMakeFiles/cubrid.dir/__/src/thread/thread_manager.cpp.o
[819/1302] Building CXX object cubrid/CMakeFiles/cubrid.dir/__/src/storage/double_write_buffer.cpp.o
[820/1302] Building CXX object cubrid/CMakeFiles/cubrid.dir/__/src/thread/thread_lockfree_hash_map.cpp.o
[821/1302] Building CXX object cubrid/CMakeFiles/cubrid.dir/__/src/storage/disk_manager.c.o
[822/1302] Building CXX object cubrid/CMakeFiles/cubrid.dir/__/src/query/xasl_cache.c.o
[823/1302] Building CXX object cubrid/CMakeFiles/cubrid.dir/__/src/storage/catalog_class.c.o
[824/1302] Building CXX object cubrid/CMakeFiles/cubrid.dir/__/src/thread/critical_section.c.o
[825/1302] Building CXX object cubrid/CMakeFiles/cubrid.dir/__/src/query/string_regex_std.cpp.o
[826/1302] Building CXX object cubrid/CMakeFiles/cubrid.dir/__/src/transaction/log_compress.c.o
[827/1302] Building CXX object cubrid/CMakeFiles/cubrid.dir/__/src/xasl/access_json_table.cpp.o
[828/1302] Building CXX object cubrid/CMakeFiles/cubrid.dir/__/src/session/session.c.o
[829/1302] Building CXX object cubrid/CMakeFiles/cubrid.dir/__/src/storage/slotted_page.c.o
[830/1302] Building CXX object cubrid/CMakeFiles/cubrid.dir/__/src/transaction/log_global.c.o
[831/1302] Building CXX object cubrid/CMakeFiles/cubrid.dir/__/src/transaction/locator.c.o
[832/1302] Building CXX object cubrid/CMakeFiles/cubrid.dir/__/src/storage/statistics_sr.c.o
[833/1302] Building CXX object cubrid/CMakeFiles/cubrid.dir/__/src/storage/oos_file.cpp.o
[834/1302] Building CXX object cubrid/CMakeFiles/cubrid.dir/__/src/storage/external_sort.c.o
[835/1302] Building CXX object util/CMakeFiles/csql.dir/__/src/executables/util_support.c.o
[836/1302] Building CXX object cubrid/CMakeFiles/cubrid.dir/__/src/xasl/xasl_unpack_info.cpp.o
[837/1302] Building CXX object cubrid/CMakeFiles/cubrid.dir/__/src/transaction/log_2pc.c.o
[838/1302] Building CXX object cubrid/CMakeFiles/cubrid.dir/__/src/storage/tde.c.o
[839/1302] Building CXX object util/CMakeFiles/csql.dir/__/src/base/porting.c.o
[840/1302] Building CXX object util/CMakeFiles/csql.dir/__/src/base/cubrid_getopt_long.c.o
[841/1302] Building CXX object cubrid/CMakeFiles/cubrid.dir/__/src/transaction/log_append.cpp.o
[842/1302] Building CXX object cubrid/CMakeFiles/cubrid.dir/__/src/storage/btree_load.c.o
[843/1302] Building CXX object cubrid/CMakeFiles/cubrid.dir/__/src/query/query_executor.c.o
[844/1302] Building CXX object util/CMakeFiles/cubrid_rel.dir/__/src/executables/cubrid_version.c.o
[845/1302] Building CXX object cubrid/CMakeFiles/cubrid.dir/__/src/transaction/log_postpone_cache.cpp.o
[846/1302] Building CXX object cubrid/CMakeFiles/cubrid.dir/__/src/thread/thread_entry.cpp.o
[847/1302] Building CXX object cubrid/CMakeFiles/cubrid.dir/__/src/storage/file_io.c.o
[848/1302] Building CXX object cubrid/CMakeFiles/cubrid.dir/__/src/query/vacuum.c.o
[849/1302] Building CXX object cubrid/CMakeFiles/cubrid.dir/__/src/transaction/log_system_tran.cpp.o
[850/1302] Building CXX object util/CMakeFiles/cub_admin.dir/__/src/base/cubrid_getopt_long.c.o
[851/1302] Building CXX object cubrid/CMakeFiles/cubrid.dir/__/src/transaction/mvcc_active_tran.cpp.o
[852/1302] Building CXX object cubrid/CMakeFiles/cubrid.dir/__/src/transaction/log_writer.c.o
[853/1302] Building CXX object cubrid/CMakeFiles/cubrid.dir/__/src/transaction/mvcc.c.o
[854/1302] Building CXX object cubrid/CMakeFiles/cubrid.dir/__/src/transaction/mvcc_table.cpp.o
[855/1302] Building CXX object util/CMakeFiles/cubrid-bin.dir/__/src/executables/util_support.c.o
[856/1302] Building CXX object util/CMakeFiles/cub_commdb.dir/__/src/executables/util_support.c.o
[857/1302] Building CXX object cubrid/CMakeFiles/cubrid.dir/__/src/storage/page_buffer.c.o
[858/1302] Building CXX object cubrid/CMakeFiles/cubrid.dir/__/src/transaction/replication.c.o
[859/1302] Building CXX object cubrid/CMakeFiles/cubrid.dir/__/src/storage/file_manager.c.o
[860/1302] Building CXX object cubrid/CMakeFiles/cubrid.dir/__/src/transaction/transaction_transient.cpp.o
[861/1302] Building CXX object util/CMakeFiles/cub_admin.dir/__/src/base/porting.c.o
[862/1302] Building CXX object cubrid/CMakeFiles/cubrid.dir/__/src/storage/system_catalog.c.o
[863/1302] Building C object util/CMakeFiles/gencat.dir/__/src/executables/gencat.c.o
[864/1302] Building CXX object util/CMakeFiles/cub_admin.dir/__/src/executables/util_support.c.o
[865/1302] Building CXX object cubrid/CMakeFiles/cubrid.dir/__/src/transaction/recovery.c.o
[866/1302] Building CXX object util/CMakeFiles/cub_master.dir/__/src/executables/master_util.c.o
[867/1302] Building CXX object util/CMakeFiles/gencat.dir/__/src/base/porting.c.o
[868/1302] Building CXX object cubrid/CMakeFiles/cubrid.dir/__/src/xasl/xasl_predicate.cpp.o
[869/1302] Building CXX object cubrid/CMakeFiles/cubrid.dir/__/src/transaction/flashback.c.o
[870/1302] Building CXX object util/CMakeFiles/csql.dir/__/src/executables/csql_launcher.c.o
[871/1302] Linking CXX executable bin/gencat
[872/1302] Building CXX object util/CMakeFiles/unittests_bit.dir/__/src/executables/unittests_bit.c.o
[873/1302] Building CXX object cubrid/CMakeFiles/cubrid.dir/__/src/transaction/log_prior_inflight.cpp.o
[874/1302] Building CXX object util/CMakeFiles/unittests_lf.dir/__/src/executables/unittests_lf.c.o
[875/1302] Building CXX object cubrid/CMakeFiles/cubrid.dir/__/src/query/parallel/px_scan/px_scan_instnum.cpp.o
[876/1302] Building CXX object util/CMakeFiles/cub_commdb.dir/__/src/executables/master_util.c.o
[877/1302] Building CXX object cubrid/CMakeFiles/cubrid.dir/__/src/query/parallel/px_callable_task.cpp.o
[878/1302] Building CXX object cubrid/CMakeFiles/cubrid.dir/__/src/xasl/xasl_analytic.cpp.o
[879/1302] Building CXX object cubrid-cci/cci/CMakeFiles/cascci.dir/__/src/base/porting.c.o
[880/1302] Building CXX object cubrid-cci/cci/CMakeFiles/cascci.dir/__/src/cci/cci_net_buf.c.o
[881/1302] Building CXX object cubrid/CMakeFiles/cubrid.dir/__/src/query/parallel/px_sort.c.o
[882/1302] Building CXX object cubrid/CMakeFiles/cubrid.dir/__/src/transaction/transaction_sr.c.o
[883/1302] Building CXX object cubrid-cci/cci/CMakeFiles/cascci.dir/__/src/cci/cci_common.c.o
[884/1302] Building CXX object cubrid-cci/tools/CMakeFiles/cci_applier.dir/__/src/base/cubrid_getopt_long.c.o
[885/1302] Building CXX object util/CMakeFiles/cub_master.dir/__/src/executables/master_request.c.o
[886/1302] Building CXX object util/CMakeFiles/cub_commdb.dir/__/src/executables/commdb.c.o
[887/1302] Building CXX object cubrid/CMakeFiles/cubrid.dir/__/src/thread/concurrency_slot.cpp.o
[888/1302] Building CXX object cubrid-cci/cci/CMakeFiles/cascci.dir/__/src/cci/cci_t_lob.c.o
[889/1302] Building CXX object util/CMakeFiles/cub_admin.dir/__/src/executables/util_admin.c.o
[890/1302] Building CXX object cubrid/CMakeFiles/cubrid.dir/__/src/transaction/log_recovery.c.o
[891/1302] Building CXX object cubrid/CMakeFiles/cubrid.dir/__/src/query/parallel/px_worker_manager.cpp.o
[892/1302] Building CXX object cubrid/CMakeFiles/cubrid.dir/__/src/transaction/boot_sr.c.o
[893/1302] Building CXX object cubrid-cci/tools/CMakeFiles/cci_applier.dir/__/src/tools/cci_applier.c.o
[894/1302] Building CXX object util/CMakeFiles/cub_master.dir/__/src/executables/master.c.o
[895/1302] Building CXX object cubrid/CMakeFiles/cubrid.dir/__/src/query/parallel/px_hash_join/px_hash_join_spawn_manager.cpp.o
[896/1302] Building CXX object cubrid/CMakeFiles/cubrid.dir/__/src/xasl/xasl_stream.cpp.o
[897/1302] Building CXX object util/CMakeFiles/cub_pl.dir/__/src/sp/pl_sr_jvm.cpp.o
[898/1302] Building CXX object util/CMakeFiles/cubrid-bin.dir/__/src/executables/util_service.c.o
[899/1302] Building CXX object broker/CMakeFiles/cub_broker.dir/__/src/broker/broker_access_list.c.o
[900/1302] Building CXX object broker/CMakeFiles/cub_broker.dir/__/src/broker/broker_error.c.o
[901/1302] Building CXX object util/CMakeFiles/cub_master.dir/__/src/executables/master_heartbeat.c.o
[902/1302] Building CXX object cubrid/CMakeFiles/cubrid.dir/__/src/optimizer/histogram/histogram_reader.cpp.o
[903/1302] Building CXX object cubrid-cci/cci/CMakeFiles/cascci.dir/__/src/cci/cci_handle_mng.c.o
[904/1302] Building CXX object broker/CMakeFiles/cub_broker.dir/__/src/broker/broker_max_heap.c.o
[905/1302] Building CXX object cubrid/CMakeFiles/cubrid.dir/__/src/query/parallel/px_parallel.cpp.o
[906/1302] Building CXX object broker/CMakeFiles/cub_broker.dir/__/src/broker/broker_process_size.c.o
[907/1302] Building CXX object cubrid-cci/cci/CMakeFiles/cascci.dir/__/src/cci/cci_network.c.o
[908/1302] Building CXX object cubrid-cci/cci/CMakeFiles/cascci.dir/__/src/cci/cci_ssl.c.o
[909/1302] Building CXX object cubrid-cci/cci/CMakeFiles/cascci.dir/__/src/cci/cci_properties.c.o
[910/1302] Building CXX object cubrid-cci/cci/CMakeFiles/cascci.dir/__/src/cci/cci_t_set.c.o
[911/1302] Building CXX object broker/CMakeFiles/cub_broker.dir/__/src/broker/broker_send_fd.c.o
[912/1302] Building CXX object util/CMakeFiles/cub_master.dir/__/src/executables/master_server_monitor.cpp.o
[913/1302] Building CXX object cubrid/CMakeFiles/cubrid.dir/__/src/query/parallel/px_scan/index/px_scan_index_overflow_chain_pool.cpp.o
[914/1302] Building CXX object util/CMakeFiles/cub_pl.dir/__/src/executables/pl.cpp.o
[915/1302] Building CXX object cubrid-cci/cci/CMakeFiles/cascci.dir/__/src/cci/cas_cci.c.o
[916/1302] Building CXX object broker/CMakeFiles/cub_gateway.dir/__/src/broker/broker_error.c.o
[917/1302] Building CXX object cubrid/CMakeFiles/cubrid.dir/__/src/query/parallel/px_scan/index/px_scan_index_key_range_list.cpp.o
[918/1302] Building CXX object broker/CMakeFiles/cub_broker.dir/__/src/broker/broker_shm.c.o
[919/1302] Building CXX object cubrid/CMakeFiles/cubrid.dir/__/src/optimizer/histogram/histogram_builder.cpp.o
[920/1302] Building CXX object cubrid/CMakeFiles/cubrid.dir/__/src/query/parallel/px_scan/px_scan_input_handler_heap.cpp.o
[921/1302] Building CXX object cubrid/CMakeFiles/cubrid.dir/__/src/transaction/log_recovery_redo_parallel.cpp.o
[922/1302] Building CXX object broker/CMakeFiles/cub_broker.dir/__/src/broker/broker_util.c.o
[923/1302] Building CXX object cubrid/CMakeFiles/cubrid.dir/__/src/storage/btree.c.o
[924/1302] Building CXX object cubrid/CMakeFiles/cubrid.dir/__/src/query/parallel/px_scan/px_scan_input_handler_list.cpp.o
[925/1302] Building CXX object broker/CMakeFiles/cub_gateway.dir/__/src/broker/broker_process_size.c.o
[926/1302] Building CXX object cubrid/CMakeFiles/cubrid.dir/__/src/xasl/xasl_iteration.cpp.o
[927/1302] Building CXX object broker/CMakeFiles/cub_gateway.dir/__/src/broker/broker_max_heap.c.o
[928/1302] Building CXX object cubrid/CMakeFiles/cubrid.dir/__/src/transaction/locator_sr.c.o
[929/1302] Building CXX object cubrid/CMakeFiles/cubrid.dir/__/src/query/parallel/px_scan/px_scan_input_handler_index.cpp.o
[930/1302] Building CXX object cubrid-cci/cci/CMakeFiles/cascci.dir/__/src/cci/cci_query_execute.c.o
[931/1302] Building CXX object cubrid/CMakeFiles/cubrid.dir/__/src/query/parallel/px_scan/px_scan_slot_iterator_list.cpp.o
[932/1302] Building CXX object cubrid/CMakeFiles/cubrid.dir/__/src/query/parallel/px_scan/index/px_scan_index_leaf_page_dispatcher.cpp.o
[933/1302] Building CXX object cubrid/CMakeFiles/cubrid.dir/__/src/query/parallel/px_hash_join/px_hash_join.cpp.o
[934/1302] Building CXX object broker/CMakeFiles/cub_gateway.dir/__/src/broker/broker_access_list.c.o
[935/1302] Building CXX object broker/CMakeFiles/broker_monitor.dir/__/src/broker/broker_error.c.o
[936/1302] Building CXX object cubrid/CMakeFiles/cubrid.dir/__/src/query/parallel/px_scan/px_scan_slot_iterator_index.cpp.o
[937/1302] Building CXX object broker/CMakeFiles/cub_gateway.dir/__/src/broker/broker_send_fd.c.o
[938/1302] Building CXX object cubrid/CMakeFiles/cubrid.dir/__/src/query/parallel/px_scan/px_scan_slot_iterator.cpp.o
[939/1302] Building CXX object cubrid/CMakeFiles/cubrid.dir/__/src/query/parallel/px_scan/index/px_scan_index_leaf_slot_walker.cpp.o
[940/1302] Building CXX object broker/CMakeFiles/broker_monitor.dir/__/src/broker/broker_max_heap.c.o
[941/1302] Building CXX object cubrid-cci/cci/CMakeFiles/cascci.dir/__/src/cci/cci_map.cpp.o
[942/1302] Building CXX object broker/CMakeFiles/cub_gateway.dir/__/src/broker/broker_shm.c.o
[943/1302] Building CXX object broker/CMakeFiles/broker_monitor.dir/__/src/broker/broker_process_size.c.o
[944/1302] Building CXX object broker/CMakeFiles/broker_monitor.dir/__/src/broker/broker_process_info.c.o
[945/1302] Building CXX object broker/CMakeFiles/cub_gateway.dir/__/src/broker/broker_util.c.o
[946/1302] Building CXX object broker/CMakeFiles/cub_broker.dir/__/src/broker/broker_filename.c.o
[947/1302] Building CXX object cubrid-cci/cci/CMakeFiles/cascci.dir/__/src/cci/cci_log.cpp.o
[948/1302] Building CXX object cubrid/CMakeFiles/cubrid.dir/__/src/query/parallel/px_hash_join/px_hash_join_task_manager.cpp.o
[949/1302] Building CXX object broker/CMakeFiles/gateway_monitor.dir/__/src/broker/broker_error.c.o
[950/1302] Building CXX object cubrid/CMakeFiles/cubrid.dir/__/src/query/parallel/px_scan/index/px_scan_index_overflow_drain_fsm.cpp.o
[951/1302] Building CXX object broker/CMakeFiles/gateway_monitor.dir/__/src/broker/broker_process_size.c.o
[952/1302] Building CXX object broker/CMakeFiles/cub_broker.dir/__/src/broker/broker_proxy_conn.c.o
[953/1302] Building CXX object cubrid/CMakeFiles/cubrid.dir/__/src/xasl/xasl_spawner.cpp.o
[954/1302] Building CXX object cubrid/CMakeFiles/cubrid.dir/__/src/query/parallel/px_scan/px_scan_pre_execution_info.cpp.o
[955/1302] Building CXX object broker/CMakeFiles/gateway_monitor.dir/__/src/broker/broker_process_info.c.o
[956/1302] Building CXX object broker/CMakeFiles/gateway_monitor.dir/__/src/broker/broker_max_heap.c.o
[957/1302] Building CXX object broker/CMakeFiles/broker_monitor.dir/__/src/broker/broker_shm.c.o
[958/1302] Building CXX object broker/CMakeFiles/broker_monitor.dir/__/src/broker/broker_util.c.o
[959/1302] Building CXX object broker/CMakeFiles/cub_broker.dir/__/src/broker/shard_metadata.c.o
[960/1302] Building CXX object cubrid/CMakeFiles/cubrid.dir/__/src/sp/pl_struct_compile.cpp.o
[961/1302] Building CXX object util/CMakeFiles/unittests_lf.dir/__/src/base/porting.c.o
[962/1302] Building CXX object cubrid/CMakeFiles/cubrid.dir/__/src/query/parallel/px_worker_manager_global.cpp.o
[963/1302] Building CXX object broker/CMakeFiles/broker_changer.dir/__/src/broker/broker_error.c.o
[964/1302] Building CXX object broker/CMakeFiles/cub_gateway.dir/__/src/broker/shard_shm.c.o
[965/1302] Building CXX object broker/CMakeFiles/broker_changer.dir/__/src/broker/broker_process_size.c.o
[966/1302] Building CXX object broker/CMakeFiles/broker_changer.dir/__/src/broker/broker_max_heap.c.o
[967/1302] Building CXX object broker/CMakeFiles/broker_changer.dir/__/src/broker/broker_acl.c.o
[968/1302] Building CXX object broker/CMakeFiles/cub_gateway.dir/__/src/broker/shard_metadata.c.o
[969/1302] Building CXX object broker/CMakeFiles/cub_broker.dir/__/src/broker/shard_shm.c.o
[970/1302] Building CXX object broker/CMakeFiles/cub_gateway.dir/__/src/broker/broker_proxy_conn.c.o
[971/1302] Building CXX object broker/CMakeFiles/cub_gateway.dir/__/src/broker/broker_filename.c.o
[972/1302] Building CXX object cubrid/CMakeFiles/cubrid.dir/__/src/transaction/lock_manager.c.o
[973/1302] Building CXX object util/CMakeFiles/unittests_lf.dir/__/src/base/memory_monitor_api.cpp.o
[974/1302] Building CXX object broker/CMakeFiles/cubrid_broker.dir/__/src/broker/broker_max_heap.c.o
[975/1302] Building CXX object broker/CMakeFiles/gateway_monitor.dir/__/src/broker/broker_shm.c.o
[976/1302] Building CXX object broker/CMakeFiles/cubrid_broker.dir/__/src/base/porting.c.o
[977/1302] Building CXX object broker/CMakeFiles/broker_changer.dir/__/src/broker/shard_key_func.c.o
[978/1302] Building CXX object broker/CMakeFiles/cubrid_broker.dir/__/src/broker/broker_error.c.o
[979/1302] Building CXX object cubrid/CMakeFiles/cubrid.dir/__/src/transaction/log_tran_table.c.o
[980/1302] Building CXX object util/CMakeFiles/unittests_area.dir/__/src/base/memory_monitor_api.cpp.o
[981/1302] Building CXX object broker/CMakeFiles/gateway_monitor.dir/__/src/broker/broker_util.c.o
[982/1302] Building CXX object util/CMakeFiles/unittests_snapshot.dir/__/src/base/memory_monitor_api.cpp.o
[983/1302] Building CXX object broker/CMakeFiles/cub_broker.dir/__/src/broker/broker.c.o
[984/1302] Building CXX object broker/CMakeFiles/broker_monitor.dir/__/src/base/util_func.c.o
[985/1302] Building CXX object util/CMakeFiles/unittests_area.dir/__/src/executables/unittests_area.c.o
[986/1302] Building CXX object cubrid/CMakeFiles/cubrid.dir/__/src/query/parallel/px_scan/px_scan_trace_handler.cpp.o
[987/1302] Building CXX object broker/CMakeFiles/cubrid_broker.dir/__/src/broker/broker_process_size.c.o
[988/1302] Building CXX object util/CMakeFiles/unittests_lf.dir/__/src/base/lock_free.c.o
[989/1302] Building CXX object util/CMakeFiles/unittests_bit.dir/__/src/base/memory_monitor_api.cpp.o
[990/1302] Building CXX object broker/CMakeFiles/gateway_monitor.dir/__/src/base/util_func.c.o
[991/1302] Building CXX object broker/CMakeFiles/broker_changer.dir/__/src/broker/broker_shm.c.o
[992/1302] Building CXX object broker/CMakeFiles/cubrid_broker.dir/__/src/broker/shard_key_func.c.o
[993/1302] Building CXX object broker/CMakeFiles/broker_changer.dir/__/src/broker/broker_util.c.o
[994/1302] Building CXX object broker/CMakeFiles/broker_monitor.dir/__/src/broker/cas_util.c.o
[995/1302] Building CXX object broker/CMakeFiles/cubrid_broker.dir/__/src/broker/broker_acl.c.o
[996/1302] Building CXX object broker/CMakeFiles/broker_monitor.dir/__/src/broker/broker_filename.c.o
[997/1302] Building CXX object broker/CMakeFiles/cubrid_gateway.dir/__/src/broker/broker_error.c.o
[998/1302] Building CXX object broker/CMakeFiles/cubrid_gateway.dir/__/src/broker/broker_max_heap.c.o
[999/1302] Building CXX object broker/CMakeFiles/cubrid_gateway.dir/__/src/base/porting.c.o
[1000/1302] Building CXX object broker/CMakeFiles/broker_monitor.dir/__/src/broker/shard_metadata.c.o
[1001/1302] Building CXX object cubrid/CMakeFiles/cubrid.dir/__/src/query/parallel/px_thread_safe_queue.cpp.o
[1002/1302] Building CXX object broker/CMakeFiles/broker_monitor.dir/__/src/broker/shard_shm.c.o
[1003/1302] Building CXX object cubrid/CMakeFiles/cubrid.dir/__/src/transaction/log_manager.c.o
[1004/1302] Building CXX object broker/CMakeFiles/cub_gateway.dir/__/src/broker/broker.c.o
[1005/1302] Building CXX object broker/CMakeFiles/broker_changer.dir/__/src/broker/broker_changer.c.o
[1006/1302] Building CXX object broker/CMakeFiles/gateway_monitor.dir/__/src/broker/cas_util.c.o
[1007/1302] Building CXX object broker/CMakeFiles/gateway_monitor.dir/__/src/broker/broker_filename.c.o
[1008/1302] Building CXX object broker/CMakeFiles/cubrid_gateway.dir/__/src/broker/broker_process_size.c.o
[1009/1302] Building CXX object broker/CMakeFiles/broker_monitor.dir/__/src/broker/broker_config.c.o
[1010/1302] Building CXX object broker/CMakeFiles/cubrid_gateway.dir/__/src/broker/broker_acl.c.o
[1011/1302] Building CXX object broker/CMakeFiles/broker_changer.dir/__/src/broker/broker_filename.c.o
[1012/1302] Building CXX object broker/CMakeFiles/cubrid_gateway.dir/__/src/broker/shard_key_func.c.o
[1013/1302] Building CXX object cubrid/CMakeFiles/cubrid.dir/__/src/storage/heap_file.c.o
[1014/1302] Building CXX object broker/CMakeFiles/gateway_monitor.dir/__/src/broker/shard_metadata.c.o
[1015/1302] Building CXX object broker/CMakeFiles/cas_common_lib.dir/__/src/broker/cas_optimization.c.o
[1016/1302] Building CXX object broker/CMakeFiles/cas_common_lib.dir/__/src/broker/cas_meta.c.o
[1017/1302] Building CXX object broker/CMakeFiles/cas_common_lib.dir/__/src/broker/cas_sql_log2.c.o
[1018/1302] Building CXX object broker/CMakeFiles/cubrid_broker.dir/__/src/broker/broker_util.c.o
[1019/1302] Building CXX object cubrid/CMakeFiles/cubrid.dir/__/src/transaction/log_page_buffer.c.o
[1020/1302] Building CXX object broker/CMakeFiles/gateway_monitor.dir/__/src/broker/shard_shm.c.o
[1021/1302] Building CXX object broker/CMakeFiles/cubrid_broker.dir/__/src/broker/broker_shm.c.o
[1022/1302] Building CXX object cubrid/CMakeFiles/cubrid.dir/__/src/query/parallel/px_query_execute/px_query_task.cpp.o
[1023/1302] Building CXX object broker/CMakeFiles/broker_changer.dir/__/src/broker/shard_metadata.c.o
[1024/1302] Building CXX object broker/CMakeFiles/cas_common_lib.dir/__/src/broker/cas_common_vars.c.o
[1025/1302] Building CXX object broker/CMakeFiles/cas_common_lib.dir/__/src/broker/cas_network.c.o
[1026/1302] Building CXX object broker/CMakeFiles/broker_monitor.dir/__/src/broker/broker_monitor.c.o
[1027/1302] Building CXX object broker/CMakeFiles/gateway_monitor.dir/__/src/broker/broker_config.c.o
[1028/1302] Building CXX object broker/CMakeFiles/cubrid_gateway.dir/__/src/broker/broker_util.c.o
[1029/1302] Building CXX object util/CMakeFiles/cub_server.dir/__/src/executables/server.c.o
[1030/1302] Building CXX object broker/CMakeFiles/cubrid_broker.dir/__/src/base/util_func.c.o
[1031/1302] Building CXX object broker/CMakeFiles/broker_changer.dir/__/src/broker/shard_shm.c.o
[1032/1302] Building CXX object broker/CMakeFiles/cubrid_gateway.dir/__/src/broker/broker_shm.c.o
[1033/1302] Building CXX object broker/CMakeFiles/cub_cas.dir/__/src/broker/broker_recv_fd.c.o
[1034/1302] Building CXX object broker/CMakeFiles/cub_cas.dir/__/src/broker/broker_error.c.o
[1035/1302] Building CXX object broker/CMakeFiles/cas_common_lib.dir/__/src/broker/broker_acl.c.o
[1036/1302] Building CXX object broker/CMakeFiles/cubrid_broker.dir/__/src/broker/broker_filename.c.o
[1037/1302] Building CXX object broker/CMakeFiles/cub_cas.dir/__/src/broker/broker_process_size.c.o
[1038/1302] Building CXX object broker/CMakeFiles/broker_changer.dir/__/src/broker/broker_config.c.o
[1039/1302] Building CXX object broker/CMakeFiles/cub_cas.dir/__/src/broker/cas_schema_info.c.o
[1040/1302] Building CXX object broker/CMakeFiles/cub_cas_cgw.dir/__/src/broker/broker_recv_fd.c.o
[1041/1302] Building CXX object broker/CMakeFiles/cub_cas_cgw.dir/__/src/broker/broker_error.c.o
[1042/1302] Building CXX object broker/CMakeFiles/cubrid_gateway.dir/__/src/base/util_func.c.o
[1043/1302] Building CXX object cubrid/CMakeFiles/cubrid.dir/__/src/query/parallel/px_scan/px_scan_result_handler.cpp.o
[1044/1302] Building CXX object broker/CMakeFiles/gateway_monitor.dir/__/src/broker/broker_monitor.c.o
[1045/1302] Building CXX object broker/CMakeFiles/cubrid_broker.dir/__/src/broker/broker_admin.c.o
[1046/1302] Building CXX object broker/CMakeFiles/cubrid_broker.dir/__/src/broker/shard_shm.c.o
[1047/1302] Building CXX object broker/CMakeFiles/cubrid_broker.dir/__/src/broker/shard_metadata.c.o
[1048/1302] Building CXX object broker/CMakeFiles/cub_proxy.dir/__/src/broker/broker_error.c.o
[1049/1302] Building CXX object broker/CMakeFiles/cub_cas_cgw.dir/__/src/broker/broker_process_size.c.o
[1050/1302] Building CXX object broker/CMakeFiles/cubrid_gateway.dir/__/src/broker/broker_filename.c.o
[1051/1302] Building CXX object broker/CMakeFiles/cub_proxy.dir/__/src/broker/broker_process_size.c.o
[1052/1302] Building CXX object broker/CMakeFiles/cas_common_lib.dir/__/src/broker/cas_ssl.c.o
[1053/1302] Building CXX object broker/CMakeFiles/cubrid_broker.dir/__/src/broker/broker_config.c.o
[1054/1302] Building CXX object cubrid/CMakeFiles/cubrid.dir/__/src/query/parallel/px_scan/px_scan_task.cpp.o
[1055/1302] Building CXX object broker/CMakeFiles/cubrid_gateway.dir/__/src/broker/broker_admin.c.o
[1056/1302] Building CXX object broker/CMakeFiles/cub_proxy.dir/__/src/broker/shard_key_func.c.o
[1057/1302] Building CXX object broker/CMakeFiles/cas_common_lib.dir/__/src/broker/broker_util.c.o
[1058/1302] Building CXX object broker/CMakeFiles/cubrid_gateway.dir/__/src/broker/shard_metadata.c.o
[1059/1302] Building CXX object broker/CMakeFiles/cubrid_gateway.dir/__/src/broker/shard_shm.c.o
[1060/1302] Building CXX object broker/CMakeFiles/cas_common_lib.dir/__/src/broker/broker_shm.c.o
[1061/1302] Building CXX object broker/CMakeFiles/cub_proxy.dir/__/src/broker/cas_meta.c.o
[1062/1302] Building CXX object broker/CMakeFiles/cas_common_lib.dir/__/src/broker/cas_util.c.o
[1063/1302] Building CXX object broker/CMakeFiles/cub_proxy.dir/__/src/broker/broker_recv_fd.c.o
[1064/1302] Building CXX object broker/CMakeFiles/broker_log_runner.dir/__/src/broker/broker_log_util.c.o
[1065/1302] Building CXX object broker/CMakeFiles/cub_proxy.dir/__/src/broker/shard_parser.c.o
[1066/1302] Building CXX object broker/CMakeFiles/broker_log_converter.dir/__/src/broker/broker_log_converter.c.o
[1067/1302] Building CXX object broker/CMakeFiles/broker_log_converter.dir/__/src/broker/log_top_string.c.o
[1068/1302] Building CXX object broker/CMakeFiles/cub_proxy.dir/__/src/broker/broker_acl.c.o
[1069/1302] Building CXX object broker/CMakeFiles/broker_log_runner.dir/__/src/broker/log_top_string.c.o
[1070/1302] Building CXX object broker/CMakeFiles/broker_changer.dir/__/src/broker/broker_admin_pub.c.o
[1071/1302] Building CXX object broker/CMakeFiles/broker_log_converter.dir/__/src/broker/broker_log_util.c.o
[1072/1302] Building CXX object broker/CMakeFiles/cas_common_lib.dir/__/src/broker/cas_error.c.o
[1073/1302] Building CXX object cubrid/CMakeFiles/cubrid.dir/__/src/query/parallel/px_query_execute/px_query_executor.cpp.o
[1074/1302] Building CXX object broker/CMakeFiles/cas_common_lib.dir/__/src/broker/cas_log.c.o
[1075/1302] Building CXX object broker/CMakeFiles/cas_common_lib.dir/__/src/broker/cas_handle.c.o
[1076/1302] Building CXX object broker/CMakeFiles/cubrid_gateway.dir/__/src/broker/broker_config.c.o
[1077/1302] Building CXX object broker/CMakeFiles/cas_common_lib.dir/__/src/broker/cas_common_execute.c.o
[1078/1302] Building CXX object broker/CMakeFiles/cas_common_lib.dir/__/src/broker/cas_net_buf.c.o
[1079/1302] Building CXX object broker/CMakeFiles/cas_common_lib.dir/__/src/broker/broker_filename.c.o
[1080/1302] Building CXX object broker/CMakeFiles/broker_tester.dir/__/src/broker/broker_error.c.o
[1081/1302] Building CXX object broker/CMakeFiles/cub_broker.dir/__/src/broker/query_replace.c.o
[1082/1302] Building CXX object broker/CMakeFiles/cas_common_lib.dir/__/src/broker/cas_common_function.c.o
[1083/1302] Building CXX object broker/CMakeFiles/cub_proxy.dir/__/src/broker/broker_util.c.o
[1084/1302] Building CXX object broker/CMakeFiles/broker_tester.dir/__/src/broker/log_top_string.c.o
[1085/1302] Building CXX object broker/CMakeFiles/broker_log_top.dir/__/src/broker/broker_log_time.c.o
[1086/1302] Building CXX object broker/CMakeFiles/broker_log_top.dir/__/src/broker/cas_query_info.c.o
[1087/1302] Building CXX object broker/CMakeFiles/cub_proxy.dir/__/src/broker/broker_shm.c.o
[1088/1302] Building CXX object broker/CMakeFiles/broker_log_top.dir/__/src/broker/broker_log_top.c.o
[1089/1302] Building CXX object broker/CMakeFiles/broker_log_top.dir/__/src/broker/broker_log_util.c.o
[1090/1302] Building CXX object broker/CMakeFiles/broker_tester.dir/__/src/broker/broker_tester.c.o
[1091/1302] Building CXX object broker/CMakeFiles/broker_log_top.dir/__/src/broker/log_top_string.c.o
[1092/1302] Building CXX object broker/CMakeFiles/broker_log_top.dir/__/src/broker/broker_log_sql_list.c.o
[1093/1302] Building CXX object broker/CMakeFiles/cub_cas.dir/__/src/broker/cas_xa.c.o
[1094/1302] Generating csql.cat for en_US.utf8
[1095/1302] Building CXX object broker/CMakeFiles/cub_cas.dir/__/src/broker/cas_str_like.c.o
[1096/1302] Building CXX object broker/CMakeFiles/cubrid_broker.dir/__/src/broker/broker_admin_pub.c.o
[1097/1302] Building CXX object broker/CMakeFiles/cub_proxy.dir/__/src/broker/broker_filename.c.o
[1098/1302] Building CXX object broker/CMakeFiles/cub_proxy.dir/__/src/broker/shard_proxy.c.o
[1099/1302] Generating utils.cat for en_US.utf8
[1100/1302] Generating cubrid.cat for en_US.utf8
[1101/1302] Building CXX object broker/CMakeFiles/broker_log_top.dir/__/src/broker/broker_log_top_tran.c.o
[1102/1302] Building CXX object broker/CMakeFiles/broker_log_top.dir/__/src/broker/broker_error.c.o
[1103/1302] Generating csql.cat for en_US
[1104/1302] Generating utils.cat for en_US
[1105/1302] Generating csql.cat for ko_KR.utf8
[1106/1302] Building CXX object broker/CMakeFiles/cubrid_replay.dir/__/src/broker/log_top_string.c.o
[1107/1302] Generating utils.cat for ko_KR.utf8
[1108/1302] Generating csql.cat for ko_KR.euckr
[1109/1302] Generating cubrid.cat for en_US
[1110/1302] Generating utils.cat for ko_KR.euckr
[1111/1302] Building CXX object broker/CMakeFiles/cub_proxy.dir/__/src/broker/shard_proxy_queue.c.o
[1112/1302] Building CXX object broker/CMakeFiles/cubrid_replay.dir/__/src/broker/broker_log_util.c.o
[1113/1302] Generating cubrid.cat for ko_KR.utf8
[1114/1302] Generating cubrid.cat for ko_KR.euckr
[1115/1302] Performing update step for 'catch2'
[1116/1302] Building CXX object broker/CMakeFiles/brokeradmin.dir/__/src/broker/broker_error.c.o
[1117/1302] Building CXX object broker/CMakeFiles/broker_log_runner.dir/__/src/broker/cas_runner.c.o
[1118/1302] Building CXX object cubrid/CMakeFiles/cubrid.dir/__/src/query/parallel/px_scan/px_scan.cpp.o
[1119/1302] No patch step for 'catch2'
[1120/1302] Building CXX object broker/CMakeFiles/cub_proxy.dir/__/src/broker/shard_shm.c.o
[1121/1302] Building CXX object broker/CMakeFiles/cub_proxy.dir/__/src/broker/shard_statement.c.o
[1122/1302] Building CXX object broker/CMakeFiles/broker_tester.dir/__/src/broker/broker_util.c.o
[1123/1302] Building CXX object util/CMakeFiles/unittests_snapshot.dir/__/src/executables/unittests_snapshot.c.o
[1124/1302] Building CXX object broker/CMakeFiles/brokeradmin.dir/__/src/broker/broker_process_info.c.o
[1125/1302] Building CXX object broker/CMakeFiles/broker_tester.dir/__/src/broker/broker_shm.c.o
[1126/1302] Building CXX object broker/CMakeFiles/cub_proxy.dir/__/src/broker/cas_net_buf.c.o
[1127/1302] Building CXX object broker/CMakeFiles/cub_proxy.dir/__/src/broker/shard_metadata.c.o
[1128/1302] Building CXX object broker/CMakeFiles/brokeradmin.dir/__/src/broker/broker_acl.c.o
[1129/1302] Building CXX object broker/CMakeFiles/brokeradmin.dir/__/src/broker/broker_max_heap.c.o
[1130/1302] Building CXX object broker/CMakeFiles/cub_gateway.dir/__/src/broker/query_replace.c.o
[1131/1302] Building CXX object broker/CMakeFiles/cub_proxy.dir/__/src/broker/cas_util.c.o
[1132/1302] Building CXX object broker/CMakeFiles/brokeradmin.dir/__/src/broker/broker_process_size.c.o
[1133/1302] Performing configure step for 'catch2'
loading initial cache file /home/vimkim/gh/cb/CBRD-27089-oos-deferred-write/build_preset_debug_gcc/unit_tests/catch2-prefix/tmp/catch2-cache-Debug.cmake
-- Configuring done (0.0s)
-- Generating done (0.0s)
-- Build files have been written to: /home/vimkim/gh/cb/CBRD-27089-oos-deferred-write/build_preset_debug_gcc/unit_tests/catch2-prefix/src/catch2-build
[1134/1302] Building CXX object broker/CMakeFiles/cubrid_gateway.dir/__/src/broker/broker_admin_pub.c.o
[1135/1302] Building CXX object broker/CMakeFiles/cub_proxy.dir/__/src/broker/shard_proxy_handler.c.o
[1136/1302] Building CXX object broker/CMakeFiles/brokeradmin.dir/__/src/broker/shard_key_func.c.o
[1137/1302] Building CXX object broker/CMakeFiles/cub_proxy.dir/__/src/broker/shard_proxy_log.c.o
[1138/1302] Building CXX object broker/CMakeFiles/cub_proxy.dir/__/src/broker/shard_proxy_io.c.o
[1139/1302] Performing build step for 'catch2'
ninja: no work to do.
[1140/1302] Building CXX object cm_common/CMakeFiles/cmstat.dir/__/src/cm_common/cm_errmsg.c.o
[1141/1302] Building CXX object cm_common/CMakeFiles/cmstat.dir/__/src/cm_common/cm_broker_admin.c.o
[1142/1302] No install step for 'catch2'
[1143/1302] Building CXX object broker/CMakeFiles/cas_cgw_lib.dir/__/src/broker/cas_cgw_odbc.c.o
[1144/1302] Completed 'catch2'
[1145/1302] Building CXX object broker/CMakeFiles/broker_log_top.dir/__/src/broker/broker_util.c.o
[1146/1302] Building CXX object broker/CMakeFiles/broker_tester.dir/__/src/broker/broker_filename.c.o
[1147/1302] Building CXX object broker/CMakeFiles/broker_tester.dir/__/src/broker/shard_metadata.c.o
[1148/1302] Building CXX object broker/CMakeFiles/broker_log_top.dir/__/src/broker/broker_shm.c.o
[1149/1302] Building CXX object broker/CMakeFiles/broker_monitor.dir/__/src/broker/query_replace.c.o
[1150/1302] Building CXX object broker/CMakeFiles/cub_proxy.dir/__/src/broker/shard_proxy_function.c.o
[1151/1302] Building CXX object broker/CMakeFiles/brokeradmin.dir/__/src/broker/broker_util.c.o
[1152/1302] Building CXX object broker/CMakeFiles/brokeradmin.dir/__/src/broker/broker_shm.c.o
[1153/1302] Building CXX object broker/CMakeFiles/gateway_monitor.dir/__/src/broker/query_replace.c.o
[1154/1302] Building CXX object broker/CMakeFiles/cubrid_replay.dir/__/src/broker/broker_log_replay.c.o
[1155/1302] Building CXX object broker/CMakeFiles/broker_tester.dir/__/src/broker/shard_shm.c.o
[1156/1302] Building CXX object cm_common/CMakeFiles/cmstat.dir/__/src/cm_common/cm_mem_cpu_stat.c.o
[1157/1302] Building CXX object cm_common/CMakeFiles/cmstat.dir/__/src/cm_common/cm_utils.c.o
[1158/1302] Building CXX object util/CMakeFiles/loadjava.dir/__/src/executables/loadjava.cpp.o
[1159/1302] Building CXX object broker/CMakeFiles/broker_log_top.dir/__/src/broker/broker_filename.c.o
[1160/1302] Building CXX object broker/CMakeFiles/broker_tester.dir/__/src/broker/broker_config.c.o
[1161/1302] Building CXX object cm_common/CMakeFiles/cmdep.dir/__/src/cm_common/cm_utils.c.o
[1162/1302] Building CXX object broker/CMakeFiles/broker_log_top.dir/__/src/broker/shard_shm.c.o
[1163/1302] Building CXX object broker/CMakeFiles/broker_log_top.dir/__/src/broker/shard_metadata.c.o
[1164/1302] Building CXX object broker/CMakeFiles/brokeradmin.dir/__/src/broker/broker_filename.c.o
[1165/1302] Building CXX object broker/CMakeFiles/broker_changer.dir/__/src/broker/query_replace.c.o
[1166/1302] Building CXX object broker/CMakeFiles/brokeradmin.dir/__/src/broker/broker_admin_so.c.o
[1167/1302] Building CXX object timezones/CMakeFiles/gen_timezone.dir/__/src/executables/generate_timezone.cpp.o
[1168/1302] Building CXX object broker/CMakeFiles/brokeradmin.dir/__/src/broker/shard_metadata.c.o
[1169/1302] Building CXX object broker/CMakeFiles/cubrid_replay.dir/__/src/base/filesys_temp.cpp.o
[1170/1302] Building CXX object broker/CMakeFiles/broker_log_top.dir/__/src/broker/broker_config.c.o
[1171/1302] Building CXX object broker/CMakeFiles/cubrid_broker.dir/__/src/broker/query_replace.c.o
[1172/1302] Building CXX object broker/CMakeFiles/brokeradmin.dir/__/src/broker/shard_shm.c.o
[1173/1302] Building CXX object cm_common/CMakeFiles/cub_jobsa.dir/__/src/cm_common/cm_class_info_sa.c.o
[1174/1302] Building CXX object cm_common/CMakeFiles/cub_sainfo.dir/__/src/cm_common/cm_class_info_sa.c.o
[1175/1302] Building CXX object broker/CMakeFiles/brokeradmin.dir/__/src/broker/broker_config.c.o
[1176/1302] Building CXX object unit_tests/common/CMakeFiles/test_common.dir/test_perf_compare.cpp.o
[1177/1302] Linking CXX static library unit_tests/common/libtest_common.a
[1178/1302] Building CXX object cubrid-cci/cci/CMakeFiles/cascci.dir/__/src/cci/cci_util.c.o
[1179/1302] Building CXX object broker/CMakeFiles/cubrid_gateway.dir/__/src/broker/query_replace.c.o
[1180/1302] Building CXX object broker/CMakeFiles/brokeradmin.dir/__/src/broker/broker_admin_pub.c.o
[1181/1302] Building CXX object broker/CMakeFiles/cas_common_lib.dir/__/src/broker/query_replace.c.o
[1182/1302] Building CXX object broker/CMakeFiles/cas_common_lib.dir/__/src/broker/cas_common_main.c.o
[1183/1302] Building CXX object broker/CMakeFiles/cas_cgw_lib.dir/__/src/broker/cas_cgw_execute.c.o
[1184/1302] Building CXX object broker/CMakeFiles/cas_common_lib.dir/__/src/base/ddl_log.c.o
[1185/1302] Building CXX object broker/CMakeFiles/cub_proxy.dir/__/src/broker/query_replace.c.o
[1186/1302] Building CXX object broker/CMakeFiles/cub_cas_cgw.dir/__/src/broker/cas_cgw.c.o
[1187/1302] Building CXX object broker/CMakeFiles/cas_cgw_lib.dir/__/src/broker/cas_cgw_function.c.o
[1188/1302] Building CXX object broker/CMakeFiles/cub_cas.dir/__/src/broker/cas.c.o
[1189/1302] Building CXX object broker/CMakeFiles/cub_cas.dir/__/src/broker/cas_function.c.o
[1190/1302] Linking CXX shared library cubrid-cci/cci/libcascci.so.11.3
[1191/1302] Creating library symlink cubrid-cci/cci/libcascci.so
[1192/1302] Linking CXX executable bin/cci_applier
[1193/1302] Building CXX object unit_tests/oos/CMakeFiles/test_oos_tde_gate.dir/test_oos_tde_gate.cpp.o
[1194/1302] Building CXX object broker/CMakeFiles/broker_log_top.dir/__/src/broker/query_replace.c.o
[1195/1302] Building CXX object broker/CMakeFiles/broker_tester.dir/__/src/broker/query_replace.c.o
[1196/1302] Building CXX object broker/CMakeFiles/brokeradmin.dir/__/src/broker/query_replace.c.o
[1197/1302] Building CXX object cubrid/CMakeFiles/cubrid.dir/__/src/optimizer/histogram/histogram_sampler_sr.cpp.o
[1198/1302] Building CXX object broker/CMakeFiles/cub_cas.dir/__/src/broker/cas_execute.c.o
[1199/1302] Building CXX object unit_tests/oos/CMakeFiles/test_oos_record_flags.dir/test_oos_record_flags.cpp.o
[1200/1302] Building CXX object cm_common/CMakeFiles/cmdep.dir/__/src/cm_common/cm_dep_tasks.c.o
[1201/1302] Building CXX object unit_tests/oos/CMakeFiles/test_oos.dir/test_oos.cpp.o
[1202/1302] Building CXX object unit_tests/oos/CMakeFiles/test_oos_delete.dir/test_oos_delete.cpp.o
[1203/1302] Building CXX object unit_tests/oos/sql/CMakeFiles/test_oos_sql_ddl.dir/test_oos_sql_ddl.cpp.o
[1204/1302] Building CXX object unit_tests/oos/sql/CMakeFiles/test_oos_sql_crash_recovery.dir/test_oos_sql_crash_recovery.cpp.o
[1205/1302] Building CXX object unit_tests/oos/sql/CMakeFiles/test_oos_sql_bigone.dir/test_oos_sql_bigone.cpp.o
[1206/1302] Building CXX object unit_tests/oos/sql/CMakeFiles/test_oos_sql_update_delete.dir/test_oos_sql_update_delete.cpp.o
[1207/1302] Building CXX object unit_tests/oos/sql/CMakeFiles/test_oos_sql_show.dir/test_oos_sql_show.cpp.o
[1208/1302] Building CXX object unit_tests/oos/sql/CMakeFiles/test_oos_sql_visible_version.dir/test_oos_sql_visible_version.cpp.o
[1209/1302] Building CXX object unit_tests/oos/CMakeFiles/test_oos_bestspace.dir/test_oos_bestspace.cpp.o
[1210/1302] Building CXX object unit_tests/oos/sql/CMakeFiles/test_oos_sql_boundary.dir/test_oos_sql_boundary.cpp.o
[1211/1302] Building CXX object unit_tests/oos/sql/CMakeFiles/test_oos_sql_delete.dir/test_oos_sql_delete.cpp.o
[1212/1302] Building CXX object unit_tests/oos/sql/CMakeFiles/test_oos_sql_txn.dir/test_oos_sql_txn.cpp.o
[1213/1302] Building CXX object unit_tests/oos/sql/CMakeFiles/test_oos_sql_eager_cleanup.dir/test_oos_sql_eager_cleanup.cpp.o
[1214/1302] Building CXX object unit_tests/oos/sql/CMakeFiles/test_oos_sql_crud.dir/test_oos_sql_crud.cpp.o
[1215/1302] Building CXX object unit_tests/oos/CMakeFiles/test_oos_remove_file.dir/test_oos_remove_file.cpp.o
[1216/1302] Building CXX object unit_tests/oos/CMakeFiles/test_oos_no_logging.dir/test_oos_no_logging.cpp.o
[1217/1302] Building CXX object unit_tests/oos/sql/CMakeFiles/test_oos_sql_storage.dir/test_oos_sql_storage.cpp.o
[1218/1302] Building CXX object unit_tests/oos/CMakeFiles/test_oos_delete_server.dir/test_oos_delete_server.cpp.o
[1219/1302] Building CXX object unit_tests/oos/CMakeFiles/test_oos_mock_vacuum_server.dir/test_oos_mock_vacuum_server.cpp.o
[1220/1302] Building CXX object unit_tests/oos/CMakeFiles/test_oos_eager_diagnostics.dir/test_oos_eager_diagnostics.cpp.o
[1221/1302] Linking CXX shared library cs/libcubridcs.so.11.5
[1222/1302] Creating library symlink cs/libcubridcs.so
[1223/1302] Linking CXX static library broker/libcas_common_lib.a
[1224/1302] Linking CXX executable bin/broker_log_converter
[1225/1302] Linking CXX executable bin/broker_log_runner
[1226/1302] Linking CXX executable bin/cub_commdb
[1227/1302] Linking CXX executable bin/cubrid_replay
[1228/1302] Linking CXX static library broker/libcas_cgw_lib.a
[1229/1302] Linking CXX shared library cm_common/libcmdep.so.11.5
[1230/1302] Creating library symlink cm_common/libcmdep.so
[1231/1302] Linking CXX shared library broker/libbrokeradmin.so.11.5
[1232/1302] Linking CXX executable bin/broker_tester
[1233/1302] Linking CXX executable bin/cub_gateway
[1234/1302] Creating library symlink broker/libbrokeradmin.so
[1235/1302] Linking CXX executable bin/broker_changer
[1236/1302] Linking CXX executable bin/cub_broker
[1237/1302] Linking CXX executable bin/broker_log_top
[1238/1302] Linking CXX executable bin/gateway_monitor
[1239/1302] Linking CXX executable bin/cub_master
[1240/1302] Linking CXX executable bin/broker_monitor
[1241/1302] Linking CXX executable bin/cubrid_gateway
[1242/1302] Linking CXX executable bin/cubrid_broker
[1243/1302] Building CXX object unit_tests/oos/CMakeFiles/test_oos_growth_sweep.dir/test_oos_growth_sweep.cpp.o
[1244/1302] Linking CXX executable bin/cub_proxy
[1245/1302] Linking CXX shared library cm_common/libcmstat.so.11.5
[1246/1302] Creating library symlink cm_common/libcmstat.so
[1247/1302] Building CXX object unit_tests/oos/CMakeFiles/test_oos_remove_file_server.dir/test_oos_remove_file_server.cpp.o
[1248/1302] Linking CXX executable bin/cub_cas
[1249/1302] Linking CXX executable bin/cub_cas_cgw
[1250/1302] Building CXX object unit_tests/oos/CMakeFiles/test_oos_real_vacuum_server.dir/test_oos_real_vacuum_server.cpp.o
[1251/1302] Building CXX object unit_tests/oos/CMakeFiles/test_oos_vacuum_server.dir/test_oos_vacuum_server.cpp.o
[1252/1302] Building CXX object unit_tests/oos/CMakeFiles/test_oos_identity_stamp.dir/test_oos_identity_stamp.cpp.o
[1253/1302] Building CXX object unit_tests/oos/sql/CMakeFiles/test_oos_sql_deferred_write.dir/test_oos_sql_deferred_write.cpp.o
[1254/1302] Linking CXX shared library sa/libcubridsa.so.11.5
[1255/1302] Creating library symlink sa/libcubridsa.so
[1256/1302] Linking CXX executable bin/csql
[1257/1302] Linking CXX executable bin/cub_admin
[1258/1302] Building CXX object unit_tests/oos/CMakeFiles/test_oos_server.dir/test_oos_server.cpp.o
[1259/1302] Linking CXX executable bin/cubrid
[1260/1302] Linking CXX executable bin/cubrid_rel
[1261/1302] Linking CXX executable bin/cub_jobsa
[1262/1302] Linking CXX executable bin/gen_timezone
[1263/1302] Linking CXX executable bin/cub_sainfo
[1264/1302] Linking CXX executable bin/cub_pl
[1265/1302] Linking CXX executable bin/loadjava
[1266/1302] Linking CXX executable bin/test_oos_record_flags
[1267/1302] Linking CXX executable bin/test_oos_tde_gate
[1268/1302] Linking CXX executable bin/test_oos_sql_ddl
[1269/1302] Linking CXX executable bin/test_oos_delete
[1270/1302] Linking CXX executable bin/test_oos_remove_file
[1271/1302] Linking CXX executable bin/test_oos_sql_bigone
[1272/1302] Linking CXX executable bin/test_oos_sql_visible_version
[1273/1302] Linking CXX executable bin/test_oos_bestspace
[1274/1302] Linking CXX executable bin/test_oos_eager_diagnostics
[1275/1302] Linking CXX executable bin/test_byte_span_writer
[1276/1302] Linking CXX executable bin/test_oos_sql_storage
[1277/1302] Linking CXX executable bin/test_oos
[1278/1302] Linking CXX executable bin/test_oos_sql_show
[1279/1302] Linking CXX executable bin/test_oos_sql_txn
[1280/1302] Linking CXX executable bin/test_oos_no_logging
[1281/1302] Linking CXX executable bin/test_oos_sql_boundary
[1282/1302] Linking CXX executable bin/test_oos_sql_crash_recovery
[1283/1302] Linking CXX executable bin/test_oos_sql_delete
[1284/1302] Linking CXX executable bin/test_oos_sql_update_delete
[1285/1302] Linking CXX executable bin/test_oos_sql_crud
[1286/1302] Linking CXX executable bin/test_oos_growth_sweep
[1287/1302] Linking CXX executable bin/test_oos_sql_eager_cleanup
[1288/1302] Linking CXX executable bin/test_oos_identity_stamp
[1289/1302] Linking CXX executable bin/test_oos_sql_deferred_write
[1290/1302] Linking CXX shared library cubrid/libcubrid.so.11.5
[1291/1302] Creating library symlink cubrid/libcubrid.so
[1292/1302] Linking CXX executable bin/cub_server
[1293/1302] Linking CXX executable bin/unittests_area
[1294/1302] Linking CXX executable bin/unittests_bit
[1295/1302] Linking CXX executable bin/unittests_lf
[1296/1302] Linking CXX executable bin/unittests_snapshot
[1297/1302] Linking CXX executable bin/test_oos_real_vacuum_server
[1298/1302] Linking CXX executable bin/test_oos_mock_vacuum_server
[1299/1302] Linking CXX executable bin/test_oos_server
[1300/1302] Linking CXX executable bin/test_oos_delete_server
[1301/1302] Linking CXX executable bin/test_oos_remove_file_server
[1302/1302] Linking CXX executable bin/test_oos_vacuum_server
-- Install configuration: "Debug"
-- Up-to-date: /home/vimkim/.cub/install/CBRD-27089-oos-deferred-write/debug_gcc/jdbc
-- Installing: /home/vimkim/.cub/install/CBRD-27089-oos-deferred-write/debug_gcc/jdbc/cubrid-jdbc-11.4.0.0077-sources.jar
-- Installing: /home/vimkim/.cub/install/CBRD-27089-oos-deferred-write/debug_gcc/jdbc/cubrid-jdbc-11.4.0.0077-javadoc.jar
-- Installing: /home/vimkim/.cub/install/CBRD-27089-oos-deferred-write/debug_gcc/jdbc/cubrid-jdbc-11.4.0.0077.jar
-- Up-to-date: /home/vimkim/.cub/install/CBRD-27089-oos-deferred-write/debug_gcc/jdbc/cubrid_jdbc.jar
-- Up-to-date: /home/vimkim/.cub/install/CBRD-27089-oos-deferred-write/debug_gcc/vm/pl_server.jar
-- Up-to-date: /home/vimkim/.cub/install/CBRD-27089-oos-deferred-write/debug_gcc/vm/logging.properties
-- Installing: /home/vimkim/.cub/install/CBRD-27089-oos-deferred-write/debug_gcc/lib/libcubridsa.so.11.5
-- Set runtime path of "/home/vimkim/.cub/install/CBRD-27089-oos-deferred-write/debug_gcc/lib/libcubridsa.so.11.5" to "/home/vimkim/.cub/install/CBRD-27089-oos-deferred-write/debug_gcc/lib"
-- Up-to-date: /home/vimkim/.cub/install/CBRD-27089-oos-deferred-write/debug_gcc/lib/libcubridsa.so
-- Installing: /home/vimkim/.cub/install/CBRD-27089-oos-deferred-write/debug_gcc/lib/libcubridcs.so.11.5
-- Set runtime path of "/home/vimkim/.cub/install/CBRD-27089-oos-deferred-write/debug_gcc/lib/libcubridcs.so.11.5" to "/home/vimkim/.cub/install/CBRD-27089-oos-deferred-write/debug_gcc/lib"
-- Up-to-date: /home/vimkim/.cub/install/CBRD-27089-oos-deferred-write/debug_gcc/lib/libcubridcs.so
-- Installing: /home/vimkim/.cub/install/CBRD-27089-oos-deferred-write/debug_gcc/lib/libcubrid.so.11.5
-- Set runtime path of "/home/vimkim/.cub/install/CBRD-27089-oos-deferred-write/debug_gcc/lib/libcubrid.so.11.5" to "/home/vimkim/.cub/install/CBRD-27089-oos-deferred-write/debug_gcc/lib"
-- Up-to-date: /home/vimkim/.cub/install/CBRD-27089-oos-deferred-write/debug_gcc/lib/libcubrid.so
-- Up-to-date: /home/vimkim/.cub/install/CBRD-27089-oos-deferred-write/debug_gcc/include/dbi.h
-- Up-to-date: /home/vimkim/.cub/install/CBRD-27089-oos-deferred-write/debug_gcc/include/dbtran_def.h
-- Up-to-date: /home/vimkim/.cub/install/CBRD-27089-oos-deferred-write/debug_gcc/include/dbtype_def.h
-- Up-to-date: /home/vimkim/.cub/install/CBRD-27089-oos-deferred-write/debug_gcc/include/db_set_function.h
-- Up-to-date: /home/vimkim/.cub/install/CBRD-27089-oos-deferred-write/debug_gcc/include/dbtype_function.h
-- Up-to-date: /home/vimkim/.cub/install/CBRD-27089-oos-deferred-write/debug_gcc/include/db_date.h
-- Up-to-date: /home/vimkim/.cub/install/CBRD-27089-oos-deferred-write/debug_gcc/include/db_elo.h
-- Up-to-date: /home/vimkim/.cub/install/CBRD-27089-oos-deferred-write/debug_gcc/include/cache_time.h
-- Up-to-date: /home/vimkim/.cub/install/CBRD-27089-oos-deferred-write/debug_gcc/include/error_code.h
-- Up-to-date: /home/vimkim/.cub/install/CBRD-27089-oos-deferred-write/debug_gcc/include/cubrid_log.h
-- Up-to-date: /home/vimkim/.cub/install/CBRD-27089-oos-deferred-write/debug_gcc/include/cm_stat.h
-- Installing: /home/vimkim/.cub/install/CBRD-27089-oos-deferred-write/debug_gcc/bin/csql
-- Set runtime path of "/home/vimkim/.cub/install/CBRD-27089-oos-deferred-write/debug_gcc/bin/csql" to "/home/vimkim/.cub/install/CBRD-27089-oos-deferred-write/debug_gcc/lib"
-- Installing: /home/vimkim/.cub/install/CBRD-27089-oos-deferred-write/debug_gcc/bin/cub_master
-- Set runtime path of "/home/vimkim/.cub/install/CBRD-27089-oos-deferred-write/debug_gcc/bin/cub_master" to "/home/vimkim/.cub/install/CBRD-27089-oos-deferred-write/debug_gcc/lib"
-- Installing: /home/vimkim/.cub/install/CBRD-27089-oos-deferred-write/debug_gcc/bin/cub_server
-- Set runtime path of "/home/vimkim/.cub/install/CBRD-27089-oos-deferred-write/debug_gcc/bin/cub_server" to "/home/vimkim/.cub/install/CBRD-27089-oos-deferred-write/debug_gcc/lib"
-- Installing: /home/vimkim/.cub/install/CBRD-27089-oos-deferred-write/debug_gcc/bin/cubrid
-- Set runtime path of "/home/vimkim/.cub/install/CBRD-27089-oos-deferred-write/debug_gcc/bin/cubrid" to "/home/vimkim/.cub/install/CBRD-27089-oos-deferred-write/debug_gcc/lib"
-- Installing: /home/vimkim/.cub/install/CBRD-27089-oos-deferred-write/debug_gcc/bin/cub_commdb
-- Set runtime path of "/home/vimkim/.cub/install/CBRD-27089-oos-deferred-write/debug_gcc/bin/cub_commdb" to "/home/vimkim/.cub/install/CBRD-27089-oos-deferred-write/debug_gcc/lib"
-- Installing: /home/vimkim/.cub/install/CBRD-27089-oos-deferred-write/debug_gcc/bin/cubrid_rel
-- Set runtime path of "/home/vimkim/.cub/install/CBRD-27089-oos-deferred-write/debug_gcc/bin/cubrid_rel" to "/home/vimkim/.cub/install/CBRD-27089-oos-deferred-write/debug_gcc/lib"
-- Installing: /home/vimkim/.cub/install/CBRD-27089-oos-deferred-write/debug_gcc/bin/loadjava
-- Set runtime path of "/home/vimkim/.cub/install/CBRD-27089-oos-deferred-write/debug_gcc/bin/loadjava" to "/home/vimkim/.cub/install/CBRD-27089-oos-deferred-write/debug_gcc/lib"
-- Installing: /home/vimkim/.cub/install/CBRD-27089-oos-deferred-write/debug_gcc/bin/cub_pl
-- Set runtime path of "/home/vimkim/.cub/install/CBRD-27089-oos-deferred-write/debug_gcc/bin/cub_pl" to "/home/vimkim/.cub/install/CBRD-27089-oos-deferred-write/debug_gcc/lib"
-- Installing: /home/vimkim/.cub/install/CBRD-27089-oos-deferred-write/debug_gcc/bin/cub_admin
-- Set runtime path of "/home/vimkim/.cub/install/CBRD-27089-oos-deferred-write/debug_gcc/bin/cub_admin" to "/home/vimkim/.cub/install/CBRD-27089-oos-deferred-write/debug_gcc/lib"
-- Installing: /home/vimkim/.cub/install/CBRD-27089-oos-deferred-write/debug_gcc/cci/lib/libcascci.so.11.3
-- Set runtime path of "/home/vimkim/.cub/install/CBRD-27089-oos-deferred-write/debug_gcc/cci/lib/libcascci.so.11.3" to "/home/vimkim/.cub/install/CBRD-27089-oos-deferred-write/debug_gcc/lib"
-- Up-to-date: /home/vimkim/.cub/install/CBRD-27089-oos-deferred-write/debug_gcc/cci/lib/libcascci.so
-- Up-to-date: /home/vimkim/.cub/install/CBRD-27089-oos-deferred-write/debug_gcc/cci/include/cas_cci.h
-- Up-to-date: /home/vimkim/.cub/install/CBRD-27089-oos-deferred-write/debug_gcc/cci/include/compat_dbtran_def.h
-- Up-to-date: /home/vimkim/.cub/install/CBRD-27089-oos-deferred-write/debug_gcc/cci/include/broker_cas_error.h
-- Up-to-date: /home/vimkim/.cub/install/CBRD-27089-oos-deferred-write/debug_gcc/include/cas_cci.h
-- Up-to-date: /home/vimkim/.cub/install/CBRD-27089-oos-deferred-write/debug_gcc/include/broker_cas_error.h
-- Up-to-date: /home/vimkim/.cub/install/CBRD-27089-oos-deferred-write/debug_gcc/include/compat_dbtran_def.h
-- Up-to-date: /home/vimkim/.cub/install/CBRD-27089-oos-deferred-write/debug_gcc/lib/libcascci.so
-- Up-to-date: /home/vimkim/.cub/install/CBRD-27089-oos-deferred-write/debug_gcc/lib/libcascci.so.11.3
-- Installing: /home/vimkim/.cub/install/CBRD-27089-oos-deferred-write/debug_gcc/bin/cci_applier
-- Set runtime path of "/home/vimkim/.cub/install/CBRD-27089-oos-deferred-write/debug_gcc/bin/cci_applier" to "/home/vimkim/.cub/install/CBRD-27089-oos-deferred-write/debug_gcc/lib"
-- Installing: /home/vimkim/.cub/install/CBRD-27089-oos-deferred-write/debug_gcc/bin/broker_log_converter
-- Set runtime path of "/home/vimkim/.cub/install/CBRD-27089-oos-deferred-write/debug_gcc/bin/broker_log_converter" to "/home/vimkim/.cub/install/CBRD-27089-oos-deferred-write/debug_gcc/lib"
-- Installing: /home/vimkim/.cub/install/CBRD-27089-oos-deferred-write/debug_gcc/bin/broker_log_runner
-- Set runtime path of "/home/vimkim/.cub/install/CBRD-27089-oos-deferred-write/debug_gcc/bin/broker_log_runner" to "/home/vimkim/.cub/install/CBRD-27089-oos-deferred-write/debug_gcc/lib"
-- Installing: /home/vimkim/.cub/install/CBRD-27089-oos-deferred-write/debug_gcc/bin/broker_tester
-- Set runtime path of "/home/vimkim/.cub/install/CBRD-27089-oos-deferred-write/debug_gcc/bin/broker_tester" to "/home/vimkim/.cub/install/CBRD-27089-oos-deferred-write/debug_gcc/lib"
-- Installing: /home/vimkim/.cub/install/CBRD-27089-oos-deferred-write/debug_gcc/bin/cubrid_replay
-- Set runtime path of "/home/vimkim/.cub/install/CBRD-27089-oos-deferred-write/debug_gcc/bin/cubrid_replay" to "/home/vimkim/.cub/install/CBRD-27089-oos-deferred-write/debug_gcc/lib"
-- Installing: /home/vimkim/.cub/install/CBRD-27089-oos-deferred-write/debug_gcc/bin/cub_broker
-- Set runtime path of "/home/vimkim/.cub/install/CBRD-27089-oos-deferred-write/debug_gcc/bin/cub_broker" to "/home/vimkim/.cub/install/CBRD-27089-oos-deferred-write/debug_gcc/lib"
-- Installing: /home/vimkim/.cub/install/CBRD-27089-oos-deferred-write/debug_gcc/bin/cub_gateway
-- Set runtime path of "/home/vimkim/.cub/install/CBRD-27089-oos-deferred-write/debug_gcc/bin/cub_gateway" to "/home/vimkim/.cub/install/CBRD-27089-oos-deferred-write/debug_gcc/lib"
-- Installing: /home/vimkim/.cub/install/CBRD-27089-oos-deferred-write/debug_gcc/bin/broker_monitor
-- Set runtime path of "/home/vimkim/.cub/install/CBRD-27089-oos-deferred-write/debug_gcc/bin/broker_monitor" to "/home/vimkim/.cub/install/CBRD-27089-oos-deferred-write/debug_gcc/lib"
-- Installing: /home/vimkim/.cub/install/CBRD-27089-oos-deferred-write/debug_gcc/bin/gateway_monitor
-- Set runtime path of "/home/vimkim/.cub/install/CBRD-27089-oos-deferred-write/debug_gcc/bin/gateway_monitor" to "/home/vimkim/.cub/install/CBRD-27089-oos-deferred-write/debug_gcc/lib"
-- Installing: /home/vimkim/.cub/install/CBRD-27089-oos-deferred-write/debug_gcc/bin/broker_changer
-- Set runtime path of "/home/vimkim/.cub/install/CBRD-27089-oos-deferred-write/debug_gcc/bin/broker_changer" to "/home/vimkim/.cub/install/CBRD-27089-oos-deferred-write/debug_gcc/lib"
-- Installing: /home/vimkim/.cub/install/CBRD-27089-oos-deferred-write/debug_gcc/bin/cubrid_broker
-- Set runtime path of "/home/vimkim/.cub/install/CBRD-27089-oos-deferred-write/debug_gcc/bin/cubrid_broker" to "/home/vimkim/.cub/install/CBRD-27089-oos-deferred-write/debug_gcc/lib"
-- Installing: /home/vimkim/.cub/install/CBRD-27089-oos-deferred-write/debug_gcc/bin/cubrid_gateway
-- Set runtime path of "/home/vimkim/.cub/install/CBRD-27089-oos-deferred-write/debug_gcc/bin/cubrid_gateway" to "/home/vimkim/.cub/install/CBRD-27089-oos-deferred-write/debug_gcc/lib"
-- Installing: /home/vimkim/.cub/install/CBRD-27089-oos-deferred-write/debug_gcc/bin/cub_cas
-- Set runtime path of "/home/vimkim/.cub/install/CBRD-27089-oos-deferred-write/debug_gcc/bin/cub_cas" to "/home/vimkim/.cub/install/CBRD-27089-oos-deferred-write/debug_gcc/lib"
-- Installing: /home/vimkim/.cub/install/CBRD-27089-oos-deferred-write/debug_gcc/bin/cub_cas_cgw
-- Set runtime path of "/home/vimkim/.cub/install/CBRD-27089-oos-deferred-write/debug_gcc/bin/cub_cas_cgw" to "/home/vimkim/.cub/install/CBRD-27089-oos-deferred-write/debug_gcc/lib"
-- Installing: /home/vimkim/.cub/install/CBRD-27089-oos-deferred-write/debug_gcc/bin/cub_proxy
-- Set runtime path of "/home/vimkim/.cub/install/CBRD-27089-oos-deferred-write/debug_gcc/bin/cub_proxy" to "/home/vimkim/.cub/install/CBRD-27089-oos-deferred-write/debug_gcc/lib"
-- Up-to-date: /home/vimkim/.cub/install/CBRD-27089-oos-deferred-write/debug_gcc/include/shard_key.h
-- Installing: /home/vimkim/.cub/install/CBRD-27089-oos-deferred-write/debug_gcc/bin/broker_log_top
-- Set runtime path of "/home/vimkim/.cub/install/CBRD-27089-oos-deferred-write/debug_gcc/bin/broker_log_top" to "/home/vimkim/.cub/install/CBRD-27089-oos-deferred-write/debug_gcc/lib"
-- Installing: /home/vimkim/.cub/install/CBRD-27089-oos-deferred-write/debug_gcc/lib/libbrokeradmin.so.11.5
-- Set runtime path of "/home/vimkim/.cub/install/CBRD-27089-oos-deferred-write/debug_gcc/lib/libbrokeradmin.so.11.5" to "/home/vimkim/.cub/install/CBRD-27089-oos-deferred-write/debug_gcc/lib"
-- Up-to-date: /home/vimkim/.cub/install/CBRD-27089-oos-deferred-write/debug_gcc/lib/libbrokeradmin.so
-- Installing: /home/vimkim/.cub/install/CBRD-27089-oos-deferred-write/debug_gcc/lib/libcmstat.so.11.5
-- Set runtime path of "/home/vimkim/.cub/install/CBRD-27089-oos-deferred-write/debug_gcc/lib/libcmstat.so.11.5" to "/home/vimkim/.cub/install/CBRD-27089-oos-deferred-write/debug_gcc/lib"
-- Up-to-date: /home/vimkim/.cub/install/CBRD-27089-oos-deferred-write/debug_gcc/lib/libcmstat.so
-- Installing: /home/vimkim/.cub/install/CBRD-27089-oos-deferred-write/debug_gcc/lib/libcmdep.so.11.5
-- Set runtime path of "/home/vimkim/.cub/install/CBRD-27089-oos-deferred-write/debug_gcc/lib/libcmdep.so.11.5" to "/home/vimkim/.cub/install/CBRD-27089-oos-deferred-write/debug_gcc/lib"
-- Up-to-date: /home/vimkim/.cub/install/CBRD-27089-oos-deferred-write/debug_gcc/lib/libcmdep.so
-- Installing: /home/vimkim/.cub/install/CBRD-27089-oos-deferred-write/debug_gcc/bin/cub_jobsa
-- Set runtime path of "/home/vimkim/.cub/install/CBRD-27089-oos-deferred-write/debug_gcc/bin/cub_jobsa" to "/home/vimkim/.cub/install/CBRD-27089-oos-deferred-write/debug_gcc/lib"
-- Installing: /home/vimkim/.cub/install/CBRD-27089-oos-deferred-write/debug_gcc/bin/cub_sainfo
-- Set runtime path of "/home/vimkim/.cub/install/CBRD-27089-oos-deferred-write/debug_gcc/bin/cub_sainfo" to "/home/vimkim/.cub/install/CBRD-27089-oos-deferred-write/debug_gcc/lib"
-- Installing: /home/vimkim/.cub/install/CBRD-27089-oos-deferred-write/debug_gcc/conf/cubrid.conf
-- Up-to-date: /home/vimkim/.cub/install/CBRD-27089-oos-deferred-write/debug_gcc/conf/cubrid.conf.large
-- Up-to-date: /home/vimkim/.cub/install/CBRD-27089-oos-deferred-write/debug_gcc/conf/cubrid.conf.small
-- Up-to-date: /home/vimkim/.cub/install/CBRD-27089-oos-deferred-write/debug_gcc/conf/cubrid_broker.conf
-- Up-to-date: /home/vimkim/.cub/install/CBRD-27089-oos-deferred-write/debug_gcc/conf/cubrid_broker.conf.shard
-- Up-to-date: /home/vimkim/.cub/install/CBRD-27089-oos-deferred-write/debug_gcc/conf/cubrid_gateway.conf
-- Up-to-date: /home/vimkim/.cub/install/CBRD-27089-oos-deferred-write/debug_gcc/conf/cubrid_ha.conf
-- Up-to-date: /home/vimkim/.cub/install/CBRD-27089-oos-deferred-write/debug_gcc/conf/cubrid_hosts.conf
-- Up-to-date: /home/vimkim/.cub/install/CBRD-27089-oos-deferred-write/debug_gcc/conf/shard_connection.txt
-- Up-to-date: /home/vimkim/.cub/install/CBRD-27089-oos-deferred-write/debug_gcc/conf/shard_key.txt
-- Up-to-date: /home/vimkim/.cub/install/CBRD-27089-oos-deferred-write/debug_gcc/conf/cubrid_locales.all.txt
-- Up-to-date: /home/vimkim/.cub/install/CBRD-27089-oos-deferred-write/debug_gcc/conf/cubrid_locales.txt
-- Up-to-date: /home/vimkim/.cub/install/CBRD-27089-oos-deferred-write/debug_gcc/conf/cas_ssl_cert.crt
-- Up-to-date: /home/vimkim/.cub/install/CBRD-27089-oos-deferred-write/debug_gcc/conf/cas_ssl_cert.key
-- Up-to-date: /home/vimkim/.cub/install/CBRD-27089-oos-deferred-write/debug_gcc/msg/en_US.utf8
-- Up-to-date: /home/vimkim/.cub/install/CBRD-27089-oos-deferred-write/debug_gcc/msg/en_US.utf8/csql.msg
-- Up-to-date: /home/vimkim/.cub/install/CBRD-27089-oos-deferred-write/debug_gcc/msg/en_US.utf8/cubrid.msg
-- Up-to-date: /home/vimkim/.cub/install/CBRD-27089-oos-deferred-write/debug_gcc/msg/en_US.utf8/utils.msg
-- Up-to-date: /home/vimkim/.cub/install/CBRD-27089-oos-deferred-write/debug_gcc/msg/en_US.utf8
-- Installing: /home/vimkim/.cub/install/CBRD-27089-oos-deferred-write/debug_gcc/msg/en_US.utf8/csql.cat
-- Installing: /home/vimkim/.cub/install/CBRD-27089-oos-deferred-write/debug_gcc/msg/en_US.utf8/utils.cat
-- Installing: /home/vimkim/.cub/install/CBRD-27089-oos-deferred-write/debug_gcc/msg/en_US.utf8/cubrid.cat
-- Up-to-date: /home/vimkim/.cub/install/CBRD-27089-oos-deferred-write/debug_gcc/msg/en_US
-- Up-to-date: /home/vimkim/.cub/install/CBRD-27089-oos-deferred-write/debug_gcc/msg/en_US/cubrid.msg
-- Up-to-date: /home/vimkim/.cub/install/CBRD-27089-oos-deferred-write/debug_gcc/msg/en_US/utils.msg
-- Up-to-date: /home/vimkim/.cub/install/CBRD-27089-oos-deferred-write/debug_gcc/msg/en_US/csql.msg
-- Up-to-date: /home/vimkim/.cub/install/CBRD-27089-oos-deferred-write/debug_gcc/msg/en_US
-- Installing: /home/vimkim/.cub/install/CBRD-27089-oos-deferred-write/debug_gcc/msg/en_US/csql.cat
-- Installing: /home/vimkim/.cub/install/CBRD-27089-oos-deferred-write/debug_gcc/msg/en_US/cubrid.cat
-- Installing: /home/vimkim/.cub/install/CBRD-27089-oos-deferred-write/debug_gcc/msg/en_US/utils.cat
-- Up-to-date: /home/vimkim/.cub/install/CBRD-27089-oos-deferred-write/debug_gcc/msg/ko_KR.utf8
-- Up-to-date: /home/vimkim/.cub/install/CBRD-27089-oos-deferred-write/debug_gcc/msg/ko_KR.utf8/csql.msg
-- Up-to-date: /home/vimkim/.cub/install/CBRD-27089-oos-deferred-write/debug_gcc/msg/ko_KR.utf8/cubrid.msg
-- Up-to-date: /home/vimkim/.cub/install/CBRD-27089-oos-deferred-write/debug_gcc/msg/ko_KR.utf8/utils.msg
-- Up-to-date: /home/vimkim/.cub/install/CBRD-27089-oos-deferred-write/debug_gcc/msg/ko_KR.utf8
-- Installing: /home/vimkim/.cub/install/CBRD-27089-oos-deferred-write/debug_gcc/msg/ko_KR.utf8/csql.cat
-- Installing: /home/vimkim/.cub/install/CBRD-27089-oos-deferred-write/debug_gcc/msg/ko_KR.utf8/cubrid.cat
-- Installing: /home/vimkim/.cub/install/CBRD-27089-oos-deferred-write/debug_gcc/msg/ko_KR.utf8/utils.cat
-- Up-to-date: /home/vimkim/.cub/install/CBRD-27089-oos-deferred-write/debug_gcc/msg/ko_KR.euckr
-- Up-to-date: /home/vimkim/.cub/install/CBRD-27089-oos-deferred-write/debug_gcc/msg/ko_KR.euckr/cubrid.msg
-- Up-to-date: /home/vimkim/.cub/install/CBRD-27089-oos-deferred-write/debug_gcc/msg/ko_KR.euckr/csql.msg
-- Up-to-date: /home/vimkim/.cub/install/CBRD-27089-oos-deferred-write/debug_gcc/msg/ko_KR.euckr/utils.msg
-- Up-to-date: /home/vimkim/.cub/install/CBRD-27089-oos-deferred-write/debug_gcc/msg/ko_KR.euckr
-- Installing: /home/vimkim/.cub/install/CBRD-27089-oos-deferred-write/debug_gcc/msg/ko_KR.euckr/csql.cat
-- Installing: /home/vimkim/.cub/install/CBRD-27089-oos-deferred-write/debug_gcc/msg/ko_KR.euckr/utils.cat
-- Installing: /home/vimkim/.cub/install/CBRD-27089-oos-deferred-write/debug_gcc/msg/ko_KR.euckr/cubrid.cat
-- Up-to-date: /home/vimkim/.cub/install/CBRD-27089-oos-deferred-write/debug_gcc/demo/demodb_objects
-- Up-to-date: /home/vimkim/.cub/install/CBRD-27089-oos-deferred-write/debug_gcc/demo/demodb_schema
-- Up-to-date: /home/vimkim/.cub/install/CBRD-27089-oos-deferred-write/debug_gcc/demo/make_cubrid_demo.sh
-- Up-to-date: /home/vimkim/.cub/install/CBRD-27089-oos-deferred-write/debug_gcc/share/init.d/cubrid-ha
-- Up-to-date: /home/vimkim/.cub/install/CBRD-27089-oos-deferred-write/debug_gcc/share/init.d/cubrid
-- Up-to-date: /home/vimkim/.cub/install/CBRD-27089-oos-deferred-write/debug_gcc/share/scripts/check_reserved.sql
-- Up-to-date: /home/vimkim/.cub/install/CBRD-27089-oos-deferred-write/debug_gcc/share/scripts/broker_log_top.py
-- Up-to-date: /home/vimkim/.cub/install/CBRD-27089-oos-deferred-write/debug_gcc/share/scripts/brokerstatus_to_csv.py
-- Up-to-date: /home/vimkim/.cub/install/CBRD-27089-oos-deferred-write/debug_gcc/share/scripts/statdump_to_csv.py
-- Up-to-date: /home/vimkim/.cub/install/CBRD-27089-oos-deferred-write/debug_gcc/share/scripts/ha/ha_make_slavedb.sh
-- Up-to-date: /home/vimkim/.cub/install/CBRD-27089-oos-deferred-write/debug_gcc/share/scripts/ha/VERSION
-- Up-to-date: /home/vimkim/.cub/install/CBRD-27089-oos-deferred-write/debug_gcc/share/scripts/ha/README
-- Up-to-date: /home/vimkim/.cub/install/CBRD-27089-oos-deferred-write/debug_gcc/share/scripts/ha/functions/ha_check_environment.sh
-- Up-to-date: /home/vimkim/.cub/install/CBRD-27089-oos-deferred-write/debug_gcc/share/scripts/ha/functions/ha_check_script.sh
-- Up-to-date: /home/vimkim/.cub/install/CBRD-27089-oos-deferred-write/debug_gcc/share/scripts/ha/expect/scp_from.exp
-- Up-to-date: /home/vimkim/.cub/install/CBRD-27089-oos-deferred-write/debug_gcc/share/scripts/ha/expect/scp_to.exp
-- Up-to-date: /home/vimkim/.cub/install/CBRD-27089-oos-deferred-write/debug_gcc/share/scripts/ha/expect/ssh.exp
-- Up-to-date: /home/vimkim/.cub/install/CBRD-27089-oos-deferred-write/debug_gcc/share/scripts/ha/common/common.sh
-- Up-to-date: /home/vimkim/.cub/install/CBRD-27089-oos-deferred-write/debug_gcc/share/systemtap/tapset/cubrid_func.stp
-- Up-to-date: /home/vimkim/.cub/install/CBRD-27089-oos-deferred-write/debug_gcc/share/systemtap/tapset/scripts/buffer_access.stp
-- Up-to-date: /home/vimkim/.cub/install/CBRD-27089-oos-deferred-write/debug_gcc/share/systemtap/tapset/scripts/global_time.stp
-- Up-to-date: /home/vimkim/.cub/install/CBRD-27089-oos-deferred-write/debug_gcc/share/systemtap/tapset/scripts/io_stat.stp
-- Up-to-date: /home/vimkim/.cub/install/CBRD-27089-oos-deferred-write/debug_gcc/share/systemtap/tapset/scripts/lock_time.stp
-- Up-to-date: /home/vimkim/.cub/install/CBRD-27089-oos-deferred-write/debug_gcc/share/systemtap/tapset/scripts/obj_access.stp
-- Up-to-date: /home/vimkim/.cub/install/CBRD-27089-oos-deferred-write/debug_gcc/share/systemtap/tapset/scripts/query_time.stp
-- Up-to-date: /home/vimkim/.cub/install/CBRD-27089-oos-deferred-write/debug_gcc/share/systemtap/tapset/scripts/transaction.stp
-- Up-to-date: /home/vimkim/.cub/install/CBRD-27089-oos-deferred-write/debug_gcc/share/systemtap/tapset/scripts/topcallstack_helper.stp
-- Up-to-date: /home/vimkim/.cub/install/CBRD-27089-oos-deferred-write/debug_gcc/share/systemtap/tapset/scripts/get_file_line.sh
-- Up-to-date: /home/vimkim/.cub/install/CBRD-27089-oos-deferred-write/debug_gcc/share/systemtap/tapset/scripts/topcallstack
-- Up-to-date: /home/vimkim/.cub/install/CBRD-27089-oos-deferred-write/debug_gcc/share/scripts/setup.sh
-- Up-to-date: /home/vimkim/.cub/install/CBRD-27089-oos-deferred-write/debug_gcc/share/scripts/cubrid.sh
-- Up-to-date: /home/vimkim/.cub/install/CBRD-27089-oos-deferred-write/debug_gcc/share/scripts/cubrid.csh
-- Up-to-date: /home/vimkim/.cub/install/CBRD-27089-oos-deferred-write/debug_gcc/share/scripts/unloaddb.sh
-- Up-to-date: /home/vimkim/.cub/install/CBRD-27089-oos-deferred-write/debug_gcc/share/scripts/restore_to_newdb.sh
-- Up-to-date: /home/vimkim/.cub/install/CBRD-27089-oos-deferred-write/debug_gcc/share/scripts/check_index_ovfps.sh
-- Up-to-date: /home/vimkim/.cub/install/CBRD-27089-oos-deferred-write/debug_gcc/bin/make_locale.sh
-- Up-to-date: /home/vimkim/.cub/install/CBRD-27089-oos-deferred-write/debug_gcc/locales/loclib/build_locale.sh
-- Up-to-date: /home/vimkim/.cub/install/CBRD-27089-oos-deferred-write/debug_gcc/locales/data
-- Up-to-date: /home/vimkim/.cub/install/CBRD-27089-oos-deferred-write/debug_gcc/locales/data/codepages
-- Up-to-date: /home/vimkim/.cub/install/CBRD-27089-oos-deferred-write/debug_gcc/locales/data/codepages/8859-1.TXT
-- Up-to-date: /home/vimkim/.cub/install/CBRD-27089-oos-deferred-write/debug_gcc/locales/data/codepages/8859-15.TXT
-- Up-to-date: /home/vimkim/.cub/install/CBRD-27089-oos-deferred-write/debug_gcc/locales/data/codepages/8859-9.TXT
-- Up-to-date: /home/vimkim/.cub/install/CBRD-27089-oos-deferred-write/debug_gcc/locales/data/codepages/CP1250.TXT
-- Up-to-date: /home/vimkim/.cub/install/CBRD-27089-oos-deferred-write/debug_gcc/locales/data/codepages/CP1258.TXT
-- Up-to-date: /home/vimkim/.cub/install/CBRD-27089-oos-deferred-write/debug_gcc/locales/data/codepages/CP932.TXT
-- Up-to-date: /home/vimkim/.cub/install/CBRD-27089-oos-deferred-write/debug_gcc/locales/data/codepages/CP936.TXT
-- Up-to-date: /home/vimkim/.cub/install/CBRD-27089-oos-deferred-write/debug_gcc/locales/data/codepages/CP949.TXT
-- Up-to-date: /home/vimkim/.cub/install/CBRD-27089-oos-deferred-write/debug_gcc/locales/data/ducet.txt
-- Up-to-date: /home/vimkim/.cub/install/CBRD-27089-oos-deferred-write/debug_gcc/locales/data/ldml
-- Up-to-date: /home/vimkim/.cub/install/CBRD-27089-oos-deferred-write/debug_gcc/locales/data/ldml/common_collations.xml
-- Up-to-date: /home/vimkim/.cub/install/CBRD-27089-oos-deferred-write/debug_gcc/locales/data/ldml/cubrid_de_DE.xml
-- Up-to-date: /home/vimkim/.cub/install/CBRD-27089-oos-deferred-write/debug_gcc/locales/data/ldml/cubrid_es_ES.xml
-- Up-to-date: /home/vimkim/.cub/install/CBRD-27089-oos-deferred-write/debug_gcc/locales/data/ldml/cubrid_fr_FR.xml
-- Up-to-date: /home/vimkim/.cub/install/CBRD-27089-oos-deferred-write/debug_gcc/locales/data/ldml/cubrid_it_IT.xml
-- Up-to-date: /home/vimkim/.cub/install/CBRD-27089-oos-deferred-write/debug_gcc/locales/data/ldml/cubrid_ja_JP.xml
-- Up-to-date: /home/vimkim/.cub/install/CBRD-27089-oos-deferred-write/debug_gcc/locales/data/ldml/cubrid_km_KH.xml
-- Up-to-date: /home/vimkim/.cub/install/CBRD-27089-oos-deferred-write/debug_gcc/locales/data/ldml/cubrid_ko_KR.xml
-- Up-to-date: /home/vimkim/.cub/install/CBRD-27089-oos-deferred-write/debug_gcc/locales/data/ldml/cubrid_ro_RO.xml
-- Up-to-date: /home/vimkim/.cub/install/CBRD-27089-oos-deferred-write/debug_gcc/locales/data/ldml/cubrid_tr_TR.xml
-- Up-to-date: /home/vimkim/.cub/install/CBRD-27089-oos-deferred-write/debug_gcc/locales/data/ldml/cubrid_vi_VN.xml
-- Up-to-date: /home/vimkim/.cub/install/CBRD-27089-oos-deferred-write/debug_gcc/locales/data/ldml/cubrid_zh_CN.xml
-- Up-to-date: /home/vimkim/.cub/install/CBRD-27089-oos-deferred-write/debug_gcc/locales/data/unicodedata.txt
-- Up-to-date: /home/vimkim/.cub/install/CBRD-27089-oos-deferred-write/debug_gcc/locales/loclib/locale_lib_common.h
-- Up-to-date: /home/vimkim/.cub/install/CBRD-27089-oos-deferred-write/debug_gcc/lib/libcubrid_timezones.so.11.5
-- Up-to-date: /home/vimkim/.cub/install/CBRD-27089-oos-deferred-write/debug_gcc/lib/libcubrid_timezones.so
-- Up-to-date: /home/vimkim/.cub/install/CBRD-27089-oos-deferred-write/debug_gcc/bin/make_tz.sh
-- Up-to-date: /home/vimkim/.cub/install/CBRD-27089-oos-deferred-write/debug_gcc/timezones/tzlib/build_tz.sh
-- Up-to-date: /home/vimkim/.cub/install/CBRD-27089-oos-deferred-write/debug_gcc/timezones/tzdata
-- Up-to-date: /home/vimkim/.cub/install/CBRD-27089-oos-deferred-write/debug_gcc/timezones/tzdata/africa
-- Up-to-date: /home/vimkim/.cub/install/CBRD-27089-oos-deferred-write/debug_gcc/timezones/tzdata/antarctica
-- Up-to-date: /home/vimkim/.cub/install/CBRD-27089-oos-deferred-write/debug_gcc/timezones/tzdata/asia
-- Up-to-date: /home/vimkim/.cub/install/CBRD-27089-oos-deferred-write/debug_gcc/timezones/tzdata/australasia
-- Up-to-date: /home/vimkim/.cub/install/CBRD-27089-oos-deferred-write/debug_gcc/timezones/tzdata/backward
-- Up-to-date: /home/vimkim/.cub/install/CBRD-27089-oos-deferred-write/debug_gcc/timezones/tzdata/etcetera
-- Up-to-date: /home/vimkim/.cub/install/CBRD-27089-oos-deferred-write/debug_gcc/timezones/tzdata/europe
-- Up-to-date: /home/vimkim/.cub/install/CBRD-27089-oos-deferred-write/debug_gcc/timezones/tzdata/iso3166.tab
-- Up-to-date: /home/vimkim/.cub/install/CBRD-27089-oos-deferred-write/debug_gcc/timezones/tzdata/leapseconds
-- Up-to-date: /home/vimkim/.cub/install/CBRD-27089-oos-deferred-write/debug_gcc/timezones/tzdata/northamerica
-- Up-to-date: /home/vimkim/.cub/install/CBRD-27089-oos-deferred-write/debug_gcc/timezones/tzdata/pacificnew
-- Up-to-date: /home/vimkim/.cub/install/CBRD-27089-oos-deferred-write/debug_gcc/timezones/tzdata/southamerica
-- Up-to-date: /home/vimkim/.cub/install/CBRD-27089-oos-deferred-write/debug_gcc/timezones/tzdata/windowsZones.xml
-- Up-to-date: /home/vimkim/.cub/install/CBRD-27089-oos-deferred-write/debug_gcc/timezones/tzdata/zone.tab
-- Up-to-date: /home/vimkim/.cub/install/CBRD-27089-oos-deferred-write/debug_gcc/timezones/tzlib/timezone_lib_common.h
-- Up-to-date: /home/vimkim/.cub/install/CBRD-27089-oos-deferred-write/debug_gcc/include
-- Up-to-date: /home/vimkim/.cub/install/CBRD-27089-oos-deferred-write/debug_gcc/include/gmock
-- Up-to-date: /home/vimkim/.cub/install/CBRD-27089-oos-deferred-write/debug_gcc/include/gmock/gmock-actions.h
-- Up-to-date: /home/vimkim/.cub/install/CBRD-27089-oos-deferred-write/debug_gcc/include/gmock/gmock-cardinalities.h
-- Up-to-date: /home/vimkim/.cub/install/CBRD-27089-oos-deferred-write/debug_gcc/include/gmock/gmock-function-mocker.h
-- Up-to-date: /home/vimkim/.cub/install/CBRD-27089-oos-deferred-write/debug_gcc/include/gmock/gmock-matchers.h
-- Up-to-date: /home/vimkim/.cub/install/CBRD-27089-oos-deferred-write/debug_gcc/include/gmock/gmock-more-actions.h
-- Up-to-date: /home/vimkim/.cub/install/CBRD-27089-oos-deferred-write/debug_gcc/include/gmock/gmock-more-matchers.h
-- Up-to-date: /home/vimkim/.cub/install/CBRD-27089-oos-deferred-write/debug_gcc/include/gmock/gmock-nice-strict.h
-- Up-to-date: /home/vimkim/.cub/install/CBRD-27089-oos-deferred-write/debug_gcc/include/gmock/gmock-spec-builders.h
-- Up-to-date: /home/vimkim/.cub/install/CBRD-27089-oos-deferred-write/debug_gcc/include/gmock/gmock.h
-- Up-to-date: /home/vimkim/.cub/install/CBRD-27089-oos-deferred-write/debug_gcc/include/gmock/internal
-- Up-to-date: /home/vimkim/.cub/install/CBRD-27089-oos-deferred-write/debug_gcc/include/gmock/internal/custom
-- Up-to-date: /home/vimkim/.cub/install/CBRD-27089-oos-deferred-write/debug_gcc/include/gmock/internal/custom/README.md
-- Up-to-date: /home/vimkim/.cub/install/CBRD-27089-oos-deferred-write/debug_gcc/include/gmock/internal/custom/gmock-generated-actions.h
-- Up-to-date: /home/vimkim/.cub/install/CBRD-27089-oos-deferred-write/debug_gcc/include/gmock/internal/custom/gmock-matchers.h
-- Up-to-date: /home/vimkim/.cub/install/CBRD-27089-oos-deferred-write/debug_gcc/include/gmock/internal/custom/gmock-port.h
-- Up-to-date: /home/vimkim/.cub/install/CBRD-27089-oos-deferred-write/debug_gcc/include/gmock/internal/gmock-internal-utils.h
-- Up-to-date: /home/vimkim/.cub/install/CBRD-27089-oos-deferred-write/debug_gcc/include/gmock/internal/gmock-port.h
-- Up-to-date: /home/vimkim/.cub/install/CBRD-27089-oos-deferred-write/debug_gcc/include/gmock/internal/gmock-pp.h
-- Up-to-date: /home/vimkim/.cub/install/CBRD-27089-oos-deferred-write/debug_gcc/lib64/libgmock.a
-- Up-to-date: /home/vimkim/.cub/install/CBRD-27089-oos-deferred-write/debug_gcc/lib64/libgmock_main.a
-- Up-to-date: /home/vimkim/.cub/install/CBRD-27089-oos-deferred-write/debug_gcc/lib64/pkgconfig/gmock.pc
-- Up-to-date: /home/vimkim/.cub/install/CBRD-27089-oos-deferred-write/debug_gcc/lib64/pkgconfig/gmock_main.pc
-- Up-to-date: /home/vimkim/.cub/install/CBRD-27089-oos-deferred-write/debug_gcc/lib64/cmake/GTest/GTestTargets.cmake
-- Up-to-date: /home/vimkim/.cub/install/CBRD-27089-oos-deferred-write/debug_gcc/lib64/cmake/GTest/GTestTargets-debug.cmake
-- Up-to-date: /home/vimkim/.cub/install/CBRD-27089-oos-deferred-write/debug_gcc/lib64/cmake/GTest/GTestConfigVersion.cmake
-- Up-to-date: /home/vimkim/.cub/install/CBRD-27089-oos-deferred-write/debug_gcc/lib64/cmake/GTest/GTestConfig.cmake
-- Up-to-date: /home/vimkim/.cub/install/CBRD-27089-oos-deferred-write/debug_gcc/include
-- Up-to-date: /home/vimkim/.cub/install/CBRD-27089-oos-deferred-write/debug_gcc/include/gtest
-- Up-to-date: /home/vimkim/.cub/install/CBRD-27089-oos-deferred-write/debug_gcc/include/gtest/gtest-assertion-result.h
-- Up-to-date: /home/vimkim/.cub/install/CBRD-27089-oos-deferred-write/debug_gcc/include/gtest/gtest-death-test.h
-- Up-to-date: /home/vimkim/.cub/install/CBRD-27089-oos-deferred-write/debug_gcc/include/gtest/gtest-matchers.h
-- Up-to-date: /home/vimkim/.cub/install/CBRD-27089-oos-deferred-write/debug_gcc/include/gtest/gtest-message.h
-- Up-to-date: /home/vimkim/.cub/install/CBRD-27089-oos-deferred-write/debug_gcc/include/gtest/gtest-param-test.h
-- Up-to-date: /home/vimkim/.cub/install/CBRD-27089-oos-deferred-write/debug_gcc/include/gtest/gtest-printers.h
-- Up-to-date: /home/vimkim/.cub/install/CBRD-27089-oos-deferred-write/debug_gcc/include/gtest/gtest-spi.h
-- Up-to-date: /home/vimkim/.cub/install/CBRD-27089-oos-deferred-write/debug_gcc/include/gtest/gtest-test-part.h
-- Up-to-date: /home/vimkim/.cub/install/CBRD-27089-oos-deferred-write/debug_gcc/include/gtest/gtest-typed-test.h
-- Up-to-date: /home/vimkim/.cub/install/CBRD-27089-oos-deferred-write/debug_gcc/include/gtest/gtest.h
-- Up-to-date: /home/vimkim/.cub/install/CBRD-27089-oos-deferred-write/debug_gcc/include/gtest/gtest_pred_impl.h
-- Up-to-date: /home/vimkim/.cub/install/CBRD-27089-oos-deferred-write/debug_gcc/include/gtest/gtest_prod.h
-- Up-to-date: /home/vimkim/.cub/install/CBRD-27089-oos-deferred-write/debug_gcc/include/gtest/internal
-- Up-to-date: /home/vimkim/.cub/install/CBRD-27089-oos-deferred-write/debug_gcc/include/gtest/internal/custom
-- Up-to-date: /home/vimkim/.cub/install/CBRD-27089-oos-deferred-write/debug_gcc/include/gtest/internal/custom/README.md
-- Up-to-date: /home/vimkim/.cub/install/CBRD-27089-oos-deferred-write/debug_gcc/include/gtest/internal/custom/gtest-port.h
-- Up-to-date: /home/vimkim/.cub/install/CBRD-27089-oos-deferred-write/debug_gcc/include/gtest/internal/custom/gtest-printers.h
-- Up-to-date: /home/vimkim/.cub/install/CBRD-27089-oos-deferred-write/debug_gcc/include/gtest/internal/custom/gtest.h
-- Up-to-date: /home/vimkim/.cub/install/CBRD-27089-oos-deferred-write/debug_gcc/include/gtest/internal/gtest-death-test-internal.h
-- Up-to-date: /home/vimkim/.cub/install/CBRD-27089-oos-deferred-write/debug_gcc/include/gtest/internal/gtest-filepath.h
-- Up-to-date: /home/vimkim/.cub/install/CBRD-27089-oos-deferred-write/debug_gcc/include/gtest/internal/gtest-internal.h
-- Up-to-date: /home/vimkim/.cub/install/CBRD-27089-oos-deferred-write/debug_gcc/include/gtest/internal/gtest-param-util.h
-- Up-to-date: /home/vimkim/.cub/install/CBRD-27089-oos-deferred-write/debug_gcc/include/gtest/internal/gtest-port-arch.h
-- Up-to-date: /home/vimkim/.cub/install/CBRD-27089-oos-deferred-write/debug_gcc/include/gtest/internal/gtest-port.h
-- Up-to-date: /home/vimkim/.cub/install/CBRD-27089-oos-deferred-write/debug_gcc/include/gtest/internal/gtest-string.h
-- Up-to-date: /home/vimkim/.cub/install/CBRD-27089-oos-deferred-write/debug_gcc/include/gtest/internal/gtest-type-util.h
-- Up-to-date: /home/vimkim/.cub/install/CBRD-27089-oos-deferred-write/debug_gcc/lib64/libgtest.a
-- Up-to-date: /home/vimkim/.cub/install/CBRD-27089-oos-deferred-write/debug_gcc/lib64/libgtest_main.a
-- Up-to-date: /home/vimkim/.cub/install/CBRD-27089-oos-deferred-write/debug_gcc/lib64/pkgconfig/gtest.pc
-- Up-to-date: /home/vimkim/.cub/install/CBRD-27089-oos-deferred-write/debug_gcc/lib64/pkgconfig/gtest_main.pc
-- Up-to-date: /home/vimkim/.cub/install/CBRD-27089-oos-deferred-write/debug_gcc/log
-- Up-to-date: /home/vimkim/.cub/install/CBRD-27089-oos-deferred-write/debug_gcc/var
-- Up-to-date: /home/vimkim/.cub/install/CBRD-27089-oos-deferred-write/debug_gcc/tmp
-- Up-to-date: /home/vimkim/.cub/install/CBRD-27089-oos-deferred-write/debug_gcc/databases
-- Up-to-date: /home/vimkim/.cub/install/CBRD-27089-oos-deferred-write/debug_gcc/var/CUBRID_SOCK
-- Up-to-date: /home/vimkim/.cub/install/CBRD-27089-oos-deferred-write/debug_gcc/3rdparty
-- Up-to-date: /home/vimkim/.cub/install/CBRD-27089-oos-deferred-write/debug_gcc/3rdparty/adoptium.temurin_license.txt
-- Up-to-date: /home/vimkim/.cub/install/CBRD-27089-oos-deferred-write/debug_gcc/3rdparty/adoptium.temurin_license_assembly_exception.txt
-- Up-to-date: /home/vimkim/.cub/install/CBRD-27089-oos-deferred-write/debug_gcc/3rdparty/libedit_license.txt
-- Up-to-date: /home/vimkim/.cub/install/CBRD-27089-oos-deferred-write/debug_gcc/3rdparty/libodbc_license.txt
-- Up-to-date: /home/vimkim/.cub/install/CBRD-27089-oos-deferred-write/debug_gcc/3rdparty/libtbb_license.txt
-- Up-to-date: /home/vimkim/.cub/install/CBRD-27089-oos-deferred-write/debug_gcc/3rdparty/rapidjson_license.txt
-- Up-to-date: /home/vimkim/.cub/install/CBRD-27089-oos-deferred-write/debug_gcc/3rdparty/re2_license.txt
-- Up-to-date: /home/vimkim/.cub/install/CBRD-27089-oos-deferred-write/debug_gcc/3rdparty/libexpat_license.txt
-- Up-to-date: /home/vimkim/.cub/install/CBRD-27089-oos-deferred-write/debug_gcc/3rdparty/libopenssl_license.txt
-- Up-to-date: /home/vimkim/.cub/install/CBRD-27089-oos-deferred-write/debug_gcc/3rdparty/lz4_license.txt
-- Up-to-date: /home/vimkim/.cub/install/CBRD-27089-oos-deferred-write/debug_gcc/./COPYING
-- Up-to-date: /home/vimkim/.cub/install/CBRD-27089-oos-deferred-write/debug_gcc/./CREDITS
-- Up-to-date: /home/vimkim/.cub/install/CBRD-27089-oos-deferred-write/debug_gcc/./README.md
-- Up-to-date: /home/vimkim/.cub/install/CBRD-27089-oos-deferred-write/debug_gcc/./README_TAR_INSTALL
-- Up-to-date: /home/vimkim/.cub/install/CBRD-27089-oos-deferred-write/debug_gcc/databases/databases.txt.sample
-- Up-to-date: /home/vimkim/.cub/install/CBRD-27089-oos-deferred-write/debug_gcc/var/CUBRID_SOCK/README.txt
-- Up-to-date: /home/vimkim/.cub/install/CBRD-27089-oos-deferred-write/debug_gcc/tmp/README.txt
Build and install completed successfully!
Build-only installation is ready. Initialize explicitly when needed:
  cub-workenv init --worktree /home/vimkim/gh/cb/CBRD-27089-oos-deferred-write --install /home/vimkim/.cub/install/CBRD-27089-oos-deferred-write/debug_gcc --preset debug_gcc
Existing work environments are preserved; use cub-workenv doctor after rebuilding.
