[cubrid-bootstrap] Worktree preparation files already exist
[cubrid-bootstrap] Selected preset: debug_gcc
[0mdirenv: loading ~/gh/cb/oos-ci-f4299ac/.envrc
Preset Mode: debug_gcc
Install Dir: /home/vimkim/.cub/install/oos-ci-f4299ac/debug_gcc
DB Dir: /home/vimkim/.cub/db/oos-ci-f4299ac/commondb
Build Dir: /home/vimkim/gh/cb/oos-ci-f4299ac/build_preset_debug_gcc
[cubrid-bootstrap] Configuring preset: debug_gcc
[0mdirenv: loading ~/gh/cb/oos-ci-f4299ac/.envrc
Preset Mode: debug_gcc
Install Dir: /home/vimkim/.cub/install/oos-ci-f4299ac/debug_gcc
DB Dir: /home/vimkim/.cub/db/oos-ci-f4299ac/commondb
Build Dir: /home/vimkim/gh/cb/oos-ci-f4299ac/build_preset_debug_gcc
[0mdirenv: loading ~/gh/cb/oos-ci-f4299ac/.envrc
Preset Mode: debug_gcc
Install Dir: /home/vimkim/.cub/install/oos-ci-f4299ac/debug_gcc
DB Dir: /home/vimkim/.cub/db/oos-ci-f4299ac/commondb
Build Dir: /home/vimkim/gh/cb/oos-ci-f4299ac/build_preset_debug_gcc
[0mdirenv: loading ~/gh/cb/oos-ci-f4299ac/.envrc
Preset Mode: debug_gcc
Install Dir: /home/vimkim/.cub/install/oos-ci-f4299ac/debug_gcc
DB Dir: /home/vimkim/.cub/db/oos-ci-f4299ac/commondb
Build Dir: /home/vimkim/gh/cb/oos-ci-f4299ac/build_preset_debug_gcc
Using JAVA_HOME JDK: /home/vimkim/.local/share/mise/installs/java/temurin-8.0.462+8
[0mdirenv: loading ~/gh/cb/oos-ci-f4299ac/.envrc
Preset Mode: debug_gcc
Install Dir: /home/vimkim/.cub/install/oos-ci-f4299ac/debug_gcc
DB Dir: /home/vimkim/.cub/db/oos-ci-f4299ac/commondb
Build Dir: /home/vimkim/gh/cb/oos-ci-f4299ac/build_preset_debug_gcc
Preset CMake variables:

  CMAKE_BUILD_TYPE="Debug"
  CMAKE_COLOR_DIAGNOSTICS="ON"
  CMAKE_CXX_COMPILER="g++"
  CMAKE_CXX_COMPILER_LAUNCHER="ccache"
  CMAKE_CXX_FLAGS="-fdiagnostics-color=always -Wno-template-body -isystem /home/vimkim/gh/cb/oos-ci-f4299ac/.just/include"
  CMAKE_CXX_FLAGS_DEBUG="-O0 -ggdb3 -fno-omit-frame-pointer -Wno-error=format -Wno-error -Wno-error=maybe-uninitialized -Wno-error=parentheses"
  CMAKE_CXX_STANDARD="17"
  CMAKE_CXX_STANDARD_REQUIRED="ON"
  CMAKE_C_COMPILER="gcc"
  CMAKE_C_COMPILER_LAUNCHER="ccache"
  CMAKE_C_FLAGS="-fdiagnostics-color=always"
  CMAKE_C_FLAGS_DEBUG="-O0 -ggdb3 -Wno-int-conversion -Wno-incompatible-pointer-types -Wno-implicit-function-declaration -fno-omit-frame-pointer -Wno-error=format -Wno-error -Wno-error=maybe-uninitialized -Wno-error=parentheses"
  CMAKE_EXPORT_COMPILE_COMMANDS="ON"
  CMAKE_INSTALL_PREFIX="/home/vimkim/.cub/install/oos-ci-f4299ac/debug_gcc"
  CUBVEC_TEAM_BUILD="ON"
  ENABLE_CUBVEC_LOG="ON"
  UNIT_TEST_OOS="ON"
  UNIT_TEST_PAGE_BUFFER="ON"
  UNIT_TEST_SPAGE="ON"
  VIMKIM_BUILD="ON"
  WITH_CCI="true"

Preset environment variables:

  CC="gcc -std=gnu17"
  CXX="g++ -Wno-error=stringop-overflow"

-- ======== CMakeLists.txt
-- The C compiler identification is GNU 11.5.0
-- The CXX compiler identification is GNU 11.5.0
-- Detecting C compiler ABI info
-- Detecting C compiler ABI info - done
-- Check for working C compiler: /usr/bin/gcc - skipped
-- Detecting C compile features
-- Detecting C compile features - done
-- Detecting CXX compiler ABI info
-- Detecting CXX compiler ABI info - done
-- Check for working CXX compiler: /usr/bin/g++ - skipped
-- Detecting CXX compile features
-- Detecting CXX compile features - done
--   OS = UNIX
--   CMAKE_RUNTIME_OUTPUT_DIRECTORY=/home/vimkim/gh/cb/oos-ci-f4299ac/build_preset_debug_gcc/bin
    ==== with_unit_tests() = 1
-- Get version information from VERSION
-- Found Git: /usr/bin/git (found version "2.47.3") 
-- Build CUBRID 11.5.0.2648-f4299ac 64bit Debug on Linux x86_64
Including Third Party Libraries
-- Build with flex and bison library: SYSTEM
-- Build with expat library: EXTERNAL
-- Build with editline library: EXTERNAL
-- Build with openssl library: EXTERNAL
-- Build with unixODBC library: EXTERNAL
-- Build with RE2 library: EXTERNAL
-- Build with LZ4 library: EXTERNAL
-- Build with TBB library: EXTERNAL
-- Found FLEX: /usr/bin/flex (found suitable version "2.6.4", minimum required is "2.5.34") 
-- Found BISON: /home/vimkim/.local/opt/bison-3.0.5/bin/bison (found suitable version "3.0.5", minimum required is "3.0.0") 
CMake Warning (dev) at /usr/share/cmake/Modules/ExternalProject.cmake:3091 (message):
  The DOWNLOAD_EXTRACT_TIMESTAMP option was not given and policy CMP0135 is
  not set.  The policy's OLD behavior will be used.  When using a URL
  download, the timestamps of extracted files should preferably be that of
  the time of extraction, otherwise code that depends on the extracted
  contents might not be rebuilt if the URL changes.  The OLD behavior
  preserves the timestamps from the archive instead, but this is usually not
  what you want.  Update your project to the NEW behavior or specify the
  DOWNLOAD_EXTRACT_TIMESTAMP option with a value of true to avoid this
  robustness issue.
Call Stack (most recent call first):
  /usr/share/cmake/Modules/ExternalProject.cmake:4208 (_ep_add_download_command)
  3rdparty/CMakeLists.txt:196 (externalproject_add)
This warning is for project developers.  Use -Wno-dev to suppress it.

CMake Warning (dev) at /usr/share/cmake/Modules/ExternalProject.cmake:3091 (message):
  The DOWNLOAD_EXTRACT_TIMESTAMP option was not given and policy CMP0135 is
  not set.  The policy's OLD behavior will be used.  When using a URL
  download, the timestamps of extracted files should preferably be that of
  the time of extraction, otherwise code that depends on the extracted
  contents might not be rebuilt if the URL changes.  The OLD behavior
  preserves the timestamps from the archive instead, but this is usually not
  what you want.  Update your project to the NEW behavior or specify the
  DOWNLOAD_EXTRACT_TIMESTAMP option with a value of true to avoid this
  robustness issue.
Call Stack (most recent call first):
  /usr/share/cmake/Modules/ExternalProject.cmake:4208 (_ep_add_download_command)
  3rdparty/CMakeLists.txt:245 (externalproject_add)
This warning is for project developers.  Use -Wno-dev to suppress it.

CMake Warning (dev) at /usr/share/cmake/Modules/ExternalProject.cmake:3091 (message):
  The DOWNLOAD_EXTRACT_TIMESTAMP option was not given and policy CMP0135 is
  not set.  The policy's OLD behavior will be used.  When using a URL
  download, the timestamps of extracted files should preferably be that of
  the time of extraction, otherwise code that depends on the extracted
  contents might not be rebuilt if the URL changes.  The OLD behavior
  preserves the timestamps from the archive instead, but this is usually not
  what you want.  Update your project to the NEW behavior or specify the
  DOWNLOAD_EXTRACT_TIMESTAMP option with a value of true to avoid this
  robustness issue.
Call Stack (most recent call first):
  /usr/share/cmake/Modules/ExternalProject.cmake:4208 (_ep_add_download_command)
  3rdparty/CMakeLists.txt:288 (externalproject_add)
This warning is for project developers.  Use -Wno-dev to suppress it.

CMake Warning (dev) at /usr/share/cmake/Modules/ExternalProject.cmake:3091 (message):
  The DOWNLOAD_EXTRACT_TIMESTAMP option was not given and policy CMP0135 is
  not set.  The policy's OLD behavior will be used.  When using a URL
  download, the timestamps of extracted files should preferably be that of
  the time of extraction, otherwise code that depends on the extracted
  contents might not be rebuilt if the URL changes.  The OLD behavior
  preserves the timestamps from the archive instead, but this is usually not
  what you want.  Update your project to the NEW behavior or specify the
  DOWNLOAD_EXTRACT_TIMESTAMP option with a value of true to avoid this
  robustness issue.
Call Stack (most recent call first):
  /usr/share/cmake/Modules/ExternalProject.cmake:4208 (_ep_add_download_command)
  3rdparty/CMakeLists.txt:325 (externalproject_add)
This warning is for project developers.  Use -Wno-dev to suppress it.

CMake Warning (dev) at /usr/share/cmake/Modules/ExternalProject.cmake:3091 (message):
  The DOWNLOAD_EXTRACT_TIMESTAMP option was not given and policy CMP0135 is
  not set.  The policy's OLD behavior will be used.  When using a URL
  download, the timestamps of extracted files should preferably be that of
  the time of extraction, otherwise code that depends on the extracted
  contents might not be rebuilt if the URL changes.  The OLD behavior
  preserves the timestamps from the archive instead, but this is usually not
  what you want.  Update your project to the NEW behavior or specify the
  DOWNLOAD_EXTRACT_TIMESTAMP option with a value of true to avoid this
  robustness issue.
Call Stack (most recent call first):
  /usr/share/cmake/Modules/ExternalProject.cmake:4208 (_ep_add_download_command)
  3rdparty/CMakeLists.txt:368 (externalproject_add)
This warning is for project developers.  Use -Wno-dev to suppress it.

CMake Warning (dev) at /usr/share/cmake/Modules/ExternalProject.cmake:3091 (message):
  The DOWNLOAD_EXTRACT_TIMESTAMP option was not given and policy CMP0135 is
  not set.  The policy's OLD behavior will be used.  When using a URL
  download, the timestamps of extracted files should preferably be that of
  the time of extraction, otherwise code that depends on the extracted
  contents might not be rebuilt if the URL changes.  The OLD behavior
  preserves the timestamps from the archive instead, but this is usually not
  what you want.  Update your project to the NEW behavior or specify the
  DOWNLOAD_EXTRACT_TIMESTAMP option with a value of true to avoid this
  robustness issue.
Call Stack (most recent call first):
  /usr/share/cmake/Modules/ExternalProject.cmake:4208 (_ep_add_download_command)
  3rdparty/CMakeLists.txt:394 (externalproject_add)
This warning is for project developers.  Use -Wno-dev to suppress it.

CMake Warning (dev) at /usr/share/cmake/Modules/ExternalProject.cmake:3091 (message):
  The DOWNLOAD_EXTRACT_TIMESTAMP option was not given and policy CMP0135 is
  not set.  The policy's OLD behavior will be used.  When using a URL
  download, the timestamps of extracted files should preferably be that of
  the time of extraction, otherwise code that depends on the extracted
  contents might not be rebuilt if the URL changes.  The OLD behavior
  preserves the timestamps from the archive instead, but this is usually not
  what you want.  Update your project to the NEW behavior or specify the
  DOWNLOAD_EXTRACT_TIMESTAMP option with a value of true to avoid this
  robustness issue.
Call Stack (most recent call first):
  /usr/share/cmake/Modules/ExternalProject.cmake:4208 (_ep_add_download_command)
  3rdparty/CMakeLists.txt:423 (externalproject_add)
This warning is for project developers.  Use -Wno-dev to suppress it.

CMake Warning (dev) at /usr/share/cmake/Modules/ExternalProject.cmake:3091 (message):
  The DOWNLOAD_EXTRACT_TIMESTAMP option was not given and policy CMP0135 is
  not set.  The policy's OLD behavior will be used.  When using a URL
  download, the timestamps of extracted files should preferably be that of
  the time of extraction, otherwise code that depends on the extracted
  contents might not be rebuilt if the URL changes.  The OLD behavior
  preserves the timestamps from the archive instead, but this is usually not
  what you want.  Update your project to the NEW behavior or specify the
  DOWNLOAD_EXTRACT_TIMESTAMP option with a value of true to avoid this
  robustness issue.
Call Stack (most recent call first):
  /usr/share/cmake/Modules/ExternalProject.cmake:4208 (_ep_add_download_command)
  3rdparty/CMakeLists.txt:464 (externalproject_add)
This warning is for project developers.  Use -Wno-dev to suppress it.

-- Looking for asprintf
-- Looking for asprintf - found
-- Looking for vasprintf
-- Looking for vasprintf - found
-- Looking for basename
-- Looking for basename - found
-- Looking for dirname
-- Looking for dirname - found
-- Looking for ctime_r
-- Looking for ctime_r - found
-- Looking for localtime_r
-- Looking for localtime_r - found
-- Looking for drand48_r
-- Looking for drand48_r - found
-- Looking for gethostbyname_r
-- Looking for gethostbyname_r - found
-- Looking for getopt_long
-- Looking for getopt_long - found
-- Looking for open_memstream
-- Looking for open_memstream - found
-- Looking for strdup
-- Looking for strdup - found
-- Looking for strlcpy
-- Looking for strlcpy - not found
-- Looking for err.h
-- Looking for err.h - found
-- Looking for getopt.h
-- Looking for getopt.h - found
-- Looking for inttypes.h
-- Looking for inttypes.h - found
-- Looking for libgen.h
-- Looking for libgen.h - found
-- Looking for limits.h
-- Looking for limits.h - found
-- Looking for memory.h
-- Looking for memory.h - found
-- Looking for nl_types.h
-- Looking for nl_types.h - found
-- Looking for regex.h
-- Looking for regex.h - found
-- Looking for rpc/des_crypt.h
-- Looking for rpc/des_crypt.h - not found
-- Looking for stdbool.h
-- Looking for stdbool.h - found
-- Looking for stdint.h
-- Looking for stdint.h - found
-- Looking for stdlib.h
-- Looking for stdlib.h - found
-- Looking for stddef.h
-- Looking for stddef.h - found
-- Looking for string.h
-- Looking for string.h - found
-- Looking for strings.h
-- Looking for strings.h - found
-- Looking for sys/param.h
-- Looking for sys/param.h - found
-- Looking for sys/stat.h
-- Looking for sys/stat.h - found
-- Looking for sys/types.h
-- Looking for sys/types.h - found
-- Looking for unistd.h
-- Looking for unistd.h - found
-- Check size of char
-- Check size of char - done
-- Check size of short
-- Check size of short - done
-- Check size of int
-- Check size of int - done
-- Check size of long
-- Check size of long - done
-- Check size of long long
-- Check size of long long - done
-- Check size of void *
-- Check size of void * - done
-- Check size of byte_t
-- Check size of byte_t - failed
-- Check size of int8_t
-- Check size of int8_t - done
-- Check size of int16_t
-- Check size of int16_t - done
-- Check size of int32_t
-- Check size of int32_t - done
-- Check size of int64_t
-- Check size of int64_t - done
-- Check size of intptr_t
-- Check size of intptr_t - done
-- Check size of uint8_t
-- Check size of uint8_t - done
-- Check size of uint16_t
-- Check size of uint16_t - done
-- Check size of uint32_t
-- Check size of uint32_t - done
-- Check size of uint64_t
-- Check size of uint64_t - done
-- Check size of uintptr_t
-- Check size of uintptr_t - done
-- Check size of off_t
-- Check size of off_t - done
-- Check size of size_t
-- Check size of size_t - done
-- Check size of pid_t
-- Check size of pid_t - done
-- Check size of off64_t
-- Check size of off64_t - done
-- Checking prototype gethostbyname_r for HAVE_GETHOSTBYNAME_R_GLIBC
-- Checking prototype gethostbyname_r for HAVE_GETHOSTBYNAME_R_GLIBC - True
-- Checking prototype gethostbyname_r for HAVE_GETHOSTBYNAME_R_SOLARIS
-- Checking prototype gethostbyname_r for HAVE_GETHOSTBYNAME_R_SOLARIS - False
-- Checking prototype gethostbyname_r for HAVE_GETHOSTBYNAME_R_HOSTENT_DATA
-- Checking prototype gethostbyname_r for HAVE_GETHOSTBYNAME_R_HOSTENT_DATA - False
-- Performing Test TIME_WITH_SYS_TIME
-- Performing Test TIME_WITH_SYS_TIME - Success
-- Performing Test HAVE_GCC_ATOMIC_BUILTINS
-- Performing Test HAVE_GCC_ATOMIC_BUILTINS - Success
-- Performing Test CMAKE_HAVE_LIBC_PTHREAD
-- Performing Test CMAKE_HAVE_LIBC_PTHREAD - Success
-- Found Threads: TRUE  
-- Looking for sys/sdt.h
-- Looking for sys/sdt.h - found
-- Default install prefix: /home/vimkim/.cub/install/oos-ci-f4299ac/debug_gcc
-- JAVA_HOME: /home/vimkim/gh/cb/oos-ci-f4299ac/build_preset_debug_gcc/vm/jdk8
-- Found Java: /home/vimkim/gh/cb/oos-ci-f4299ac/build_preset_debug_gcc/vm/jdk8/bin/java (found version "1.8.0.462") 
-- Found JNI: /home/vimkim/gh/cb/oos-ci-f4299ac/build_preset_debug_gcc/vm/jdk8/include  found components: AWT JVM 
-- Found Java: /home/vimkim/gh/cb/oos-ci-f4299ac/build_preset_debug_gcc/vm/jdk8/bin/java
-- Found JNI: /home/vimkim/gh/cb/oos-ci-f4299ac/build_preset_debug_gcc/vm/jdk8/include;/home/vimkim/gh/cb/oos-ci-f4299ac/build_preset_debug_gcc/vm/jdk8/include/linux;/home/vimkim/gh/cb/oos-ci-f4299ac/build_preset_debug_gcc/vm/jdk8/include
-- ======== WITH_CCI ==========
-- Get version information from /home/vimkim/gh/cb/oos-ci-f4299ac/cubrid-cci/BUILD_NUMBER
-- CCI_BUILD_NUMBER:[11.3.0.0048-bd86063]
-- CCI component install dirs: cci/bin, cci/lib, cci/include
-- Building CGW libraries.
CMake Warning (dev) at cm_common/CMakeLists.txt:104 (install):
  Target cmstat has PUBLIC_HEADER files but no PUBLIC_HEADER DESTINATION.
This warning is for project developers.  Use -Wno-dev to suppress it.

CMake Warning (dev) at cm_common/CMakeLists.txt:104 (install):
  Target cmdep has PUBLIC_HEADER files but no PUBLIC_HEADER DESTINATION.
This warning is for project developers.  Use -Wno-dev to suppress it.

-- .. timezone shared library
-- .... gen_timezone executable
-- ...... source files: /home/vimkim/gh/cb/oos-ci-f4299ac/src/executables/generate_timezone.cpp
-- .... generate timezone command
-- .... cubrid_timezones lib
  unit_tests/...
CMake Warning (dev) at /usr/share/cmake/Modules/FetchContent.cmake:1282 (message):
  The DOWNLOAD_EXTRACT_TIMESTAMP option was not given and policy CMP0135 is
  not set.  The policy's OLD behavior will be used.  When using a URL
  download, the timestamps of extracted files should preferably be that of
  the time of extraction, otherwise code that depends on the extracted
  contents might not be rebuilt if the URL changes.  The OLD behavior
  preserves the timestamps from the archive instead, but this is usually not
  what you want.  Update your project to the NEW behavior or specify the
  DOWNLOAD_EXTRACT_TIMESTAMP option with a value of true to avoid this
  robustness issue.
Call Stack (most recent call first):
  unit_tests/CMakeLists.txt:65 (FetchContent_Declare)
This warning is for project developers.  Use -Wno-dev to suppress it.

   common
    oos
-- Get version information CCI_VERSION: 11.3.0.0048-bd86063
-- Configuring done (12.1s)
-- Generating done (0.2s)
CMake Warning:
  Manually-specified variables were not used by the project:

    CUBVEC_TEAM_BUILD
    ENABLE_CUBVEC_LOG
    VIMKIM_BUILD


-- Build files have been written to: /home/vimkim/gh/cb/oos-ci-f4299ac/build_preset_debug_gcc
[cubrid-bootstrap] Building and installing preset: debug_gcc
[0mdirenv: loading ~/gh/cb/oos-ci-f4299ac/.envrc
Preset Mode: debug_gcc
Install Dir: /home/vimkim/.cub/install/oos-ci-f4299ac/debug_gcc
DB Dir: /home/vimkim/.cub/db/oos-ci-f4299ac/commondb
Build Dir: /home/vimkim/gh/cb/oos-ci-f4299ac/build_preset_debug_gcc
[0mdirenv: loading ~/gh/cb/oos-ci-f4299ac/.envrc
Preset Mode: debug_gcc
Install Dir: /home/vimkim/.cub/install/oos-ci-f4299ac/debug_gcc
DB Dir: /home/vimkim/.cub/db/oos-ci-f4299ac/commondb
Build Dir: /home/vimkim/gh/cb/oos-ci-f4299ac/build_preset_debug_gcc
[0mdirenv: loading ~/gh/cb/oos-ci-f4299ac/.envrc
Preset Mode: debug_gcc
Install Dir: /home/vimkim/.cub/install/oos-ci-f4299ac/debug_gcc
DB Dir: /home/vimkim/.cub/db/oos-ci-f4299ac/commondb
Build Dir: /home/vimkim/gh/cb/oos-ci-f4299ac/build_preset_debug_gcc
Using JAVA_HOME JDK: /home/vimkim/.local/share/mise/installs/java/temurin-8.0.462+8
[0mdirenv: loading ~/gh/cb/oos-ci-f4299ac/.envrc
Preset Mode: debug_gcc
Install Dir: /home/vimkim/.cub/install/oos-ci-f4299ac/debug_gcc
DB Dir: /home/vimkim/.cub/db/oos-ci-f4299ac/commondb
Build Dir: /home/vimkim/gh/cb/oos-ci-f4299ac/build_preset_debug_gcc
Logging build output to: /home/vimkim/gh/cb/oos-ci-f4299ac/build_preset_debug_gcc/build.log
[0mdirenv: loading ~/gh/cb/oos-ci-f4299ac/.envrc
Preset Mode: debug_gcc
Install Dir: /home/vimkim/.cub/install/oos-ci-f4299ac/debug_gcc
DB Dir: /home/vimkim/.cub/db/oos-ci-f4299ac/commondb
Build Dir: /home/vimkim/gh/cb/oos-ci-f4299ac/build_preset_debug_gcc
[1/1432] [FLEX][loader_lexer] Building scanner with flex
/home/vimkim/gh/cb/oos-ci-f4299ac/src/loaddb/load_lexer.l:276: warning, rule cannot be matched
/home/vimkim/gh/cb/oos-ci-f4299ac/src/loaddb/load_lexer.l:282: warning, rule cannot be matched
/home/vimkim/gh/cb/oos-ci-f4299ac/src/loaddb/load_lexer.l:583: warning, rule cannot be matched
/home/vimkim/gh/cb/oos-ci-f4299ac/src/loaddb/load_lexer.l:625: warning, -s option given but default rule can be matched
[2/1432] Generating csql_grammar.yy
[3/1432] Creating directories for 'libexpat'
[4/1432] Creating directories for 'libedit'
[5/1432] Creating directories for 'libopenssl'
[6/1432] Creating directories for 'rapidjson'
[7/1432] Creating directories for 'lz4'
[8/1432] Creating directories for 'libtbb'
[9/1432] Creating directories for 'catch2'
[10/1432] Creating directories for 'libodbc'
[11/1432] Running utility command for pl_install_jdk
[INFO] Install JDK 8
[12/1432] Creating directories for 're2'
[13/1432] [FLEX][csql_lexer] Building scanner with flex
[14/1432] [BISON][loader_grammar] Building parser with bison
[15/1432] Building C object util/CMakeFiles/gencat.dir/__/src/executables/gencat.c.o
[16/1432] Generating probes.h, probes.o
[17/1432] Building CXX object util/CMakeFiles/gencat.dir/__/src/base/porting.c.o
[18/1432] Linking CXX executable bin/gencat
[19/1432] Conversion utils.msg in ko_KR.euckr
[20/1432] Conversion csql.msg in ko_KR.euckr
[21/1432] Conversion cubrid.msg in ko_KR.euckr
[22/1432] Copy csql.msg in en_US
[23/1432] Copy utils.msg in en_US
[24/1432] Copy csql.msg in en_US.utf8
[25/1432] Copy cubrid.msg in en_US.utf8
[26/1432] Copy utils.msg in ko_KR.utf8
[27/1432] Copy utils.msg in en_US.utf8
[28/1432] Copy csql.msg in ko_KR.utf8
[29/1432] Copy cubrid.msg in ko_KR.utf8
[30/1432] Copy cubrid.msg in en_US
[31/1432] Generating utils.cat for ko_KR.euckr
[32/1432] Generating csql.cat for ko_KR.euckr
[33/1432] Generating csql.cat for en_US
[34/1432] Generating csql.cat for en_US.utf8
[35/1432] Generating utils.cat for en_US
[36/1432] Generating csql.cat for ko_KR.utf8
[37/1432] Generating utils.cat for en_US.utf8
[38/1432] Generating utils.cat for ko_KR.utf8
[39/1432] Generating cubrid.cat for ko_KR.euckr
[40/1432] Generating cubrid.cat for en_US.utf8
[41/1432] Generating cubrid.cat for en_US
[42/1432] Generating cubrid.cat for ko_KR.utf8
[43/1432] Building CXX object unit_tests/common/CMakeFiles/test_common.dir/test_string_collection.cpp.o
[44/1432] Building CXX object unit_tests/common/CMakeFiles/test_common.dir/test_output.cpp.o
[45/1432] Performing download step (download, verify and extract) for 'lz4'
-- Downloading...
   dst='/home/vimkim/gh/cb/oos-ci-f4299ac/build_preset_debug_gcc/3rdparty/Download/lz4/v1.9.4.tar.gz'
   timeout='600 seconds'
   inactivity timeout='none'
-- Using src='https://github.com/CUBRID/3rdparty/raw/develop/lz4/v1.9.4.tar.gz'
-- verifying file...
       file='/home/vimkim/gh/cb/oos-ci-f4299ac/build_preset_debug_gcc/3rdparty/Download/lz4/v1.9.4.tar.gz'
-- Downloading... done
-- extracting...
     src='/home/vimkim/gh/cb/oos-ci-f4299ac/build_preset_debug_gcc/3rdparty/Download/lz4/v1.9.4.tar.gz'
     dst='/home/vimkim/gh/cb/oos-ci-f4299ac/build_preset_debug_gcc/3rdparty/Source/lz4'
-- extracting... [tar xfz]
-- extracting... [analysis]
-- extracting... [rename]
-- extracting... [clean up]
-- extracting... done
[46/1432] No update step for 'lz4'
[47/1432] No patch step for 'lz4'
[48/1432] No configure step for 'lz4'
[49/1432] Building CXX object unit_tests/common/CMakeFiles/test_common.dir/test_perf_compare.cpp.o
[50/1432] Performing download step (download, verify and extract) for 'libexpat'
-- Downloading...
   dst='/home/vimkim/gh/cb/oos-ci-f4299ac/build_preset_debug_gcc/3rdparty/Download/libexpat/expat-2.6.4.tar.gz'
   timeout='600 seconds'
   inactivity timeout='none'
-- Using src='https://github.com/CUBRID/3rdparty/raw/develop/expat/expat-2.6.4.tar.gz'
-- verifying file...
       file='/home/vimkim/gh/cb/oos-ci-f4299ac/build_preset_debug_gcc/3rdparty/Download/libexpat/expat-2.6.4.tar.gz'
-- Downloading... done
-- extracting...
     src='/home/vimkim/gh/cb/oos-ci-f4299ac/build_preset_debug_gcc/3rdparty/Download/libexpat/expat-2.6.4.tar.gz'
     dst='/home/vimkim/gh/cb/oos-ci-f4299ac/build_preset_debug_gcc/3rdparty/Source/libexpat'
-- extracting... [tar xfz]
-- extracting... [analysis]
-- extracting... [rename]
-- extracting... [clean up]
-- extracting... done
[51/1432] No update step for 'libexpat'
[52/1432] No patch step for 'libexpat'
[53/1432] [BISON][csql_grammar] Building parser with bison
/home/vimkim/gh/cb/oos-ci-f4299ac/build_preset_debug_gcc/csql_grammar.yy: warning: 822 shift/reduce conflicts [-Wconflicts-sr]
/home/vimkim/gh/cb/oos-ci-f4299ac/build_preset_debug_gcc/csql_grammar.yy: warning: 1500 reduce/reduce conflicts [-Wconflicts-rr]
[54/1432] Linking CXX static library unit_tests/common/libtest_common.a
[55/1432] Building CXX object _deps/googletest-build/googletest/CMakeFiles/gtest_main.dir/src/gtest_main.cc.o
[56/1432] Building CXX object _deps/googletest-build/googlemock/CMakeFiles/gmock_main.dir/src/gmock_main.cc.o
[57/1432] Performing download step (download, verify and extract) for 'libtbb'
-- Downloading...
   dst='/home/vimkim/gh/cb/oos-ci-f4299ac/build_preset_debug_gcc/3rdparty/Download/libtbb/v2021.11.0.tar.gz'
   timeout='600 seconds'
   inactivity timeout='none'
-- Using src='https://github.com/CUBRID/3rdparty/raw/develop/tbb/v2021.11.0.tar.gz'
-- verifying file...
       file='/home/vimkim/gh/cb/oos-ci-f4299ac/build_preset_debug_gcc/3rdparty/Download/libtbb/v2021.11.0.tar.gz'
-- Downloading... done
-- extracting...
     src='/home/vimkim/gh/cb/oos-ci-f4299ac/build_preset_debug_gcc/3rdparty/Download/libtbb/v2021.11.0.tar.gz'
     dst='/home/vimkim/gh/cb/oos-ci-f4299ac/build_preset_debug_gcc/3rdparty/Source/libtbb'
-- extracting... [tar xfz]
-- extracting... [analysis]
-- extracting... [rename]
-- extracting... [clean up]
-- extracting... done
[58/1432] No update step for 'libtbb'
[59/1432] Building CXX object _deps/googletest-build/googlemock/CMakeFiles/gmock.dir/src/gmock-all.cc.o
[60/1432] No patch step for 'libtbb'
[61/1432] Performing configure step for 'libtbb'
[62/1432] Performing download step (download, verify and extract) for 're2'
-- Downloading...
   dst='/home/vimkim/gh/cb/oos-ci-f4299ac/build_preset_debug_gcc/3rdparty/Download/re2/2022-06-01.tar.gz'
   timeout='600 seconds'
   inactivity timeout='none'
-- Using src='https://github.com/CUBRID/3rdparty/raw/develop/re2/2022-06-01.tar.gz'
-- verifying file...
       file='/home/vimkim/gh/cb/oos-ci-f4299ac/build_preset_debug_gcc/3rdparty/Download/re2/2022-06-01.tar.gz'
-- Downloading... done
-- extracting...
     src='/home/vimkim/gh/cb/oos-ci-f4299ac/build_preset_debug_gcc/3rdparty/Download/re2/2022-06-01.tar.gz'
     dst='/home/vimkim/gh/cb/oos-ci-f4299ac/build_preset_debug_gcc/3rdparty/Source/re2'
-- extracting... [tar xfz]
-- extracting... [analysis]
-- extracting... [rename]
-- extracting... [clean up]
-- extracting... done
[63/1432] No update step for 're2'
[64/1432] No patch step for 're2'
[65/1432] No configure step for 're2'
[66/1432] Performing download step (download, verify and extract) for 'rapidjson'
-- Downloading...
   dst='/home/vimkim/gh/cb/oos-ci-f4299ac/build_preset_debug_gcc/3rdparty/Download/rapidjson/v1.1.0.tar.gz'
   timeout='600 seconds'
   inactivity timeout='none'
-- Using src='https://github.com/CUBRID/3rdparty/raw/develop/rapidjson/v1.1.0.tar.gz'
-- verifying file...
       file='/home/vimkim/gh/cb/oos-ci-f4299ac/build_preset_debug_gcc/3rdparty/Download/rapidjson/v1.1.0.tar.gz'
-- Downloading... done
-- extracting...
     src='/home/vimkim/gh/cb/oos-ci-f4299ac/build_preset_debug_gcc/3rdparty/Download/rapidjson/v1.1.0.tar.gz'
     dst='/home/vimkim/gh/cb/oos-ci-f4299ac/build_preset_debug_gcc/3rdparty/Source/rapidjson'
-- extracting... [tar xfz]
-- extracting... [analysis]
-- extracting... [rename]
-- extracting... [clean up]
-- extracting... done
[67/1432] Building CXX object _deps/googletest-build/googletest/CMakeFiles/gtest.dir/src/gtest-all.cc.o
[68/1432] No update step for 'rapidjson'
[69/1432] No patch step for 'rapidjson'
[70/1432] Linking CXX static library lib/libgtest.a
[71/1432] Performing download step (download, verify and extract) for 'libedit'
-- Downloading...
   dst='/home/vimkim/gh/cb/oos-ci-f4299ac/build_preset_debug_gcc/3rdparty/Download/libedit/csql_v1.2.tar.gz'
   timeout='600 seconds'
   inactivity timeout='none'
-- Using src='https://github.com/CUBRID/libedit/archive/refs/tags/csql_v1.2.tar.gz'
-- verifying file...
       file='/home/vimkim/gh/cb/oos-ci-f4299ac/build_preset_debug_gcc/3rdparty/Download/libedit/csql_v1.2.tar.gz'
-- Downloading... done
-- extracting...
     src='/home/vimkim/gh/cb/oos-ci-f4299ac/build_preset_debug_gcc/3rdparty/Download/libedit/csql_v1.2.tar.gz'
     dst='/home/vimkim/gh/cb/oos-ci-f4299ac/build_preset_debug_gcc/3rdparty/Source/libedit'
-- extracting... [tar xfz]
-- extracting... [analysis]
-- extracting... [rename]
-- extracting... [clean up]
-- extracting... done
[72/1432] No update step for 'libedit'
[73/1432] Linking CXX static library lib/libgtest_main.a
[74/1432] Linking CXX static library lib/libgmock.a
[75/1432] No patch step for 'libedit'
[76/1432] Linking CXX static library lib/libgmock_main.a
[77/1432] Performing download step (download, verify and extract) for 'libodbc'
-- Downloading...
   dst='/home/vimkim/gh/cb/oos-ci-f4299ac/build_preset_debug_gcc/3rdparty/Download/libodbc/unixODBC-2.3.9.tar.gz'
   timeout='600 seconds'
   inactivity timeout='none'
-- Using src='https://github.com/CUBRID/3rdparty/raw/develop/unixODBC/unixODBC-2.3.9.tar.gz'
-- verifying file...
       file='/home/vimkim/gh/cb/oos-ci-f4299ac/build_preset_debug_gcc/3rdparty/Download/libodbc/unixODBC-2.3.9.tar.gz'
-- Downloading... done
-- extracting...
     src='/home/vimkim/gh/cb/oos-ci-f4299ac/build_preset_debug_gcc/3rdparty/Download/libodbc/unixODBC-2.3.9.tar.gz'
     dst='/home/vimkim/gh/cb/oos-ci-f4299ac/build_preset_debug_gcc/3rdparty/Source/libodbc'
-- extracting... [tar xfz]
-- extracting... [analysis]
-- extracting... [rename]
-- extracting... [clean up]
-- extracting... done
[78/1432] No update step for 'libodbc'
[79/1432] No patch step for 'libodbc'
[80/1432] Performing configure step for 'rapidjson'
[81/1432] Performing build step for 'rapidjson'
[82/1432] No install step for 'rapidjson'
[83/1432] Completed 'rapidjson'
[84/1432] Performing configure step for 'libexpat'
[85/1432] Performing build step for 'libtbb'
[86/1432] Performing build step for 're2'
[87/1432] No install step for 're2'
[88/1432] Completed 're2'
[89/1432] Performing install step for 'libtbb'
[90/1432] Completed 'libtbb'
[91/1432] Performing download step (download, verify and extract) for 'libopenssl'
-- Downloading...
   dst='/home/vimkim/gh/cb/oos-ci-f4299ac/build_preset_debug_gcc/3rdparty/Download/libopenssl/openssl-1.1.1w.tar.gz'
   timeout='600 seconds'
   inactivity timeout='none'
-- Using src='https://github.com/CUBRID/3rdparty/raw/develop/openssl/openssl-1.1.1w.tar.gz'
-- verifying file...
       file='/home/vimkim/gh/cb/oos-ci-f4299ac/build_preset_debug_gcc/3rdparty/Download/libopenssl/openssl-1.1.1w.tar.gz'
-- Downloading... done
-- extracting...
     src='/home/vimkim/gh/cb/oos-ci-f4299ac/build_preset_debug_gcc/3rdparty/Download/libopenssl/openssl-1.1.1w.tar.gz'
     dst='/home/vimkim/gh/cb/oos-ci-f4299ac/build_preset_debug_gcc/3rdparty/Source/libopenssl'
-- extracting... [tar xfz]
-- extracting... [analysis]
-- extracting... [rename]
-- extracting... [clean up]
-- extracting... done
[92/1432] No update step for 'libopenssl'
[93/1432] No patch step for 'libopenssl'
[94/1432] Performing build step for 'libexpat'
[95/1432] Performing install step for 'libexpat'
[96/1432] Completed 'libexpat'
[97/1432] Performing build step for 'lz4'
[98/1432] No install step for 'lz4'
[99/1432] Completed 'lz4'
[100/1432] Running utility command for pl_build
> Task :pl_server:generateGrammarSource

> Task :pl_server:compileJava
Note: Some input files use or override a deprecated API.
Note: Recompile with -Xlint:deprecation for details.
Note: Some input files use unchecked or unsafe operations.
Note: Recompile with -Xlint:unchecked for details.

> Task :pl_server:processResources
> Task :pl_server:classes
> Task :pl_server:jar
> Task :pl_server:startScripts
> Task :pl_server:distTar
> Task :pl_server:distZip
> Task :pl_server:assemble
> Task :pl_server:check
> Task :pl_server:build

BUILD SUCCESSFUL in 11s
7 actionable tasks: 7 executed
[101/1432] Performing configure step for 'libopenssl'
[102/1432] Performing configure step for 'libedit'
checking for gcc... gcc -std=gnu17
checking whether the C compiler works... yes
checking for C compiler default output file name... a.out
checking for suffix of executables... 
checking whether we are cross compiling... no
checking for suffix of object files... o
checking whether we are using the GNU C compiler... yes
checking whether gcc -std=gnu17 accepts -g... yes
checking for gcc -std=gnu17 option to accept ISO C89... none needed
checking whether gcc -std=gnu17 understands -c and -o together... yes
checking how to run the C preprocessor... gcc -std=gnu17 -E
checking for grep that handles long lines and -e... /usr/bin/grep
checking for egrep... /usr/bin/grep -E
checking for ANSI C header files... yes
checking for sys/types.h... yes
checking for sys/stat.h... yes
checking for stdlib.h... yes
checking for string.h... yes
checking for memory.h... yes
checking for strings.h... yes
checking for inttypes.h... yes
checking for stdint.h... yes
checking for unistd.h... yes
checking minix/config.h usability... no
checking minix/config.h presence... no
checking for minix/config.h... no
checking whether it is safe to define __EXTENSIONS__... yes
checking for a BSD-compatible install... /usr/bin/install -c
checking whether build environment is sane... yes
checking for a thread-safe mkdir -p... /usr/bin/mkdir -p
checking for gawk... gawk
checking whether make sets $(MAKE)... yes
checking for style of include used by make... GNU
checking whether make supports nested variables... yes
checking dependency style of gcc -std=gnu17... gcc3
checking build system type... x86_64-unknown-linux-gnu
checking host system type... x86_64-unknown-linux-gnu
checking how to print strings... printf
checking for a sed that does not truncate output... /usr/bin/sed
checking for fgrep... /usr/bin/grep -F
checking for ld used by gcc -std=gnu17... /home/linuxbrew/.linuxbrew/bin/ld
checking if the linker (/home/linuxbrew/.linuxbrew/bin/ld) is GNU ld... yes
checking for BSD- or MS-compatible name lister (nm)... /home/linuxbrew/.linuxbrew/bin/nm -B
checking the name lister (/home/linuxbrew/.linuxbrew/bin/nm -B) interface... BSD nm
checking whether ln -s works... yes
checking the maximum length of command line arguments... 1572864
checking how to convert x86_64-unknown-linux-gnu file names to x86_64-unknown-linux-gnu format... func_convert_file_noop
checking how to convert x86_64-unknown-linux-gnu file names to toolchain format... func_convert_file_noop
checking for /home/linuxbrew/.linuxbrew/bin/ld option to reload object files... -r
checking for objdump... objdump
checking how to recognize dependent libraries... pass_all
checking for dlltool... dlltool
checking how to associate runtime and link libraries... printf %s\n
checking for ar... ar
checking for archiver @FILE support... @
checking for strip... strip
checking for ranlib... ranlib
checking command to parse /home/linuxbrew/.linuxbrew/bin/nm -B output from gcc -std=gnu17 object... ok
checking for sysroot... no
checking for a working dd... /usr/bin/dd
checking how to truncate binary pipes... /usr/bin/dd bs=4096 count=1
checking for mt... no
checking if : is a manifest tool... no
checking for dlfcn.h... yes
checking for objdir... .libs
checking if gcc -std=gnu17 supports -fno-rtti -fno-exceptions... yes
checking for gcc -std=gnu17 option to produce PIC... -fPIC -DPIC
checking if gcc -std=gnu17 PIC flag -fPIC -DPIC works... yes
checking if gcc -std=gnu17 static flag -static works... yes
checking if gcc -std=gnu17 supports -c -o file.o... yes
checking if gcc -std=gnu17 supports -c -o file.o... (cached) yes
checking whether the gcc -std=gnu17 linker (/home/linuxbrew/.linuxbrew/bin/ld -m elf_x86_64) supports shared libraries... yes
checking dynamic linker characteristics... GNU/Linux ld.so
checking how to hardcode library paths into programs... immediate
checking whether stripping libraries is possible... yes
checking if libtool supports shared libraries... yes
checking whether to build shared libraries... no
checking whether to build static libraries... yes
checking whether make supports nested variables... (cached) yes
checking for gcc -std=gnu17 option to accept ISO C99... none needed
checking whether ln -s works... yes
checking for gawk... (cached) gawk
checking for nroff... /usr/bin/nroff
checking for tgetent in -lncurses... yes
checking if you want wide-character code... no
configure: WARNING: --enable-widec is deprecated, wide-character/UTF-8 is always enabled
checking for dirent.h that defines DIR... yes
checking for library containing opendir... none required
checking for ANSI C header files... (cached) yes
checking for sys/wait.h that is POSIX.1 compatible... yes
checking fcntl.h usability... yes
checking fcntl.h presence... yes
checking for fcntl.h... yes
checking limits.h usability... yes
checking limits.h presence... yes
checking for limits.h... yes
checking malloc.h usability... yes
checking malloc.h presence... yes
checking for malloc.h... yes
checking for stdlib.h... (cached) yes
checking for string.h... (cached) yes
checking sys/ioctl.h usability... yes
checking sys/ioctl.h presence... yes
checking for sys/ioctl.h... yes
checking sys/param.h usability... yes
checking sys/param.h presence... yes
checking for sys/param.h... yes
checking for unistd.h... (cached) yes
checking curses.h usability... yes
checking curses.h presence... yes
checking for curses.h... yes
checking ncurses.h usability... yes
checking ncurses.h presence... yes
checking for ncurses.h... yes
checking sys/cdefs.h usability... yes
checking sys/cdefs.h presence... yes
checking for sys/cdefs.h... yes
checking termcap.h usability... yes
checking termcap.h presence... yes
checking for termcap.h... yes
checking for ncurses.h... (cached) yes
checking termios.h usability... yes
checking termios.h presence... yes
checking for termios.h... yes
checking for term.h... yes
checking for struct dirent.d_namlen... no
checking for an ANSI C-conforming const... yes
checking for pid_t... yes
checking for size_t... yes
checking for u_int32_t... yes
checking whether closedir returns void... no
checking vfork.h usability... no
checking vfork.h presence... no
checking for vfork.h... no
checking for fork... yes
checking for vfork... yes
checking for working fork... yes
checking for working vfork... (cached) yes
checking whether gcc -std=gnu17 needs -traditional... no
checking return type of signal handlers... void
checking whether lstat correctly handles trailing slash... yes
checking whether stat accepts an empty string... no
checking for endpwent... yes
checking for isascii... yes
checking for memchr... yes
checking for memset... yes
checking for re_comp... yes
checking for regcomp... yes
checking for strcasecmp... yes
checking for strchr... yes
checking for strcspn... yes
checking for strdup... yes
checking for strerror... yes
checking for strrchr... yes
checking for strstr... yes
checking for strtol... yes
checking for issetugid... no
checking for wcsdup... yes
checking for strlcpy... no
checking for strlcat... no
checking for getline... yes
checking for vis... no
checking for strvis... no
checking for strunvis... no
checking for __secure_getenv... no
checking for secure_getenv... yes
checking for strlcpy... (cached) no
checking for strlcat... (cached) no
checking for vis... (cached) no
checking for unvis... no
checking whether getpwnam_r and getpwuid_r are posix like... yes
checking whether getpwnam_r and getpwuid_r are posix _draft_ like... no
checking that generated files are newer than configure... done
configure: creating ./config.status
config.status: creating Makefile
config.status: creating libedit.pc
config.status: creating src/Makefile
config.status: creating doc/Makefile
config.status: creating examples/Makefile
config.status: creating config.h
config.status: executing depfiles commands
config.status: executing libtool commands
[103/1432] Performing build step for 'libedit'
[104/1432] Performing install step for 'libedit'
[105/1432] Completed 'libedit'
[106/1432] Performing build step for 'libopenssl'
[107/1432] Performing install step for 'libopenssl'
[108/1432] Completed 'libopenssl'
[109/1432] Performing configure step for 'libodbc'
[110/1432] Performing build step for 'libodbc'
[111/1432] Performing install step for 'libodbc'
[112/1432] Completed 'libodbc'
[113/1432] Building CXX object sa/CMakeFiles/cubridsa.dir/__/src/compat/db_function.cpp.o
[114/1432] Building CXX object sa/CMakeFiles/cubridsa.dir/__/src/base/dynamic_array.c.o
[115/1432] Building CXX object sa/CMakeFiles/cubridsa.dir/__/src/base/get_clock_freq.c.o
[116/1432] Building CXX object sa/CMakeFiles/cubridsa.dir/__/src/base/mprec.c.o
[117/1432] Building CXX object sa/CMakeFiles/cubridsa.dir/__/src/base/bit.c.o
[118/1432] Building CXX object sa/CMakeFiles/cubridsa.dir/__/src/base/sha1.c.o
[119/1432] Building CXX object sa/CMakeFiles/cubridsa.dir/__/src/base/dtoa.c.o
[120/1432] Building CXX object sa/CMakeFiles/cubridsa.dir/__/src/base/porting.c.o
[121/1432] Building CXX object sa/CMakeFiles/cubridsa.dir/__/src/base/process_util.c.o
[122/1432] Building CXX object sa/CMakeFiles/cubridsa.dir/__/src/base/release_string.c.o
[123/1432] Building CXX object sa/CMakeFiles/cubridsa.dir/__/src/base/ini_parser.c.o
[124/1432] Building CXX object sa/CMakeFiles/cubridsa.dir/__/src/base/message_catalog.c.o
[125/1432] Building CXX object sa/CMakeFiles/cubridsa.dir/__/src/base/hide_password.cpp.o
[126/1432] Building CXX object sa/CMakeFiles/cubridsa.dir/__/src/heaplayers/lea_heap.c.o
[127/1432] Building CXX object sa/CMakeFiles/cubridsa.dir/__/src/base/pinning.cpp.o
[128/1432] Building CXX object sa/CMakeFiles/cubridsa.dir/__/src/base/xml_parser.c.o
[129/1432] Building CXX object sa/CMakeFiles/cubridsa.dir/__/src/base/chartype.c.o
[130/1432] Building CXX object sa/CMakeFiles/cubridsa.dir/__/src/base/cubrid_getopt_long.c.o
[131/1432] Building CXX object sa/CMakeFiles/cubridsa.dir/__/src/base/lockfree_transaction_system.cpp.o
[132/1432] Building CXX object sa/CMakeFiles/cubridsa.dir/__/src/base/misc_string.c.o
[133/1432] Building CXX object sa/CMakeFiles/cubridsa.dir/__/src/base/variable_string.c.o
[134/1432] Building CXX object sa/CMakeFiles/cubridsa.dir/__/src/base/environment_variable.c.o
[135/1432] Building CXX object sa/CMakeFiles/cubridsa.dir/__/src/base/unicode_support.c.o
[136/1432] Building CXX object sa/CMakeFiles/cubridsa.dir/__/src/base/tsc_timer.c.o
[137/1432] Building CXX object sa/CMakeFiles/cubridsa.dir/__/src/base/perf.cpp.o
[138/1432] Building CXX object sa/CMakeFiles/cubridsa.dir/__/src/base/fixed_alloc.c.o
[139/1432] Building CXX object sa/CMakeFiles/cubridsa.dir/__/src/base/memory_private_allocator.cpp.o
[140/1432] Building CXX object sa/CMakeFiles/cubridsa.dir/__/src/base/printer.cpp.o
[141/1432] Building CXX object sa/CMakeFiles/cubridsa.dir/__/src/base/uca_support.c.o
[142/1432] Building C object sa/CMakeFiles/cubridsa.dir/__/src/compat/dbtype_function.c.o
[143/1432] Building CXX object sa/CMakeFiles/cubridsa.dir/__/src/compat/db_json_types_internal.cpp.o
[144/1432] Building CXX object sa/CMakeFiles/cubridsa.dir/__/src/base/util_func.c.o
[145/1432] Building CXX object sa/CMakeFiles/cubridsa.dir/__/src/compat/cnv.c.o
[146/1432] Building CXX object sa/CMakeFiles/cubridsa.dir/__/src/base/intl_support.c.o
[147/1432] Building CXX object sa/CMakeFiles/cubridsa.dir/__/src/base/encryption.c.o
[148/1432] Building CXX object sa/CMakeFiles/cubridsa.dir/__/src/executables/extract_schema.cpp.o
[149/1432] Building CXX object sa/CMakeFiles/cubridsa.dir/__/src/base/mem_block.cpp.o
[150/1432] Building CXX object sa/CMakeFiles/cubridsa.dir/__/src/base/error_context.cpp.o
[151/1432] Building CXX object sa/CMakeFiles/cubridsa.dir/__/src/base/stack_dump.c.o
[152/1432] Building CXX object sa/CMakeFiles/cubridsa.dir/__/src/base/filesys_temp.cpp.o
[153/1432] Building CXX object sa/CMakeFiles/cubridsa.dir/__/src/base/base64.c.o
[154/1432] Building CXX object sa/CMakeFiles/cubridsa.dir/__/src/base/lockfree_transaction_table.cpp.o
[155/1432] Building CXX object sa/CMakeFiles/cubridsa.dir/__/src/base/packer.cpp.o
[156/1432] Building CXX object sa/CMakeFiles/cubridsa.dir/__/src/base/pinnable_buffer.cpp.o
[157/1432] Building CXX object sa/CMakeFiles/cubridsa.dir/__/src/executables/csql_result.c.o
[158/1432] Building CXX object sa/CMakeFiles/cubridsa.dir/__/src/executables/file_hash.c.o
[159/1432] Building CXX object sa/CMakeFiles/cubridsa.dir/__/src/base/string_buffer.cpp.o
[160/1432] Building CXX object sa/CMakeFiles/cubridsa.dir/__/src/base/databases_file.c.o
[161/1432] Building CXX object sa/CMakeFiles/cubridsa.dir/__/src/base/error_manager.c.o
[162/1432] Building CXX object sa/CMakeFiles/cubridsa.dir/__/src/base/fileline_location.cpp.o
[163/1432] Building CXX object sa/CMakeFiles/cubridsa.dir/__/src/base/binaryheap.c.o
[164/1432] Building CXX object sa/CMakeFiles/cubridsa.dir/__/src/executables/util_common.c.o
[165/1432] Building CXX object sa/CMakeFiles/cubridsa.dir/__/src/base/lock_free.c.o
[166/1432] Building CXX object sa/CMakeFiles/cubridsa.dir/__/src/base/lockfree_transaction_descriptor.cpp.o
[167/1432] Building CXX object sa/CMakeFiles/cubridsa.dir/__/src/base/perf_monitor_trackers.cpp.o
[168/1432] Building CXX object sa/CMakeFiles/cubridsa.dir/__/src/base/locale_helper.cpp.o
[169/1432] Building CXX object cs/CMakeFiles/cubridcs.dir/__/src/base/dynamic_array.c.o
[170/1432] Building CXX object sa/CMakeFiles/cubridsa.dir/__/src/compat/db_json_allocator.cpp.o
[171/1432] Building CXX object cs/CMakeFiles/cubridcs.dir/__/src/base/environment_variable.c.o
[172/1432] Building CXX object sa/CMakeFiles/cubridsa.dir/__/src/base/fault_injection.c.o
[173/1432] Building CXX object sa/CMakeFiles/cubridsa.dir/__/src/base/resource_tracker.cpp.o
[174/1432] Building CXX object sa/CMakeFiles/cubridsa.dir/__/src/base/lockfree_bitmap.cpp.o
[175/1432] Building CXX object sa/CMakeFiles/cubridsa.dir/__/src/sp/pl_file.c.o
[176/1432] Building CXX object sa/CMakeFiles/cubridsa.dir/__/src/base/json_builder.cpp.o
[177/1432] Building CXX object sa/CMakeFiles/cubridsa.dir/__/src/base/cgroup.cpp.o
[178/1432] Building CXX object sa/CMakeFiles/cubridsa.dir/__/src/base/dynamic_load.c.o
[179/1432] Building CXX object cs/CMakeFiles/cubridcs.dir/__/src/base/encryption.c.o
[180/1432] Building CXX object sa/CMakeFiles/cubridsa.dir/__/src/base/locale_support.c.o
[181/1432] Building CXX object sa/CMakeFiles/cubridsa.dir/__/src/connection/connection_less.cpp.o
[182/1432] Building CXX object sa/CMakeFiles/cubridsa.dir/__/src/base/ifsys.cpp.o
[183/1432] Building CXX object sa/CMakeFiles/cubridsa.dir/__/src/heaplayers/customheaps.cpp.o
[184/1432] Building CXX object sa/CMakeFiles/cubridsa.dir/__/src/connection/connection_list_cl.cpp.o
[185/1432] Building CXX object sa/CMakeFiles/cubridsa.dir/__/src/connection/connection_globals.c.o
[186/1432] Building CXX object sa/CMakeFiles/cubridsa.dir/__/src/compat/db_elo.c.o
[187/1432] Building CXX object sa/CMakeFiles/cubridsa.dir/__/src/base/area_alloc.c.o
[188/1432] Building CXX object sa/CMakeFiles/cubridsa.dir/__/src/base/filesys_parser.cpp.o
[189/1432] Building CXX object sa/CMakeFiles/cubridsa.dir/__/src/connection/host_lookup.c.o
[190/1432] Building CXX object sa/CMakeFiles/cubridsa.dir/__/src/compat/db_set.c.o
[191/1432] Building CXX object sa/CMakeFiles/cubridsa.dir/__/src/connection/tcp.c.o
[192/1432] Building CXX object sa/CMakeFiles/cubridsa.dir/__/src/sp/pl_signature.cpp.o
[193/1432] Building CXX object sa/CMakeFiles/cubridsa.dir/__/src/communication/network_histogram.cpp.o
[194/1432] Building CXX object sa/CMakeFiles/cubridsa.dir/__/src/base/memory_alloc.c.o
[195/1432] Building CXX object sa/CMakeFiles/cubridsa.dir/__/src/base/lockfree_hashmap.cpp.o
[196/1432] Building CXX object sa/CMakeFiles/cubridsa.dir/__/src/compat/db_macro.c.o
[197/1432] Building CXX object sa/CMakeFiles/cubridsa.dir/__/src/loaddb/load_error_handler.cpp.o
[198/1432] Building CXX object sa/CMakeFiles/cubridsa.dir/__/src/compat/db_date.c.o
[199/1432] Building CXX object sa/CMakeFiles/cubridsa.dir/__/src/executables/csql_result_format.c.o
[200/1432] Building CXX object sa/CMakeFiles/cubridsa.dir/__/src/compat/db_virt.c.o
[201/1432] Building CXX object sa/CMakeFiles/cubridsa.dir/__/src/executables/csql_support.c.o
[202/1432] Building CXX object sa/CMakeFiles/cubridsa.dir/__/src/method/method_struct_invoke.cpp.o
[203/1432] Building CXX object sa/CMakeFiles/cubridsa.dir/__/src/base/memory_hash.c.o
[204/1432] Building CXX object sa/CMakeFiles/cubridsa.dir/__/src/method/method_error.cpp.o
[205/1432] Building CXX object sa/CMakeFiles/cubridsa.dir/__/src/sp/pl_comm.c.o
[206/1432] Building CXX object sa/CMakeFiles/cubridsa.dir/__/src/method/method_struct_parameter_info.cpp.o
[207/1432] Building CXX object sa/CMakeFiles/cubridsa.dir/__/src/connection/connection_cl.cpp.o
[208/1432] Building CXX object sa/CMakeFiles/cubridsa.dir/__/src/monitor/monitor_statistic.cpp.o
[209/1432] Building CXX object sa/CMakeFiles/cubridsa.dir/__/src/compat/db_obj.c.o
[210/1432] Building CXX object sa/CMakeFiles/cubridsa.dir/__/src/connection/connection_support.cpp.o
[211/1432] Building CXX object sa/CMakeFiles/cubridsa.dir/__/src/compat/db_method_static.cpp.o
[212/1432] Building CXX object sa/CMakeFiles/cubridsa.dir/__/src/compat/db_value_printer.cpp.o
[213/1432] Building CXX object sa/CMakeFiles/cubridsa.dir/__/src/executables/csql_session.c.o
[214/1432] Building CXX object sa/CMakeFiles/cubridsa.dir/__/src/base/resources.cpp.o
[215/1432] Building CXX object sa/CMakeFiles/cubridsa.dir/__/src/compat/db_temp.c.o
[216/1432] Building CXX object sa/CMakeFiles/cubridsa.dir/__/src/compat/db_old.c.o
[217/1432] Building CXX object sa/CMakeFiles/cubridsa.dir/__/src/base/language_support.c.o
[218/1432] Building CXX object sa/CMakeFiles/cubridsa.dir/__/src/communication/network_callback_sr.cpp.o
[219/1432] Building CXX object sa/CMakeFiles/cubridsa.dir/__/src/sp/pl_connection.cpp.o
[220/1432] Building CXX object sa/CMakeFiles/cubridsa.dir/__/src/sp/pl_compile_handler.cpp.o
[221/1432] Building CXX object sa/CMakeFiles/cubridsa.dir/__/src/compat/db_info.c.o
[222/1432] Building CXX object sa/CMakeFiles/cubridsa.dir/__/src/executables/unloaddb.c.o
[223/1432] Building CXX object sa/CMakeFiles/cubridsa.dir/__/src/compat/db_class.c.o
[224/1432] Building CXX object sa/CMakeFiles/cubridsa.dir/__/src/executables/unload_object.c.o
[225/1432] Building CXX object sa/CMakeFiles/cubridsa.dir/__/src/sp/pl_struct_compile.cpp.o
[226/1432] Building CXX object sa/CMakeFiles/cubridsa.dir/__/src/method/method_struct_oid_info.cpp.o
[227/1432] Building CXX object sa/CMakeFiles/cubridsa.dir/__/src/executables/compactdb_common.c.o
[228/1432] Building CXX object sa/CMakeFiles/cubridsa.dir/__/src/compat/db_json_path.cpp.o
[229/1432] Building CXX object sa/CMakeFiles/cubridsa.dir/__/src/monitor/monitor_registration.cpp.o
[230/1432] Building CXX object sa/CMakeFiles/cubridsa.dir/__/src/base/ddl_log.c.o
[231/1432] Building CXX object sa/CMakeFiles/cubridsa.dir/__/src/executables/unload_object_file.c.o
[232/1432] Building CXX object sa/CMakeFiles/cubridsa.dir/__/src/sp/jsp_cl.cpp.o
[233/1432] Building CXX object sa/CMakeFiles/cubridsa.dir/__/src/object/elo.c.o
[234/1432] Building CXX object sa/CMakeFiles/cubridsa.dir/__/src/executables/compactdb.c.o
[235/1432] Building CXX object sa/CMakeFiles/cubridsa.dir/__/src/method/method_oid_handler.cpp.o
[236/1432] Building CXX object sa/CMakeFiles/cubridsa.dir/__/src/sp/pl_sr.cpp.o
[237/1432] Building CXX object sa/CMakeFiles/cubridsa.dir/__/src/object/identifier_store.cpp.o
[238/1432] Building CXX object sa/CMakeFiles/cubridsa.dir/__/src/method/method_struct_query.cpp.o
[239/1432] Building CXX object sa/CMakeFiles/cubridsa.dir/__/src/base/perf_monitor.c.o
[240/1432] Building CXX object sa/CMakeFiles/cubridsa.dir/__/src/method/method_query_util.cpp.o
[241/1432] Building CXX object sa/CMakeFiles/cubridsa.dir/__/src/compat/db_query.c.o
[242/1432] Building CXX object sa/CMakeFiles/cubridsa.dir/__/src/object/object_print_util.cpp.o
[243/1432] Building CXX object sa/CMakeFiles/cubridsa.dir/__/src/executables/util_cs.c.o
[244/1432] Building CXX object sa/CMakeFiles/cubridsa.dir/__/src/object/lob_locator.cpp.o
[245/1432] Building CXX object sa/CMakeFiles/cubridsa.dir/__/src/executables/csql.c.o
[246/1432] Building CXX object sa/CMakeFiles/cubridsa.dir/__/src/base/tz_compile.c.o
[247/1432] Building CXX object sa/CMakeFiles/cubridsa.dir/__/src/connection/client_support.cpp.o
[248/1432] Building CXX object sa/CMakeFiles/cubridsa.dir/__/src/object/quick_fit.c.o
[249/1432] Building CXX object sa/CMakeFiles/cubridsa.dir/__/src/monitor/monitor_collect.cpp.o
[250/1432] Building CXX object sa/CMakeFiles/cubridsa.dir/__/src/compat/db_admin.c.o
[251/1432] Building CXX object sa/CMakeFiles/cubridsa.dir/__/src/compat/db_vdb.c.o
[252/1432] Building CXX object sa/CMakeFiles/cubridsa.dir/__/src/monitor/monitor_transaction.cpp.o
[253/1432] Building CXX object sa/CMakeFiles/cubridsa.dir/__/src/communication/network_callback_cl.cpp.o
[254/1432] Building CXX object sa/CMakeFiles/cubridsa.dir/__/src/base/system_parameter.c.o
[255/1432] Building CXX object sa/CMakeFiles/cubridsa.dir/__/src/method/method_struct_value.cpp.o
[256/1432] Building CXX object sa/CMakeFiles/cubridsa.dir/__/src/object/schema_information_schema.cpp.o
[257/1432] Building CXX object sa/CMakeFiles/cubridsa.dir/__/src/executables/util_sa.c.o
[258/1432] Building CXX object sa/CMakeFiles/cubridsa.dir/__/src/base/tz_support.c.o
[259/1432] Building CXX object sa/CMakeFiles/cubridsa.dir/__/src/base/object_representation_sr.c.o
[260/1432] Building CXX object sa/CMakeFiles/cubridsa.dir/__/src/executables/unload_schema.c.o
[261/1432] Building CXX object sa/CMakeFiles/cubridsa.dir/__/src/parser/func_type.cpp.o
[262/1432] Building CXX object sa/CMakeFiles/cubridsa.dir/__/src/optimizer/query_bitset.c.o
[263/1432] Building CXX object sa/CMakeFiles/cubridsa.dir/__/src/query/dblink_global_tran_catalog.c.o
[264/1432] Building CXX object sa/CMakeFiles/cubridsa.dir/__/src/query/dblink_2pc_daemon.c.o
[265/1432] Building CXX object sa/CMakeFiles/cubridsa.dir/__/src/sp/method_invoke_group.cpp.o
[266/1432] Building CXX object sa/CMakeFiles/cubridsa.dir/__/src/sp/sp_code.cpp.o
[267/1432] Building CXX object sa/CMakeFiles/cubridsa.dir/__/src/object/schema_information_schema_definition.cpp.o
[268/1432] Building CXX object sa/CMakeFiles/cubridsa.dir/__/src/object/transform.c.o
[269/1432] Building CXX object sa/CMakeFiles/cubridsa.dir/__/src/query/parallel/px_scan/px_scan_checker.cpp.o
[270/1432] Building CXX object sa/CMakeFiles/cubridsa.dir/__/src/query/parallel/px_scan/px_scan_instnum.cpp.o
[271/1432] Building CXX object sa/CMakeFiles/cubridsa.dir/__/src/sp/pl_execution_stack_context.cpp.o
[272/1432] Building CXX object sa/CMakeFiles/cubridsa.dir/__/src/method/method_query_handler.cpp.o
[273/1432] Building CXX object sa/CMakeFiles/cubridsa.dir/__/src/sp/pl_query_cursor.cpp.o
[274/1432] Building CXX object sa/CMakeFiles/cubridsa.dir/__/src/communication/network_interface_cl.c.o
[275/1432] Building CXX object sa/CMakeFiles/cubridsa.dir/__/src/method/method_scan.cpp.o
[276/1432] Building CXX object sa/CMakeFiles/cubridsa.dir/__/src/object/authenticate_password.cpp.o
[277/1432] Building CXX object sa/CMakeFiles/cubridsa.dir/__/src/object/authenticate_owner.cpp.o
[278/1432] Building CXX object sa/CMakeFiles/cubridsa.dir/__/src/query/crypt_opfunc.c.o
[279/1432] Building CXX object sa/CMakeFiles/cubridsa.dir/__/src/object/authenticate_migration.cpp.o
[280/1432] Building CXX object sa/CMakeFiles/cubridsa.dir/__/src/object/schema_system_catalog.cpp.o
[281/1432] Building CXX object sa/CMakeFiles/cubridsa.dir/__/src/object/authenticate_access_auth.cpp.o
[282/1432] Building CXX object sa/CMakeFiles/cubridsa.dir/__/src/query/parallel/px_query_execute/px_query_checker.cpp.o
[283/1432] Building CXX object sa/CMakeFiles/cubridsa.dir/__/src/object/authenticate_cache.cpp.o
[284/1432] Building CXX object sa/CMakeFiles/cubridsa.dir/__/src/object/authenticate.c.o
[285/1432] Building CXX object sa/CMakeFiles/cubridsa.dir/__/src/object/authenticate_access_class.cpp.o
[286/1432] Building CXX object sa/CMakeFiles/cubridsa.dir/__/src/object/deduplicate_key.c.o
[287/1432] Building CXX object sa/CMakeFiles/cubridsa.dir/__/src/object/class_description.cpp.o
[288/1432] Building CXX object sa/CMakeFiles/cubridsa.dir/__/src/method/query_method.cpp.o
[289/1432] Building CXX object sa/CMakeFiles/cubridsa.dir/__/src/object/authenticate_access_user.cpp.o
[290/1432] Building CXX object sa/CMakeFiles/cubridsa.dir/__/src/object/object_representation.c.o
[291/1432] Building CXX object sa/CMakeFiles/cubridsa.dir/__/src/object/authenticate_grant.cpp.o
[292/1432] Building CXX object sa/CMakeFiles/cubridsa.dir/__/src/object/schema_system_catalog_definition.cpp.o
[293/1432] Building CXX object sa/CMakeFiles/cubridsa.dir/__/src/object/trigger_description.cpp.o
[294/1432] Building CXX object sa/CMakeFiles/cubridsa.dir/__/src/object/object_printer.cpp.o
[295/1432] Building CXX object sa/CMakeFiles/cubridsa.dir/__/src/compat/db_json.cpp.o
[296/1432] Building CXX object sa/CMakeFiles/cubridsa.dir/__/src/sp/pl_executor.cpp.o
[297/1432] Building CXX object sa/CMakeFiles/cubridsa.dir/__/src/object/authenticate_context.cpp.o
[298/1432] Building CXX object sa/CMakeFiles/cubridsa.dir/__/src/object/class_object.c.o
[299/1432] Building CXX object sa/CMakeFiles/cubridsa.dir/__/src/object/schema_information_schema_install_query_spec.cpp.o
[300/1432] Building CXX object sa/CMakeFiles/cubridsa.dir/__/src/object/schema_system_catalog_install_query_spec.cpp.o
[301/1432] Building CXX object sa/CMakeFiles/cubridsa.dir/__/src/sp/pl_session.cpp.o
[302/1432] Building CXX object sa/CMakeFiles/cubridsa.dir/__/src/optimizer/rewriter/query_rewrite_auto_parameterize.c.o
[303/1432] Building CXX object sa/CMakeFiles/cubridsa.dir/__/src/object/schema_information_schema_builder.cpp.o
[304/1432] Building CXX object sa/CMakeFiles/cubridsa.dir/__/src/object/object_print.c.o
[305/1432] Building CXX object sa/CMakeFiles/cubridsa.dir/__/src/optimizer/rewriter/query_rewrite_set.c.o
[306/1432] Building CXX object sa/CMakeFiles/cubridsa.dir/__/src/object/object_accessor.c.o
[307/1432] Building CXX object sa/CMakeFiles/cubridsa.dir/__/src/optimizer/rewriter/query_rewrite_subquery.c.o
[308/1432] Building CXX object sa/CMakeFiles/cubridsa.dir/__/src/optimizer/rewriter/query_rewrite_select.c.o
[309/1432] Building CXX object sa/CMakeFiles/cubridsa.dir/__/src/object/object_description.cpp.o
[310/1432] Building CXX object sa/CMakeFiles/cubridsa.dir/__/src/optimizer/rewriter/query_rewrite.c.o
[311/1432] Building CXX object sa/CMakeFiles/cubridsa.dir/__/src/object/virtual_object.c.o
[312/1432] Building CXX object sa/CMakeFiles/cubridsa.dir/__/src/object/set_object.c.o
[313/1432] Building CXX object sa/CMakeFiles/cubridsa.dir/__/src/method/method_callback.cpp.o
[314/1432] Building CXX object sa/CMakeFiles/cubridsa.dir/__/src/object/schema_system_catalog_builder.cpp.o
[315/1432] Building CXX object sa/CMakeFiles/cubridsa.dir/__/src/object/work_space.c.o
[316/1432] Building CXX object sa/CMakeFiles/cubridsa.dir/__/src/query/numeric_opfunc.c.o
[317/1432] Building CXX object sa/CMakeFiles/cubridsa.dir/__/src/object/schema_template.c.o
[318/1432] Building CXX object sa/CMakeFiles/cubridsa.dir/__/src/object/object_template.c.o
[319/1432] Building CXX object sa/CMakeFiles/cubridsa.dir/__/src/object/trigger_manager.c.o
[320/1432] Building CXX object sa/CMakeFiles/cubridsa.dir/__/src/object/schema_class_truncator.cpp.o
[321/1432] Building CXX object sa/CMakeFiles/cubridsa.dir/__/src/optimizer/rewriter/query_rewrite_term.c.o
[322/1432] Performing download step (git clone) for 'catch2'
Cloning into 'catch2'...
HEAD is now at 255aa5f2 v2.11.3
[323/1432] Building CXX object sa/CMakeFiles/cubridsa.dir/__/src/query/string_regex_re2.cpp.o
[324/1432] Building CXX object sa/CMakeFiles/cubridsa.dir/__/src/object/transform_cl.c.o
[325/1432] Building CXX object sa/CMakeFiles/cubridsa.dir/__/src/query/cursor.c.o
[326/1432] Building C object sa/CMakeFiles/cubridsa.dir/__/csql_lexer.c.o
[327/1432] Building CXX object sa/CMakeFiles/cubridsa.dir/__/src/object/schema_manager.c.o
[328/1432] Building CXX object sa/CMakeFiles/cubridsa.dir/__/src/object/object_primitive.c.o
[329/1432] Building CXX object sa/CMakeFiles/cubridsa.dir/__/src/object/object_domain.c.o
[330/1432] Building CXX object sa/CMakeFiles/cubridsa.dir/__/src/thread/critical_section_tracker.cpp.o
[331/1432] Building CXX object sa/CMakeFiles/cubridsa.dir/__/src/query/dblink_2pc.c.o
[332/1432] Building CXX object sa/CMakeFiles/cubridsa.dir/__/src/transaction/lock_table.c.o
[333/1432] Building CXX object sa/CMakeFiles/cubridsa.dir/__/src/transaction/client_credentials.cpp.o
[334/1432] Building CXX object sa/CMakeFiles/cubridsa.dir/__/src/query/dblink_scan.c.o
[335/1432] Building CXX object sa/CMakeFiles/cubridsa.dir/__/src/query/query_cl.c.o
[336/1432] Building CXX object sa/CMakeFiles/cubridsa.dir/__/src/query/vacuum_oos.cpp.o
[337/1432] Building CXX object sa/CMakeFiles/cubridsa.dir/__/src/object/schema_information_schema_install.cpp.o
[338/1432] Building CXX object sa/CMakeFiles/cubridsa.dir/__/src/query/arithmetic.c.o
[339/1432] Building CXX object sa/CMakeFiles/cubridsa.dir/__/src/query/query_hash_join.c.o
[340/1432] Building CXX object sa/CMakeFiles/cubridsa.dir/__/src/query/partition.c.o
[341/1432] Building CXX object sa/CMakeFiles/cubridsa.dir/__/src/query/query_hash_scan.c.o
[342/1432] Building CXX object sa/CMakeFiles/cubridsa.dir/__/src/query/query_analytic.cpp.o
[343/1432] Building CXX object sa/CMakeFiles/cubridsa.dir/__/src/transaction/log_lsa.cpp.o
[344/1432] Building CXX object sa/CMakeFiles/cubridsa.dir/__/src/transaction/log_comm.c.o
[345/1432] Building CXX object sa/CMakeFiles/cubridsa.dir/__/src/transaction/locator.c.o
[346/1432] Building CXX object sa/CMakeFiles/cubridsa.dir/__/src/query/query_aggregate.cpp.o
[347/1432] Building CXX object sa/CMakeFiles/cubridsa.dir/__/src/thread/thread_entry_task.cpp.o
[348/1432] Building CXX object sa/CMakeFiles/cubridsa.dir/__/src/optimizer/query_graph.c.o
[349/1432] Building CXX object sa/CMakeFiles/cubridsa.dir/__/src/sp/sp_catalog.cpp.o
[350/1432] Building CXX object sa/CMakeFiles/cubridsa.dir/__/src/query/query_manager.c.o
[351/1432] Building CXX object sa/CMakeFiles/cubridsa.dir/__/src/query/query_dump.c.o
[352/1432] Building CXX object sa/CMakeFiles/cubridsa.dir/__/src/query/query_reevaluation.cpp.o
[353/1432] Building CXX object sa/CMakeFiles/cubridsa.dir/__/src/query/fetch.c.o
[354/1432] Building CXX object sa/CMakeFiles/cubridsa.dir/__/src/parser/double_byte_support.c.o
[355/1432] Building CXX object sa/CMakeFiles/cubridsa.dir/__/src/transaction/wait_for_graph.c.o
[356/1432] Building CXX object sa/CMakeFiles/cubridsa.dir/__/src/optimizer/plan_generation.c.o
[357/1432] Building CXX object sa/CMakeFiles/cubridsa.dir/__/src/parser/parse_type.cpp.o
[358/1432] Building CXX object sa/CMakeFiles/cubridsa.dir/__/src/query/regu_var.cpp.o
[359/1432] Building CXX object sa/CMakeFiles/cubridsa.dir/__/src/query/show_scan.c.o
[360/1432] Building CXX object sa/CMakeFiles/cubridsa.dir/__/src/thread/thread_lockfree_hash_map.cpp.o
[361/1432] Building CXX object sa/CMakeFiles/cubridsa.dir/__/src/query/query_opfunc.c.o
[362/1432] Building CXX object sa/CMakeFiles/cubridsa.dir/__/src/parser/parser_allocator.cpp.o
[363/1432] Building CXX object sa/CMakeFiles/cubridsa.dir/__/src/object/schema_system_catalog_install.cpp.o
[364/1432] Building CXX object sa/CMakeFiles/cubridsa.dir/__/src/thread/thread_manager.cpp.o
[365/1432] Building CXX object sa/CMakeFiles/cubridsa.dir/__/src/parser/keyword.c.o
[366/1432] Building CXX object sa/CMakeFiles/cubridsa.dir/__/src/query/string_regex.cpp.o
[367/1432] Building CXX object sa/CMakeFiles/cubridsa.dir/__/src/parser/cnf.c.o
[368/1432] Building CXX object sa/CMakeFiles/cubridsa.dir/__/src/query/subquery_cache.c.o
[369/1432] Building CXX object sa/CMakeFiles/cubridsa.dir/__/src/parser/method_transform.c.o
[370/1432] Building CXX object sa/CMakeFiles/cubridsa.dir/__/src/optimizer/query_planner.c.o
[371/1432] Building CXX object sa/CMakeFiles/cubridsa.dir/__/src/parser/parse_tree.c.o
[372/1432] Building CXX object sa/CMakeFiles/cubridsa.dir/__/src/transaction/flashback.c.o
[373/1432] Building CXX object sa/CMakeFiles/cubridsa.dir/__/src/transaction/log_append.cpp.o
[374/1432] Building CXX object sa/CMakeFiles/cubridsa.dir/__/src/query/execute_schema.c.o
[375/1432] Building CXX object sa/CMakeFiles/cubridsa.dir/__/src/parser/show_meta.c.o
[376/1432] Building CXX object sa/CMakeFiles/cubridsa.dir/__/src/storage/byte_order.c.o
[377/1432] Building CXX object sa/CMakeFiles/cubridsa.dir/__/src/query/list_file.c.o
[378/1432] Building CXX object sa/CMakeFiles/cubridsa.dir/__/src/parser/scanner_support.c.o
[379/1432] Building CXX object sa/CMakeFiles/cubridsa.dir/__/src/parser/parse_evaluate.c.o
[380/1432] Building CXX object sa/CMakeFiles/cubridsa.dir/__/src/query/filter_pred_cache.c.o
[381/1432] Building CXX object sa/CMakeFiles/cubridsa.dir/__/src/storage/es_owfs.c.o
[382/1432] Building CXX object sa/CMakeFiles/cubridsa.dir/__/src/transaction/log_2pc.c.o
[383/1432] Building CXX object sa/CMakeFiles/cubridsa.dir/__/src/transaction/log_compress.c.o
[384/1432] Building CXX object sa/CMakeFiles/cubridsa.dir/__/src/transaction/log_global.c.o
[385/1432] Building CXX object sa/CMakeFiles/cubridsa.dir/__/src/query/query_evaluator.c.o
[386/1432] Building CXX object sa/CMakeFiles/cubridsa.dir/__/src/query/stream_to_xasl.c.o
[387/1432] Building CXX object sa/CMakeFiles/cubridsa.dir/__/src/query/set_scan.c.o
[388/1432] Building CXX object sa/CMakeFiles/cubridsa.dir/__/src/storage/es_posix.c.o
[389/1432] Building CXX object sa/CMakeFiles/cubridsa.dir/__/src/storage/statistics_ndv.c.o
[390/1432] Building CXX object sa/CMakeFiles/cubridsa.dir/__/src/transaction/log_postpone_cache.cpp.o
[391/1432] Building CXX object sa/CMakeFiles/cubridsa.dir/__/src/parser/compile.c.o
[392/1432] Building CXX object sa/CMakeFiles/cubridsa.dir/__/src/storage/es_common.c.o
[393/1432] Building CXX object sa/CMakeFiles/cubridsa.dir/__/src/query/scan_json_table.cpp.o
[394/1432] Building CXX object sa/CMakeFiles/cubridsa.dir/__/src/storage/oid.c.o
[395/1432] Building CXX object sa/CMakeFiles/cubridsa.dir/__/src/transaction/log_recovery_redo.cpp.o
[396/1432] Building CXX object sa/CMakeFiles/cubridsa.dir/__/src/storage/btree_unique.cpp.o
[397/1432] Building CXX object sa/CMakeFiles/cubridsa.dir/__/src/query/xasl_to_stream.c.o
[398/1432] Building CXX object sa/CMakeFiles/cubridsa.dir/__/src/query/serial.c.o
[399/1432] Building CXX object sa/CMakeFiles/cubridsa.dir/__/src/transaction/mvcc_active_tran.cpp.o
[400/1432] Building CXX object sa/CMakeFiles/cubridsa.dir/__/src/parser/query_result.c.o
[401/1432] Building CXX object sa/CMakeFiles/cubridsa.dir/__/src/query/execute_statement.c.o
[402/1432] Building CXX object sa/CMakeFiles/cubridsa.dir/__/src/query/memoize.cpp.o
[403/1432] Building CXX object sa/CMakeFiles/cubridsa.dir/__/src/parser/xasl_regu_alloc.cpp.o
[404/1432] Building CXX object sa/CMakeFiles/cubridsa.dir/__/src/transaction/mvcc.c.o
[405/1432] Building CXX object sa/CMakeFiles/cubridsa.dir/__/src/parser/parse_dbi.c.o
[406/1432] Building CXX object sa/CMakeFiles/cubridsa.dir/__/src/transaction/log_system_tran.cpp.o
[407/1432] Building CXX object sa/CMakeFiles/cubridsa.dir/__/src/thread/thread_entry.cpp.o
[408/1432] Building CXX object sa/CMakeFiles/cubridsa.dir/__/src/storage/oos_util.cpp.o
[409/1432] Building CXX object sa/CMakeFiles/cubridsa.dir/__/src/query/scan_manager.c.o
[410/1432] Building CXX object sa/CMakeFiles/cubridsa.dir/__/src/transaction/mvcc_table.cpp.o
[411/1432] Building CXX object sa/CMakeFiles/cubridsa.dir/__/src/transaction/boot_cl.c.o
[412/1432] Building CXX object sa/CMakeFiles/cubridsa.dir/__/src/transaction/replication.c.o
[413/1432] Building CXX object sa/CMakeFiles/cubridsa.dir/__/src/storage/storage_common.c.o
[414/1432] Building CXX object sa/CMakeFiles/cubridsa.dir/__/src/xasl/xasl_unpack_info.cpp.o
[415/1432] Building CXX object sa/CMakeFiles/cubridsa.dir/__/src/transaction/transaction_transient.cpp.o
[416/1432] Building CXX object sa/CMakeFiles/cubridsa.dir/__/src/query/xasl_cache.c.o
[417/1432] Building CXX object sa/CMakeFiles/cubridsa.dir/__/src/xasl/access_json_table.cpp.o
[418/1432] Building CXX object sa/CMakeFiles/cubridsa.dir/__/src/storage/record_descriptor.cpp.o
[419/1432] Building CXX object sa/CMakeFiles/cubridsa.dir/__/src/parser/name_resolution.c.o
[420/1432] Building CXX object sa/CMakeFiles/cubridsa.dir/__/src/transaction/transaction_cl.c.o
[421/1432] Building CXX object sa/CMakeFiles/cubridsa.dir/__/src/query/string_opfunc.c.o
[422/1432] Building CXX object sa/CMakeFiles/cubridsa.dir/__/src/query/string_regex_std.cpp.o
[423/1432] Building CXX object sa/CMakeFiles/cubridsa.dir/__/src/transaction/locator_cl.c.o
[424/1432] Building CXX object sa/CMakeFiles/cubridsa.dir/__/src/storage/overflow_file.c.o
[425/1432] Building CXX object sa/CMakeFiles/cubridsa.dir/__/src/transaction/recovery.c.o
[426/1432] Building CXX object sa/CMakeFiles/cubridsa.dir/__/src/query/vacuum.c.o
[427/1432] Building CXX object sa/CMakeFiles/cubridsa.dir/__/src/transaction/log_recovery.c.o
[428/1432] Building CXX object sa/CMakeFiles/cubridsa.dir/__/src/parser/view_transform.c.o
[429/1432] Building CXX object sa/CMakeFiles/cubridsa.dir/__/src/storage/ftab_set.cpp.o
[430/1432] Building CXX object sa/CMakeFiles/cubridsa.dir/__/src/query/query_executor.c.o
[431/1432] Building CXX object sa/CMakeFiles/cubridsa.dir/__/src/transaction/log_writer.c.o
[432/1432] Building CXX object cs/CMakeFiles/cubridcs.dir/__/src/compat/db_function.cpp.o
[433/1432] Building CXX object cs/CMakeFiles/cubridcs.dir/__/src/executables/extract_schema.cpp.o
[434/1432] Building CXX object cs/CMakeFiles/cubridcs.dir/__/src/executables/csql_result.c.o
[435/1432] Building CXX object sa/CMakeFiles/cubridsa.dir/__/src/parser/parser_support.c.o
[436/1432] Building CXX object sa/CMakeFiles/cubridsa.dir/__/src/optimizer/histogram/histogram_reader.cpp.o
[437/1432] Building CXX object sa/CMakeFiles/cubridsa.dir/__/load_lexer.cpp.o
[438/1432] Building CXX object sa/CMakeFiles/cubridsa.dir/__/src/loaddb/load_driver.cpp.o
[439/1432] Building CXX object sa/CMakeFiles/cubridsa.dir/__/src/optimizer/histogram/histogram_builder.cpp.o
[440/1432] Building CXX object sa/CMakeFiles/cubridsa.dir/__/src/parser/semantic_check.c.o
[441/1432] Building CXX object sa/CMakeFiles/cubridsa.dir/__/src/loaddb/load_semantic_helper.cpp.o
[442/1432] Building CXX object sa/CMakeFiles/cubridsa.dir/__/src/parser/parse_tree_cl.c.o
[443/1432] Building CXX object sa/CMakeFiles/cubridsa.dir/__/src/transaction/lock_manager.c.o
[444/1432] Building CXX object sa/CMakeFiles/cubridsa.dir/__/load_grammar.cpp.o
[445/1432] Building CXX object sa/CMakeFiles/cubridsa.dir/__/src/transaction/transaction_sr.c.o
[446/1432] Building CXX object sa/CMakeFiles/cubridsa.dir/__/src/loaddb/load_common.cpp.o
[447/1432] Building CXX object sa/CMakeFiles/cubridsa.dir/__/src/storage/es.c.o
[448/1432] Building CXX object sa/CMakeFiles/cubridsa.dir/__/src/transaction/log_page_buffer.c.o
[449/1432] Building CXX object sa/CMakeFiles/cubridsa.dir/__/src/session/session_sr.c.o
[450/1432] Building CXX object cs/CMakeFiles/cubridcs.dir/__/src/base/chartype.c.o
[451/1432] Building CXX object cs/CMakeFiles/cubridcs.dir/__/src/executables/file_hash.c.o
[452/1432] Building CXX object cs/CMakeFiles/cubridcs.dir/__/src/compat/cnv.c.o
[453/1432] Building CXX object sa/CMakeFiles/cubridsa.dir/__/src/transaction/boot_sr.c.o
[454/1432] Building CXX object cs/CMakeFiles/cubridcs.dir/__/src/base/dtoa.c.o
[455/1432] Building CXX object cs/CMakeFiles/cubridcs.dir/__/src/executables/util_common.c.o
[456/1432] Building CXX object cs/CMakeFiles/cubridcs.dir/__/src/compat/db_json_types_internal.cpp.o
[457/1432] Building CXX object sa/CMakeFiles/cubridsa.dir/__/src/storage/double_write_buffer.cpp.o
[458/1432] Building CXX object sa/CMakeFiles/cubridsa.dir/__/src/xasl/xasl_analytic.cpp.o
[459/1432] Building CXX object cs/CMakeFiles/cubridcs.dir/__/src/base/cubrid_getopt_long.c.o
[460/1432] Building CXX object cs/CMakeFiles/cubridcs.dir/__/src/base/fault_injection.c.o
[461/1432] Building CXX object cs/CMakeFiles/cubridcs.dir/__/src/base/ini_parser.c.o
[462/1432] Building CXX object sa/CMakeFiles/cubridsa.dir/__/src/storage/heap_oos.cpp.o
[463/1432] Building CXX object cubrid/CMakeFiles/cubrid.dir/__/src/storage/es.c.o
[464/1432] Building CXX object sa/CMakeFiles/cubridsa.dir/__/src/storage/disk_manager.c.o
[465/1432] Building CXX object sa/CMakeFiles/cubridsa.dir/__/src/storage/statistics_cl.c.o
[466/1432] Building CXX object sa/CMakeFiles/cubridsa.dir/__/src/storage/extendible_hash.c.o
[467/1432] Building CXX object cs/CMakeFiles/cubridcs.dir/__/src/base/fileline_location.cpp.o
[468/1432] Building CXX object sa/CMakeFiles/cubridsa.dir/__/src/storage/compactdb_sr.c.o
[469/1432] Building CXX object sa/CMakeFiles/cubridsa.dir/__/src/xasl/xasl_predicate.cpp.o
[470/1432] Building CXX object sa/CMakeFiles/cubridsa.dir/__/src/transaction/log_tran_table.c.o
[471/1432] Building C object cs/CMakeFiles/cubridcs.dir/__/src/compat/dbtype_function.c.o
[472/1432] Building CXX object cs/CMakeFiles/cubridcs.dir/__/src/base/base64.c.o
[473/1432] Building CXX object cs/CMakeFiles/cubridcs.dir/__/src/executables/csql_session.c.o
[474/1432] Building CXX object cs/CMakeFiles/cubridcs.dir/__/src/base/fixed_alloc.c.o
[475/1432] Building CXX object sa/CMakeFiles/cubridsa.dir/__/src/storage/catalog_class.c.o
[476/1432] Building CXX object sa/CMakeFiles/cubridsa.dir/__/src/transaction/locator_sr.c.o
[477/1432] Building CXX object sa/CMakeFiles/cubridsa.dir/__/src/storage/bestspace.cpp.o
[478/1432] Building CXX object sa/CMakeFiles/cubridsa.dir/__/src/transaction/log_manager.c.o
[479/1432] Building CXX object cs/CMakeFiles/cubridcs.dir/__/src/base/mprec.c.o
[480/1432] Building CXX object sa/CMakeFiles/cubridsa.dir/__/src/loaddb/load_object_table.c.o
[481/1432] Building CXX object sa/CMakeFiles/cubridsa.dir/__/src/storage/tde.c.o
[482/1432] Building CXX object cs/CMakeFiles/cubridcs.dir/__/src/base/misc_string.c.o
[483/1432] Building CXX object sa/CMakeFiles/cubridsa.dir/__/src/storage/slotted_page.c.o
[484/1432] Building CXX object cs/CMakeFiles/cubridcs.dir/__/src/base/databases_file.c.o
[485/1432] Building CXX object cs/CMakeFiles/cubridcs.dir/__/src/base/locale_support.c.o
[486/1432] Building CXX object cs/CMakeFiles/cubridcs.dir/__/src/base/intl_support.c.o
[487/1432] Building CXX object cs/CMakeFiles/cubridcs.dir/__/src/base/message_catalog.c.o
[488/1432] Building CXX object cs/CMakeFiles/cubridcs.dir/__/src/compat/db_json_allocator.cpp.o
[489/1432] Building C object sa/CMakeFiles/cubridsa.dir/__/csql_grammar.c.o
/home/vimkim/gh/cb/oos-ci-f4299ac/build_preset_debug_gcc/csql_grammar.c: In function ‘yyuserAction’:
/home/vimkim/gh/cb/oos-ci-f4299ac/build_preset_debug_gcc/csql_grammar.c:42255:80: warning: implicit conversion from ‘enum pt_currency_types’ to ‘DB_CURRENCY’ [-Wenum-conversion]
42255 |                             pt_value_set_monetary (this_parser, val, str, txt, PT_CURRENCY_YEN);
      |                                                                                ^~~~~~~~~~~~~~~
/home/vimkim/gh/cb/oos-ci-f4299ac/build_preset_debug_gcc/csql_grammar.c:42275:80: warning: implicit conversion from ‘enum pt_currency_types’ to ‘DB_CURRENCY’ [-Wenum-conversion]
42275 |                             pt_value_set_monetary (this_parser, val, str, txt, PT_CURRENCY_DOLLAR);
      |                                                                                ^~~~~~~~~~~~~~~~~~
/home/vimkim/gh/cb/oos-ci-f4299ac/build_preset_debug_gcc/csql_grammar.c:42295:80: warning: implicit conversion from ‘enum pt_currency_types’ to ‘DB_CURRENCY’ [-Wenum-conversion]
42295 |                             pt_value_set_monetary (this_parser, val, str, txt, PT_CURRENCY_WON);
      |                                                                                ^~~~~~~~~~~~~~~
/home/vimkim/gh/cb/oos-ci-f4299ac/build_preset_debug_gcc/csql_grammar.c:42315:80: warning: implicit conversion from ‘enum pt_currency_types’ to ‘DB_CURRENCY’ [-Wenum-conversion]
42315 |                             pt_value_set_monetary (this_parser, val, str, txt, PT_CURRENCY_TL);
      |                                                                                ^~~~~~~~~~~~~~
/home/vimkim/gh/cb/oos-ci-f4299ac/build_preset_debug_gcc/csql_grammar.c:42335:80: warning: implicit conversion from ‘enum pt_currency_types’ to ‘DB_CURRENCY’ [-Wenum-conversion]
42335 |                             pt_value_set_monetary (this_parser, val, str, txt, PT_CURRENCY_BRITISH_POUND);
      |                                                                                ^~~~~~~~~~~~~~~~~~~~~~~~~
/home/vimkim/gh/cb/oos-ci-f4299ac/build_preset_debug_gcc/csql_grammar.c:42354:80: warning: implicit conversion from ‘enum pt_currency_types’ to ‘DB_CURRENCY’ [-Wenum-conversion]
42354 |                             pt_value_set_monetary (this_parser, val, str, txt, PT_CURRENCY_CAMBODIAN_RIEL);
      |                                                                                ^~~~~~~~~~~~~~~~~~~~~~~~~~
/home/vimkim/gh/cb/oos-ci-f4299ac/build_preset_debug_gcc/csql_grammar.c:42373:80: warning: implicit conversion from ‘enum pt_currency_types’ to ‘DB_CURRENCY’ [-Wenum-conversion]
42373 |                             pt_value_set_monetary (this_parser, val, str, txt, PT_CURRENCY_CHINESE_RENMINBI);
      |                                                                                ^~~~~~~~~~~~~~~~~~~~~~~~~~~~
/home/vimkim/gh/cb/oos-ci-f4299ac/build_preset_debug_gcc/csql_grammar.c:42392:80: warning: implicit conversion from ‘enum pt_currency_types’ to ‘DB_CURRENCY’ [-Wenum-conversion]
42392 |                             pt_value_set_monetary (this_parser, val, str, txt, PT_CURRENCY_INDIAN_RUPEE);
      |                                                                                ^~~~~~~~~~~~~~~~~~~~~~~~
/home/vimkim/gh/cb/oos-ci-f4299ac/build_preset_debug_gcc/csql_grammar.c:42411:80: warning: implicit conversion from ‘enum pt_currency_types’ to ‘DB_CURRENCY’ [-Wenum-conversion]
42411 |                             pt_value_set_monetary (this_parser, val, str, txt, PT_CURRENCY_RUSSIAN_RUBLE);
      |                                                                                ^~~~~~~~~~~~~~~~~~~~~~~~~
/home/vimkim/gh/cb/oos-ci-f4299ac/build_preset_debug_gcc/csql_grammar.c:42430:80: warning: implicit conversion from ‘enum pt_currency_types’ to ‘DB_CURRENCY’ [-Wenum-conversion]
42430 |                             pt_value_set_monetary (this_parser, val, str, txt, PT_CURRENCY_AUSTRALIAN_DOLLAR);
      |                                                                                ^~~~~~~~~~~~~~~~~~~~~~~~~~~~~
/home/vimkim/gh/cb/oos-ci-f4299ac/build_preset_debug_gcc/csql_grammar.c:42449:80: warning: implicit conversion from ‘enum pt_currency_types’ to ‘DB_CURRENCY’ [-Wenum-conversion]
42449 |                             pt_value_set_monetary (this_parser, val, str, txt, PT_CURRENCY_CANADIAN_DOLLAR);
      |                                                                                ^~~~~~~~~~~~~~~~~~~~~~~~~~~
/home/vimkim/gh/cb/oos-ci-f4299ac/build_preset_debug_gcc/csql_grammar.c:42468:80: warning: implicit conversion from ‘enum pt_currency_types’ to ‘DB_CURRENCY’ [-Wenum-conversion]
42468 |                             pt_value_set_monetary (this_parser, val, str, txt, PT_CURRENCY_BRASILIAN_REAL);
      |                                                                                ^~~~~~~~~~~~~~~~~~~~~~~~~~
/home/vimkim/gh/cb/oos-ci-f4299ac/build_preset_debug_gcc/csql_grammar.c:42487:80: warning: implicit conversion from ‘enum pt_currency_types’ to ‘DB_CURRENCY’ [-Wenum-conversion]
42487 |                             pt_value_set_monetary (this_parser, val, str, txt, PT_CURRENCY_ROMANIAN_LEU);
      |                                                                                ^~~~~~~~~~~~~~~~~~~~~~~~
/home/vimkim/gh/cb/oos-ci-f4299ac/build_preset_debug_gcc/csql_grammar.c:42506:80: warning: implicit conversion from ‘enum pt_currency_types’ to ‘DB_CURRENCY’ [-Wenum-conversion]
42506 |                             pt_value_set_monetary (this_parser, val, str, txt, PT_CURRENCY_EURO);
      |                                                                                ^~~~~~~~~~~~~~~~
/home/vimkim/gh/cb/oos-ci-f4299ac/build_preset_debug_gcc/csql_grammar.c:42525:80: warning: implicit conversion from ‘enum pt_currency_types’ to ‘DB_CURRENCY’ [-Wenum-conversion]
42525 |                             pt_value_set_monetary (this_parser, val, str, txt, PT_CURRENCY_SWISS_FRANC);
      |                                                                                ^~~~~~~~~~~~~~~~~~~~~~~
/home/vimkim/gh/cb/oos-ci-f4299ac/build_preset_debug_gcc/csql_grammar.c:42544:80: warning: implicit conversion from ‘enum pt_currency_types’ to ‘DB_CURRENCY’ [-Wenum-conversion]
42544 |                             pt_value_set_monetary (this_parser, val, str, txt, PT_CURRENCY_DANISH_KRONE);
      |                                                                                ^~~~~~~~~~~~~~~~~~~~~~~~
/home/vimkim/gh/cb/oos-ci-f4299ac/build_preset_debug_gcc/csql_grammar.c:42563:80: warning: implicit conversion from ‘enum pt_currency_types’ to ‘DB_CURRENCY’ [-Wenum-conversion]
42563 |                             pt_value_set_monetary (this_parser, val, str, txt, PT_CURRENCY_NORWEGIAN_KRONE);
      |                                                                                ^~~~~~~~~~~~~~~~~~~~~~~~~~~
/home/vimkim/gh/cb/oos-ci-f4299ac/build_preset_debug_gcc/csql_grammar.c:42582:80: warning: implicit conversion from ‘enum pt_currency_types’ to ‘DB_CURRENCY’ [-Wenum-conversion]
42582 |                             pt_value_set_monetary (this_parser, val, str, txt, PT_CURRENCY_BULGARIAN_LEV);
      |                                                                                ^~~~~~~~~~~~~~~~~~~~~~~~~
/home/vimkim/gh/cb/oos-ci-f4299ac/build_preset_debug_gcc/csql_grammar.c:42601:80: warning: implicit conversion from ‘enum pt_currency_types’ to ‘DB_CURRENCY’ [-Wenum-conversion]
42601 |                             pt_value_set_monetary (this_parser, val, str, txt, PT_CURRENCY_VIETNAMESE_DONG);
      |                                                                                ^~~~~~~~~~~~~~~~~~~~~~~~~~~
/home/vimkim/gh/cb/oos-ci-f4299ac/build_preset_debug_gcc/csql_grammar.c:42620:80: warning: implicit conversion from ‘enum pt_currency_types’ to ‘DB_CURRENCY’ [-Wenum-conversion]
42620 |                             pt_value_set_monetary (this_parser, val, str, txt, PT_CURRENCY_CZECH_KORUNA);
      |                                                                                ^~~~~~~~~~~~~~~~~~~~~~~~
/home/vimkim/gh/cb/oos-ci-f4299ac/build_preset_debug_gcc/csql_grammar.c:42639:80: warning: implicit conversion from ‘enum pt_currency_types’ to ‘DB_CURRENCY’ [-Wenum-conversion]
42639 |                             pt_value_set_monetary (this_parser, val, str, txt, PT_CURRENCY_POLISH_ZLOTY);
      |                                                                                ^~~~~~~~~~~~~~~~~~~~~~~~
/home/vimkim/gh/cb/oos-ci-f4299ac/build_preset_debug_gcc/csql_grammar.c:42658:80: warning: implicit conversion from ‘enum pt_currency_types’ to ‘DB_CURRENCY’ [-Wenum-conversion]
42658 |                             pt_value_set_monetary (this_parser, val, str, txt, PT_CURRENCY_SWEDISH_KRONA);
      |                                                                                ^~~~~~~~~~~~~~~~~~~~~~~~~
/home/vimkim/gh/cb/oos-ci-f4299ac/build_preset_debug_gcc/csql_grammar.c:42677:80: warning: implicit conversion from ‘enum pt_currency_types’ to ‘DB_CURRENCY’ [-Wenum-conversion]
42677 |                             pt_value_set_monetary (this_parser, val, str, txt, PT_CURRENCY_CROATIAN_KUNA);
      |                                                                                ^~~~~~~~~~~~~~~~~~~~~~~~~
/home/vimkim/gh/cb/oos-ci-f4299ac/build_preset_debug_gcc/csql_grammar.c:42696:80: warning: implicit conversion from ‘enum pt_currency_types’ to ‘DB_CURRENCY’ [-Wenum-conversion]
42696 |                             pt_value_set_monetary (this_parser, val, str, txt, PT_CURRENCY_SERBIAN_DINAR);
      |                                                                                ^~~~~~~~~~~~~~~~~~~~~~~~~
/home/vimkim/gh/cb/oos-ci-f4299ac/build_preset_debug_gcc/csql_grammar.c: In function ‘pt_value_set_monetary’:
/home/vimkim/gh/cb/oos-ci-f4299ac/build_preset_debug_gcc/csql_grammar.c:48751:42: warning: implicit conversion from ‘DB_CURRENCY’ to ‘PT_CURRENCY’ {aka ‘enum pt_currency_types’} [-Wenum-conversion]
48751 |   node->info.value.data_value.money.type = type;
      |                                          ^
[490/1432] Building CXX object cs/CMakeFiles/cubridcs.dir/__/src/base/get_clock_freq.c.o
[491/1432] Building CXX object cs/CMakeFiles/cubridcs.dir/__/src/base/error_context.cpp.o
[492/1432] Building CXX object cs/CMakeFiles/cubridcs.dir/__/src/executables/compactdb_common.c.o
[493/1432] Building CXX object cs/CMakeFiles/cubridcs.dir/__/src/base/hide_password.cpp.o
[494/1432] Building CXX object sa/CMakeFiles/cubridsa.dir/__/src/storage/statistics_sr.c.o
[495/1432] Building CXX object cs/CMakeFiles/cubridcs.dir/__/src/base/process_util.c.o
[496/1432] Building CXX object cs/CMakeFiles/cubridcs.dir/__/src/base/sha1.c.o
[497/1432] Building CXX object sa/CMakeFiles/cubridsa.dir/__/src/xasl/xasl_iteration.cpp.o
[498/1432] Building CXX object cs/CMakeFiles/cubridcs.dir/__/src/executables/csql_result_format.c.o
[499/1432] Building CXX object cs/CMakeFiles/cubridcs.dir/__/src/base/porting.c.o
[500/1432] Building CXX object cs/CMakeFiles/cubridcs.dir/__/src/base/locale_helper.cpp.o
[501/1432] Building CXX object sa/CMakeFiles/cubridsa.dir/__/src/storage/btree_load.c.o
[502/1432] Building CXX object cs/CMakeFiles/cubridcs.dir/__/src/base/release_string.c.o
[503/1432] Building CXX object cs/CMakeFiles/cubridcs.dir/__/src/base/lockfree_bitmap.cpp.o
[504/1432] Building CXX object sa/CMakeFiles/cubridsa.dir/__/src/storage/file_io.c.o
[505/1432] Building CXX object sa/CMakeFiles/cubridsa.dir/__/src/xasl/xasl_stream.cpp.o
[506/1432] Building CXX object cs/CMakeFiles/cubridcs.dir/__/src/base/error_manager.c.o
[507/1432] Building CXX object cs/CMakeFiles/cubridcs.dir/__/src/base/variable_string.c.o
[508/1432] Building CXX object cs/CMakeFiles/cubridcs.dir/__/src/base/filesys_temp.cpp.o
[509/1432] Building CXX object cs/CMakeFiles/cubridcs.dir/__/src/base/tsc_timer.c.o
[510/1432] Building CXX object cs/CMakeFiles/cubridcs.dir/__/src/base/mem_block.cpp.o
[511/1432] Building CXX object sa/CMakeFiles/cubridsa.dir/__/src/storage/external_sort.c.o
[512/1432] Building CXX object cs/CMakeFiles/cubridcs.dir/__/src/compat/db_elo.c.o
[513/1432] Building CXX object cs/CMakeFiles/cubridcs.dir/__/src/base/perf.cpp.o
[514/1432] Building CXX object sa/CMakeFiles/cubridsa.dir/__/src/parser/xasl_generation.c.o
[515/1432] Building CXX object cs/CMakeFiles/cubridcs.dir/__/src/base/memory_monitor_cl.cpp.o
[516/1432] Building CXX object cs/CMakeFiles/cubridcs.dir/__/src/base/memory_private_allocator.cpp.o
[517/1432] Building CXX object cs/CMakeFiles/cubridcs.dir/__/src/executables/unloaddb.c.o
[518/1432] Building CXX object cs/CMakeFiles/cubridcs.dir/__/src/base/pinnable_buffer.cpp.o
[519/1432] Building CXX object cs/CMakeFiles/cubridcs.dir/__/src/base/pinning.cpp.o
[520/1432] Building CXX object cs/CMakeFiles/cubridcs.dir/__/src/base/uca_support.c.o
[521/1432] Building CXX object cs/CMakeFiles/cubridcs.dir/__/src/base/resource_tracker.cpp.o
[522/1432] Building CXX object cs/CMakeFiles/cubridcs.dir/__/src/base/unicode_support.c.o
[523/1432] Building CXX object sa/CMakeFiles/cubridsa.dir/__/src/storage/oos_file.cpp.o
[524/1432] Building CXX object sa/CMakeFiles/cubridsa.dir/__/src/loaddb/load_db.c.o
[525/1432] Building CXX object cs/CMakeFiles/cubridcs.dir/__/src/executables/csql_support.c.o
[526/1432] Building CXX object cs/CMakeFiles/cubridcs.dir/__/src/executables/csql.c.o
[527/1432] Building CXX object cs/CMakeFiles/cubridcs.dir/__/src/base/packer.cpp.o
[528/1432] Building CXX object cs/CMakeFiles/cubridcs.dir/__/src/base/xml_parser.c.o
[529/1432] Building CXX object sa/CMakeFiles/cubridsa.dir/__/src/parser/type_checking.c.o
[530/1432] Building CXX object cs/CMakeFiles/cubridcs.dir/__/src/base/printer.cpp.o
[531/1432] Building CXX object sa/CMakeFiles/cubridsa.dir/__/src/loaddb/load_object.c.o
[532/1432] Building CXX object cs/CMakeFiles/cubridcs.dir/__/src/base/stack_dump.c.o
[533/1432] Building CXX object cs/CMakeFiles/cubridcs.dir/__/src/executables/compactdb_cl.c.o
[534/1432] Building CXX object sa/CMakeFiles/cubridsa.dir/__/src/storage/system_catalog.c.o
[535/1432] Building CXX object cs/CMakeFiles/cubridcs.dir/__/src/compat/db_old.c.o
[536/1432] Building CXX object cs/CMakeFiles/cubridcs.dir/__/src/base/string_buffer.cpp.o
[537/1432] Building CXX object cs/CMakeFiles/cubridcs.dir/__/src/communication/network_common.cpp.o
[538/1432] Building CXX object cs/CMakeFiles/cubridcs.dir/__/src/compat/db_class.c.o
[539/1432] Building CXX object cs/CMakeFiles/cubridcs.dir/__/src/communication/network_histogram.cpp.o
[540/1432] Building CXX object cs/CMakeFiles/cubridcs.dir/__/src/executables/unload_object_file.c.o
[541/1432] Building CXX object sa/CMakeFiles/cubridsa.dir/__/src/storage/page_buffer.c.o
[542/1432] Building CXX object cs/CMakeFiles/cubridcs.dir/__/src/base/util_func.c.o
[543/1432] Building CXX object cs/CMakeFiles/cubridcs.dir/__/src/heaplayers/lea_heap.c.o
[544/1432] Building CXX object sa/CMakeFiles/cubridsa.dir/__/src/storage/file_manager.c.o
[545/1432] Building CXX object cs/CMakeFiles/cubridcs.dir/__/src/executables/unload_object.c.o
[546/1432] Building CXX object cs/CMakeFiles/cubridcs.dir/__/src/compat/db_info.c.o
[547/1432] Building CXX object cs/CMakeFiles/cubridcs.dir/__/src/base/json_builder.cpp.o
[548/1432] Building CXX object sa/CMakeFiles/cubridsa.dir/__/src/loaddb/load_sa_loader.cpp.o
[549/1432] Building CXX object cs/CMakeFiles/cubridcs.dir/__/src/connection/connection_less.cpp.o
[550/1432] Building CXX object cs/CMakeFiles/cubridcs.dir/__/src/compat/db_set.c.o
[551/1432] Building CXX object cs/CMakeFiles/cubridcs.dir/__/src/base/ifsys.cpp.o
[552/1432] Building CXX object cs/CMakeFiles/cubridcs.dir/__/src/connection/connection_list_cl.cpp.o
[553/1432] Building CXX object cs/CMakeFiles/cubridcs.dir/__/src/compat/db_temp.c.o
[554/1432] Building CXX object sa/CMakeFiles/cubridsa.dir/__/src/session/session.c.o
[555/1432] Building CXX object cs/CMakeFiles/cubridcs.dir/__/src/executables/checksumdb.c.o
[556/1432] Building CXX object cs/CMakeFiles/cubridcs.dir/__/src/compat/db_macro.c.o
[557/1432] Building CXX object cs/CMakeFiles/cubridcs.dir/__/src/base/dynamic_load.c.o
[558/1432] Building CXX object cs/CMakeFiles/cubridcs.dir/__/src/heaplayers/customheaps.cpp.o
[559/1432] Building CXX object cs/CMakeFiles/cubridcs.dir/__/src/compat/db_date.c.o
[560/1432] Building CXX object cs/CMakeFiles/cubridcs.dir/__/src/compat/db_value_printer.cpp.o
[561/1432] Building CXX object cs/CMakeFiles/cubridcs.dir/__/src/compat/db_query.c.o
[562/1432] Building CXX object cs/CMakeFiles/cubridcs.dir/__/src/base/area_alloc.c.o
[563/1432] Building CXX object cs/CMakeFiles/cubridcs.dir/__/src/compat/db_method_static.cpp.o
[564/1432] Building CXX object cs/CMakeFiles/cubridcs.dir/__/src/connection/tcp.c.o
[565/1432] Building CXX object cs/CMakeFiles/cubridcs.dir/__/src/compat/db_virt.c.o
[566/1432] Building CXX object cs/CMakeFiles/cubridcs.dir/__/src/connection/heartbeat.c.o
[567/1432] Building CXX object cs/CMakeFiles/cubridcs.dir/__/src/connection/connection_globals.c.o
[568/1432] Building CXX object cs/CMakeFiles/cubridcs.dir/__/src/connection/host_lookup.c.o
[569/1432] Building CXX object cs/CMakeFiles/cubridcs.dir/__/src/executables/util_cs.c.o
[570/1432] Building CXX object sa/CMakeFiles/cubridsa.dir/__/src/optimizer/histogram/histogram_cl.cpp.o
[571/1432] Building CXX object cs/CMakeFiles/cubridcs.dir/__/src/compat/db_json_path.cpp.o
[572/1432] Building CXX object cs/CMakeFiles/cubridcs.dir/__/src/compat/db_admin.c.o
[573/1432] Building CXX object cs/CMakeFiles/cubridcs.dir/__/src/base/filesys_parser.cpp.o
[574/1432] Building CXX object cs/CMakeFiles/cubridcs.dir/__/src/compat/db_obj.c.o
[575/1432] Building CXX object cs/CMakeFiles/cubridcs.dir/__/src/object/quick_fit.c.o
[576/1432] Building CXX object cs/CMakeFiles/cubridcs.dir/__/src/object/object_print_util.cpp.o
[577/1432] Building CXX object cs/CMakeFiles/cubridcs.dir/__/src/base/memory_alloc.c.o
[578/1432] Building CXX object cs/CMakeFiles/cubridcs.dir/__/src/object/identifier_store.cpp.o
[579/1432] Building CXX object cs/CMakeFiles/cubridcs.dir/__/src/object/elo.c.o
[580/1432] Building CXX object cs/CMakeFiles/cubridcs.dir/__/src/compat/db_vdb.c.o
[581/1432] Building CXX object cs/CMakeFiles/cubridcs.dir/__/src/connection/connection_cl.cpp.o
[582/1432] Building CXX object cs/CMakeFiles/cubridcs.dir/__/src/executables/unload_schema.c.o
[583/1432] Building CXX object cs/CMakeFiles/cubridcs.dir/__/src/object/transform.c.o
[584/1432] Building CXX object cs/CMakeFiles/cubridcs.dir/__/src/base/memory_hash.c.o
[585/1432] Building CXX object cs/CMakeFiles/cubridcs.dir/__/src/optimizer/query_bitset.c.o
[586/1432] Building CXX object cs/CMakeFiles/cubridcs.dir/__/src/base/cgroup.cpp.o
[587/1432] Building CXX object cs/CMakeFiles/cubridcs.dir/__/src/object/schema_information_schema.cpp.o
[588/1432] Building CXX object cs/CMakeFiles/cubridcs.dir/__/src/base/resources.cpp.o
[589/1432] Building CXX object cs/CMakeFiles/cubridcs.dir/__/src/base/perf_monitor.c.o
[590/1432] Building CXX object cs/CMakeFiles/cubridcs.dir/__/src/base/language_support.c.o
[591/1432] Building CXX object cs/CMakeFiles/cubridcs.dir/__/src/object/schema_information_schema_definition.cpp.o
[592/1432] Building CXX object cs/CMakeFiles/cubridcs.dir/__/src/communication/network_callback_cl.cpp.o
[593/1432] Building CXX object cs/CMakeFiles/cubridcs.dir/__/src/base/ddl_log.c.o
[594/1432] Building CXX object cs/CMakeFiles/cubridcs.dir/__/src/object/class_description.cpp.o
[595/1432] Building CXX object cs/CMakeFiles/cubridcs.dir/__/src/connection/client_support.cpp.o
[596/1432] Building CXX object cs/CMakeFiles/cubridcs.dir/__/src/base/tz_support.c.o
[597/1432] Building C object cs/CMakeFiles/cubridcs.dir/__/csql_lexer.c.o
[598/1432] Building CXX object cs/CMakeFiles/cubridcs.dir/__/src/object/authenticate_owner.cpp.o
[599/1432] Building CXX object cs/CMakeFiles/cubridcs.dir/__/src/object/authenticate_grant.cpp.o
[600/1432] Building CXX object cs/CMakeFiles/cubridcs.dir/__/src/object/lob_locator.cpp.o
[601/1432] Building CXX object cs/CMakeFiles/cubridcs.dir/__/src/object/object_description.cpp.o
[602/1432] Building CXX object cs/CMakeFiles/cubridcs.dir/__/src/object/authenticate_password.cpp.o
[603/1432] Building CXX object sa/CMakeFiles/cubridsa.dir/__/src/storage/btree.c.o
[604/1432] Building CXX object cs/CMakeFiles/cubridcs.dir/__/src/object/authenticate_context.cpp.o
[605/1432] Building CXX object cs/CMakeFiles/cubridcs.dir/__/src/api/cubrid_log.c.o
[606/1432] Building CXX object cs/CMakeFiles/cubridcs.dir/__/src/object/authenticate_cache.cpp.o
[607/1432] Building CXX object cs/CMakeFiles/cubridcs.dir/__/src/communication/network_cl.c.o
[608/1432] Building CXX object cs/CMakeFiles/cubridcs.dir/__/src/base/system_parameter.c.o
[609/1432] Building CXX object cs/CMakeFiles/cubridcs.dir/__/src/object/authenticate_access_auth.cpp.o
[610/1432] Building CXX object cs/CMakeFiles/cubridcs.dir/__/src/object/authenticate_access_class.cpp.o
[611/1432] Building CXX object cs/CMakeFiles/cubridcs.dir/__/src/connection/connection_support.cpp.o
[612/1432] Building CXX object cs/CMakeFiles/cubridcs.dir/__/src/object/deduplicate_key.c.o
[613/1432] Building CXX object cs/CMakeFiles/cubridcs.dir/__/src/object/authenticate_migration.cpp.o
[614/1432] Building CXX object cs/CMakeFiles/cubridcs.dir/__/src/object/authenticate.c.o
[615/1432] Building CXX object cs/CMakeFiles/cubridcs.dir/__/src/object/schema_system_catalog.cpp.o
[616/1432] Building CXX object cs/CMakeFiles/cubridcs.dir/__/src/object/authenticate_access_user.cpp.o
[617/1432] Building CXX object cs/CMakeFiles/cubridcs.dir/__/src/object/schema_system_catalog_install_query_spec.cpp.o
[618/1432] Building CXX object sa/CMakeFiles/cubridsa.dir/__/src/optimizer/histogram/histogram_sampler_sr.cpp.o
[619/1432] Building CXX object cs/CMakeFiles/cubridcs.dir/__/src/object/schema_system_catalog_definition.cpp.o
[620/1432] Building CXX object cs/CMakeFiles/cubridcs.dir/__/src/object/schema_information_schema_install_query_spec.cpp.o
[621/1432] Building CXX object cs/CMakeFiles/cubridcs.dir/__/src/object/schema_information_schema_builder.cpp.o
[622/1432] Building CXX object cs/CMakeFiles/cubridcs.dir/__/src/object/object_template.c.o
[623/1432] Building CXX object cs/CMakeFiles/cubridcs.dir/__/src/object/object_print.c.o
[624/1432] Building CXX object sa/CMakeFiles/cubridsa.dir/__/src/storage/heap_file.c.o
[625/1432] Building CXX object cs/CMakeFiles/cubridcs.dir/__/src/optimizer/rewriter/query_rewrite_subquery.c.o
[626/1432] Building CXX object cs/CMakeFiles/cubridcs.dir/__/src/object/class_object.c.o
[627/1432] Building CXX object cs/CMakeFiles/cubridcs.dir/__/src/object/virtual_object.c.o
[628/1432] Building CXX object cs/CMakeFiles/cubridcs.dir/__/src/object/set_object.c.o
[629/1432] Building CXX object cs/CMakeFiles/cubridcs.dir/__/src/optimizer/rewriter/query_rewrite_set.c.o
[630/1432] Building CXX object cs/CMakeFiles/cubridcs.dir/__/src/method/method_query_result.cpp.o
[631/1432] Building CXX object cs/CMakeFiles/cubridcs.dir/__/src/object/object_printer.cpp.o
[632/1432] Building CXX object cs/CMakeFiles/cubridcs.dir/__/src/object/schema_system_catalog_builder.cpp.o
[633/1432] Building CXX object cs/CMakeFiles/cubridcs.dir/__/src/object/object_accessor.c.o
[634/1432] Building CXX object cs/CMakeFiles/cubridcs.dir/__/src/parser/cnf.c.o
[635/1432] Building CXX object cs/CMakeFiles/cubridcs.dir/__/src/object/transform_cl.c.o
[636/1432] Building CXX object cs/CMakeFiles/cubridcs.dir/__/src/object/schema_class_truncator.cpp.o
[637/1432] Building CXX object cs/CMakeFiles/cubridcs.dir/__/src/object/work_space.c.o
[638/1432] Building CXX object cs/CMakeFiles/cubridcs.dir/__/src/optimizer/rewriter/query_rewrite_select.c.o
[639/1432] Building CXX object cs/CMakeFiles/cubridcs.dir/__/src/object/trigger_description.cpp.o
[640/1432] Building CXX object cs/CMakeFiles/cubridcs.dir/__/src/optimizer/rewriter/query_rewrite_auto_parameterize.c.o
[641/1432] Building CXX object cs/CMakeFiles/cubridcs.dir/__/src/object/trigger_manager.c.o
[642/1432] Building CXX object cs/CMakeFiles/cubridcs.dir/__/src/object/object_domain.c.o
[643/1432] Building CXX object cs/CMakeFiles/cubridcs.dir/__/src/transaction/lock_table.c.o
[644/1432] Building CXX object cs/CMakeFiles/cubridcs.dir/__/src/object/object_representation.c.o
[645/1432] Building CXX object cs/CMakeFiles/cubridcs.dir/__/src/compat/db_json.cpp.o
[646/1432] Building CXX object cs/CMakeFiles/cubridcs.dir/__/src/method/method_error.cpp.o
[647/1432] Building CXX object cs/CMakeFiles/cubridcs.dir/__/src/parser/func_type.cpp.o
[648/1432] Building CXX object cs/CMakeFiles/cubridcs.dir/__/src/transaction/log_lsa.cpp.o
[649/1432] Building CXX object cs/CMakeFiles/cubridcs.dir/__/src/method/method_struct_parameter_info.cpp.o
[650/1432] Building CXX object cs/CMakeFiles/cubridcs.dir/__/src/communication/network_interface_cl.c.o
/home/vimkim/gh/cb/oos-ci-f4299ac/src/communication/network_interface_cl.c: In function ‘int heap_create(HFID*, const OID*, bool)’:
/home/vimkim/gh/cb/oos-ci-f4299ac/src/communication/network_interface_cl.c:1679:22: warning: ‘request’ may be used uninitialized [-Wmaybe-uninitialized]
 1679 |   ptr = or_pack_hfid (request, hfid);
      |         ~~~~~~~~~~~~~^~~~~~~~~~~~~~~
In file included from /home/vimkim/gh/cb/oos-ci-f4299ac/src/communication/network_interface_cl.c:58:
/home/vimkim/gh/cb/oos-ci-f4299ac/src/base/object_representation.h:1142:14: note: by argument 1 of type ‘const char*’ to ‘char* or_pack_hfid(const char*, const HFID*)’ declared here
 1142 | extern char *or_pack_hfid (const char *ptr, const HFID * hfid);
      |              ^~~~~~~~~~~~
/home/vimkim/gh/cb/oos-ci-f4299ac/src/communication/network_interface_cl.c:1671:61: note: ‘a_request’ declared here
 1671 |   OR_ALIGNED_BUF (OR_HFID_SIZE + OR_OID_SIZE + OR_INT_SIZE) a_request;
      |                                                             ^~~~~~~~~
/home/vimkim/gh/cb/oos-ci-f4299ac/src/communication/network_interface_cl.c: In function ‘int heap_destroy_newly_created(const HFID*, const OID*, bool)’:
/home/vimkim/gh/cb/oos-ci-f4299ac/src/communication/network_interface_cl.c:1779:22: warning: ‘request’ may be used uninitialized [-Wmaybe-uninitialized]
 1779 |   ptr = or_pack_hfid (request, hfid);
      |         ~~~~~~~~~~~~~^~~~~~~~~~~~~~~
In file included from /home/vimkim/gh/cb/oos-ci-f4299ac/src/communication/network_interface_cl.c:58:
/home/vimkim/gh/cb/oos-ci-f4299ac/src/base/object_representation.h:1142:14: note: by argument 1 of type ‘const char*’ to ‘char* or_pack_hfid(const char*, const HFID*)’ declared here
 1142 | extern char *or_pack_hfid (const char *ptr, const HFID * hfid);
      |              ^~~~~~~~~~~~
/home/vimkim/gh/cb/oos-ci-f4299ac/src/communication/network_interface_cl.c:1771:61: note: ‘a_request’ declared here
 1771 |   OR_ALIGNED_BUF (OR_HFID_SIZE + OR_OID_SIZE + OR_INT_SIZE) a_request;
      |                                                             ^~~~~~~~~
/home/vimkim/gh/cb/oos-ci-f4299ac/src/communication/network_interface_cl.c: In function ‘int heap_get_class_num_objects_pages(HFID*, int, int*, int*)’:
/home/vimkim/gh/cb/oos-ci-f4299ac/src/communication/network_interface_cl.c:1831:22: warning: ‘request’ may be used uninitialized [-Wmaybe-uninitialized]
 1831 |   ptr = or_pack_hfid (request, hfid);
      |         ~~~~~~~~~~~~~^~~~~~~~~~~~~~~
In file included from /home/vimkim/gh/cb/oos-ci-f4299ac/src/communication/network_interface_cl.c:58:
/home/vimkim/gh/cb/oos-ci-f4299ac/src/base/object_representation.h:1142:14: note: by argument 1 of type ‘const char*’ to ‘char* or_pack_hfid(const char*, const HFID*)’ declared here
 1142 | extern char *or_pack_hfid (const char *ptr, const HFID * hfid);
      |              ^~~~~~~~~~~~
/home/vimkim/gh/cb/oos-ci-f4299ac/src/communication/network_interface_cl.c:1822:47: note: ‘a_request’ declared here
 1822 |   OR_ALIGNED_BUF (OR_HFID_SIZE + OR_INT_SIZE) a_request;
      |                                               ^~~~~~~~~
/home/vimkim/gh/cb/oos-ci-f4299ac/src/communication/network_interface_cl.c: In function ‘int heap_has_instance(HFID*, OID*, int)’:
/home/vimkim/gh/cb/oos-ci-f4299ac/src/communication/network_interface_cl.c:1885:22: warning: ‘request’ may be used uninitialized [-Wmaybe-uninitialized]
 1885 |   ptr = or_pack_hfid (request, hfid);
      |         ~~~~~~~~~~~~~^~~~~~~~~~~~~~~
In file included from /home/vimkim/gh/cb/oos-ci-f4299ac/src/communication/network_interface_cl.c:58:
/home/vimkim/gh/cb/oos-ci-f4299ac/src/base/object_representation.h:1142:14: note: by argument 1 of type ‘const char*’ to ‘char* or_pack_hfid(const char*, const HFID*)’ declared here
 1142 | extern char *or_pack_hfid (const char *ptr, const HFID * hfid);
      |              ^~~~~~~~~~~~
/home/vimkim/gh/cb/oos-ci-f4299ac/src/communication/network_interface_cl.c:1876:61: note: ‘a_request’ declared here
 1876 |   OR_ALIGNED_BUF (OR_HFID_SIZE + OR_OID_SIZE + OR_INT_SIZE) a_request;
      |                                                             ^~~~~~~~~
/home/vimkim/gh/cb/oos-ci-f4299ac/src/communication/network_interface_cl.c: In function ‘int heap_reclaim_addresses(const HFID*)’:
/home/vimkim/gh/cb/oos-ci-f4299ac/src/communication/network_interface_cl.c:1934:22: warning: ‘request’ may be used uninitialized [-Wmaybe-uninitialized]
 1934 |   ptr = or_pack_hfid (request, hfid);
      |         ~~~~~~~~~~~~~^~~~~~~~~~~~~~~
In file included from /home/vimkim/gh/cb/oos-ci-f4299ac/src/communication/network_interface_cl.c:58:
/home/vimkim/gh/cb/oos-ci-f4299ac/src/base/object_representation.h:1142:14: note: by argument 1 of type ‘const char*’ to ‘char* or_pack_hfid(const char*, const HFID*)’ declared here
 1142 | extern char *or_pack_hfid (const char *ptr, const HFID * hfid);
      |              ^~~~~~~~~~~~
/home/vimkim/gh/cb/oos-ci-f4299ac/src/communication/network_interface_cl.c:1926:47: note: ‘a_request’ declared here
 1926 |   OR_ALIGNED_BUF (OR_HFID_SIZE + OR_INT_SIZE) a_request;
      |                                               ^~~~~~~~~
/home/vimkim/gh/cb/oos-ci-f4299ac/src/communication/network_interface_cl.c: In function ‘int lob_remove_dir(HFID*, int)’:
/home/vimkim/gh/cb/oos-ci-f4299ac/src/communication/network_interface_cl.c:11967:22: warning: ‘request’ may be used uninitialized [-Wmaybe-uninitialized]
11967 |   ptr = or_pack_hfid (request, hfid);
      |         ~~~~~~~~~~~~~^~~~~~~~~~~~~~~
In file included from /home/vimkim/gh/cb/oos-ci-f4299ac/src/communication/network_interface_cl.c:58:
/home/vimkim/gh/cb/oos-ci-f4299ac/src/base/object_representation.h:1142:14: note: by argument 1 of type ‘const char*’ to ‘char* or_pack_hfid(const char*, const HFID*)’ declared here
 1142 | extern char *or_pack_hfid (const char *ptr, const HFID * hfid);
      |              ^~~~~~~~~~~~
/home/vimkim/gh/cb/oos-ci-f4299ac/src/communication/network_interface_cl.c:11956:47: note: ‘a_request’ declared here
11956 |   OR_ALIGNED_BUF (OR_HFID_SIZE + OR_INT_SIZE) a_request;
      |                                               ^~~~~~~~~
At global scope:
cc1plus: note: unrecognized command-line option ‘-Wno-template-body’ may have been intended to silence earlier diagnostics
[651/1432] Building CXX object cs/CMakeFiles/cubridcs.dir/__/src/optimizer/plan_generation.c.o
[652/1432] Building CXX object cs/CMakeFiles/cubridcs.dir/__/src/sp/pl_signature.cpp.o
[653/1432] Building CXX object cs/CMakeFiles/cubridcs.dir/__/src/object/object_primitive.c.o
[654/1432] Building CXX object cs/CMakeFiles/cubridcs.dir/__/src/parser/double_byte_support.c.o
[655/1432] Building CXX object cs/CMakeFiles/cubridcs.dir/__/src/storage/byte_order.c.o
[656/1432] Building CXX object cs/CMakeFiles/cubridcs.dir/__/src/query/crypt_opfunc.c.o
[657/1432] Building CXX object cs/CMakeFiles/cubridcs.dir/__/src/object/schema_template.c.o
[658/1432] Building CXX object cs/CMakeFiles/cubridcs.dir/__/src/parser/keyword.c.o
[659/1432] Building CXX object cs/CMakeFiles/cubridcs.dir/__/src/optimizer/rewriter/query_rewrite_term.c.o
[660/1432] Building CXX object cs/CMakeFiles/cubridcs.dir/__/src/storage/es_posix.c.o
[661/1432] Building CXX object cs/CMakeFiles/cubridcs.dir/__/src/optimizer/rewriter/query_rewrite.c.o
[662/1432] Building CXX object cs/CMakeFiles/cubridcs.dir/__/src/parser/method_transform.c.o
[663/1432] Building CXX object cs/CMakeFiles/cubridcs.dir/__/src/method/method_struct_invoke.cpp.o
[664/1432] Building CXX object cs/CMakeFiles/cubridcs.dir/__/src/transaction/log_compress.c.o
[665/1432] Building CXX object cs/CMakeFiles/cubridcs.dir/__/src/object/schema_information_schema_install.cpp.o
[666/1432] Building CXX object cs/CMakeFiles/cubridcs.dir/__/src/parser/parse_evaluate.c.o
[667/1432] Building CXX object cs/CMakeFiles/cubridcs.dir/__/src/parser/compile.c.o
[668/1432] Building CXX object cs/CMakeFiles/cubridcs.dir/__/src/query/string_regex_re2.cpp.o
[669/1432] Building CXX object cs/CMakeFiles/cubridcs.dir/__/src/method/method_query_util.cpp.o
[670/1432] Building CXX object cs/CMakeFiles/cubridcs.dir/__/src/object/schema_manager.c.o
[671/1432] Building CXX object cs/CMakeFiles/cubridcs.dir/__/src/storage/es_owfs.c.o
[672/1432] Building CXX object cs/CMakeFiles/cubridcs.dir/__/src/storage/es_common.c.o
[673/1432] Building CXX object cs/CMakeFiles/cubridcs.dir/__/src/parser/parse_tree.c.o
[674/1432] Building CXX object cs/CMakeFiles/cubridcs.dir/__/src/parser/parse_type.cpp.o
[675/1432] Building CXX object cs/CMakeFiles/cubridcs.dir/__/src/transaction/client_credentials.cpp.o
[676/1432] Building CXX object cs/CMakeFiles/cubridcs.dir/__/src/parser/parse_dbi.c.o
[677/1432] Building CXX object cs/CMakeFiles/cubridcs.dir/__/src/parser/show_meta.c.o
[678/1432] Building CXX object cs/CMakeFiles/cubridcs.dir/__/src/method/method_struct_schema_info.cpp.o
[679/1432] Building CXX object cs/CMakeFiles/cubridcs.dir/__/src/storage/oid.c.o
[680/1432] Building CXX object cs/CMakeFiles/cubridcs.dir/__/src/parser/scanner_support.c.o
[681/1432] Building CXX object cs/CMakeFiles/cubridcs.dir/__/src/method/method_oid_handler.cpp.o
[682/1432] Building CXX object cs/CMakeFiles/cubridcs.dir/__/src/transaction/locator.c.o
[683/1432] Building CXX object cs/CMakeFiles/cubridcs.dir/__/src/method/method_struct_oid_info.cpp.o
[684/1432] Building CXX object cs/CMakeFiles/cubridcs.dir/__/src/parser/xasl_regu_alloc.cpp.o
[685/1432] Building CXX object cs/CMakeFiles/cubridcs.dir/__/src/sp/pl_struct_compile.cpp.o
[686/1432] Building CXX object cs/CMakeFiles/cubridcs.dir/__/src/optimizer/query_graph.c.o
[687/1432] Building CXX object cs/CMakeFiles/cubridcs.dir/__/src/storage/storage_common.c.o
[688/1432] Building CXX object cs/CMakeFiles/cubridcs.dir/__/src/parser/parser_allocator.cpp.o
[689/1432] Building CXX object cs/CMakeFiles/cubridcs.dir/__/src/method/method_struct_query.cpp.o
[690/1432] Building CXX object cs/CMakeFiles/cubridcs.dir/__/src/xasl/xasl_unpack_info.cpp.o
[691/1432] Building CXX object cs/CMakeFiles/cubridcs.dir/__/src/optimizer/query_planner.c.o
[692/1432] Building CXX object cs/CMakeFiles/cubridcs.dir/__/src/query/regu_var.cpp.o
[693/1432] Building CXX object cs/CMakeFiles/cubridcs.dir/__/src/parser/query_result.c.o
[694/1432] Building CXX object cs/CMakeFiles/cubridcs.dir/__/src/storage/tde.c.o
[695/1432] Building CXX object cs/CMakeFiles/cubridcs.dir/__/src/query/numeric_opfunc.c.o
[696/1432] Building CXX object cs/CMakeFiles/cubridcs.dir/__/src/query/string_regex.cpp.o
[697/1432] Building CXX object cs/CMakeFiles/cubridcs.dir/__/src/query/cursor.c.o
[698/1432] Building CXX object cs/CMakeFiles/cubridcs.dir/__/src/query/query_dump.c.o
[699/1432] Building CXX object cs/CMakeFiles/cubridcs.dir/__/src/parser/parser_support.c.o
[700/1432] Building CXX object cs/CMakeFiles/cubridcs.dir/__/src/xasl/access_json_table.cpp.o
[701/1432] Building CXX object cs/CMakeFiles/cubridcs.dir/__/src/object/schema_system_catalog_install.cpp.o
[702/1432] Building CXX object cs/CMakeFiles/cubridcs.dir/__/src/optimizer/histogram/histogram_builder.cpp.o
[703/1432] Building CXX object cs/CMakeFiles/cubridcs.dir/__/src/query/query_cl.c.o
[704/1432] Building CXX object cs/CMakeFiles/cubridcs.dir/__/src/sp/pl_comm.c.o
[705/1432] Building CXX object cs/CMakeFiles/cubridcs.dir/__/src/parser/name_resolution.c.o
[706/1432] Building CXX object cs/CMakeFiles/cubridcs.dir/__/src/query/arithmetic.c.o
[707/1432] Building CXX object cs/CMakeFiles/cubridcs.dir/__/src/optimizer/histogram/histogram_reader.cpp.o
[708/1432] Building CXX object cs/CMakeFiles/cubridcs.dir/__/src/parser/view_transform.c.o
[709/1432] Building CXX object cs/CMakeFiles/cubridcs.dir/__/src/storage/file_io.c.o
[710/1432] Building CXX object cs/CMakeFiles/cubridcs.dir/__/src/storage/es.c.o
[711/1432] Building CXX object cs/CMakeFiles/cubridcs.dir/__/src/query/xasl_to_stream.c.o
[712/1432] Building CXX object cs/CMakeFiles/cubridcs.dir/__/src/loaddb/load_common.cpp.o
[713/1432] Building CXX object cs/CMakeFiles/cubridcs.dir/__/src/method/method_struct_value.cpp.o
[714/1432] Building CXX object cs/CMakeFiles/cubridcs.dir/__/src/transaction/log_comm.c.o
[715/1432] Building CXX object cs/CMakeFiles/cubridcs.dir/__/src/parser/semantic_check.c.o
[716/1432] Building CXX object cs/CMakeFiles/cubridcs.dir/__/src/method/method_query_handler.cpp.o
[717/1432] Building CXX object cubrid/CMakeFiles/cubrid.dir/__/src/base/binaryheap.c.o
[718/1432] Building CXX object cs/CMakeFiles/cubridcs.dir/__/src/transaction/transaction_cl.c.o
[719/1432] Building CXX object cubrid/CMakeFiles/cubrid.dir/__/src/base/chartype.c.o
[720/1432] Building CXX object cubrid/CMakeFiles/cubrid.dir/__/src/base/fileline_location.cpp.o
[721/1432] Building CXX object cubrid/CMakeFiles/cubrid.dir/__/src/base/encryption.c.o
[722/1432] Building CXX object cubrid/CMakeFiles/cubrid.dir/__/src/base/bit.c.o
[723/1432] Building CXX object cubrid/CMakeFiles/cubrid.dir/__/src/base/dtoa.c.o
[724/1432] Building CXX object cubrid/CMakeFiles/cubrid.dir/__/src/base/dynamic_array.c.o
[725/1432] Building CXX object cs/CMakeFiles/cubridcs.dir/__/src/xasl/xasl_stream.cpp.o
[726/1432] Building CXX object cs/CMakeFiles/cubridcs.dir/__/src/query/parallel/px_scan/px_scan_instnum.cpp.o
[727/1432] Building CXX object cs/CMakeFiles/cubridcs.dir/__/src/query/execute_schema.c.o
[728/1432] Building CXX object cs/CMakeFiles/cubridcs.dir/__/src/method/method_schema_info.cpp.o
[729/1432] Building CXX object cs/CMakeFiles/cubridcs.dir/__/src/storage/statistics_cl.c.o
[730/1432] Building CXX object cs/CMakeFiles/cubridcs.dir/__/src/xasl/xasl_analytic.cpp.o
[731/1432] Building CXX object cs/CMakeFiles/cubridcs.dir/__/src/transaction/locator_cl.c.o
[732/1432] Building CXX object cubrid/CMakeFiles/cubrid.dir/__/src/base/lockfree_transaction_system.cpp.o
[733/1432] Building CXX object cs/CMakeFiles/cubridcs.dir/__/src/transaction/flashback_cl.c.o
[734/1432] Building CXX object cs/CMakeFiles/cubridcs.dir/__/src/transaction/log_writer.c.o
[735/1432] Building CXX object cs/CMakeFiles/cubridcs.dir/__/src/transaction/log_applier_sql_log.c.o
[736/1432] Building CXX object cubrid/CMakeFiles/cubrid.dir/__/src/base/environment_variable.c.o
[737/1432] Building CXX object cs/CMakeFiles/cubridcs.dir/__/src/sp/jsp_cl.cpp.o
[738/1432] Building CXX object cs/CMakeFiles/cubridcs.dir/__/src/xasl/xasl_predicate.cpp.o
[739/1432] Building CXX object cubrid/CMakeFiles/cubrid.dir/__/src/base/base64.c.o
[740/1432] Building CXX object cs/CMakeFiles/cubridcs.dir/__/src/parser/type_checking.c.o
[741/1432] Building CXX object cubrid/CMakeFiles/cubrid.dir/__/src/base/locale_helper.cpp.o
[742/1432] Building CXX object cs/CMakeFiles/cubridcs.dir/__/src/parser/parse_tree_cl.c.o
[743/1432] Building CXX object cs/CMakeFiles/cubridcs.dir/__/src/transaction/boot_cl.c.o
[744/1432] Building CXX object cubrid/CMakeFiles/cubrid.dir/__/src/base/fixed_alloc.c.o
[745/1432] Building CXX object cubrid/CMakeFiles/cubrid.dir/__/src/base/cubrid_getopt_long.c.o
[746/1432] Building CXX object cs/CMakeFiles/cubridcs.dir/__/src/method/query_method.cpp.o
[747/1432] Building CXX object cubrid/CMakeFiles/cubrid.dir/__/src/base/ini_parser.c.o
[748/1432] Building CXX object cubrid/CMakeFiles/cubrid.dir/__/src/base/area_alloc.c.o
[749/1432] Building CXX object cubrid/CMakeFiles/cubrid.dir/__/src/base/databases_file.c.o
[750/1432] Building CXX object cubrid/CMakeFiles/cubrid.dir/__/src/base/filesys_temp.cpp.o
[751/1432] Building CXX object cs/CMakeFiles/cubridcs.dir/__/src/query/parallel/px_query_execute/px_query_checker.cpp.o
[752/1432] Building CXX object cs/CMakeFiles/cubridcs.dir/__/src/query/execute_statement.c.o
[753/1432] Building CXX object cs/CMakeFiles/cubridcs.dir/__/src/query/parallel/px_scan/px_scan_checker.cpp.o
[754/1432] Building CXX object cubrid/CMakeFiles/cubrid.dir/__/src/base/lockfree_bitmap.cpp.o
[755/1432] Building CXX object cubrid/CMakeFiles/cubrid.dir/__/src/base/lockfree_transaction_descriptor.cpp.o
[756/1432] Building CXX object cs/CMakeFiles/cubridcs.dir/__/src/parser/xasl_generation.c.o
[757/1432] Building CXX object cubrid/CMakeFiles/cubrid.dir/__/src/base/lock_free.c.o
[758/1432] Building CXX object cubrid/CMakeFiles/cubrid.dir/__/src/base/locale_support.c.o
[759/1432] Building CXX object cubrid/CMakeFiles/cubrid.dir/__/src/base/error_context.cpp.o
[760/1432] Building CXX object cubrid/CMakeFiles/cubrid.dir/__/src/base/pinnable_buffer.cpp.o
[761/1432] Building C object cs/CMakeFiles/cubridcs.dir/__/csql_grammar.c.o
/home/vimkim/gh/cb/oos-ci-f4299ac/build_preset_debug_gcc/csql_grammar.c: In function ‘yyuserAction’:
/home/vimkim/gh/cb/oos-ci-f4299ac/build_preset_debug_gcc/csql_grammar.c:42255:80: warning: implicit conversion from ‘enum pt_currency_types’ to ‘DB_CURRENCY’ [-Wenum-conversion]
42255 |                             pt_value_set_monetary (this_parser, val, str, txt, PT_CURRENCY_YEN);
      |                                                                                ^~~~~~~~~~~~~~~
/home/vimkim/gh/cb/oos-ci-f4299ac/build_preset_debug_gcc/csql_grammar.c:42275:80: warning: implicit conversion from ‘enum pt_currency_types’ to ‘DB_CURRENCY’ [-Wenum-conversion]
42275 |                             pt_value_set_monetary (this_parser, val, str, txt, PT_CURRENCY_DOLLAR);
      |                                                                                ^~~~~~~~~~~~~~~~~~
/home/vimkim/gh/cb/oos-ci-f4299ac/build_preset_debug_gcc/csql_grammar.c:42295:80: warning: implicit conversion from ‘enum pt_currency_types’ to ‘DB_CURRENCY’ [-Wenum-conversion]
42295 |                             pt_value_set_monetary (this_parser, val, str, txt, PT_CURRENCY_WON);
      |                                                                                ^~~~~~~~~~~~~~~
/home/vimkim/gh/cb/oos-ci-f4299ac/build_preset_debug_gcc/csql_grammar.c:42315:80: warning: implicit conversion from ‘enum pt_currency_types’ to ‘DB_CURRENCY’ [-Wenum-conversion]
42315 |                             pt_value_set_monetary (this_parser, val, str, txt, PT_CURRENCY_TL);
      |                                                                                ^~~~~~~~~~~~~~
/home/vimkim/gh/cb/oos-ci-f4299ac/build_preset_debug_gcc/csql_grammar.c:42335:80: warning: implicit conversion from ‘enum pt_currency_types’ to ‘DB_CURRENCY’ [-Wenum-conversion]
42335 |                             pt_value_set_monetary (this_parser, val, str, txt, PT_CURRENCY_BRITISH_POUND);
      |                                                                                ^~~~~~~~~~~~~~~~~~~~~~~~~
/home/vimkim/gh/cb/oos-ci-f4299ac/build_preset_debug_gcc/csql_grammar.c:42354:80: warning: implicit conversion from ‘enum pt_currency_types’ to ‘DB_CURRENCY’ [-Wenum-conversion]
42354 |                             pt_value_set_monetary (this_parser, val, str, txt, PT_CURRENCY_CAMBODIAN_RIEL);
      |                                                                                ^~~~~~~~~~~~~~~~~~~~~~~~~~
/home/vimkim/gh/cb/oos-ci-f4299ac/build_preset_debug_gcc/csql_grammar.c:42373:80: warning: implicit conversion from ‘enum pt_currency_types’ to ‘DB_CURRENCY’ [-Wenum-conversion]
42373 |                             pt_value_set_monetary (this_parser, val, str, txt, PT_CURRENCY_CHINESE_RENMINBI);
      |                                                                                ^~~~~~~~~~~~~~~~~~~~~~~~~~~~
/home/vimkim/gh/cb/oos-ci-f4299ac/build_preset_debug_gcc/csql_grammar.c:42392:80: warning: implicit conversion from ‘enum pt_currency_types’ to ‘DB_CURRENCY’ [-Wenum-conversion]
42392 |                             pt_value_set_monetary (this_parser, val, str, txt, PT_CURRENCY_INDIAN_RUPEE);
      |                                                                                ^~~~~~~~~~~~~~~~~~~~~~~~
/home/vimkim/gh/cb/oos-ci-f4299ac/build_preset_debug_gcc/csql_grammar.c:42411:80: warning: implicit conversion from ‘enum pt_currency_types’ to ‘DB_CURRENCY’ [-Wenum-conversion]
42411 |                             pt_value_set_monetary (this_parser, val, str, txt, PT_CURRENCY_RUSSIAN_RUBLE);
      |                                                                                ^~~~~~~~~~~~~~~~~~~~~~~~~
/home/vimkim/gh/cb/oos-ci-f4299ac/build_preset_debug_gcc/csql_grammar.c:42430:80: warning: implicit conversion from ‘enum pt_currency_types’ to ‘DB_CURRENCY’ [-Wenum-conversion]
42430 |                             pt_value_set_monetary (this_parser, val, str, txt, PT_CURRENCY_AUSTRALIAN_DOLLAR);
      |                                                                                ^~~~~~~~~~~~~~~~~~~~~~~~~~~~~
/home/vimkim/gh/cb/oos-ci-f4299ac/build_preset_debug_gcc/csql_grammar.c:42449:80: warning: implicit conversion from ‘enum pt_currency_types’ to ‘DB_CURRENCY’ [-Wenum-conversion]
42449 |                             pt_value_set_monetary (this_parser, val, str, txt, PT_CURRENCY_CANADIAN_DOLLAR);
      |                                                                                ^~~~~~~~~~~~~~~~~~~~~~~~~~~
/home/vimkim/gh/cb/oos-ci-f4299ac/build_preset_debug_gcc/csql_grammar.c:42468:80: warning: implicit conversion from ‘enum pt_currency_types’ to ‘DB_CURRENCY’ [-Wenum-conversion]
42468 |                             pt_value_set_monetary (this_parser, val, str, txt, PT_CURRENCY_BRASILIAN_REAL);
      |                                                                                ^~~~~~~~~~~~~~~~~~~~~~~~~~
/home/vimkim/gh/cb/oos-ci-f4299ac/build_preset_debug_gcc/csql_grammar.c:42487:80: warning: implicit conversion from ‘enum pt_currency_types’ to ‘DB_CURRENCY’ [-Wenum-conversion]
42487 |                             pt_value_set_monetary (this_parser, val, str, txt, PT_CURRENCY_ROMANIAN_LEU);
      |                                                                                ^~~~~~~~~~~~~~~~~~~~~~~~
/home/vimkim/gh/cb/oos-ci-f4299ac/build_preset_debug_gcc/csql_grammar.c:42506:80: warning: implicit conversion from ‘enum pt_currency_types’ to ‘DB_CURRENCY’ [-Wenum-conversion]
42506 |                             pt_value_set_monetary (this_parser, val, str, txt, PT_CURRENCY_EURO);
      |                                                                                ^~~~~~~~~~~~~~~~
/home/vimkim/gh/cb/oos-ci-f4299ac/build_preset_debug_gcc/csql_grammar.c:42525:80: warning: implicit conversion from ‘enum pt_currency_types’ to ‘DB_CURRENCY’ [-Wenum-conversion]
42525 |                             pt_value_set_monetary (this_parser, val, str, txt, PT_CURRENCY_SWISS_FRANC);
      |                                                                                ^~~~~~~~~~~~~~~~~~~~~~~
/home/vimkim/gh/cb/oos-ci-f4299ac/build_preset_debug_gcc/csql_grammar.c:42544:80: warning: implicit conversion from ‘enum pt_currency_types’ to ‘DB_CURRENCY’ [-Wenum-conversion]
42544 |                             pt_value_set_monetary (this_parser, val, str, txt, PT_CURRENCY_DANISH_KRONE);
      |                                                                                ^~~~~~~~~~~~~~~~~~~~~~~~
/home/vimkim/gh/cb/oos-ci-f4299ac/build_preset_debug_gcc/csql_grammar.c:42563:80: warning: implicit conversion from ‘enum pt_currency_types’ to ‘DB_CURRENCY’ [-Wenum-conversion]
42563 |                             pt_value_set_monetary (this_parser, val, str, txt, PT_CURRENCY_NORWEGIAN_KRONE);
      |                                                                                ^~~~~~~~~~~~~~~~~~~~~~~~~~~
/home/vimkim/gh/cb/oos-ci-f4299ac/build_preset_debug_gcc/csql_grammar.c:42582:80: warning: implicit conversion from ‘enum pt_currency_types’ to ‘DB_CURRENCY’ [-Wenum-conversion]
42582 |                             pt_value_set_monetary (this_parser, val, str, txt, PT_CURRENCY_BULGARIAN_LEV);
      |                                                                                ^~~~~~~~~~~~~~~~~~~~~~~~~
/home/vimkim/gh/cb/oos-ci-f4299ac/build_preset_debug_gcc/csql_grammar.c:42601:80: warning: implicit conversion from ‘enum pt_currency_types’ to ‘DB_CURRENCY’ [-Wenum-conversion]
42601 |                             pt_value_set_monetary (this_parser, val, str, txt, PT_CURRENCY_VIETNAMESE_DONG);
      |                                                                                ^~~~~~~~~~~~~~~~~~~~~~~~~~~
/home/vimkim/gh/cb/oos-ci-f4299ac/build_preset_debug_gcc/csql_grammar.c:42620:80: warning: implicit conversion from ‘enum pt_currency_types’ to ‘DB_CURRENCY’ [-Wenum-conversion]
42620 |                             pt_value_set_monetary (this_parser, val, str, txt, PT_CURRENCY_CZECH_KORUNA);
      |                                                                                ^~~~~~~~~~~~~~~~~~~~~~~~
/home/vimkim/gh/cb/oos-ci-f4299ac/build_preset_debug_gcc/csql_grammar.c:42639:80: warning: implicit conversion from ‘enum pt_currency_types’ to ‘DB_CURRENCY’ [-Wenum-conversion]
42639 |                             pt_value_set_monetary (this_parser, val, str, txt, PT_CURRENCY_POLISH_ZLOTY);
      |                                                                                ^~~~~~~~~~~~~~~~~~~~~~~~
/home/vimkim/gh/cb/oos-ci-f4299ac/build_preset_debug_gcc/csql_grammar.c:42658:80: warning: implicit conversion from ‘enum pt_currency_types’ to ‘DB_CURRENCY’ [-Wenum-conversion]
42658 |                             pt_value_set_monetary (this_parser, val, str, txt, PT_CURRENCY_SWEDISH_KRONA);
      |                                                                                ^~~~~~~~~~~~~~~~~~~~~~~~~
/home/vimkim/gh/cb/oos-ci-f4299ac/build_preset_debug_gcc/csql_grammar.c:42677:80: warning: implicit conversion from ‘enum pt_currency_types’ to ‘DB_CURRENCY’ [-Wenum-conversion]
42677 |                             pt_value_set_monetary (this_parser, val, str, txt, PT_CURRENCY_CROATIAN_KUNA);
      |                                                                                ^~~~~~~~~~~~~~~~~~~~~~~~~
/home/vimkim/gh/cb/oos-ci-f4299ac/build_preset_debug_gcc/csql_grammar.c:42696:80: warning: implicit conversion from ‘enum pt_currency_types’ to ‘DB_CURRENCY’ [-Wenum-conversion]
42696 |                             pt_value_set_monetary (this_parser, val, str, txt, PT_CURRENCY_SERBIAN_DINAR);
      |                                                                                ^~~~~~~~~~~~~~~~~~~~~~~~~
/home/vimkim/gh/cb/oos-ci-f4299ac/build_preset_debug_gcc/csql_grammar.c: In function ‘pt_value_set_monetary’:
/home/vimkim/gh/cb/oos-ci-f4299ac/build_preset_debug_gcc/csql_grammar.c:48751:42: warning: implicit conversion from ‘DB_CURRENCY’ to ‘PT_CURRENCY’ {aka ‘enum pt_currency_types’} [-Wenum-conversion]
48751 |   node->info.value.data_value.money.type = type;
      |                                          ^
[762/1432] Building CXX object cs/CMakeFiles/cubridcs.dir/__/src/method/method_callback.cpp.o
[763/1432] Building CXX object cs/CMakeFiles/cubridcs.dir/__/src/transaction/log_applier.c.o
/home/vimkim/gh/cb/oos-ci-f4299ac/src/transaction/log_applier.c: In function ‘int la_get_copied_log_info(const char*, const char*, INT64, bool, LOG_LSA*, LOG_LSA*)’:
/home/vimkim/gh/cb/oos-ci-f4299ac/src/transaction/log_applier.c:8376:35: warning: format ‘%ld’ expects argument of type ‘long int’, but argument 2 has type ‘int’ [-Wformat=]
 8376 |               printf ("offset:%04ld (tid:%d bck p:%lld,o:%ld frw p:%lld,o:%ld type:%d)\n", lsa.offset, lrec->trid,
      |                               ~~~~^                                                        ~~~~~~~~~~
      |                                   |                                                            |
      |                                   long int                                                     int
      |                               %04d
/home/vimkim/gh/cb/oos-ci-f4299ac/src/transaction/log_applier.c:8376:60: warning: format ‘%ld’ expects argument of type ‘long int’, but argument 5 has type ‘int’ [-Wformat=]
 8376 |               printf ("offset:%04ld (tid:%d bck p:%lld,o:%ld frw p:%lld,o:%ld type:%d)\n", lsa.offset, lrec->trid,
      |                                                          ~~^
      |                                                            |
      |                                                            long int
      |                                                          %d
 8377 |                       (long long int) lrec->back_lsa.pageid, lrec->back_lsa.offset,
      |                                                              ~~~~~~~~~~~~~~~~~~~~~
      |                                                                             |
      |                                                                             int
/home/vimkim/gh/cb/oos-ci-f4299ac/src/transaction/log_applier.c:8376:77: warning: format ‘%ld’ expects argument of type ‘long int’, but argument 7 has type ‘int’ [-Wformat=]
 8376 |               printf ("offset:%04ld (tid:%d bck p:%lld,o:%ld frw p:%lld,o:%ld type:%d)\n", lsa.offset, lrec->trid,
      |                                                                           ~~^
      |                                                                             |
      |                                                                             long int
      |                                                                           %d
 8377 |                       (long long int) lrec->back_lsa.pageid, lrec->back_lsa.offset,
 8378 |                       (long long int) lrec->forw_lsa.pageid, lrec->forw_lsa.offset, lrec->type);
      |                                                              ~~~~~~~~~~~~~~~~~~~~~
      |                                                                             |
      |                                                                             int
At global scope:
cc1plus: note: unrecognized command-line option ‘-Wno-template-body’ may have been intended to silence earlier diagnostics
[764/1432] Building CXX object cubrid/CMakeFiles/cubrid.dir/__/src/base/lockfree_transaction_table.cpp.o
[765/1432] Building CXX object cubrid/CMakeFiles/cubrid.dir/__/src/base/memory_monitor_api.cpp.o
[766/1432] Building CXX object cubrid/CMakeFiles/cubrid.dir/__/src/base/mem_block.cpp.o
[767/1432] Building CXX object cs/CMakeFiles/cubridcs.dir/__/src/loaddb/load_object.c.o
[768/1432] Building CXX object cs/CMakeFiles/cubridcs.dir/__/src/query/string_opfunc.c.o
[769/1432] Building CXX object cubrid/CMakeFiles/cubrid.dir/__/src/base/misc_string.c.o
[770/1432] Building CXX object cubrid/CMakeFiles/cubrid.dir/__/src/base/pinning.cpp.o
[771/1432] Building CXX object cs/CMakeFiles/cubridcs.dir/__/src/loaddb/load_db.c.o
[772/1432] Building CXX object cubrid/CMakeFiles/cubrid.dir/__/src/base/intl_support.c.o
[773/1432] Building CXX object cubrid/CMakeFiles/cubrid.dir/__/src/base/memory_monitor_sr.cpp.o
[774/1432] Building CXX object cubrid/CMakeFiles/cubrid.dir/__/src/base/get_clock_freq.c.o
[775/1432] Building CXX object cs/CMakeFiles/cubridcs.dir/__/src/query/string_regex_std.cpp.o
[776/1432] Building CXX object cubrid/CMakeFiles/cubrid.dir/__/src/base/fault_injection.c.o
[777/1432] Building CXX object cubrid/CMakeFiles/cubrid.dir/__/src/base/memory_hash.c.o
[778/1432] Building CXX object cubrid/CMakeFiles/cubrid.dir/__/src/base/lockfree_hashmap.cpp.o
[779/1432] Building CXX object cubrid/CMakeFiles/cubrid.dir/__/src/base/printer.cpp.o
[780/1432] Building CXX object cubrid/CMakeFiles/cubrid.dir/__/src/base/mprec.c.o
[781/1432] Building CXX object cs/CMakeFiles/cubridcs.dir/__/src/optimizer/histogram/histogram_cl.cpp.o
[782/1432] Building CXX object cubrid/CMakeFiles/cubrid.dir/__/src/base/perf.cpp.o
[783/1432] Building CXX object cubrid/CMakeFiles/cubrid.dir/__/src/base/message_catalog.c.o
[784/1432] Building CXX object cubrid/CMakeFiles/cubrid.dir/__/src/base/language_support.c.o
[785/1432] Building CXX object cubrid/CMakeFiles/cubrid.dir/__/src/base/porting.c.o
[786/1432] Building CXX object cubrid/CMakeFiles/cubrid.dir/__/src/base/error_manager.c.o
[787/1432] Building CXX object cubrid/CMakeFiles/cubrid.dir/__/src/base/packer.cpp.o
[788/1432] Building CXX object cubrid/CMakeFiles/cubrid.dir/__/src/base/process_util.c.o
[789/1432] Building CXX object cubrid/CMakeFiles/cubrid.dir/__/src/base/memory_private_allocator.cpp.o
[790/1432] Building CXX object cubrid/CMakeFiles/cubrid.dir/__/src/base/sha1.c.o
[791/1432] Building CXX object cubrid/CMakeFiles/cubrid.dir/__/src/base/release_string.c.o
[792/1432] Building CXX object cubrid/CMakeFiles/cubrid.dir/__/src/base/json_builder.cpp.o
[793/1432] Building CXX object cubrid/CMakeFiles/cubrid.dir/__/src/compat/db_elo.c.o
[794/1432] Building CXX object cubrid/CMakeFiles/cubrid.dir/__/src/base/nonblocking.cpp.o
[795/1432] Building CXX object cubrid/CMakeFiles/cubrid.dir/__/src/base/tsc_timer.c.o
[796/1432] Building CXX object cubrid/CMakeFiles/cubrid.dir/__/src/base/resource_tracker.cpp.o
[797/1432] Building CXX object cubrid/CMakeFiles/cubrid.dir/__/src/base/epoll.cpp.o
[798/1432] Building CXX object cubrid/CMakeFiles/cubrid.dir/__/src/base/string_buffer.cpp.o
[799/1432] Building CXX object cubrid/CMakeFiles/cubrid.dir/__/src/base/stack_dump.c.o
[800/1432] Building CXX object cubrid/CMakeFiles/cubrid.dir/__/src/base/trace_event_log.c.o
[801/1432] Building CXX object cubrid/CMakeFiles/cubrid.dir/__/src/base/xml_parser.c.o
[802/1432] Building CXX object cubrid/CMakeFiles/cubrid.dir/__/src/base/uca_support.c.o
[803/1432] Building CXX object cubrid/CMakeFiles/cubrid.dir/__/src/base/unicode_support.c.o
[804/1432] Building CXX object cubrid/CMakeFiles/cubrid.dir/__/src/base/packet_buffer.cpp.o
[805/1432] Building CXX object cubrid/CMakeFiles/cubrid.dir/__/src/compat/db_function.cpp.o
[806/1432] Building CXX object cubrid/CMakeFiles/cubrid.dir/__/src/base/util_func.c.o
[807/1432] Building CXX object cubrid/CMakeFiles/cubrid.dir/__/src/base/variable_string.c.o
[808/1432] Building CXX object cubrid/CMakeFiles/cubrid.dir/__/src/base/perf_monitor_trackers.cpp.o
[809/1432] Building CXX object cubrid/CMakeFiles/cubrid.dir/__/src/base/DMRBMemoryPool.cpp.o
[810/1432] Building CXX object cubrid/CMakeFiles/cubrid.dir/__/src/base/ifsys.cpp.o
[811/1432] Building CXX object cubrid/CMakeFiles/cubrid.dir/__/src/compat/cnv.c.o
[812/1432] Building CXX object cubrid/CMakeFiles/cubrid.dir/__/src/base/memory_alloc.c.o
[813/1432] Building CXX object cs/CMakeFiles/cubridcs.dir/__/src/sp/sp_catalog.cpp.o
[814/1432] Building CXX object cubrid/CMakeFiles/cubrid.dir/__/src/base/filesys_parser.cpp.o
[815/1432] Building CXX object cubrid/CMakeFiles/cubrid.dir/__/src/compat/db_set.c.o
[816/1432] Building CXX object cubrid/CMakeFiles/cubrid.dir/__/src/connection/buffer.cpp.o
[817/1432] Building CXX object cubrid/CMakeFiles/cubrid.dir/__/src/compat/db_json_types_internal.cpp.o
[818/1432] Building CXX object cubrid/CMakeFiles/cubrid.dir/__/src/connection/connection_list_sr.c.o
[819/1432] Building CXX object cubrid/CMakeFiles/cubrid.dir/__/load_lexer.cpp.o
[820/1432] Building CXX object cubrid/CMakeFiles/cubrid.dir/__/src/connection/heartbeat.c.o
[821/1432] Building CXX object cubrid/CMakeFiles/cubrid.dir/__/src/communication/network_common.cpp.o
[822/1432] Building CXX object cubrid/CMakeFiles/cubrid.dir/__/src/heaplayers/customheaps.cpp.o
[823/1432] Building CXX object cubrid/CMakeFiles/cubrid.dir/__/src/base/cgroup.cpp.o
[824/1432] Building CXX object cubrid/CMakeFiles/cubrid.dir/__/src/compat/db_json_allocator.cpp.o
[825/1432] Building CXX object cubrid/CMakeFiles/cubrid.dir/__/src/compat/db_macro.c.o
[826/1432] Building CXX object cubrid/CMakeFiles/cubrid.dir/__/src/connection/host_lookup.c.o
[827/1432] Building CXX object cubrid/CMakeFiles/cubrid.dir/__/src/compat/db_value_printer.cpp.o
[828/1432] Building CXX object cubrid/CMakeFiles/cubrid.dir/__/src/connection/connection_context.cpp.o
[829/1432] Building CXX object cubrid/CMakeFiles/cubrid.dir/__/src/connection/connection_globals.c.o
[830/1432] Building CXX object cubrid/CMakeFiles/cubrid.dir/__/src/compat/db_date.c.o
[831/1432] Building CXX object cubrid/CMakeFiles/cubrid.dir/__/src/sp/pl_file.c.o
[832/1432] Building CXX object cubrid/CMakeFiles/cubrid.dir/__/src/connection/transmitter.cpp.o
[833/1432] Building CXX object cubrid/CMakeFiles/cubrid.dir/__/src/heaplayers/lea_heap.c.o
[834/1432] Building CXX object cubrid/CMakeFiles/cubrid.dir/__/src/query/dblink_2pc_daemon.c.o
[835/1432] Building CXX object cubrid/CMakeFiles/cubrid.dir/__/src/query/dblink_global_tran_catalog.c.o
[836/1432] Building CXX object cubrid/CMakeFiles/cubrid.dir/__/src/connection/receiver.cpp.o
[837/1432] Building CXX object cubrid/CMakeFiles/cubrid.dir/__/src/base/resources.cpp.o
[838/1432] Building CXX object cubrid/CMakeFiles/cubrid.dir/__/src/connection/tcp.c.o
[839/1432] Building CXX object cubrid/CMakeFiles/cubrid.dir/__/src/method/method_query_util.cpp.o
[840/1432] Building CXX object cubrid/CMakeFiles/cubrid.dir/__/src/communication/network_callback_sr.cpp.o
[841/1432] Building CXX object cubrid/CMakeFiles/cubrid.dir/__/src/sp/pl_comm.c.o
[842/1432] Building CXX object cubrid/CMakeFiles/cubrid.dir/__/src/method/method_error.cpp.o
[843/1432] Building CXX object cubrid/CMakeFiles/cubrid.dir/__/src/executables/util_common.c.o
[844/1432] Building CXX object cubrid/CMakeFiles/cubrid.dir/__/src/method/method_struct_parameter_info.cpp.o
[845/1432] Building CXX object cubrid/CMakeFiles/cubrid.dir/__/src/base/object_representation_sr.c.o
[846/1432] Building CXX object cubrid/CMakeFiles/cubrid.dir/__/src/method/method_struct_value.cpp.o
[847/1432] Building CXX object cubrid/CMakeFiles/cubrid.dir/__/src/method/method_struct_oid_info.cpp.o
[848/1432] Building CXX object cubrid/CMakeFiles/cubrid.dir/__/src/method/method_struct_schema_info.cpp.o
[849/1432] Building CXX object cubrid/CMakeFiles/cubrid.dir/__/src/sp/pl_compile_handler.cpp.o
[850/1432] Building CXX object cubrid/CMakeFiles/cubrid.dir/__/src/sp/pl_connection.cpp.o
[851/1432] Building CXX object cubrid/CMakeFiles/cubrid.dir/__/src/connection/connection_support.cpp.o
[852/1432] Building CXX object cubrid/CMakeFiles/cubrid.dir/__/src/sp/pl_signature.cpp.o
[853/1432] Building CXX object cubrid/CMakeFiles/cubrid.dir/__/src/compat/db_json_path.cpp.o
[854/1432] Building CXX object cubrid/CMakeFiles/cubrid.dir/__/src/monitor/monitor_statistic.cpp.o
[855/1432] Building CXX object cubrid/CMakeFiles/cubrid.dir/__/src/method/method_struct_query.cpp.o
[856/1432] Building CXX object cubrid/CMakeFiles/cubrid.dir/__/src/loaddb/load_semantic_helper.cpp.o
[857/1432] Building CXX object cubrid/CMakeFiles/cubrid.dir/__/src/object/elo.c.o
[858/1432] Building CXX object cubrid/CMakeFiles/cubrid.dir/__/src/monitor/monitor_registration.cpp.o
[859/1432] Building CXX object cubrid/CMakeFiles/cubrid.dir/__/src/loaddb/load_driver.cpp.o
[860/1432] Building CXX object cubrid/CMakeFiles/cubrid.dir/__/load_grammar.cpp.o
[861/1432] Building CXX object cubrid/CMakeFiles/cubrid.dir/__/src/object/lob_locator.cpp.o
[862/1432] Building CXX object cubrid/CMakeFiles/cubrid.dir/__/src/sp/pl_sr.cpp.o
[863/1432] Building CXX object cubrid/CMakeFiles/cubrid.dir/__/src/base/perf_monitor.c.o
[864/1432] Building CXX object cubrid/CMakeFiles/cubrid.dir/__/src/monitor/monitor_collect.cpp.o
[865/1432] Building CXX object cubrid/CMakeFiles/cubrid.dir/__/src/method/query_method.cpp.o
[866/1432] Building CXX object cubrid/CMakeFiles/cubrid.dir/__/src/method/method_struct_invoke.cpp.o
[867/1432] Building CXX object cubrid/CMakeFiles/cubrid.dir/__/src/object/identifier_store.cpp.o
[868/1432] Building CXX object cubrid/CMakeFiles/cubrid.dir/__/src/connection/connection_pool.cpp.o
[869/1432] Building CXX object cubrid/CMakeFiles/cubrid.dir/__/src/loaddb/load_common.cpp.o
[870/1432] Building CXX object cubrid/CMakeFiles/cubrid.dir/__/src/connection/master_connector.cpp.o
[871/1432] Building CXX object cubrid/CMakeFiles/cubrid.dir/__/src/transaction/log_writer.c.o
[872/1432] Building CXX object cubrid/CMakeFiles/cubrid.dir/__/src/sp/pl_query_cursor.cpp.o
[873/1432] Building CXX object cubrid/CMakeFiles/cubrid.dir/__/src/object/schema_information_schema.cpp.o
[874/1432] Building CXX object cubrid/CMakeFiles/cubrid.dir/__/src/base/tz_support.c.o
[875/1432] Building CXX object cubrid/CMakeFiles/cubrid.dir/__/src/base/system_parameter.c.o
[876/1432] Building CXX object cubrid/CMakeFiles/cubrid.dir/__/src/communication/network_sr.c.o
[877/1432] Building CXX object cubrid/CMakeFiles/cubrid.dir/__/src/object/schema_system_catalog.cpp.o
[878/1432] Building CXX object cubrid/CMakeFiles/cubrid.dir/__/src/sp/sp_code.cpp.o
[879/1432] Building CXX object cubrid/CMakeFiles/cubrid.dir/__/src/loaddb/load_error_handler.cpp.o
[880/1432] Building CXX object cubrid/CMakeFiles/cubrid.dir/__/src/loaddb/load_class_registry.cpp.o
[881/1432] Building CXX object cubrid/CMakeFiles/cubrid.dir/__/src/monitor/monitor_transaction.cpp.o
[882/1432] Building CXX object cubrid/CMakeFiles/cubrid.dir/__/src/object/deduplicate_key.c.o
[883/1432] Building CXX object cubrid/CMakeFiles/cubrid.dir/__/src/method/method_scan.cpp.o
[884/1432] Building CXX object cubrid/CMakeFiles/cubrid.dir/__/src/object/object_representation.c.o
[885/1432] Building CXX object cubrid/CMakeFiles/cubrid.dir/__/src/loaddb/load_db_value_converter.cpp.o
[886/1432] Building CXX object cubrid/CMakeFiles/cubrid.dir/__/src/monitor/monitor_vacuum_ovfp_threshold.cpp.o
[887/1432] Building CXX object cubrid/CMakeFiles/cubrid.dir/__/src/storage/btree_unique.cpp.o
[888/1432] Building CXX object cubrid/CMakeFiles/cubrid.dir/__/src/object/set_object.c.o
[889/1432] Building CXX object cubrid/CMakeFiles/cubrid.dir/__/src/query/numeric_opfunc.c.o
[890/1432] Building CXX object cubrid/CMakeFiles/cubrid.dir/__/src/connection/connection_sr.c.o
[891/1432] Building CXX object cubrid/CMakeFiles/cubrid.dir/__/src/connection/connection_worker.cpp.o
[892/1432] Building CXX object cubrid/CMakeFiles/cubrid.dir/__/src/sp/method_invoke_group.cpp.o
[893/1432] Building CXX object cubrid/CMakeFiles/cubrid.dir/__/src/object/transform.c.o
[894/1432] Building CXX object cubrid/CMakeFiles/cubrid.dir/__/src/connection/coordinator.cpp.o
[895/1432] Building CXX object cubrid/CMakeFiles/cubrid.dir/__/src/sp/pl_execution_stack_context.cpp.o
[896/1432] Building CXX object cubrid/CMakeFiles/cubrid.dir/__/src/query/string_regex_re2.cpp.o
[897/1432] Building CXX object cubrid/CMakeFiles/cubrid.dir/__/src/query/crypt_opfunc.c.o
[898/1432] Building CXX object cubrid/CMakeFiles/cubrid.dir/__/src/object/object_domain.c.o
[899/1432] Building CXX object cubrid/CMakeFiles/cubrid.dir/__/src/storage/byte_order.c.o
[900/1432] Building CXX object cubrid/CMakeFiles/cubrid.dir/__/src/sp/pl_session.cpp.o
[901/1432] Building CXX object cubrid/CMakeFiles/cubrid.dir/__/src/query/partition.c.o
[902/1432] Building CXX object cubrid/CMakeFiles/cubrid.dir/__/src/compat/db_json.cpp.o
[903/1432] Building CXX object cubrid/CMakeFiles/cubrid.dir/__/src/storage/es_common.c.o
[904/1432] Building CXX object cubrid/CMakeFiles/cubrid.dir/__/src/query/query_hash_scan.c.o
[905/1432] Building CXX object cubrid/CMakeFiles/cubrid.dir/__/src/query/regu_var.cpp.o
[906/1432] Building CXX object cubrid/CMakeFiles/cubrid.dir/__/src/loaddb/load_session.cpp.o
[907/1432] Building CXX object cubrid/CMakeFiles/cubrid.dir/__/src/sp/pl_executor.cpp.o
[908/1432] Building CXX object cubrid/CMakeFiles/cubrid.dir/__/src/object/object_primitive.c.o
[909/1432] Building CXX object cubrid/CMakeFiles/cubrid.dir/__/src/thread/thread_looper.cpp.o
[910/1432] Building CXX object cubrid/CMakeFiles/cubrid.dir/__/src/query/query_analytic.cpp.o
[911/1432] Building CXX object cubrid/CMakeFiles/cubrid.dir/__/src/query/string_regex.cpp.o
[912/1432] Building CXX object cubrid/CMakeFiles/cubrid.dir/__/src/query/query_reevaluation.cpp.o
[913/1432] Building CXX object cubrid/CMakeFiles/cubrid.dir/__/src/query/dblink_2pc.c.o
[914/1432] Building CXX object cubrid/CMakeFiles/cubrid.dir/__/src/storage/oid.c.o
[915/1432] Building CXX object cubrid/CMakeFiles/cubrid.dir/__/src/connection/server_support.c.o
[916/1432] Building CXX object cubrid/CMakeFiles/cubrid.dir/__/src/loaddb/load_server_loader.cpp.o
[917/1432] Building CXX object cubrid/CMakeFiles/cubrid.dir/__/src/storage/oos_util.cpp.o
[918/1432] Building CXX object cubrid/CMakeFiles/cubrid.dir/__/src/storage/es_posix.c.o
[919/1432] Building CXX object cubrid/CMakeFiles/cubrid.dir/__/src/query/show_scan.c.o
[920/1432] Building CXX object cubrid/CMakeFiles/cubrid.dir/__/src/query/set_scan.c.o
[921/1432] Building CXX object cubrid/CMakeFiles/cubrid.dir/__/src/query/vacuum_oos.cpp.o
[922/1432] Building CXX object cubrid/CMakeFiles/cubrid.dir/__/src/query/dblink_scan.c.o
[923/1432] Building CXX object cubrid/CMakeFiles/cubrid.dir/__/src/query/query_evaluator.c.o
[924/1432] Building CXX object cubrid/CMakeFiles/cubrid.dir/__/src/loaddb/load_worker_manager.cpp.o
[925/1432] Building CXX object cubrid/CMakeFiles/cubrid.dir/__/src/query/query_aggregate.cpp.o
[926/1432] Building CXX object cubrid/CMakeFiles/cubrid.dir/__/src/storage/statistics_ndv.c.o
[927/1432] Building CXX object cubrid/CMakeFiles/cubrid.dir/__/src/query/scan_json_table.cpp.o
[928/1432] Building CXX object cubrid/CMakeFiles/cubrid.dir/__/src/storage/es_owfs.c.o
[929/1432] Building CXX object cubrid/CMakeFiles/cubrid.dir/__/src/query/query_hash_join.c.o
[930/1432] Building CXX object cubrid/CMakeFiles/cubrid.dir/__/src/query/arithmetic.c.o
[931/1432] Building CXX object cubrid/CMakeFiles/cubrid.dir/__/src/storage/overflow_file.c.o
[932/1432] Building CXX object cubrid/CMakeFiles/cubrid.dir/__/src/query/query_dump.c.o
[933/1432] Building CXX object cubrid/CMakeFiles/cubrid.dir/__/src/storage/storage_common.c.o
[934/1432] Building CXX object cubrid/CMakeFiles/cubrid.dir/__/src/transaction/wait_for_graph.c.o
[935/1432] Building CXX object cubrid/CMakeFiles/cubrid.dir/__/src/query/subquery_cache.c.o
[936/1432] Building CXX object cubrid/CMakeFiles/cubrid.dir/__/src/communication/network_interface_sr.cpp.o
[937/1432] Building CXX object cubrid/CMakeFiles/cubrid.dir/__/src/thread/critical_section_tracker.cpp.o
[938/1432] Building CXX object cubrid/CMakeFiles/cubrid.dir/__/src/query/query_manager.c.o
[939/1432] Building CXX object cubrid/CMakeFiles/cubrid.dir/__/src/query/list_file.c.o
[940/1432] Building CXX object cubrid/CMakeFiles/cubrid.dir/__/src/thread/thread_daemon.cpp.o
[941/1432] Building CXX object cubrid/CMakeFiles/cubrid.dir/__/src/thread/thread_manager.cpp.o
[942/1432] Building CXX object cubrid/CMakeFiles/cubrid.dir/__/src/storage/record_descriptor.cpp.o
[943/1432] Building CXX object cubrid/CMakeFiles/cubrid.dir/__/src/transaction/client_credentials.cpp.o
[944/1432] Building CXX object cubrid/CMakeFiles/cubrid.dir/__/src/query/filter_pred_cache.c.o
[945/1432] Building CXX object cubrid/CMakeFiles/cubrid.dir/__/src/storage/compactdb_sr.c.o
[946/1432] Building CXX object cubrid/CMakeFiles/cubrid.dir/__/src/query/fetch.c.o
[947/1432] Building CXX object cubrid/CMakeFiles/cubrid.dir/__/src/session/session_sr.c.o
[948/1432] Building CXX object cubrid/CMakeFiles/cubrid.dir/__/src/query/string_opfunc.c.o
[949/1432] Building CXX object cubrid/CMakeFiles/cubrid.dir/__/src/transaction/log_lsa.cpp.o
[950/1432] Building CXX object cubrid/CMakeFiles/cubrid.dir/__/src/query/query_opfunc.c.o
[951/1432] Building CXX object cubrid/CMakeFiles/cubrid.dir/__/src/query/memoize.cpp.o
[952/1432] Building CXX object cubrid/CMakeFiles/cubrid.dir/__/src/transaction/lock_table.c.o
[953/1432] Building CXX object cubrid/CMakeFiles/cubrid.dir/__/src/storage/heap_oos.cpp.o
[954/1432] Building CXX object cubrid/CMakeFiles/cubrid.dir/__/src/thread/thread_waiter.cpp.o
[955/1432] Building CXX object cubrid/CMakeFiles/cubrid.dir/__/src/query/stream_to_xasl.c.o
[956/1432] Building CXX object cubrid/CMakeFiles/cubrid.dir/__/src/query/scan_manager.c.o
[957/1432] Building CXX object cubrid/CMakeFiles/cubrid.dir/__/src/query/serial.c.o
[958/1432] Building CXX object cubrid/CMakeFiles/cubrid.dir/__/src/storage/double_write_buffer.cpp.o
[959/1432] Building CXX object cubrid/CMakeFiles/cubrid.dir/__/src/thread/thread_worker_pool_impl.cpp.o
[960/1432] Building CXX object cubrid/CMakeFiles/cubrid.dir/__/src/storage/ftab_set.cpp.o
[961/1432] Building CXX object cubrid/CMakeFiles/cubrid.dir/__/src/storage/disk_manager.c.o
[962/1432] Building CXX object cubrid/CMakeFiles/cubrid.dir/__/src/storage/extendible_hash.c.o
[963/1432] Building CXX object cubrid/CMakeFiles/cubrid.dir/__/src/storage/catalog_class.c.o
[964/1432] Building CXX object cubrid/CMakeFiles/cubrid.dir/__/src/thread/thread_worker_pool_taskcap.cpp.o
[965/1432] Building CXX object cubrid/CMakeFiles/cubrid.dir/__/src/thread/thread_entry_task.cpp.o
[966/1432] Building CXX object cubrid/CMakeFiles/cubrid.dir/__/src/session/session.c.o
[967/1432] Building CXX object cubrid/CMakeFiles/cubrid.dir/__/src/storage/statistics_sr.c.o
[968/1432] Building CXX object cubrid/CMakeFiles/cubrid.dir/__/src/thread/thread_lockfree_hash_map.cpp.o
[969/1432] Building CXX object cubrid/CMakeFiles/cubrid.dir/__/src/thread/critical_section.c.o
[970/1432] Building CXX object cubrid/CMakeFiles/cubrid.dir/__/src/storage/bestspace.cpp.o
[971/1432] Building CXX object cubrid/CMakeFiles/cubrid.dir/__/src/query/xasl_cache.c.o
[972/1432] Building CXX object cubrid/CMakeFiles/cubrid.dir/__/src/transaction/locator.c.o
[973/1432] Building CXX object cubrid/CMakeFiles/cubrid.dir/__/src/transaction/log_comm.c.o
[974/1432] Building CXX object cubrid/CMakeFiles/cubrid.dir/__/src/query/string_regex_std.cpp.o
[975/1432] Building CXX object cubrid/CMakeFiles/cubrid.dir/__/src/storage/slotted_page.c.o
[976/1432] Building CXX object cubrid/CMakeFiles/cubrid.dir/__/src/transaction/log_global.c.o
[977/1432] Building CXX object util/CMakeFiles/csql.dir/__/src/base/cubrid_getopt_long.c.o
[978/1432] Building CXX object cubrid/CMakeFiles/cubrid.dir/__/src/storage/tde.c.o
[979/1432] Building CXX object cubrid/CMakeFiles/cubrid.dir/__/src/xasl/access_json_table.cpp.o
[980/1432] Building CXX object cubrid/CMakeFiles/cubrid.dir/__/src/transaction/log_append.cpp.o
[981/1432] Building CXX object cubrid/CMakeFiles/cubrid.dir/__/src/transaction/log_2pc.c.o
[982/1432] Building CXX object cubrid/CMakeFiles/cubrid.dir/__/src/xasl/xasl_unpack_info.cpp.o
[983/1432] Building CXX object util/CMakeFiles/csql.dir/__/src/base/porting.c.o
[984/1432] Building CXX object cubrid/CMakeFiles/cubrid.dir/__/src/storage/oos_file.cpp.o
[985/1432] Building CXX object cubrid/CMakeFiles/cubrid.dir/__/src/query/query_executor.c.o
[986/1432] Building CXX object cubrid/CMakeFiles/cubrid.dir/__/src/storage/external_sort.c.o
[987/1432] Building CXX object util/CMakeFiles/csql.dir/__/src/executables/util_support.c.o
[988/1432] Building CXX object cubrid/CMakeFiles/cubrid.dir/__/src/transaction/log_postpone_cache.cpp.o
[989/1432] Building CXX object cubrid/CMakeFiles/cubrid.dir/__/src/transaction/mvcc.c.o
[990/1432] Building CXX object cubrid/CMakeFiles/cubrid.dir/__/src/thread/thread_entry.cpp.o
[991/1432] Building CXX object util/CMakeFiles/cubrid_rel.dir/__/src/executables/cubrid_version.c.o
[992/1432] Building CXX object cubrid/CMakeFiles/cubrid.dir/__/src/storage/file_io.c.o
[993/1432] Building CXX object util/CMakeFiles/cub_commdb.dir/__/src/executables/util_support.c.o
[994/1432] Building CXX object util/CMakeFiles/cubrid-bin.dir/__/src/executables/util_support.c.o
[995/1432] Building CXX object util/CMakeFiles/csql.dir/__/src/executables/csql_launcher.c.o
[996/1432] Building CXX object cubrid/CMakeFiles/cubrid.dir/__/src/transaction/log_system_tran.cpp.o
[997/1432] Building CXX object cubrid/CMakeFiles/cubrid.dir/__/src/transaction/log_compress.c.o
[998/1432] Building CXX object cubrid/CMakeFiles/cubrid.dir/__/src/transaction/mvcc_active_tran.cpp.o
[999/1432] Building CXX object util/CMakeFiles/cub_admin.dir/__/src/base/cubrid_getopt_long.c.o
[1000/1432] Building CXX object cubrid/CMakeFiles/cubrid.dir/__/src/transaction/log_recovery_redo.cpp.o
[1001/1432] Building CXX object util/CMakeFiles/cub_admin.dir/__/src/base/porting.c.o
[1002/1432] Building CXX object cubrid/CMakeFiles/cubrid.dir/__/src/transaction/replication.c.o
[1003/1432] Building CXX object util/CMakeFiles/cub_master.dir/__/src/executables/master_util.c.o
[1004/1432] Building CXX object util/CMakeFiles/cub_admin.dir/__/src/executables/util_support.c.o
[1005/1432] Building CXX object cubrid/CMakeFiles/cubrid.dir/__/src/query/parallel/px_scan/index/px_scan_index_leaf_slot_walker.cpp.o
[1006/1432] Building CXX object cubrid/CMakeFiles/cubrid.dir/__/src/transaction/recovery.c.o
[1007/1432] Building CXX object cubrid/CMakeFiles/cubrid.dir/__/src/query/parallel/px_scan/index/px_scan_index_overflow_drain_fsm.cpp.o
[1008/1432] Building CXX object util/CMakeFiles/cub_commdb.dir/__/src/executables/master_util.c.o
[1009/1432] Building CXX object cubrid/CMakeFiles/cubrid.dir/__/src/transaction/mvcc_table.cpp.o
[1010/1432] Building CXX object cubrid/CMakeFiles/cubrid.dir/__/src/query/vacuum.c.o
[1011/1432] Building CXX object cubrid/CMakeFiles/cubrid.dir/__/src/storage/file_manager.c.o
[1012/1432] Building CXX object util/CMakeFiles/unittests_lf.dir/__/src/executables/unittests_lf.c.o
[1013/1432] Building CXX object util/CMakeFiles/unittests_bit.dir/__/src/executables/unittests_bit.c.o
[1014/1432] Building CXX object cubrid/CMakeFiles/cubrid.dir/__/src/query/parallel/px_callable_task.cpp.o
[1015/1432] Building CXX object util/CMakeFiles/cub_master.dir/__/src/executables/master_request.c.o
[1016/1432] Building CXX object util/CMakeFiles/cub_commdb.dir/__/src/executables/commdb.c.o
[1017/1432] Building CXX object cubrid/CMakeFiles/cubrid.dir/__/src/xasl/xasl_analytic.cpp.o
[1018/1432] Building CXX object cubrid/CMakeFiles/cubrid.dir/__/src/xasl/xasl_predicate.cpp.o
[1019/1432] Building CXX object util/CMakeFiles/cub_master.dir/__/src/executables/master.c.o
[1020/1432] Building CXX object cubrid/CMakeFiles/cubrid.dir/__/src/storage/btree_load.c.o
[1021/1432] Building CXX object util/CMakeFiles/cub_admin.dir/__/src/executables/util_admin.c.o
[1022/1432] Building CXX object cubrid/CMakeFiles/cubrid.dir/__/src/query/parallel/px_hash_join/px_hash_join_spawn_manager.cpp.o
[1023/1432] Building CXX object cubrid-cci/cci/CMakeFiles/cascci.dir/__/src/base/porting.c.o
[1024/1432] Building CXX object cubrid/CMakeFiles/cubrid.dir/__/src/optimizer/histogram/histogram_reader.cpp.o
[1025/1432] Building CXX object cubrid/CMakeFiles/cubrid.dir/__/src/sp/pl_struct_compile.cpp.o
[1026/1432] Building CXX object cubrid-cci/cci/CMakeFiles/cascci.dir/__/src/cci/cci_common.c.o
[1027/1432] Building CXX object util/CMakeFiles/cub_master.dir/__/src/executables/master_heartbeat.c.o
[1028/1432] Building CXX object cubrid-cci/cci/CMakeFiles/cascci.dir/__/src/cci/cci_net_buf.c.o
[1029/1432] Building CXX object util/CMakeFiles/cubrid-bin.dir/__/src/executables/util_service.c.o
[1030/1432] Building CXX object cubrid/CMakeFiles/cubrid.dir/__/src/storage/page_buffer.c.o
[1031/1432] Building CXX object cubrid-cci/cci/CMakeFiles/cascci.dir/__/src/cci/cci_t_lob.c.o
[1032/1432] Building CXX object cubrid/CMakeFiles/cubrid.dir/__/src/storage/system_catalog.c.o
[1033/1432] Building CXX object cubrid/CMakeFiles/cubrid.dir/__/src/transaction/boot_sr.c.o
[1034/1432] Building CXX object cubrid/CMakeFiles/cubrid.dir/__/src/xasl/xasl_stream.cpp.o
[1035/1432] Building CXX object cubrid-cci/tools/CMakeFiles/cci_applier.dir/__/src/base/cubrid_getopt_long.c.o
[1036/1432] Building CXX object cubrid/CMakeFiles/cubrid.dir/__/src/query/parallel/px_scan/px_scan_slot_iterator_index.cpp.o
[1037/1432] Building CXX object cubrid/CMakeFiles/cubrid.dir/__/src/transaction/transaction_transient.cpp.o
[1038/1432] Building CXX object cubrid/CMakeFiles/cubrid.dir/__/src/query/parallel/px_sort.c.o
[1039/1432] Building CXX object cubrid-cci/tools/CMakeFiles/cci_applier.dir/__/src/tools/cci_applier.c.o
[1040/1432] Building CXX object cubrid/CMakeFiles/cubrid.dir/__/src/transaction/log_recovery.c.o
[1041/1432] Building CXX object cubrid/CMakeFiles/cubrid.dir/__/src/thread/concurrency_slot.cpp.o
[1042/1432] Building CXX object cubrid/CMakeFiles/cubrid.dir/__/src/optimizer/histogram/histogram_builder.cpp.o
[1043/1432] Building CXX object cubrid/CMakeFiles/cubrid.dir/__/src/query/parallel/px_scan/px_scan_slot_iterator.cpp.o
[1044/1432] Building CXX object cubrid/CMakeFiles/cubrid.dir/__/src/query/parallel/px_worker_manager.cpp.o
[1045/1432] Building CXX object cubrid-cci/cci/CMakeFiles/cascci.dir/__/src/cci/cci_t_set.c.o
[1046/1432] Building CXX object broker/CMakeFiles/cub_broker.dir/__/src/broker/broker_process_size.c.o
[1047/1432] Building CXX object broker/CMakeFiles/cub_broker.dir/__/src/broker/broker_access_list.c.o
[1048/1432] Building CXX object cubrid/CMakeFiles/cubrid.dir/__/src/query/parallel/px_hash_join/px_hash_join_task_manager.cpp.o
[1049/1432] Building CXX object broker/CMakeFiles/cub_broker.dir/__/src/broker/broker_error.c.o
[1050/1432] Building CXX object broker/CMakeFiles/cub_broker.dir/__/src/broker/broker_max_heap.c.o
[1051/1432] Building CXX object util/CMakeFiles/cub_pl.dir/__/src/sp/pl_sr_jvm.cpp.o
[1052/1432] Building CXX object cubrid-cci/cci/CMakeFiles/cascci.dir/__/src/cci/cci_network.c.o
[1053/1432] Building CXX object cubrid-cci/cci/CMakeFiles/cascci.dir/__/src/cci/cci_ssl.c.o
[1054/1432] Building CXX object util/CMakeFiles/cub_master.dir/__/src/executables/master_server_monitor.cpp.o
[1055/1432] Building CXX object cubrid-cci/cci/CMakeFiles/cascci.dir/__/src/cci/cci_handle_mng.c.o
[1056/1432] Building CXX object cubrid/CMakeFiles/cubrid.dir/__/src/query/parallel/px_scan/px_scan_slot_iterator_list.cpp.o
[1057/1432] Building CXX object cubrid/CMakeFiles/cubrid.dir/__/src/query/parallel/px_parallel.cpp.o
[1058/1432] Building CXX object cubrid/CMakeFiles/cubrid.dir/__/src/query/parallel/px_scan/index/px_scan_index_key_range_list.cpp.o
[1059/1432] Building CXX object broker/CMakeFiles/cub_broker.dir/__/src/broker/broker_send_fd.c.o
[1060/1432] Building CXX object broker/CMakeFiles/cub_gateway.dir/__/src/broker/broker_error.c.o
[1061/1432] Building CXX object cubrid/CMakeFiles/cubrid.dir/__/src/transaction/flashback.c.o
[1062/1432] Building CXX object cubrid/CMakeFiles/cubrid.dir/__/src/transaction/transaction_sr.c.o
[1063/1432] Building CXX object cubrid/CMakeFiles/cubrid.dir/__/src/xasl/xasl_iteration.cpp.o
[1064/1432] Building CXX object cubrid/CMakeFiles/cubrid.dir/__/src/query/parallel/px_scan/index/px_scan_index_overflow_chain_pool.cpp.o
[1065/1432] Building CXX object cubrid-cci/cci/CMakeFiles/cascci.dir/__/src/cci/cci_properties.c.o
[1066/1432] Building CXX object cubrid/CMakeFiles/cubrid.dir/__/src/query/parallel/px_scan/px_scan_instnum.cpp.o
[1067/1432] Building CXX object broker/CMakeFiles/cub_gateway.dir/__/src/broker/broker_max_heap.c.o
[1068/1432] Building CXX object broker/CMakeFiles/cub_gateway.dir/__/src/broker/broker_process_size.c.o
[1069/1432] Building CXX object cubrid-cci/cci/CMakeFiles/cascci.dir/__/src/cci/cas_cci.c.o
[1070/1432] Building CXX object broker/CMakeFiles/cub_gateway.dir/__/src/broker/broker_access_list.c.o
[1071/1432] Building CXX object util/CMakeFiles/cub_pl.dir/__/src/executables/pl.cpp.o
[1072/1432] Building CXX object broker/CMakeFiles/cub_gateway.dir/__/src/broker/broker_send_fd.c.o
[1073/1432] Building CXX object broker/CMakeFiles/broker_monitor.dir/__/src/broker/broker_error.c.o
[1074/1432] Building CXX object cubrid-cci/cci/CMakeFiles/cascci.dir/__/src/cci/cci_query_execute.c.o
[1075/1432] Building CXX object broker/CMakeFiles/cub_broker.dir/__/src/broker/broker_util.c.o
[1076/1432] Building CXX object cubrid/CMakeFiles/cubrid.dir/__/src/query/parallel/px_scan/px_scan_pre_execution_info.cpp.o
[1077/1432] Building CXX object broker/CMakeFiles/broker_monitor.dir/__/src/broker/broker_process_size.c.o
[1078/1432] Building CXX object broker/CMakeFiles/cub_broker.dir/__/src/broker/broker_shm.c.o
[1079/1432] Building CXX object util/CMakeFiles/unittests_lf.dir/__/src/base/porting.c.o
[1080/1432] Building CXX object broker/CMakeFiles/broker_monitor.dir/__/src/broker/broker_max_heap.c.o
[1081/1432] Building CXX object broker/CMakeFiles/broker_monitor.dir/__/src/broker/broker_process_info.c.o
[1082/1432] Building CXX object broker/CMakeFiles/gateway_monitor.dir/__/src/broker/broker_error.c.o
[1083/1432] Building CXX object cubrid-cci/cci/CMakeFiles/cascci.dir/__/src/cci/cci_map.cpp.o
[1084/1432] Building CXX object broker/CMakeFiles/cub_gateway.dir/__/src/broker/broker_util.c.o
[1085/1432] Building CXX object broker/CMakeFiles/cub_broker.dir/__/src/broker/broker_proxy_conn.c.o
[1086/1432] Building CXX object cubrid/CMakeFiles/cubrid.dir/__/src/query/parallel/px_hash_join/px_hash_join.cpp.o
[1087/1432] Building CXX object broker/CMakeFiles/cub_gateway.dir/__/src/broker/broker_shm.c.o
[1088/1432] Building CXX object broker/CMakeFiles/gateway_monitor.dir/__/src/broker/broker_max_heap.c.o
[1089/1432] Building CXX object cubrid/CMakeFiles/cubrid.dir/__/src/query/parallel/px_worker_manager_global.cpp.o
[1090/1432] Building CXX object broker/CMakeFiles/broker_monitor.dir/__/src/broker/broker_util.c.o
[1091/1432] Building CXX object broker/CMakeFiles/gateway_monitor.dir/__/src/broker/broker_process_info.c.o
[1092/1432] Building CXX object cubrid-cci/cci/CMakeFiles/cascci.dir/__/src/cci/cci_log.cpp.o
[1093/1432] Building CXX object broker/CMakeFiles/cub_broker.dir/__/src/broker/broker_filename.c.o
[1094/1432] Building CXX object broker/CMakeFiles/cub_broker.dir/__/src/broker/shard_metadata.c.o
[1095/1432] Building CXX object broker/CMakeFiles/gateway_monitor.dir/__/src/broker/broker_process_size.c.o
[1096/1432] Building CXX object broker/CMakeFiles/broker_monitor.dir/__/src/broker/broker_shm.c.o
[1097/1432] Building CXX object cubrid/CMakeFiles/cubrid.dir/__/src/transaction/lock_manager.c.o
[1098/1432] Building CXX object broker/CMakeFiles/cub_broker.dir/__/src/broker/shard_shm.c.o
[1099/1432] Building CXX object cubrid/CMakeFiles/cubrid.dir/__/src/xasl/xasl_spawner.cpp.o
[1100/1432] Building CXX object broker/CMakeFiles/cub_gateway.dir/__/src/broker/broker_proxy_conn.c.o
[1101/1432] Building CXX object broker/CMakeFiles/broker_changer.dir/__/src/broker/broker_error.c.o
[1102/1432] Building CXX object util/CMakeFiles/unittests_snapshot.dir/__/src/base/memory_monitor_api.cpp.o
[1103/1432] Building CXX object broker/CMakeFiles/cub_gateway.dir/__/src/broker/broker_filename.c.o
[1104/1432] Building CXX object cubrid/CMakeFiles/cubrid.dir/__/src/storage/heap_file.c.o
[1105/1432] Building CXX object util/CMakeFiles/unittests_area.dir/__/src/executables/unittests_area.c.o
[1106/1432] Building CXX object cubrid/CMakeFiles/cubrid.dir/__/src/query/parallel/px_scan/px_scan_input_handler_list.cpp.o
[1107/1432] Building CXX object broker/CMakeFiles/cub_gateway.dir/__/src/broker/shard_metadata.c.o
[1108/1432] Building CXX object broker/CMakeFiles/cubrid_broker.dir/__/src/broker/broker_error.c.o
[1109/1432] Building CXX object broker/CMakeFiles/broker_changer.dir/__/src/broker/broker_process_size.c.o
[1110/1432] Building CXX object broker/CMakeFiles/broker_changer.dir/__/src/broker/shard_key_func.c.o
[1111/1432] Building CXX object cubrid/CMakeFiles/cubrid.dir/__/src/query/parallel/px_scan/px_scan_input_handler_heap.cpp.o
[1112/1432] Building CXX object cubrid/CMakeFiles/cubrid.dir/__/src/query/parallel/px_scan/index/px_scan_index_leaf_page_dispatcher.cpp.o
[1113/1432] Building CXX object util/CMakeFiles/unittests_lf.dir/__/src/base/lock_free.c.o
[1114/1432] Building CXX object broker/CMakeFiles/gateway_monitor.dir/__/src/broker/broker_util.c.o
[1115/1432] Building CXX object broker/CMakeFiles/gateway_monitor.dir/__/src/broker/broker_shm.c.o
[1116/1432] Building CXX object broker/CMakeFiles/broker_changer.dir/__/src/broker/broker_max_heap.c.o
[1117/1432] Building CXX object util/CMakeFiles/unittests_lf.dir/__/src/base/memory_monitor_api.cpp.o
[1118/1432] Building CXX object util/CMakeFiles/unittests_bit.dir/__/src/base/memory_monitor_api.cpp.o
[1119/1432] Building CXX object broker/CMakeFiles/broker_monitor.dir/__/src/base/util_func.c.o
[1120/1432] Building CXX object broker/CMakeFiles/broker_changer.dir/__/src/broker/broker_acl.c.o
[1121/1432] Building CXX object broker/CMakeFiles/cubrid_broker.dir/__/src/base/porting.c.o
[1122/1432] Building CXX object util/CMakeFiles/unittests_lf.dir/__/src/base/memory_monitor_sr.cpp.o
[1123/1432] Building CXX object broker/CMakeFiles/cub_broker.dir/__/src/broker/broker.c.o
[1124/1432] Building CXX object broker/CMakeFiles/gateway_monitor.dir/__/src/base/util_func.c.o
[1125/1432] Building CXX object cubrid/CMakeFiles/cubrid.dir/__/src/transaction/log_recovery_redo_parallel.cpp.o
[1126/1432] Building CXX object cubrid/CMakeFiles/cubrid.dir/__/src/query/parallel/px_query_execute/px_query_task.cpp.o
[1127/1432] Building CXX object util/CMakeFiles/unittests_snapshot.dir/__/src/base/memory_monitor_sr.cpp.o
[1128/1432] Building CXX object broker/CMakeFiles/broker_monitor.dir/__/src/broker/shard_metadata.c.o
[1129/1432] Building CXX object broker/CMakeFiles/cubrid_broker.dir/__/src/broker/broker_process_size.c.o
[1130/1432] Building CXX object cubrid/CMakeFiles/cubrid.dir/__/src/transaction/locator_sr.c.o
[1131/1432] Building CXX object cubrid/CMakeFiles/cubrid.dir/__/src/query/parallel/px_scan/px_scan_input_handler_index.cpp.o
[1132/1432] Building CXX object cubrid/CMakeFiles/cubrid.dir/__/src/query/parallel/px_scan/px_scan_trace_handler.cpp.o
[1133/1432] Building CXX object broker/CMakeFiles/cub_gateway.dir/__/src/broker/shard_shm.c.o
[1134/1432] Building CXX object broker/CMakeFiles/broker_monitor.dir/__/src/broker/broker_filename.c.o
[1135/1432] Building CXX object broker/CMakeFiles/broker_monitor.dir/__/src/broker/cas_util.c.o
[1136/1432] Building CXX object broker/CMakeFiles/cubrid_broker.dir/__/src/broker/broker_max_heap.c.o
[1137/1432] Building CXX object broker/CMakeFiles/broker_monitor.dir/__/src/broker/shard_shm.c.o
[1138/1432] Building CXX object broker/CMakeFiles/broker_changer.dir/__/src/broker/broker_changer.c.o
[1139/1432] Building CXX object util/CMakeFiles/unittests_area.dir/__/src/base/memory_monitor_sr.cpp.o
[1140/1432] Building CXX object broker/CMakeFiles/cubrid_broker.dir/__/src/broker/broker_acl.c.o
[1141/1432] Building CXX object broker/CMakeFiles/broker_changer.dir/__/src/broker/broker_shm.c.o
[1142/1432] Building CXX object util/CMakeFiles/unittests_area.dir/__/src/base/memory_monitor_api.cpp.o
[1143/1432] Building CXX object broker/CMakeFiles/gateway_monitor.dir/__/src/broker/cas_util.c.o
[1144/1432] Building CXX object cubrid/CMakeFiles/cubrid.dir/__/src/query/parallel/px_thread_safe_queue.cpp.o
[1145/1432] Building CXX object broker/CMakeFiles/cubrid_broker.dir/__/src/broker/shard_key_func.c.o
[1146/1432] Building CXX object broker/CMakeFiles/gateway_monitor.dir/__/src/broker/shard_metadata.c.o
[1147/1432] Building CXX object broker/CMakeFiles/cub_gateway.dir/__/src/broker/broker.c.o
[1148/1432] Building CXX object broker/CMakeFiles/gateway_monitor.dir/__/src/broker/shard_shm.c.o
[1149/1432] Building CXX object broker/CMakeFiles/broker_monitor.dir/__/src/broker/broker_config.c.o
[1150/1432] Building CXX object broker/CMakeFiles/cubrid_broker.dir/__/src/broker/broker_util.c.o
[1151/1432] Building CXX object broker/CMakeFiles/cubrid_gateway.dir/__/src/broker/broker_process_size.c.o
[1152/1432] Building CXX object util/CMakeFiles/cub_server.dir/__/src/executables/server.c.o
[1153/1432] Building CXX object broker/CMakeFiles/cubrid_gateway.dir/__/src/base/porting.c.o
[1154/1432] Building CXX object broker/CMakeFiles/cubrid_gateway.dir/__/src/broker/broker_error.c.o
[1155/1432] Building CXX object broker/CMakeFiles/gateway_monitor.dir/__/src/broker/broker_filename.c.o
[1156/1432] Building CXX object broker/CMakeFiles/broker_changer.dir/__/src/broker/broker_util.c.o
[1157/1432] Building CXX object broker/CMakeFiles/cubrid_gateway.dir/__/src/broker/broker_max_heap.c.o
[1158/1432] Building CXX object broker/CMakeFiles/cubrid_gateway.dir/__/src/broker/broker_acl.c.o
[1159/1432] Building CXX object broker/CMakeFiles/cas_common_lib.dir/__/src/broker/cas_optimization.c.o
[1160/1432] Building CXX object util/CMakeFiles/unittests_bit.dir/__/src/base/memory_monitor_sr.cpp.o
[1161/1432] Building CXX object broker/CMakeFiles/cubrid_gateway.dir/__/src/broker/shard_key_func.c.o
[1162/1432] Building CXX object broker/CMakeFiles/cas_common_lib.dir/__/src/broker/cas_meta.c.o
[1163/1432] Building CXX object broker/CMakeFiles/broker_changer.dir/__/src/broker/broker_filename.c.o
[1164/1432] Building CXX object broker/CMakeFiles/cas_common_lib.dir/__/src/broker/cas_sql_log2.c.o
[1165/1432] Building CXX object broker/CMakeFiles/broker_monitor.dir/__/src/broker/broker_monitor.c.o
[1166/1432] Building CXX object cubrid/CMakeFiles/cubrid.dir/__/src/query/parallel/px_query_execute/px_query_executor.cpp.o
[1167/1432] Building CXX object broker/CMakeFiles/cubrid_broker.dir/__/src/broker/broker_shm.c.o
[1168/1432] Building CXX object broker/CMakeFiles/cas_common_lib.dir/__/src/broker/cas_common_vars.c.o
[1169/1432] Building CXX object broker/CMakeFiles/cas_common_lib.dir/__/src/broker/broker_acl.c.o
[1170/1432] Building CXX object broker/CMakeFiles/gateway_monitor.dir/__/src/broker/broker_config.c.o
[1171/1432] Building CXX object broker/CMakeFiles/cas_common_lib.dir/__/src/broker/cas_network.c.o
[1172/1432] Building CXX object cubrid/CMakeFiles/cubrid.dir/__/src/storage/btree.c.o
[1173/1432] Building CXX object broker/CMakeFiles/broker_changer.dir/__/src/broker/shard_metadata.c.o
[1174/1432] Building CXX object broker/CMakeFiles/cubrid_broker.dir/__/src/base/util_func.c.o
[1175/1432] Building CXX object broker/CMakeFiles/broker_changer.dir/__/src/broker/shard_shm.c.o
[1176/1432] Building CXX object broker/CMakeFiles/gateway_monitor.dir/__/src/broker/broker_monitor.c.o
[1177/1432] Building CXX object broker/CMakeFiles/cub_cas.dir/__/src/broker/broker_error.c.o
[1178/1432] Building CXX object broker/CMakeFiles/cub_cas.dir/__/src/broker/broker_process_size.c.o
[1179/1432] Building CXX object broker/CMakeFiles/broker_changer.dir/__/src/broker/broker_config.c.o
[1180/1432] Building CXX object cubrid/CMakeFiles/cubrid.dir/__/src/transaction/log_tran_table.c.o
[1181/1432] Building CXX object broker/CMakeFiles/cub_cas_cgw.dir/__/src/broker/broker_process_size.c.o
[1182/1432] Building CXX object broker/CMakeFiles/cubrid_gateway.dir/__/src/broker/broker_util.c.o
[1183/1432] Building CXX object broker/CMakeFiles/cub_cas_cgw.dir/__/src/broker/broker_error.c.o
[1184/1432] Building CXX object broker/CMakeFiles/cub_cas_cgw.dir/__/src/broker/broker_recv_fd.c.o
[1185/1432] Building CXX object broker/CMakeFiles/cub_cas.dir/__/src/broker/broker_recv_fd.c.o
[1186/1432] Building CXX object broker/CMakeFiles/cub_proxy.dir/__/src/broker/broker_error.c.o
[1187/1432] Building CXX object broker/CMakeFiles/cubrid_gateway.dir/__/src/broker/broker_shm.c.o
[1188/1432] Building CXX object broker/CMakeFiles/cubrid_gateway.dir/__/src/broker/broker_filename.c.o
[1189/1432] Building CXX object broker/CMakeFiles/cubrid_broker.dir/__/src/broker/shard_metadata.c.o
[1190/1432] Building CXX object broker/CMakeFiles/cas_common_lib.dir/__/src/broker/cas_ssl.c.o
[1191/1432] Building CXX object broker/CMakeFiles/cubrid_gateway.dir/__/src/base/util_func.c.o
[1192/1432] Building CXX object broker/CMakeFiles/cas_common_lib.dir/__/src/broker/broker_util.c.o
[1193/1432] Building CXX object broker/CMakeFiles/cub_proxy.dir/__/src/broker/broker_process_size.c.o
[1194/1432] Building CXX object broker/CMakeFiles/cubrid_broker.dir/__/src/broker/shard_shm.c.o
[1195/1432] Building CXX object broker/CMakeFiles/cubrid_broker.dir/__/src/broker/broker_admin.c.o
[1196/1432] Building CXX object broker/CMakeFiles/cub_cas.dir/__/src/broker/cas_schema_info.c.o
[1197/1432] Building CXX object broker/CMakeFiles/cub_proxy.dir/__/src/broker/shard_key_func.c.o
[1198/1432] Building CXX object broker/CMakeFiles/cubrid_broker.dir/__/src/broker/broker_filename.c.o
[1199/1432] Building CXX object broker/CMakeFiles/cub_proxy.dir/__/src/broker/shard_parser.c.o
[1200/1432] Building CXX object broker/CMakeFiles/cas_common_lib.dir/__/src/broker/broker_shm.c.o
[1201/1432] Building CXX object broker/CMakeFiles/cas_common_lib.dir/__/src/broker/cas_common_function.c.o
[1202/1432] Building CXX object broker/CMakeFiles/cas_common_lib.dir/__/src/broker/cas_error.c.o
[1203/1432] Building CXX object broker/CMakeFiles/cubrid_gateway.dir/__/src/broker/broker_admin.c.o
[1204/1432] Building CXX object broker/CMakeFiles/cas_common_lib.dir/__/src/broker/cas_util.c.o
[1205/1432] Building CXX object broker/CMakeFiles/cas_common_lib.dir/__/src/broker/cas_common_execute.c.o
[1206/1432] Building CXX object broker/CMakeFiles/cub_proxy.dir/__/src/broker/cas_meta.c.o
[1207/1432] Building CXX object broker/CMakeFiles/cubrid_gateway.dir/__/src/broker/shard_shm.c.o
[1208/1432] Building CXX object broker/CMakeFiles/cubrid_broker.dir/__/src/broker/broker_config.c.o
[1209/1432] Building CXX object broker/CMakeFiles/cub_proxy.dir/__/src/broker/broker_recv_fd.c.o
[1210/1432] Building CXX object broker/CMakeFiles/cubrid_gateway.dir/__/src/broker/shard_metadata.c.o
[1211/1432] Building CXX object broker/CMakeFiles/cas_common_lib.dir/__/src/broker/cas_log.c.o
[1212/1432] Building CXX object broker/CMakeFiles/broker_log_runner.dir/__/src/broker/broker_log_util.c.o
[1213/1432] Building CXX object broker/CMakeFiles/cub_proxy.dir/__/src/broker/broker_shm.c.o
[1214/1432] Building CXX object cubrid/CMakeFiles/cubrid.dir/__/src/transaction/log_page_buffer.c.o
[1215/1432] Building CXX object cubrid/CMakeFiles/cubrid.dir/__/src/transaction/log_manager.c.o
[1216/1432] Building CXX object broker/CMakeFiles/cas_common_lib.dir/__/src/broker/broker_filename.c.o
[1217/1432] Building CXX object broker/CMakeFiles/broker_log_converter.dir/__/src/broker/log_top_string.c.o
[1218/1432] Building CXX object broker/CMakeFiles/cas_common_lib.dir/__/src/broker/cas_handle.c.o
[1219/1432] Building CXX object broker/CMakeFiles/cub_proxy.dir/__/src/broker/broker_acl.c.o
[1220/1432] Building CXX object broker/CMakeFiles/broker_log_runner.dir/__/src/broker/log_top_string.c.o
[1221/1432] Building CXX object cubrid/CMakeFiles/cubrid.dir/__/src/query/parallel/px_scan/px_scan_result_handler.cpp.o
[1222/1432] Building CXX object broker/CMakeFiles/cubrid_gateway.dir/__/src/broker/broker_config.c.o
[1223/1432] Building CXX object util/CMakeFiles/unittests_snapshot.dir/__/src/executables/unittests_snapshot.c.o
[1224/1432] Building CXX object broker/CMakeFiles/broker_changer.dir/__/src/broker/broker_admin_pub.c.o
[1225/1432] Building CXX object broker/CMakeFiles/broker_log_converter.dir/__/src/broker/broker_log_converter.c.o
[1226/1432] Building CXX object broker/CMakeFiles/broker_log_top.dir/__/src/broker/broker_log_time.c.o
[1227/1432] Building CXX object broker/CMakeFiles/cub_proxy.dir/__/src/broker/broker_util.c.o
[1228/1432] Building CXX object broker/CMakeFiles/broker_log_converter.dir/__/src/broker/broker_log_util.c.o
[1229/1432] Building CXX object broker/CMakeFiles/cas_common_lib.dir/__/src/broker/cas_net_buf.c.o
[1230/1432] Building CXX object broker/CMakeFiles/broker_tester.dir/__/src/broker/broker_error.c.o
[1231/1432] Building CXX object broker/CMakeFiles/broker_log_top.dir/__/src/broker/broker_log_util.c.o
[1232/1432] Building CXX object cubrid/CMakeFiles/cubrid.dir/__/src/query/parallel/px_scan/px_scan_task.cpp.o
[1233/1432] Building CXX object broker/CMakeFiles/broker_log_top.dir/__/src/broker/cas_query_info.c.o
[1234/1432] Building CXX object broker/CMakeFiles/cub_cas.dir/__/src/broker/cas_str_like.c.o
[1235/1432] Building CXX object broker/CMakeFiles/broker_tester.dir/__/src/broker/log_top_string.c.o
[1236/1432] Building CXX object broker/CMakeFiles/broker_log_top.dir/__/src/broker/log_top_string.c.o
[1237/1432] Building CXX object broker/CMakeFiles/cubrid_broker.dir/__/src/broker/broker_admin_pub.c.o
[1238/1432] Building CXX object broker/CMakeFiles/broker_log_top.dir/__/src/broker/broker_error.c.o
[1239/1432] Building CXX object broker/CMakeFiles/cub_proxy.dir/__/src/broker/shard_metadata.c.o
[1240/1432] Building CXX object broker/CMakeFiles/broker_log_top.dir/__/src/broker/broker_log_top_tran.c.o
[1241/1432] Building CXX object broker/CMakeFiles/broker_log_top.dir/__/src/broker/broker_log_sql_list.c.o
[1242/1432] Building CXX object broker/CMakeFiles/cub_proxy.dir/__/src/broker/shard_proxy.c.o
[1243/1432] Building CXX object broker/CMakeFiles/cub_cas.dir/__/src/broker/cas_xa.c.o
[1244/1432] Building CXX object broker/CMakeFiles/cub_proxy.dir/__/src/broker/broker_filename.c.o
[1245/1432] Building CXX object broker/CMakeFiles/cubrid_replay.dir/__/src/broker/broker_log_util.c.o
[1246/1432] Building CXX object broker/CMakeFiles/cubrid_replay.dir/__/src/broker/log_top_string.c.o
[1247/1432] Building CXX object broker/CMakeFiles/broker_log_top.dir/__/src/broker/broker_log_top.c.o
[1248/1432] Building CXX object broker/CMakeFiles/cub_broker.dir/__/src/broker/query_replace.c.o
[1249/1432] Performing update step for 'catch2'
[1250/1432] Building CXX object broker/CMakeFiles/broker_tester.dir/__/src/broker/broker_tester.c.o
[1251/1432] Building CXX object broker/CMakeFiles/cub_gateway.dir/__/src/broker/query_replace.c.o
[1252/1432] Building CXX object broker/CMakeFiles/broker_log_runner.dir/__/src/broker/cas_runner.c.o
[1253/1432] Building CXX object broker/CMakeFiles/cub_proxy.dir/__/src/broker/shard_proxy_queue.c.o
[1254/1432] No patch step for 'catch2'
[1255/1432] Building CXX object broker/CMakeFiles/brokeradmin.dir/__/src/broker/broker_error.c.o
[1256/1432] Building CXX object broker/CMakeFiles/brokeradmin.dir/__/src/broker/broker_max_heap.c.o
[1257/1432] Building CXX object broker/CMakeFiles/brokeradmin.dir/__/src/broker/broker_process_info.c.o
[1258/1432] Building CXX object broker/CMakeFiles/cub_proxy.dir/__/src/broker/shard_proxy_handler.c.o
[1259/1432] Building CXX object broker/CMakeFiles/brokeradmin.dir/__/src/broker/broker_acl.c.o
[1260/1432] Building CXX object broker/CMakeFiles/brokeradmin.dir/__/src/broker/broker_process_size.c.o
[1261/1432] Building CXX object cm_common/CMakeFiles/cmdep.dir/__/src/cm_common/cm_dstring.c.o
[1262/1432] Building CXX object broker/CMakeFiles/cubrid_gateway.dir/__/src/broker/broker_admin_pub.c.o
[1263/1432] Building CXX object broker/CMakeFiles/cub_proxy.dir/__/src/broker/cas_net_buf.c.o
[1264/1432] Building CXX object broker/CMakeFiles/brokeradmin.dir/__/src/broker/shard_key_func.c.o
[1265/1432] Building CXX object broker/CMakeFiles/cub_proxy.dir/__/src/broker/shard_statement.c.o
[1266/1432] Building CXX object broker/CMakeFiles/broker_tester.dir/__/src/broker/broker_shm.c.o
[1267/1432] Building CXX object broker/CMakeFiles/cub_proxy.dir/__/src/broker/shard_proxy_log.c.o
[1268/1432] Building CXX object cm_common/CMakeFiles/cmstat.dir/__/src/cm_common/cm_errmsg.c.o
[1269/1432] Building C object cm_common/CMakeFiles/cmstat.dir/__/src/cm_common/cm_broker_jni.c.o
[1270/1432] Building CXX object broker/CMakeFiles/cub_proxy.dir/__/src/broker/shard_shm.c.o
[1271/1432] Building CXX object cm_common/CMakeFiles/cmdep.dir/__/src/cm_common/cm_nameval.c.o
[1272/1432] Building CXX object broker/CMakeFiles/broker_tester.dir/__/src/broker/broker_util.c.o
[1273/1432] Building CXX object cubrid/CMakeFiles/cubrid.dir/__/src/query/parallel/px_scan/px_scan.cpp.o
[1274/1432] Building CXX object broker/CMakeFiles/cas_cgw_lib.dir/__/src/broker/cas_cgw_odbc.c.o
[1275/1432] Building CXX object cm_common/CMakeFiles/cmstat.dir/__/src/cm_common/cm_broker_admin.c.o
[1276/1432] Building CXX object broker/CMakeFiles/broker_log_top.dir/__/src/broker/broker_util.c.o
[1277/1432] Building CXX object broker/CMakeFiles/cub_proxy.dir/__/src/broker/shard_proxy_io.c.o
[1278/1432] Building CXX object broker/CMakeFiles/broker_log_top.dir/__/src/broker/broker_shm.c.o
[1279/1432] Building CXX object broker/CMakeFiles/cub_proxy.dir/__/src/broker/cas_util.c.o
[1280/1432] Building CXX object broker/CMakeFiles/broker_monitor.dir/__/src/broker/query_replace.c.o
[1281/1432] Building CXX object broker/CMakeFiles/brokeradmin.dir/__/src/broker/broker_util.c.o
[1282/1432] Building CXX object broker/CMakeFiles/brokeradmin.dir/__/src/broker/broker_shm.c.o
[1283/1432] Building CXX object broker/CMakeFiles/broker_tester.dir/__/src/broker/broker_filename.c.o
[1284/1432] Building CXX object cm_common/CMakeFiles/cmstat.dir/__/src/cm_common/cm_mem_cpu_stat.c.o
[1285/1432] Building CXX object broker/CMakeFiles/broker_log_top.dir/__/src/broker/broker_filename.c.o
[1286/1432] Building CXX object broker/CMakeFiles/cub_proxy.dir/__/src/broker/shard_proxy_function.c.o
[1287/1432] Building CXX object broker/CMakeFiles/broker_tester.dir/__/src/broker/shard_shm.c.o
[1288/1432] Building CXX object cm_common/CMakeFiles/cmstat.dir/__/src/cm_common/cm_utils.c.o
[1289/1432] Building CXX object broker/CMakeFiles/cubrid_replay.dir/__/src/broker/broker_log_replay.c.o
[1290/1432] Building CXX object broker/CMakeFiles/broker_tester.dir/__/src/broker/shard_metadata.c.o
[1291/1432] Building CXX object util/CMakeFiles/loadjava.dir/__/src/executables/loadjava.cpp.o
[1292/1432] Building CXX object broker/CMakeFiles/broker_log_top.dir/__/src/broker/shard_metadata.c.o
[1293/1432] Building CXX object cm_common/CMakeFiles/cmdep.dir/__/src/cm_common/cm_utils.c.o
[1294/1432] Building CXX object broker/CMakeFiles/broker_changer.dir/__/src/broker/query_replace.c.o
[1295/1432] Building CXX object broker/CMakeFiles/broker_log_top.dir/__/src/broker/shard_shm.c.o
[1296/1432] Building CXX object broker/CMakeFiles/brokeradmin.dir/__/src/broker/broker_filename.c.o
[1297/1432] Building CXX object broker/CMakeFiles/broker_tester.dir/__/src/broker/broker_config.c.o
[1298/1432] Building CXX object timezones/CMakeFiles/gen_timezone.dir/__/src/executables/generate_timezone.cpp.o
[1299/1432] Performing configure step for 'catch2'
loading initial cache file /home/vimkim/gh/cb/oos-ci-f4299ac/build_preset_debug_gcc/unit_tests/catch2-prefix/tmp/catch2-cache-Debug.cmake
-- The CXX compiler identification is GNU 11.5.0
-- Detecting CXX compiler ABI info
-- Detecting CXX compiler ABI info - done
-- Check for working CXX compiler: /usr/bin/g++ - skipped
-- Detecting CXX compile features
-- Detecting CXX compile features - done
-- Configuring done (0.8s)
-- Generating done (0.0s)
-- Build files have been written to: /home/vimkim/gh/cb/oos-ci-f4299ac/build_preset_debug_gcc/unit_tests/catch2-prefix/src/catch2-build
[1300/1432] Performing build step for 'catch2'
ninja: no work to do.
[1301/1432] Building CXX object broker/CMakeFiles/brokeradmin.dir/__/src/broker/broker_admin_so.c.o
[1302/1432] No install step for 'catch2'
[1303/1432] Building CXX object broker/CMakeFiles/brokeradmin.dir/__/src/broker/shard_metadata.c.o
[1304/1432] Completed 'catch2'
[1305/1432] Building CXX object broker/CMakeFiles/brokeradmin.dir/__/src/broker/shard_shm.c.o
[1306/1432] Building CXX object cm_common/CMakeFiles/cub_jobsa.dir/__/src/cm_common/cm_class_info_sa.c.o
[1307/1432] Building CXX object cm_common/CMakeFiles/cub_sainfo.dir/__/src/cm_common/cm_class_info_sa.c.o
[1308/1432] Building CXX object broker/CMakeFiles/broker_log_top.dir/__/src/broker/broker_config.c.o
[1309/1432] Building CXX object broker/CMakeFiles/cubrid_replay.dir/__/src/base/filesys_temp.cpp.o
[1310/1432] Building CXX object broker/CMakeFiles/gateway_monitor.dir/__/src/broker/query_replace.c.o
[1311/1432] Building CXX object broker/CMakeFiles/brokeradmin.dir/__/src/broker/broker_config.c.o
[1312/1432] Building CXX object broker/CMakeFiles/cubrid_broker.dir/__/src/broker/query_replace.c.o
[1313/1432] Building CXX object broker/CMakeFiles/cas_common_lib.dir/__/src/broker/query_replace.c.o
[1314/1432] Building CXX object broker/CMakeFiles/cub_cas.dir/__/src/broker/cas_function.c.o
[1315/1432] Building CXX object broker/CMakeFiles/cas_common_lib.dir/__/src/broker/cas_common_main.c.o
[1316/1432] Building CXX object broker/CMakeFiles/cub_cas.dir/__/src/broker/cas.c.o
[1317/1432] Building CXX object broker/CMakeFiles/cubrid_gateway.dir/__/src/broker/query_replace.c.o
[1318/1432] Building CXX object broker/CMakeFiles/brokeradmin.dir/__/src/broker/broker_admin_pub.c.o
[1319/1432] Building CXX object cubrid-cci/cci/CMakeFiles/cascci.dir/__/src/cci/cci_util.c.o
[1320/1432] Building CXX object broker/CMakeFiles/cas_cgw_lib.dir/__/src/broker/cas_cgw_execute.c.o
[1321/1432] Building CXX object broker/CMakeFiles/cas_cgw_lib.dir/__/src/broker/cas_cgw_function.c.o
[1322/1432] Building CXX object broker/CMakeFiles/cub_proxy.dir/__/src/broker/query_replace.c.o
[1323/1432] Building CXX object broker/CMakeFiles/cub_cas_cgw.dir/__/src/broker/cas_cgw.c.o
[1324/1432] Building CXX object broker/CMakeFiles/cas_common_lib.dir/__/src/base/ddl_log.c.o
[1325/1432] Building CXX object broker/CMakeFiles/broker_tester.dir/__/src/broker/query_replace.c.o
[1326/1432] Building CXX object broker/CMakeFiles/brokeradmin.dir/__/src/broker/query_replace.c.o
[1327/1432] Linking CXX shared library cubrid-cci/cci/libcascci.so.11.3
[1328/1432] Creating library symlink cubrid-cci/cci/libcascci.so
[1329/1432] Linking CXX executable bin/cci_applier
[1330/1432] Building CXX object unit_tests/oos/CMakeFiles/test_oos_record_flags.dir/test_oos_record_flags.cpp.o
[1331/1432] Building CXX object broker/CMakeFiles/broker_log_top.dir/__/src/broker/query_replace.c.o
[1332/1432] Building CXX object broker/CMakeFiles/cub_cas.dir/__/src/broker/cas_execute.c.o
[1333/1432] Building CXX object unit_tests/oos/CMakeFiles/test_oos_tde_gate.dir/test_oos_tde_gate.cpp.o
[1334/1432] Building CXX object unit_tests/oos/CMakeFiles/test_byte_span_writer.dir/test_byte_span_writer.cpp.o
[1335/1432] Building CXX object cm_common/CMakeFiles/cmdep.dir/__/src/cm_common/cm_dep_tasks.c.o
[1336/1432] Building CXX object unit_tests/oos/CMakeFiles/test_oos_delete.dir/test_oos_delete.cpp.o
[1337/1432] Building CXX object unit_tests/oos/CMakeFiles/test_oos.dir/test_oos.cpp.o
[1338/1432] Building CXX object cubrid/CMakeFiles/cubrid.dir/__/src/optimizer/histogram/histogram_sampler_sr.cpp.o
[1339/1432] Building CXX object unit_tests/oos/sql/CMakeFiles/test_oos_sql_ddl.dir/test_oos_sql_ddl.cpp.o
[1340/1432] Building CXX object unit_tests/oos/sql/CMakeFiles/test_oos_sql_delete.dir/test_oos_sql_delete.cpp.o
[1341/1432] Building CXX object unit_tests/oos/sql/CMakeFiles/test_oos_sql_eager_cleanup.dir/test_oos_sql_eager_cleanup.cpp.o
[1342/1432] Building CXX object unit_tests/oos/sql/CMakeFiles/test_oos_sql_boundary.dir/test_oos_sql_boundary.cpp.o
[1343/1432] Building CXX object unit_tests/oos/CMakeFiles/test_oos_bestspace.dir/test_oos_bestspace.cpp.o
[1344/1432] Building CXX object unit_tests/oos/sql/CMakeFiles/test_oos_sql_txn.dir/test_oos_sql_txn.cpp.o
[1345/1432] Building CXX object unit_tests/oos/sql/CMakeFiles/test_oos_sql_show.dir/test_oos_sql_show.cpp.o
[1346/1432] Building CXX object unit_tests/oos/sql/CMakeFiles/test_oos_sql_visible_version.dir/test_oos_sql_visible_version.cpp.o
[1347/1432] Building CXX object unit_tests/oos/sql/CMakeFiles/test_oos_sql_update_delete.dir/test_oos_sql_update_delete.cpp.o
[1348/1432] Building CXX object unit_tests/oos/sql/CMakeFiles/test_oos_sql_storage.dir/test_oos_sql_storage.cpp.o
[1349/1432] Building CXX object unit_tests/oos/sql/CMakeFiles/test_oos_sql_bigone.dir/test_oos_sql_bigone.cpp.o
[1350/1432] Building CXX object unit_tests/oos/CMakeFiles/test_oos_remove_file.dir/test_oos_remove_file.cpp.o
[1351/1432] Building CXX object unit_tests/oos/sql/CMakeFiles/test_oos_sql_crud.dir/test_oos_sql_crud.cpp.o
[1352/1432] Building CXX object unit_tests/oos/CMakeFiles/test_oos_mock_vacuum_server.dir/test_oos_mock_vacuum_server.cpp.o
[1353/1432] Building CXX object unit_tests/oos/CMakeFiles/test_oos_delete_server.dir/test_oos_delete_server.cpp.o
[1354/1432] Building CXX object unit_tests/oos/CMakeFiles/test_oos_remove_file_server.dir/test_oos_remove_file_server.cpp.o
[1355/1432] Linking CXX shared library cs/libcubridcs.so.11.5
[1356/1432] Creating library symlink cs/libcubridcs.so
[1357/1432] Building CXX object unit_tests/oos/CMakeFiles/test_oos_vacuum_server.dir/test_oos_vacuum_server.cpp.o
[1358/1432] Building CXX object unit_tests/oos/CMakeFiles/test_oos_growth_sweep.dir/test_oos_growth_sweep.cpp.o
[1359/1432] Linking CXX static library broker/libcas_common_lib.a
[1360/1432] Linking CXX executable bin/broker_log_converter
[1361/1432] Linking CXX executable bin/broker_log_runner
[1362/1432] Linking CXX shared library cm_common/libcmdep.so.11.5
[1363/1432] Linking CXX executable bin/cub_commdb
[1364/1432] Linking CXX executable bin/cubrid_replay
[1365/1432] Creating library symlink cm_common/libcmdep.so
[1366/1432] Linking CXX shared library broker/libbrokeradmin.so.11.5
[1367/1432] Linking CXX executable bin/cub_broker
[1368/1432] Creating library symlink broker/libbrokeradmin.so
[1369/1432] Linking CXX executable bin/cub_gateway
[1370/1432] Linking CXX executable bin/broker_changer
[1371/1432] Linking CXX executable bin/cub_master
[1372/1432] Linking CXX executable bin/broker_tester
[1373/1432] Linking CXX executable bin/broker_log_top
[1374/1432] Linking CXX static library broker/libcas_cgw_lib.a
[1375/1432] Linking CXX executable bin/gateway_monitor
[1376/1432] Linking CXX executable bin/cubrid_gateway
[1377/1432] Linking CXX executable bin/cub_proxy
[1378/1432] Linking CXX executable bin/cubrid_broker
[1379/1432] Linking CXX executable bin/broker_monitor
[1380/1432] Linking CXX shared library cm_common/libcmstat.so.11.5
[1381/1432] Creating library symlink cm_common/libcmstat.so
[1382/1432] Building CXX object unit_tests/oos/CMakeFiles/test_oos_real_vacuum_server.dir/test_oos_real_vacuum_server.cpp.o
[1383/1432] Linking CXX executable bin/cub_cas
[1384/1432] Linking CXX executable bin/cub_cas_cgw
[1385/1432] Building CXX object unit_tests/oos/CMakeFiles/test_oos_server.dir/test_oos_server.cpp.o
[1386/1432] Linking CXX shared library sa/libcubridsa.so.11.5
[1387/1432] Creating library symlink sa/libcubridsa.so
[1388/1432] Linking CXX executable bin/cub_admin
[1389/1432] Linking CXX executable bin/csql
[1390/1432] Linking CXX executable bin/cub_sainfo
[1391/1432] Linking CXX executable bin/cub_jobsa
[1392/1432] Linking CXX executable bin/cubrid_rel
[1393/1432] Linking CXX executable bin/gen_timezone
[1394/1432] Linking CXX executable bin/cubrid
[1395/1432] Linking CXX executable bin/cub_pl
[1396/1432] Linking CXX executable bin/loadjava
[1397/1432] generating tzlib/timezones.c from /home/vimkim/gh/cb/oos-ci-f4299ac/timezones/tzdata
Ruleset AN , total changes : 133 (1971 - 2038)
Ruleset AQ , total changes : 8 (1971 - 2038)
Ruleset AS , total changes : 133 (1971 - 2038)
Ruleset AT , total changes : 141 (1967 - 2038)
Ruleset AV , total changes : 133 (1971 - 2038)
Ruleset AW , total changes : 13 (1974 - 2038)
Ruleset Albania , total changes : 25 (1940 - 2038)
Ruleset Algeria , total changes : 26 (1916 - 2038)
Ruleset Arg , total changes : 63 (1930 - 2038)
DS ruleset: Aus, Year: 1917, Change on : Jan 
DS ruleset: Aus, Year: 1941, Change on : Jan 
DS ruleset: Aus, Year: 1942, Change on : Jan 
DS ruleset: Aus, Year: 1942, found 3 matching rules
Ruleset Aus , total changes : 9 (1917 - 2038)
Ruleset Austria , total changes : 10 (1920 - 2038)
Ruleset Azer , total changes : 38 (1997 - 2038)
Ruleset Bahamas , total changes : 24 (1964 - 2038)
Ruleset Barb , total changes : 8 (1977 - 2038)
Ruleset Belgium , total changes : 50 (1918 - 2038)
Ruleset Belize , total changes : 56 (1918 - 2038)
DS ruleset: Brazil, Year: 1965, found 3 matching rules
Ruleset Brazil , total changes : 133 (1931 - 2038)
Ruleset Bulg , total changes : 7 (1979 - 2038)
Ruleset C-Eur , total changes : 136 (1916 - 2038)
DS ruleset: CA, Year: 1948, Change on : Jan 
DS ruleset: CA, Year: 1949, Change on : Jan 
Ruleset CA , total changes : 37 (1948 - 2038)
Ruleset CO , total changes : 2 (1992 - 2038)
Ruleset CR , total changes : 9 (1979 - 2038)
Ruleset Canada , total changes : 133 (1918 - 2038)
Ruleset Chatham , total changes : 127 (1974 - 2038)
Ruleset Chicago , total changes : 94 (1920 - 2038)
Ruleset Chile , total changes : 147 (1927 - 2038)
Ruleset Cook , total changes : 26 (1978 - 2038)
Ruleset Cuba , total changes : 154 (1928 - 2038)
Ruleset Cyprus , total changes : 47 (1975 - 2038)
Ruleset Czech , total changes : 10 (1945 - 2038)
Ruleset DR , total changes : 14 (1966 - 2038)
Ruleset Denmark , total changes : 11 (1916 - 2038)
Ruleset Denver , total changes : 8 (1920 - 2038)
Ruleset Detroit , total changes : 4 (1948 - 2038)
Ruleset Dhaka , total changes : 3 (2009 - 2038)
Ruleset E-Eur , total changes : 122 (1977 - 2038)
Ruleset E-EurAsia , total changes : 116 (1979 - 2038)
Ruleset EU , total changes : 122 (1977 - 2038)
Ruleset EUAsia , total changes : 116 (1979 - 2038)
Ruleset Ecuador , total changes : 2 (1992 - 2038)
Ruleset Edm , total changes : 71 (1918 - 2038)
DS ruleset: Egypt, Year: 2010, found 4 matching rules
DS ruleset: Egypt, Year: 2014, found 4 matching rules
Ruleset Egypt , total changes : 126 (1940 - 2038)
Ruleset EgyptAsia , total changes : 21 (1957 - 2038)
DS ruleset: Falk, Year: 1942, Change on : Jan 
DS ruleset: Falk, Year: 1943, Change on : Jan 
Ruleset Falk , total changes : 68 (1937 - 2038)
Ruleset Fiji , total changes : 64 (1998 - 2038)
Ruleset Finland , total changes : 6 (1942 - 2038)
Ruleset France , total changes : 61 (1916 - 2038)
DS ruleset: GB-Eire, Year: 1945, found 3 matching rules
DS ruleset: GB-Eire, Year: 1947, found 4 matching rules
Ruleset GB-Eire , total changes : 156 (1916 - 2038)
DS ruleset: Germany, Year: 1947, found 4 matching rules
Ruleset Germany , total changes : 10 (1946 - 2038)
Ruleset Ghana , total changes : 47 (1920 - 2038)
Ruleset Greece , total changes : 20 (1932 - 2038)
Ruleset Guat , total changes : 8 (1973 - 2038)
DS ruleset: HK, Year: 1973, found 3 matching rules
Ruleset HK , total changes : 70 (1941 - 2038)
Ruleset Haiti , total changes : 84 (1983 - 2038)
Ruleset Halifax , total changes : 94 (1916 - 2038)
Ruleset Holiday , total changes : 4 (1992 - 2038)
Ruleset Hond , total changes : 6 (1987 - 2038)
Ruleset Hungary , total changes : 25 (1918 - 2038)
Ruleset Iceland , total changes : 66 (1917 - 2038)
Ruleset Indianapolis , total changes : 24 (1941 - 2038)
Ruleset Iran , total changes : 96 (1978 - 2038)
Ruleset Iraq , total changes : 52 (1982 - 2038)
Ruleset Italy , total changes : 52 (1916 - 2038)
Ruleset Japan , total changes : 8 (1948 - 2038)
Ruleset Jordan , total changes : 117 (1973 - 2038)
Ruleset Kyrgyz , total changes : 27 (1992 - 2038)
Ruleset LH , total changes : 113 (1981 - 2038)
Ruleset Latvia , total changes : 16 (1989 - 2038)
Ruleset Lebanon , total changes : 140 (1920 - 2038)
DS ruleset: Libya, Year: 1951, Change on : Jan 
DS ruleset: Libya, Year: 1952, Change on : Jan 
DS ruleset: Libya, Year: 1953, Change on : Jan 
DS ruleset: Libya, Year: 1954, Change on : Jan 
DS ruleset: Libya, Year: 1955, Change on : Jan 
DS ruleset: Libya, Year: 1956, Change on : Jan 
Ruleset Libya , total changes : 29 (1951 - 2038)
Ruleset Louisville , total changes : 36 (1921 - 2038)
Ruleset Lux , total changes : 27 (1916 - 2038)
Ruleset Macau , total changes : 40 (1961 - 2038)
Ruleset Malta , total changes : 16 (1973 - 2038)
Ruleset Marengo , total changes : 16 (1951 - 2038)
Ruleset Mauritius , total changes : 4 (1982 - 2038)
Ruleset Menominee , total changes : 4 (1946 - 2038)
Ruleset Mexico , total changes : 94 (1939 - 2038)
Ruleset Moldova , total changes : 82 (1997 - 2038)
Ruleset Moncton , total changes : 100 (1933 - 2038)
Ruleset Mongol , total changes : 48 (1983 - 2038)
DS ruleset: Morocco, Year: 2012, found 4 matching rules
DS ruleset: Morocco, Year: 2013, found 4 matching rules
DS ruleset: Morocco, Year: 2014, found 4 matching rules
DS ruleset: Morocco, Year: 2015, found 4 matching rules
DS ruleset: Morocco, Year: 2016, found 4 matching rules
DS ruleset: Morocco, Year: 2017, found 4 matching rules
DS ruleset: Morocco, Year: 2018, found 4 matching rules
DS ruleset: Morocco, Year: 2019, found 4 matching rules
DS ruleset: Morocco, Year: 2020, found 4 matching rules
DS ruleset: Morocco, Year: 2021, found 4 matching rules
DS ruleset: Morocco, Year: 2036, found 3 matching rules
DS ruleset: Morocco, Year: 2037, found 3 matching rules
Ruleset Morocco , total changes : 98 (1939 - 2038)
Ruleset NBorneo , total changes : 15 (1935 - 2038)
Ruleset NC , total changes : 8 (1977 - 2038)
Ruleset NT_YK , total changes : 63 (1918 - 2038)
Ruleset NYC , total changes : 94 (1920 - 2038)
DS ruleset: NZ, Year: 1945, Change on : Jan 
DS ruleset: NZ, Year: 1946, Change on : Jan 
Ruleset NZ , total changes : 156 (1927 - 2038)
Ruleset Namibia , total changes : 87 (1994 - 2038)
DS ruleset: Neth, Year: 1937, found 3 matching rules
Ruleset Neth , total changes : 51 (1916 - 2038)
Ruleset Nic , total changes : 8 (1979 - 2038)
Ruleset Norway , total changes : 18 (1916 - 2038)
Ruleset PRC , total changes : 12 (1986 - 2038)
Ruleset Pakistan , total changes : 6 (2002 - 2038)
DS ruleset: Palestine, Year: 2011, found 4 matching rules
Ruleset Palestine , total changes : 80 (1999 - 2038)
Ruleset Para , total changes : 126 (1975 - 2038)
Ruleset Perry , total changes : 24 (1946 - 2038)
DS ruleset: Peru, Year: 1938, Change on : Jan 
DS ruleset: Peru, Year: 1938, found 3 matching rules
DS ruleset: Peru, Year: 1985, Change on : Jan 
DS ruleset: Peru, Year: 1986, Change on : Jan 
DS ruleset: Peru, Year: 1987, Change on : Jan 
DS ruleset: Peru, Year: 1989, Change on : Jan 
DS ruleset: Peru, Year: 1990, Change on : Jan 
DS ruleset: Peru, Year: 1993, Change on : Jan 
DS ruleset: Peru, Year: 1994, Change on : Jan 
Ruleset Peru , total changes : 17 (1938 - 2038)
Ruleset Phil , total changes : 6 (1936 - 2038)
Ruleset Pike , total changes : 20 (1955 - 2038)
Ruleset Poland , total changes : 31 (1918 - 2038)
DS ruleset: Port, Year: 1942, found 4 matching rules
DS ruleset: Port, Year: 1943, found 4 matching rules
DS ruleset: Port, Year: 1944, found 4 matching rules
DS ruleset: Port, Year: 1945, found 4 matching rules
Ruleset Port , total changes : 109 (1916 - 2038)
Ruleset Pulaski , total changes : 30 (1946 - 2038)
Ruleset ROK , total changes : 24 (1948 - 2038)
Ruleset Regina , total changes : 51 (1918 - 2038)
Ruleset Romania , total changes : 26 (1932 - 2038)
DS ruleset: Russia, Year: 1919, found 3 matching rules
DS ruleset: Russia, Year: 1921, found 4 matching rules
Ruleset Russia , total changes : 72 (1917 - 2038)
Ruleset RussiaAsia , total changes : 62 (1981 - 2038)
Ruleset SA , total changes : 4 (1942 - 2038)
Ruleset Salv , total changes : 4 (1987 - 2038)
Ruleset SanLuis , total changes : 4 (2007 - 2038)
Ruleset Shang , total changes : 4 (1940 - 2038)
DS ruleset: SovietZone, Year: 1945, found 3 matching rules
Ruleset SovietZone , total changes : 3 (1945 - 2038)
DS ruleset: Spain, Year: 1938, found 3 matching rules
Ruleset Spain , total changes : 42 (1918 - 2038)
Ruleset SpainAfrica , total changes : 10 (1967 - 2038)
Ruleset StJohns , total changes : 179 (1917 - 2038)
Ruleset Starke , total changes : 30 (1947 - 2038)
Ruleset Sudan , total changes : 32 (1970 - 2038)
Ruleset Swift , total changes : 8 (1957 - 2038)
Ruleset Swiss , total changes : 4 (1941 - 2038)
Ruleset Syria , total changes : 150 (1920 - 2038)
Ruleset Taiwan , total changes : 38 (1946 - 2038)
Ruleset Thule , total changes : 94 (1991 - 2038)
Ruleset Tonga , total changes : 51 (1999 - 2038)
Ruleset Toronto , total changes : 100 (1919 - 2038)
Ruleset Troll , total changes : 67 (2004 - 2038)
DS ruleset: Tunisia, Year: 1943, found 4 matching rules
Ruleset Tunisia , total changes : 32 (1939 - 2038)
DS ruleset: Turkey, Year: 1940, found 3 matching rules
Ruleset Turkey , total changes : 108 (1916 - 2038)
Ruleset US , total changes : 150 (1918 - 2038)
DS ruleset: Uruguay, Year: 1941, Change on : Jan 
DS ruleset: Uruguay, Year: 1942, Change on : Jan 
Ruleset Uruguay , total changes : 93 (1923 - 2038)
Ruleset Vanc , total changes : 107 (1918 - 2038)
Ruleset Vanuatu , total changes : 21 (1983 - 2038)
Ruleset Vincennes , total changes : 24 (1946 - 2038)
Ruleset W-Eur , total changes : 122 (1977 - 2038)
Ruleset WS , total changes : 55 (2010 - 2038)
Ruleset Winn , total changes : 121 (1916 - 2038)
DS ruleset: Zion, Year: 1948, found 3 matching rules
Ruleset Zion , total changes : 141 (1940 - 2038)
Total DS changes: 7690; maximum changes in a ruleset :179

 COUNTRY MAX NAME LEN: 42
 DS RULES & RULESETS
   DS RULESET MAX NAME LEN: 12
   DS RULE MAX LETTER_ABBREV LEN: 5

 TIMEZONE
   MAX NAME LEN: 30   MAX comments LEN: 73   MAX coordinates LEN: 15
 TZ_NAMES (timezone names and aliases) MAX NAME LEN: 32
 TZ_RW_LINKS : 
   MAX NAME LEN: 30   MAX ALIAS LEN: 32
 TZ_RAW_OFFSET_RULES : 
   MAX rules LEN: 12   MAX format LEN: 5
[1398/1432] Linking CXX executable bin/test_oos_tde_gate
[1399/1432] Linking CXX executable bin/test_oos_remove_file
[1400/1432] Linking CXX executable bin/test_oos_sql_update_delete
[1401/1432] Linking CXX executable bin/test_oos_sql_txn
[1402/1432] Linking CXX executable bin/test_oos_bestspace
[1403/1432] Linking CXX executable bin/test_oos_sql_eager_cleanup
[1404/1432] Linking CXX executable bin/test_oos_growth_sweep
[1405/1432] Linking CXX executable bin/test_byte_span_writer
[1406/1432] Linking CXX executable bin/test_oos_delete
[1407/1432] Linking CXX executable bin/test_oos
[1408/1432] Linking CXX executable bin/test_oos_sql_boundary
[1409/1432] Linking CXX executable bin/test_oos_sql_crud
[1410/1432] Linking CXX executable bin/test_oos_sql_visible_version
[1411/1432] Linking CXX executable bin/test_oos_sql_bigone
[1412/1432] Linking CXX executable bin/test_oos_sql_show
[1413/1432] Linking CXX executable bin/test_oos_sql_ddl
[1414/1432] Linking CXX executable bin/test_oos_sql_storage
[1415/1432] Linking CXX executable bin/test_oos_record_flags
[1416/1432] Linking CXX executable bin/test_oos_sql_delete
[1417/1432] Building C object timezones/CMakeFiles/cubrid_timezones.dir/tzlib/timezones.c.o
[1418/1432] Linking C shared library timezones/libcubrid_timezones.so.11.5
[1419/1432] Creating library symlink timezones/libcubrid_timezones.so
[1420/1432] Linking CXX shared library cubrid/libcubrid.so.11.5
[1421/1432] Creating library symlink cubrid/libcubrid.so
[1422/1432] Linking CXX executable bin/cub_server
[1423/1432] Linking CXX executable bin/unittests_bit
[1424/1432] Linking CXX executable bin/unittests_area
[1425/1432] Linking CXX executable bin/unittests_snapshot
[1426/1432] Linking CXX executable bin/unittests_lf
[1427/1432] Linking CXX executable bin/test_oos_delete_server
[1428/1432] Linking CXX executable bin/test_oos_mock_vacuum_server
[1429/1432] Linking CXX executable bin/test_oos_remove_file_server
[1430/1432] Linking CXX executable bin/test_oos_server
[1431/1432] Linking CXX executable bin/test_oos_vacuum_server
[1432/1432] Linking CXX executable bin/test_oos_real_vacuum_server
-- Install configuration: "Debug"
-- Installing: /home/vimkim/.cub/install/oos-ci-f4299ac/debug_gcc/vm/pl_server.jar
-- Installing: /home/vimkim/.cub/install/oos-ci-f4299ac/debug_gcc/vm/logging.properties
-- Installing: /home/vimkim/.cub/install/oos-ci-f4299ac/debug_gcc/vm/jdk8
-- Installing: /home/vimkim/.cub/install/oos-ci-f4299ac/debug_gcc/lib/libcubridsa.so.11.5
-- Set runtime path of "/home/vimkim/.cub/install/oos-ci-f4299ac/debug_gcc/lib/libcubridsa.so.11.5" to "/home/vimkim/.cub/install/oos-ci-f4299ac/debug_gcc/lib"
-- Installing: /home/vimkim/.cub/install/oos-ci-f4299ac/debug_gcc/lib/libcubridsa.so
-- Installing: /home/vimkim/.cub/install/oos-ci-f4299ac/debug_gcc/lib/libcubridcs.so.11.5
-- Set runtime path of "/home/vimkim/.cub/install/oos-ci-f4299ac/debug_gcc/lib/libcubridcs.so.11.5" to "/home/vimkim/.cub/install/oos-ci-f4299ac/debug_gcc/lib"
-- Installing: /home/vimkim/.cub/install/oos-ci-f4299ac/debug_gcc/lib/libcubridcs.so
-- Installing: /home/vimkim/.cub/install/oos-ci-f4299ac/debug_gcc/lib/libcubrid.so.11.5
-- Set runtime path of "/home/vimkim/.cub/install/oos-ci-f4299ac/debug_gcc/lib/libcubrid.so.11.5" to "/home/vimkim/.cub/install/oos-ci-f4299ac/debug_gcc/lib"
-- Installing: /home/vimkim/.cub/install/oos-ci-f4299ac/debug_gcc/lib/libcubrid.so
-- Installing: /home/vimkim/.cub/install/oos-ci-f4299ac/debug_gcc/include/dbi.h
-- Installing: /home/vimkim/.cub/install/oos-ci-f4299ac/debug_gcc/include/dbtran_def.h
-- Installing: /home/vimkim/.cub/install/oos-ci-f4299ac/debug_gcc/include/dbtype_def.h
-- Installing: /home/vimkim/.cub/install/oos-ci-f4299ac/debug_gcc/include/db_set_function.h
-- Installing: /home/vimkim/.cub/install/oos-ci-f4299ac/debug_gcc/include/dbtype_function.h
-- Installing: /home/vimkim/.cub/install/oos-ci-f4299ac/debug_gcc/include/db_date.h
-- Installing: /home/vimkim/.cub/install/oos-ci-f4299ac/debug_gcc/include/db_elo.h
-- Installing: /home/vimkim/.cub/install/oos-ci-f4299ac/debug_gcc/include/cache_time.h
-- Installing: /home/vimkim/.cub/install/oos-ci-f4299ac/debug_gcc/include/error_code.h
-- Installing: /home/vimkim/.cub/install/oos-ci-f4299ac/debug_gcc/include/cubrid_log.h
-- Installing: /home/vimkim/.cub/install/oos-ci-f4299ac/debug_gcc/include/cm_stat.h
-- Installing: /home/vimkim/.cub/install/oos-ci-f4299ac/debug_gcc/bin/csql
-- Set runtime path of "/home/vimkim/.cub/install/oos-ci-f4299ac/debug_gcc/bin/csql" to "/home/vimkim/.cub/install/oos-ci-f4299ac/debug_gcc/lib"
-- Installing: /home/vimkim/.cub/install/oos-ci-f4299ac/debug_gcc/bin/cub_master
-- Set runtime path of "/home/vimkim/.cub/install/oos-ci-f4299ac/debug_gcc/bin/cub_master" to "/home/vimkim/.cub/install/oos-ci-f4299ac/debug_gcc/lib"
-- Installing: /home/vimkim/.cub/install/oos-ci-f4299ac/debug_gcc/bin/cub_server
-- Set runtime path of "/home/vimkim/.cub/install/oos-ci-f4299ac/debug_gcc/bin/cub_server" to "/home/vimkim/.cub/install/oos-ci-f4299ac/debug_gcc/lib"
-- Installing: /home/vimkim/.cub/install/oos-ci-f4299ac/debug_gcc/bin/cubrid
-- Set runtime path of "/home/vimkim/.cub/install/oos-ci-f4299ac/debug_gcc/bin/cubrid" to "/home/vimkim/.cub/install/oos-ci-f4299ac/debug_gcc/lib"
-- Installing: /home/vimkim/.cub/install/oos-ci-f4299ac/debug_gcc/bin/cub_commdb
-- Set runtime path of "/home/vimkim/.cub/install/oos-ci-f4299ac/debug_gcc/bin/cub_commdb" to "/home/vimkim/.cub/install/oos-ci-f4299ac/debug_gcc/lib"
-- Installing: /home/vimkim/.cub/install/oos-ci-f4299ac/debug_gcc/bin/cubrid_rel
-- Set runtime path of "/home/vimkim/.cub/install/oos-ci-f4299ac/debug_gcc/bin/cubrid_rel" to "/home/vimkim/.cub/install/oos-ci-f4299ac/debug_gcc/lib"
-- Installing: /home/vimkim/.cub/install/oos-ci-f4299ac/debug_gcc/bin/loadjava
-- Set runtime path of "/home/vimkim/.cub/install/oos-ci-f4299ac/debug_gcc/bin/loadjava" to "/home/vimkim/.cub/install/oos-ci-f4299ac/debug_gcc/lib"
-- Installing: /home/vimkim/.cub/install/oos-ci-f4299ac/debug_gcc/bin/cub_pl
-- Set runtime path of "/home/vimkim/.cub/install/oos-ci-f4299ac/debug_gcc/bin/cub_pl" to "/home/vimkim/.cub/install/oos-ci-f4299ac/debug_gcc/lib"
-- Installing: /home/vimkim/.cub/install/oos-ci-f4299ac/debug_gcc/bin/cub_admin
-- Set runtime path of "/home/vimkim/.cub/install/oos-ci-f4299ac/debug_gcc/bin/cub_admin" to "/home/vimkim/.cub/install/oos-ci-f4299ac/debug_gcc/lib"
-- Installing: /home/vimkim/.cub/install/oos-ci-f4299ac/debug_gcc/cci/lib/libcascci.so.11.3
-- Set runtime path of "/home/vimkim/.cub/install/oos-ci-f4299ac/debug_gcc/cci/lib/libcascci.so.11.3" to "/home/vimkim/.cub/install/oos-ci-f4299ac/debug_gcc/lib"
-- Installing: /home/vimkim/.cub/install/oos-ci-f4299ac/debug_gcc/cci/lib/libcascci.so
-- Installing: /home/vimkim/.cub/install/oos-ci-f4299ac/debug_gcc/cci/include/cas_cci.h
-- Installing: /home/vimkim/.cub/install/oos-ci-f4299ac/debug_gcc/cci/include/compat_dbtran_def.h
-- Installing: /home/vimkim/.cub/install/oos-ci-f4299ac/debug_gcc/cci/include/broker_cas_error.h
-- Installing: /home/vimkim/.cub/install/oos-ci-f4299ac/debug_gcc/include/cas_cci.h
-- Installing: /home/vimkim/.cub/install/oos-ci-f4299ac/debug_gcc/include/broker_cas_error.h
-- Installing: /home/vimkim/.cub/install/oos-ci-f4299ac/debug_gcc/include/compat_dbtran_def.h
-- Installing: /home/vimkim/.cub/install/oos-ci-f4299ac/debug_gcc/lib/libcascci.so
-- Installing: /home/vimkim/.cub/install/oos-ci-f4299ac/debug_gcc/lib/libcascci.so.11.3
-- Installing: /home/vimkim/.cub/install/oos-ci-f4299ac/debug_gcc/bin/cci_applier
-- Set runtime path of "/home/vimkim/.cub/install/oos-ci-f4299ac/debug_gcc/bin/cci_applier" to "/home/vimkim/.cub/install/oos-ci-f4299ac/debug_gcc/lib"
-- Installing: /home/vimkim/.cub/install/oos-ci-f4299ac/debug_gcc/bin/broker_log_converter
-- Set runtime path of "/home/vimkim/.cub/install/oos-ci-f4299ac/debug_gcc/bin/broker_log_converter" to "/home/vimkim/.cub/install/oos-ci-f4299ac/debug_gcc/lib"
-- Installing: /home/vimkim/.cub/install/oos-ci-f4299ac/debug_gcc/bin/broker_log_runner
-- Set runtime path of "/home/vimkim/.cub/install/oos-ci-f4299ac/debug_gcc/bin/broker_log_runner" to "/home/vimkim/.cub/install/oos-ci-f4299ac/debug_gcc/lib"
-- Installing: /home/vimkim/.cub/install/oos-ci-f4299ac/debug_gcc/bin/broker_tester
-- Set runtime path of "/home/vimkim/.cub/install/oos-ci-f4299ac/debug_gcc/bin/broker_tester" to "/home/vimkim/.cub/install/oos-ci-f4299ac/debug_gcc/lib"
-- Installing: /home/vimkim/.cub/install/oos-ci-f4299ac/debug_gcc/bin/cubrid_replay
-- Set runtime path of "/home/vimkim/.cub/install/oos-ci-f4299ac/debug_gcc/bin/cubrid_replay" to "/home/vimkim/.cub/install/oos-ci-f4299ac/debug_gcc/lib"
-- Installing: /home/vimkim/.cub/install/oos-ci-f4299ac/debug_gcc/bin/cub_broker
-- Set runtime path of "/home/vimkim/.cub/install/oos-ci-f4299ac/debug_gcc/bin/cub_broker" to "/home/vimkim/.cub/install/oos-ci-f4299ac/debug_gcc/lib"
-- Installing: /home/vimkim/.cub/install/oos-ci-f4299ac/debug_gcc/bin/cub_gateway
-- Set runtime path of "/home/vimkim/.cub/install/oos-ci-f4299ac/debug_gcc/bin/cub_gateway" to "/home/vimkim/.cub/install/oos-ci-f4299ac/debug_gcc/lib"
-- Installing: /home/vimkim/.cub/install/oos-ci-f4299ac/debug_gcc/bin/broker_monitor
-- Set runtime path of "/home/vimkim/.cub/install/oos-ci-f4299ac/debug_gcc/bin/broker_monitor" to "/home/vimkim/.cub/install/oos-ci-f4299ac/debug_gcc/lib"
-- Installing: /home/vimkim/.cub/install/oos-ci-f4299ac/debug_gcc/bin/gateway_monitor
-- Set runtime path of "/home/vimkim/.cub/install/oos-ci-f4299ac/debug_gcc/bin/gateway_monitor" to "/home/vimkim/.cub/install/oos-ci-f4299ac/debug_gcc/lib"
-- Installing: /home/vimkim/.cub/install/oos-ci-f4299ac/debug_gcc/bin/broker_changer
-- Set runtime path of "/home/vimkim/.cub/install/oos-ci-f4299ac/debug_gcc/bin/broker_changer" to "/home/vimkim/.cub/install/oos-ci-f4299ac/debug_gcc/lib"
-- Installing: /home/vimkim/.cub/install/oos-ci-f4299ac/debug_gcc/bin/cubrid_broker
-- Set runtime path of "/home/vimkim/.cub/install/oos-ci-f4299ac/debug_gcc/bin/cubrid_broker" to "/home/vimkim/.cub/install/oos-ci-f4299ac/debug_gcc/lib"
-- Installing: /home/vimkim/.cub/install/oos-ci-f4299ac/debug_gcc/bin/cubrid_gateway
-- Set runtime path of "/home/vimkim/.cub/install/oos-ci-f4299ac/debug_gcc/bin/cubrid_gateway" to "/home/vimkim/.cub/install/oos-ci-f4299ac/debug_gcc/lib"
-- Installing: /home/vimkim/.cub/install/oos-ci-f4299ac/debug_gcc/bin/cub_cas
-- Set runtime path of "/home/vimkim/.cub/install/oos-ci-f4299ac/debug_gcc/bin/cub_cas" to "/home/vimkim/.cub/install/oos-ci-f4299ac/debug_gcc/lib"
-- Installing: /home/vimkim/.cub/install/oos-ci-f4299ac/debug_gcc/bin/cub_cas_cgw
-- Set runtime path of "/home/vimkim/.cub/install/oos-ci-f4299ac/debug_gcc/bin/cub_cas_cgw" to "/home/vimkim/.cub/install/oos-ci-f4299ac/debug_gcc/lib"
-- Installing: /home/vimkim/.cub/install/oos-ci-f4299ac/debug_gcc/bin/cub_proxy
-- Set runtime path of "/home/vimkim/.cub/install/oos-ci-f4299ac/debug_gcc/bin/cub_proxy" to "/home/vimkim/.cub/install/oos-ci-f4299ac/debug_gcc/lib"
-- Installing: /home/vimkim/.cub/install/oos-ci-f4299ac/debug_gcc/include/shard_key.h
-- Installing: /home/vimkim/.cub/install/oos-ci-f4299ac/debug_gcc/bin/broker_log_top
-- Set runtime path of "/home/vimkim/.cub/install/oos-ci-f4299ac/debug_gcc/bin/broker_log_top" to "/home/vimkim/.cub/install/oos-ci-f4299ac/debug_gcc/lib"
-- Installing: /home/vimkim/.cub/install/oos-ci-f4299ac/debug_gcc/lib/libbrokeradmin.so.11.5
-- Set runtime path of "/home/vimkim/.cub/install/oos-ci-f4299ac/debug_gcc/lib/libbrokeradmin.so.11.5" to "/home/vimkim/.cub/install/oos-ci-f4299ac/debug_gcc/lib"
-- Installing: /home/vimkim/.cub/install/oos-ci-f4299ac/debug_gcc/lib/libbrokeradmin.so
-- Installing: /home/vimkim/.cub/install/oos-ci-f4299ac/debug_gcc/lib/libcmstat.so.11.5
-- Set runtime path of "/home/vimkim/.cub/install/oos-ci-f4299ac/debug_gcc/lib/libcmstat.so.11.5" to "/home/vimkim/.cub/install/oos-ci-f4299ac/debug_gcc/lib"
-- Installing: /home/vimkim/.cub/install/oos-ci-f4299ac/debug_gcc/lib/libcmstat.so
-- Installing: /home/vimkim/.cub/install/oos-ci-f4299ac/debug_gcc/lib/libcmdep.so.11.5
-- Set runtime path of "/home/vimkim/.cub/install/oos-ci-f4299ac/debug_gcc/lib/libcmdep.so.11.5" to "/home/vimkim/.cub/install/oos-ci-f4299ac/debug_gcc/lib"
-- Installing: /home/vimkim/.cub/install/oos-ci-f4299ac/debug_gcc/lib/libcmdep.so
-- Installing: /home/vimkim/.cub/install/oos-ci-f4299ac/debug_gcc/bin/cub_jobsa
-- Set runtime path of "/home/vimkim/.cub/install/oos-ci-f4299ac/debug_gcc/bin/cub_jobsa" to "/home/vimkim/.cub/install/oos-ci-f4299ac/debug_gcc/lib"
-- Installing: /home/vimkim/.cub/install/oos-ci-f4299ac/debug_gcc/bin/cub_sainfo
-- Set runtime path of "/home/vimkim/.cub/install/oos-ci-f4299ac/debug_gcc/bin/cub_sainfo" to "/home/vimkim/.cub/install/oos-ci-f4299ac/debug_gcc/lib"
-- Installing: /home/vimkim/.cub/install/oos-ci-f4299ac/debug_gcc/conf/cubrid.conf
-- Installing: /home/vimkim/.cub/install/oos-ci-f4299ac/debug_gcc/conf/cubrid.conf.large
-- Installing: /home/vimkim/.cub/install/oos-ci-f4299ac/debug_gcc/conf/cubrid.conf.small
-- Installing: /home/vimkim/.cub/install/oos-ci-f4299ac/debug_gcc/conf/cubrid_broker.conf
-- Installing: /home/vimkim/.cub/install/oos-ci-f4299ac/debug_gcc/conf/cubrid_broker.conf.shard
-- Installing: /home/vimkim/.cub/install/oos-ci-f4299ac/debug_gcc/conf/cubrid_gateway.conf
-- Installing: /home/vimkim/.cub/install/oos-ci-f4299ac/debug_gcc/conf/cubrid_ha.conf
-- Installing: /home/vimkim/.cub/install/oos-ci-f4299ac/debug_gcc/conf/cubrid_hosts.conf
-- Installing: /home/vimkim/.cub/install/oos-ci-f4299ac/debug_gcc/conf/shard_connection.txt
-- Installing: /home/vimkim/.cub/install/oos-ci-f4299ac/debug_gcc/conf/shard_key.txt
-- Installing: /home/vimkim/.cub/install/oos-ci-f4299ac/debug_gcc/conf/cubrid_locales.all.txt
-- Installing: /home/vimkim/.cub/install/oos-ci-f4299ac/debug_gcc/conf/cubrid_locales.txt
-- Installing: /home/vimkim/.cub/install/oos-ci-f4299ac/debug_gcc/conf/cas_ssl_cert.crt
-- Installing: /home/vimkim/.cub/install/oos-ci-f4299ac/debug_gcc/conf/cas_ssl_cert.key
-- Installing: /home/vimkim/.cub/install/oos-ci-f4299ac/debug_gcc/msg/en_US.utf8
-- Installing: /home/vimkim/.cub/install/oos-ci-f4299ac/debug_gcc/msg/en_US.utf8/csql.msg
-- Installing: /home/vimkim/.cub/install/oos-ci-f4299ac/debug_gcc/msg/en_US.utf8/cubrid.msg
-- Installing: /home/vimkim/.cub/install/oos-ci-f4299ac/debug_gcc/msg/en_US.utf8/utils.msg
-- Up-to-date: /home/vimkim/.cub/install/oos-ci-f4299ac/debug_gcc/msg/en_US.utf8
-- Installing: /home/vimkim/.cub/install/oos-ci-f4299ac/debug_gcc/msg/en_US.utf8/csql.cat
-- Installing: /home/vimkim/.cub/install/oos-ci-f4299ac/debug_gcc/msg/en_US.utf8/cubrid.cat
-- Installing: /home/vimkim/.cub/install/oos-ci-f4299ac/debug_gcc/msg/en_US.utf8/utils.cat
-- Installing: /home/vimkim/.cub/install/oos-ci-f4299ac/debug_gcc/msg/en_US
-- Installing: /home/vimkim/.cub/install/oos-ci-f4299ac/debug_gcc/msg/en_US/utils.msg
-- Installing: /home/vimkim/.cub/install/oos-ci-f4299ac/debug_gcc/msg/en_US/csql.msg
-- Installing: /home/vimkim/.cub/install/oos-ci-f4299ac/debug_gcc/msg/en_US/cubrid.msg
-- Up-to-date: /home/vimkim/.cub/install/oos-ci-f4299ac/debug_gcc/msg/en_US
-- Installing: /home/vimkim/.cub/install/oos-ci-f4299ac/debug_gcc/msg/en_US/csql.cat
-- Installing: /home/vimkim/.cub/install/oos-ci-f4299ac/debug_gcc/msg/en_US/utils.cat
-- Installing: /home/vimkim/.cub/install/oos-ci-f4299ac/debug_gcc/msg/en_US/cubrid.cat
-- Installing: /home/vimkim/.cub/install/oos-ci-f4299ac/debug_gcc/msg/ko_KR.utf8
-- Installing: /home/vimkim/.cub/install/oos-ci-f4299ac/debug_gcc/msg/ko_KR.utf8/utils.msg
-- Installing: /home/vimkim/.cub/install/oos-ci-f4299ac/debug_gcc/msg/ko_KR.utf8/csql.msg
-- Installing: /home/vimkim/.cub/install/oos-ci-f4299ac/debug_gcc/msg/ko_KR.utf8/cubrid.msg
-- Up-to-date: /home/vimkim/.cub/install/oos-ci-f4299ac/debug_gcc/msg/ko_KR.utf8
-- Installing: /home/vimkim/.cub/install/oos-ci-f4299ac/debug_gcc/msg/ko_KR.utf8/utils.cat
-- Installing: /home/vimkim/.cub/install/oos-ci-f4299ac/debug_gcc/msg/ko_KR.utf8/csql.cat
-- Installing: /home/vimkim/.cub/install/oos-ci-f4299ac/debug_gcc/msg/ko_KR.utf8/cubrid.cat
-- Installing: /home/vimkim/.cub/install/oos-ci-f4299ac/debug_gcc/msg/ko_KR.euckr
-- Installing: /home/vimkim/.cub/install/oos-ci-f4299ac/debug_gcc/msg/ko_KR.euckr/csql.msg
-- Installing: /home/vimkim/.cub/install/oos-ci-f4299ac/debug_gcc/msg/ko_KR.euckr/cubrid.msg
-- Installing: /home/vimkim/.cub/install/oos-ci-f4299ac/debug_gcc/msg/ko_KR.euckr/utils.msg
-- Up-to-date: /home/vimkim/.cub/install/oos-ci-f4299ac/debug_gcc/msg/ko_KR.euckr
-- Installing: /home/vimkim/.cub/install/oos-ci-f4299ac/debug_gcc/msg/ko_KR.euckr/utils.cat
-- Installing: /home/vimkim/.cub/install/oos-ci-f4299ac/debug_gcc/msg/ko_KR.euckr/csql.cat
-- Installing: /home/vimkim/.cub/install/oos-ci-f4299ac/debug_gcc/msg/ko_KR.euckr/cubrid.cat
-- Installing: /home/vimkim/.cub/install/oos-ci-f4299ac/debug_gcc/demo/demodb_objects
-- Installing: /home/vimkim/.cub/install/oos-ci-f4299ac/debug_gcc/demo/demodb_schema
-- Installing: /home/vimkim/.cub/install/oos-ci-f4299ac/debug_gcc/demo/make_cubrid_demo.sh
-- Installing: /home/vimkim/.cub/install/oos-ci-f4299ac/debug_gcc/share/init.d/cubrid-ha
-- Installing: /home/vimkim/.cub/install/oos-ci-f4299ac/debug_gcc/share/init.d/cubrid
-- Installing: /home/vimkim/.cub/install/oos-ci-f4299ac/debug_gcc/share/scripts/check_reserved.sql
-- Installing: /home/vimkim/.cub/install/oos-ci-f4299ac/debug_gcc/share/scripts/broker_log_top.py
-- Installing: /home/vimkim/.cub/install/oos-ci-f4299ac/debug_gcc/share/scripts/brokerstatus_to_csv.py
-- Installing: /home/vimkim/.cub/install/oos-ci-f4299ac/debug_gcc/share/scripts/statdump_to_csv.py
-- Installing: /home/vimkim/.cub/install/oos-ci-f4299ac/debug_gcc/share/scripts/ha/ha_make_slavedb.sh
-- Installing: /home/vimkim/.cub/install/oos-ci-f4299ac/debug_gcc/share/scripts/ha/VERSION
-- Installing: /home/vimkim/.cub/install/oos-ci-f4299ac/debug_gcc/share/scripts/ha/README
-- Installing: /home/vimkim/.cub/install/oos-ci-f4299ac/debug_gcc/share/scripts/ha/functions/ha_check_environment.sh
-- Installing: /home/vimkim/.cub/install/oos-ci-f4299ac/debug_gcc/share/scripts/ha/functions/ha_check_script.sh
-- Installing: /home/vimkim/.cub/install/oos-ci-f4299ac/debug_gcc/share/scripts/ha/expect/scp_from.exp
-- Installing: /home/vimkim/.cub/install/oos-ci-f4299ac/debug_gcc/share/scripts/ha/expect/scp_to.exp
-- Installing: /home/vimkim/.cub/install/oos-ci-f4299ac/debug_gcc/share/scripts/ha/expect/ssh.exp
-- Installing: /home/vimkim/.cub/install/oos-ci-f4299ac/debug_gcc/share/scripts/ha/common/common.sh
-- Installing: /home/vimkim/.cub/install/oos-ci-f4299ac/debug_gcc/share/systemtap/tapset/cubrid_func.stp
-- Installing: /home/vimkim/.cub/install/oos-ci-f4299ac/debug_gcc/share/systemtap/tapset/scripts/buffer_access.stp
-- Installing: /home/vimkim/.cub/install/oos-ci-f4299ac/debug_gcc/share/systemtap/tapset/scripts/global_time.stp
-- Installing: /home/vimkim/.cub/install/oos-ci-f4299ac/debug_gcc/share/systemtap/tapset/scripts/io_stat.stp
-- Installing: /home/vimkim/.cub/install/oos-ci-f4299ac/debug_gcc/share/systemtap/tapset/scripts/lock_time.stp
-- Installing: /home/vimkim/.cub/install/oos-ci-f4299ac/debug_gcc/share/systemtap/tapset/scripts/obj_access.stp
-- Installing: /home/vimkim/.cub/install/oos-ci-f4299ac/debug_gcc/share/systemtap/tapset/scripts/query_time.stp
-- Installing: /home/vimkim/.cub/install/oos-ci-f4299ac/debug_gcc/share/systemtap/tapset/scripts/transaction.stp
-- Installing: /home/vimkim/.cub/install/oos-ci-f4299ac/debug_gcc/share/systemtap/tapset/scripts/topcallstack_helper.stp
-- Installing: /home/vimkim/.cub/install/oos-ci-f4299ac/debug_gcc/share/systemtap/tapset/scripts/get_file_line.sh
-- Installing: /home/vimkim/.cub/install/oos-ci-f4299ac/debug_gcc/share/systemtap/tapset/scripts/topcallstack
-- Installing: /home/vimkim/.cub/install/oos-ci-f4299ac/debug_gcc/share/scripts/setup.sh
-- Installing: /home/vimkim/.cub/install/oos-ci-f4299ac/debug_gcc/share/scripts/cubrid.sh
-- Installing: /home/vimkim/.cub/install/oos-ci-f4299ac/debug_gcc/share/scripts/cubrid.csh
-- Installing: /home/vimkim/.cub/install/oos-ci-f4299ac/debug_gcc/share/scripts/unloaddb.sh
-- Installing: /home/vimkim/.cub/install/oos-ci-f4299ac/debug_gcc/share/scripts/restore_to_newdb.sh
-- Installing: /home/vimkim/.cub/install/oos-ci-f4299ac/debug_gcc/share/scripts/check_index_ovfps.sh
-- Installing: /home/vimkim/.cub/install/oos-ci-f4299ac/debug_gcc/bin/make_locale.sh
-- Installing: /home/vimkim/.cub/install/oos-ci-f4299ac/debug_gcc/locales/loclib/build_locale.sh
-- Installing: /home/vimkim/.cub/install/oos-ci-f4299ac/debug_gcc/locales/data
-- Installing: /home/vimkim/.cub/install/oos-ci-f4299ac/debug_gcc/locales/data/codepages
-- Installing: /home/vimkim/.cub/install/oos-ci-f4299ac/debug_gcc/locales/data/codepages/8859-1.TXT
-- Installing: /home/vimkim/.cub/install/oos-ci-f4299ac/debug_gcc/locales/data/codepages/8859-15.TXT
-- Installing: /home/vimkim/.cub/install/oos-ci-f4299ac/debug_gcc/locales/data/codepages/8859-9.TXT
-- Installing: /home/vimkim/.cub/install/oos-ci-f4299ac/debug_gcc/locales/data/codepages/CP1250.TXT
-- Installing: /home/vimkim/.cub/install/oos-ci-f4299ac/debug_gcc/locales/data/codepages/CP1258.TXT
-- Installing: /home/vimkim/.cub/install/oos-ci-f4299ac/debug_gcc/locales/data/codepages/CP932.TXT
-- Installing: /home/vimkim/.cub/install/oos-ci-f4299ac/debug_gcc/locales/data/codepages/CP936.TXT
-- Installing: /home/vimkim/.cub/install/oos-ci-f4299ac/debug_gcc/locales/data/codepages/CP949.TXT
-- Installing: /home/vimkim/.cub/install/oos-ci-f4299ac/debug_gcc/locales/data/ducet.txt
-- Installing: /home/vimkim/.cub/install/oos-ci-f4299ac/debug_gcc/locales/data/ldml
-- Installing: /home/vimkim/.cub/install/oos-ci-f4299ac/debug_gcc/locales/data/ldml/common_collations.xml
-- Installing: /home/vimkim/.cub/install/oos-ci-f4299ac/debug_gcc/locales/data/ldml/cubrid_de_DE.xml
-- Installing: /home/vimkim/.cub/install/oos-ci-f4299ac/debug_gcc/locales/data/ldml/cubrid_es_ES.xml
-- Installing: /home/vimkim/.cub/install/oos-ci-f4299ac/debug_gcc/locales/data/ldml/cubrid_fr_FR.xml
-- Installing: /home/vimkim/.cub/install/oos-ci-f4299ac/debug_gcc/locales/data/ldml/cubrid_it_IT.xml
-- Installing: /home/vimkim/.cub/install/oos-ci-f4299ac/debug_gcc/locales/data/ldml/cubrid_ja_JP.xml
-- Installing: /home/vimkim/.cub/install/oos-ci-f4299ac/debug_gcc/locales/data/ldml/cubrid_km_KH.xml
-- Installing: /home/vimkim/.cub/install/oos-ci-f4299ac/debug_gcc/locales/data/ldml/cubrid_ko_KR.xml
-- Installing: /home/vimkim/.cub/install/oos-ci-f4299ac/debug_gcc/locales/data/ldml/cubrid_ro_RO.xml
-- Installing: /home/vimkim/.cub/install/oos-ci-f4299ac/debug_gcc/locales/data/ldml/cubrid_tr_TR.xml
-- Installing: /home/vimkim/.cub/install/oos-ci-f4299ac/debug_gcc/locales/data/ldml/cubrid_vi_VN.xml
-- Installing: /home/vimkim/.cub/install/oos-ci-f4299ac/debug_gcc/locales/data/ldml/cubrid_zh_CN.xml
-- Installing: /home/vimkim/.cub/install/oos-ci-f4299ac/debug_gcc/locales/data/unicodedata.txt
-- Installing: /home/vimkim/.cub/install/oos-ci-f4299ac/debug_gcc/locales/loclib/locale_lib_common.h
-- Installing: /home/vimkim/.cub/install/oos-ci-f4299ac/debug_gcc/lib/libcubrid_timezones.so.11.5
-- Set runtime path of "/home/vimkim/.cub/install/oos-ci-f4299ac/debug_gcc/lib/libcubrid_timezones.so.11.5" to "/home/vimkim/.cub/install/oos-ci-f4299ac/debug_gcc/lib"
-- Installing: /home/vimkim/.cub/install/oos-ci-f4299ac/debug_gcc/lib/libcubrid_timezones.so
-- Installing: /home/vimkim/.cub/install/oos-ci-f4299ac/debug_gcc/bin/make_tz.sh
-- Installing: /home/vimkim/.cub/install/oos-ci-f4299ac/debug_gcc/timezones/tzlib/build_tz.sh
-- Installing: /home/vimkim/.cub/install/oos-ci-f4299ac/debug_gcc/timezones/tzdata
-- Installing: /home/vimkim/.cub/install/oos-ci-f4299ac/debug_gcc/timezones/tzdata/africa
-- Installing: /home/vimkim/.cub/install/oos-ci-f4299ac/debug_gcc/timezones/tzdata/antarctica
-- Installing: /home/vimkim/.cub/install/oos-ci-f4299ac/debug_gcc/timezones/tzdata/asia
-- Installing: /home/vimkim/.cub/install/oos-ci-f4299ac/debug_gcc/timezones/tzdata/australasia
-- Installing: /home/vimkim/.cub/install/oos-ci-f4299ac/debug_gcc/timezones/tzdata/backward
-- Installing: /home/vimkim/.cub/install/oos-ci-f4299ac/debug_gcc/timezones/tzdata/etcetera
-- Installing: /home/vimkim/.cub/install/oos-ci-f4299ac/debug_gcc/timezones/tzdata/europe
-- Installing: /home/vimkim/.cub/install/oos-ci-f4299ac/debug_gcc/timezones/tzdata/iso3166.tab
-- Installing: /home/vimkim/.cub/install/oos-ci-f4299ac/debug_gcc/timezones/tzdata/leapseconds
-- Installing: /home/vimkim/.cub/install/oos-ci-f4299ac/debug_gcc/timezones/tzdata/northamerica
-- Installing: /home/vimkim/.cub/install/oos-ci-f4299ac/debug_gcc/timezones/tzdata/pacificnew
-- Installing: /home/vimkim/.cub/install/oos-ci-f4299ac/debug_gcc/timezones/tzdata/southamerica
-- Installing: /home/vimkim/.cub/install/oos-ci-f4299ac/debug_gcc/timezones/tzdata/windowsZones.xml
-- Installing: /home/vimkim/.cub/install/oos-ci-f4299ac/debug_gcc/timezones/tzdata/zone.tab
-- Installing: /home/vimkim/.cub/install/oos-ci-f4299ac/debug_gcc/timezones/tzlib/timezone_lib_common.h
-- Up-to-date: /home/vimkim/.cub/install/oos-ci-f4299ac/debug_gcc/include
-- Installing: /home/vimkim/.cub/install/oos-ci-f4299ac/debug_gcc/include/gmock
-- Installing: /home/vimkim/.cub/install/oos-ci-f4299ac/debug_gcc/include/gmock/gmock-actions.h
-- Installing: /home/vimkim/.cub/install/oos-ci-f4299ac/debug_gcc/include/gmock/gmock-cardinalities.h
-- Installing: /home/vimkim/.cub/install/oos-ci-f4299ac/debug_gcc/include/gmock/gmock-function-mocker.h
-- Installing: /home/vimkim/.cub/install/oos-ci-f4299ac/debug_gcc/include/gmock/gmock-matchers.h
-- Installing: /home/vimkim/.cub/install/oos-ci-f4299ac/debug_gcc/include/gmock/gmock-more-actions.h
-- Installing: /home/vimkim/.cub/install/oos-ci-f4299ac/debug_gcc/include/gmock/gmock-more-matchers.h
-- Installing: /home/vimkim/.cub/install/oos-ci-f4299ac/debug_gcc/include/gmock/gmock-nice-strict.h
-- Installing: /home/vimkim/.cub/install/oos-ci-f4299ac/debug_gcc/include/gmock/gmock-spec-builders.h
-- Installing: /home/vimkim/.cub/install/oos-ci-f4299ac/debug_gcc/include/gmock/gmock.h
-- Installing: /home/vimkim/.cub/install/oos-ci-f4299ac/debug_gcc/include/gmock/internal
-- Installing: /home/vimkim/.cub/install/oos-ci-f4299ac/debug_gcc/include/gmock/internal/custom
-- Installing: /home/vimkim/.cub/install/oos-ci-f4299ac/debug_gcc/include/gmock/internal/custom/README.md
-- Installing: /home/vimkim/.cub/install/oos-ci-f4299ac/debug_gcc/include/gmock/internal/custom/gmock-generated-actions.h
-- Installing: /home/vimkim/.cub/install/oos-ci-f4299ac/debug_gcc/include/gmock/internal/custom/gmock-matchers.h
-- Installing: /home/vimkim/.cub/install/oos-ci-f4299ac/debug_gcc/include/gmock/internal/custom/gmock-port.h
-- Installing: /home/vimkim/.cub/install/oos-ci-f4299ac/debug_gcc/include/gmock/internal/gmock-internal-utils.h
-- Installing: /home/vimkim/.cub/install/oos-ci-f4299ac/debug_gcc/include/gmock/internal/gmock-port.h
-- Installing: /home/vimkim/.cub/install/oos-ci-f4299ac/debug_gcc/include/gmock/internal/gmock-pp.h
-- Installing: /home/vimkim/.cub/install/oos-ci-f4299ac/debug_gcc/lib64/libgmock.a
-- Installing: /home/vimkim/.cub/install/oos-ci-f4299ac/debug_gcc/lib64/libgmock_main.a
-- Installing: /home/vimkim/.cub/install/oos-ci-f4299ac/debug_gcc/lib64/pkgconfig/gmock.pc
-- Installing: /home/vimkim/.cub/install/oos-ci-f4299ac/debug_gcc/lib64/pkgconfig/gmock_main.pc
-- Installing: /home/vimkim/.cub/install/oos-ci-f4299ac/debug_gcc/lib64/cmake/GTest/GTestTargets.cmake
-- Installing: /home/vimkim/.cub/install/oos-ci-f4299ac/debug_gcc/lib64/cmake/GTest/GTestTargets-debug.cmake
-- Installing: /home/vimkim/.cub/install/oos-ci-f4299ac/debug_gcc/lib64/cmake/GTest/GTestConfigVersion.cmake
-- Installing: /home/vimkim/.cub/install/oos-ci-f4299ac/debug_gcc/lib64/cmake/GTest/GTestConfig.cmake
-- Up-to-date: /home/vimkim/.cub/install/oos-ci-f4299ac/debug_gcc/include
-- Installing: /home/vimkim/.cub/install/oos-ci-f4299ac/debug_gcc/include/gtest
-- Installing: /home/vimkim/.cub/install/oos-ci-f4299ac/debug_gcc/include/gtest/gtest-assertion-result.h
-- Installing: /home/vimkim/.cub/install/oos-ci-f4299ac/debug_gcc/include/gtest/gtest-death-test.h
-- Installing: /home/vimkim/.cub/install/oos-ci-f4299ac/debug_gcc/include/gtest/gtest-matchers.h
-- Installing: /home/vimkim/.cub/install/oos-ci-f4299ac/debug_gcc/include/gtest/gtest-message.h
-- Installing: /home/vimkim/.cub/install/oos-ci-f4299ac/debug_gcc/include/gtest/gtest-param-test.h
-- Installing: /home/vimkim/.cub/install/oos-ci-f4299ac/debug_gcc/include/gtest/gtest-printers.h
-- Installing: /home/vimkim/.cub/install/oos-ci-f4299ac/debug_gcc/include/gtest/gtest-spi.h
-- Installing: /home/vimkim/.cub/install/oos-ci-f4299ac/debug_gcc/include/gtest/gtest-test-part.h
-- Installing: /home/vimkim/.cub/install/oos-ci-f4299ac/debug_gcc/include/gtest/gtest-typed-test.h
-- Installing: /home/vimkim/.cub/install/oos-ci-f4299ac/debug_gcc/include/gtest/gtest.h
-- Installing: /home/vimkim/.cub/install/oos-ci-f4299ac/debug_gcc/include/gtest/gtest_pred_impl.h
-- Installing: /home/vimkim/.cub/install/oos-ci-f4299ac/debug_gcc/include/gtest/gtest_prod.h
-- Installing: /home/vimkim/.cub/install/oos-ci-f4299ac/debug_gcc/include/gtest/internal
-- Installing: /home/vimkim/.cub/install/oos-ci-f4299ac/debug_gcc/include/gtest/internal/custom
-- Installing: /home/vimkim/.cub/install/oos-ci-f4299ac/debug_gcc/include/gtest/internal/custom/README.md
-- Installing: /home/vimkim/.cub/install/oos-ci-f4299ac/debug_gcc/include/gtest/internal/custom/gtest-port.h
-- Installing: /home/vimkim/.cub/install/oos-ci-f4299ac/debug_gcc/include/gtest/internal/custom/gtest-printers.h
-- Installing: /home/vimkim/.cub/install/oos-ci-f4299ac/debug_gcc/include/gtest/internal/custom/gtest.h
-- Installing: /home/vimkim/.cub/install/oos-ci-f4299ac/debug_gcc/include/gtest/internal/gtest-death-test-internal.h
-- Installing: /home/vimkim/.cub/install/oos-ci-f4299ac/debug_gcc/include/gtest/internal/gtest-filepath.h
-- Installing: /home/vimkim/.cub/install/oos-ci-f4299ac/debug_gcc/include/gtest/internal/gtest-internal.h
-- Installing: /home/vimkim/.cub/install/oos-ci-f4299ac/debug_gcc/include/gtest/internal/gtest-param-util.h
-- Installing: /home/vimkim/.cub/install/oos-ci-f4299ac/debug_gcc/include/gtest/internal/gtest-port-arch.h
-- Installing: /home/vimkim/.cub/install/oos-ci-f4299ac/debug_gcc/include/gtest/internal/gtest-port.h
-- Installing: /home/vimkim/.cub/install/oos-ci-f4299ac/debug_gcc/include/gtest/internal/gtest-string.h
-- Installing: /home/vimkim/.cub/install/oos-ci-f4299ac/debug_gcc/include/gtest/internal/gtest-type-util.h
-- Installing: /home/vimkim/.cub/install/oos-ci-f4299ac/debug_gcc/lib64/libgtest.a
-- Installing: /home/vimkim/.cub/install/oos-ci-f4299ac/debug_gcc/lib64/libgtest_main.a
-- Installing: /home/vimkim/.cub/install/oos-ci-f4299ac/debug_gcc/lib64/pkgconfig/gtest.pc
-- Installing: /home/vimkim/.cub/install/oos-ci-f4299ac/debug_gcc/lib64/pkgconfig/gtest_main.pc
-- Installing: /home/vimkim/.cub/install/oos-ci-f4299ac/debug_gcc/log
-- Installing: /home/vimkim/.cub/install/oos-ci-f4299ac/debug_gcc/var
-- Installing: /home/vimkim/.cub/install/oos-ci-f4299ac/debug_gcc/tmp
-- Installing: /home/vimkim/.cub/install/oos-ci-f4299ac/debug_gcc/databases
-- Installing: /home/vimkim/.cub/install/oos-ci-f4299ac/debug_gcc/var/CUBRID_SOCK
-- Installing: /home/vimkim/.cub/install/oos-ci-f4299ac/debug_gcc/3rdparty
-- Installing: /home/vimkim/.cub/install/oos-ci-f4299ac/debug_gcc/3rdparty/adoptium.temurin_license.txt
-- Installing: /home/vimkim/.cub/install/oos-ci-f4299ac/debug_gcc/3rdparty/adoptium.temurin_license_assembly_exception.txt
-- Installing: /home/vimkim/.cub/install/oos-ci-f4299ac/debug_gcc/3rdparty/libedit_license.txt
-- Installing: /home/vimkim/.cub/install/oos-ci-f4299ac/debug_gcc/3rdparty/libexpat_license.txt
-- Installing: /home/vimkim/.cub/install/oos-ci-f4299ac/debug_gcc/3rdparty/libodbc_license.txt
-- Installing: /home/vimkim/.cub/install/oos-ci-f4299ac/debug_gcc/3rdparty/libopenssl_license.txt
-- Installing: /home/vimkim/.cub/install/oos-ci-f4299ac/debug_gcc/3rdparty/libtbb_license.txt
-- Installing: /home/vimkim/.cub/install/oos-ci-f4299ac/debug_gcc/3rdparty/lz4_license.txt
-- Installing: /home/vimkim/.cub/install/oos-ci-f4299ac/debug_gcc/3rdparty/rapidjson_license.txt
-- Installing: /home/vimkim/.cub/install/oos-ci-f4299ac/debug_gcc/3rdparty/re2_license.txt
-- Installing: /home/vimkim/.cub/install/oos-ci-f4299ac/debug_gcc/./COPYING
-- Installing: /home/vimkim/.cub/install/oos-ci-f4299ac/debug_gcc/./CREDITS
-- Installing: /home/vimkim/.cub/install/oos-ci-f4299ac/debug_gcc/./README.md
-- Installing: /home/vimkim/.cub/install/oos-ci-f4299ac/debug_gcc/./README_TAR_INSTALL
-- Installing: /home/vimkim/.cub/install/oos-ci-f4299ac/debug_gcc/databases/databases.txt.sample
-- Installing: /home/vimkim/.cub/install/oos-ci-f4299ac/debug_gcc/var/CUBRID_SOCK/README.txt
-- Installing: /home/vimkim/.cub/install/oos-ci-f4299ac/debug_gcc/tmp/README.txt
Build and install completed successfully!
[cubrid-bootstrap] Ready: /home/vimkim/gh/cb/oos-ci-f4299ac (debug_gcc)
