[0mdirenv: loading ~/gh/cb/oos-ci-f4299ac/.envrc
Preset Mode: debug_gcc
Install Dir: /home/vimkim/.cub/install/oos-ci-f4299ac/debug_gcc
DB Dir: /home/vimkim/.cub/db/oos-ci-f4299ac/commondb
Build Dir: /home/vimkim/gh/cb/oos-ci-f4299ac/build_preset_debug_gcc
[0mdirenv: loading ~/gh/cb/oos-ci-f4299ac/.envrc
Preset Mode: debug_gcc
Install Dir: /home/vimkim/.cub/install/oos-ci-f4299ac/debug_gcc
DB Dir: /home/vimkim/.cub/db/oos-ci-f4299ac/commondb
Build Dir: /home/vimkim/gh/cb/oos-ci-f4299ac/build_preset_debug_gcc
[0mdirenv: loading ~/gh/cb/oos-ci-f4299ac/.envrc
Preset Mode: debug_gcc
Install Dir: /home/vimkim/.cub/install/oos-ci-f4299ac/debug_gcc
DB Dir: /home/vimkim/.cub/db/oos-ci-f4299ac/commondb
Build Dir: /home/vimkim/gh/cb/oos-ci-f4299ac/build_preset_debug_gcc
Using JAVA_HOME JDK: /home/vimkim/.local/share/mise/installs/java/temurin-8.0.462+8
[0mdirenv: loading ~/gh/cb/oos-ci-f4299ac/.envrc
Preset Mode: debug_gcc
Install Dir: /home/vimkim/.cub/install/oos-ci-f4299ac/debug_gcc
DB Dir: /home/vimkim/.cub/db/oos-ci-f4299ac/commondb
Build Dir: /home/vimkim/gh/cb/oos-ci-f4299ac/build_preset_debug_gcc
Logging build output to: /home/vimkim/gh/cb/oos-ci-f4299ac/build_preset_debug_gcc/build.log
[0mdirenv: loading ~/gh/cb/oos-ci-f4299ac/.envrc
Preset Mode: debug_gcc
Install Dir: /home/vimkim/.cub/install/oos-ci-f4299ac/debug_gcc
DB Dir: /home/vimkim/.cub/db/oos-ci-f4299ac/commondb
Build Dir: /home/vimkim/gh/cb/oos-ci-f4299ac/build_preset_debug_gcc
[0/1] Re-running CMake...
-- ======== CMakeLists.txt
--   OS = UNIX
--   CMAKE_RUNTIME_OUTPUT_DIRECTORY=/home/vimkim/gh/cb/oos-ci-f4299ac/build_preset_debug_gcc/bin
    ==== with_unit_tests() = 1
-- Get version information from VERSION
-- Build CUBRID 11.5.0.2648-f4299ac 64bit Debug on Linux x86_64
Including Third Party Libraries
-- Build with flex and bison library: SYSTEM
-- Build with expat library: EXTERNAL
-- Build with editline library: EXTERNAL
-- Build with openssl library: EXTERNAL
-- Build with unixODBC library: EXTERNAL
-- Build with RE2 library: EXTERNAL
-- Build with LZ4 library: EXTERNAL
-- Build with TBB library: EXTERNAL
CMake Warning (dev) at /usr/share/cmake/Modules/ExternalProject.cmake:3091 (message):
  The DOWNLOAD_EXTRACT_TIMESTAMP option was not given and policy CMP0135 is
  not set.  The policy's OLD behavior will be used.  When using a URL
  download, the timestamps of extracted files should preferably be that of
  the time of extraction, otherwise code that depends on the extracted
  contents might not be rebuilt if the URL changes.  The OLD behavior
  preserves the timestamps from the archive instead, but this is usually not
  what you want.  Update your project to the NEW behavior or specify the
  DOWNLOAD_EXTRACT_TIMESTAMP option with a value of true to avoid this
  robustness issue.
Call Stack (most recent call first):
  /usr/share/cmake/Modules/ExternalProject.cmake:4208 (_ep_add_download_command)
  3rdparty/CMakeLists.txt:196 (externalproject_add)
This warning is for project developers.  Use -Wno-dev to suppress it.

CMake Warning (dev) at /usr/share/cmake/Modules/ExternalProject.cmake:3091 (message):
  The DOWNLOAD_EXTRACT_TIMESTAMP option was not given and policy CMP0135 is
  not set.  The policy's OLD behavior will be used.  When using a URL
  download, the timestamps of extracted files should preferably be that of
  the time of extraction, otherwise code that depends on the extracted
  contents might not be rebuilt if the URL changes.  The OLD behavior
  preserves the timestamps from the archive instead, but this is usually not
  what you want.  Update your project to the NEW behavior or specify the
  DOWNLOAD_EXTRACT_TIMESTAMP option with a value of true to avoid this
  robustness issue.
Call Stack (most recent call first):
  /usr/share/cmake/Modules/ExternalProject.cmake:4208 (_ep_add_download_command)
  3rdparty/CMakeLists.txt:245 (externalproject_add)
This warning is for project developers.  Use -Wno-dev to suppress it.

CMake Warning (dev) at /usr/share/cmake/Modules/ExternalProject.cmake:3091 (message):
  The DOWNLOAD_EXTRACT_TIMESTAMP option was not given and policy CMP0135 is
  not set.  The policy's OLD behavior will be used.  When using a URL
  download, the timestamps of extracted files should preferably be that of
  the time of extraction, otherwise code that depends on the extracted
  contents might not be rebuilt if the URL changes.  The OLD behavior
  preserves the timestamps from the archive instead, but this is usually not
  what you want.  Update your project to the NEW behavior or specify the
  DOWNLOAD_EXTRACT_TIMESTAMP option with a value of true to avoid this
  robustness issue.
Call Stack (most recent call first):
  /usr/share/cmake/Modules/ExternalProject.cmake:4208 (_ep_add_download_command)
  3rdparty/CMakeLists.txt:288 (externalproject_add)
This warning is for project developers.  Use -Wno-dev to suppress it.

CMake Warning (dev) at /usr/share/cmake/Modules/ExternalProject.cmake:3091 (message):
  The DOWNLOAD_EXTRACT_TIMESTAMP option was not given and policy CMP0135 is
  not set.  The policy's OLD behavior will be used.  When using a URL
  download, the timestamps of extracted files should preferably be that of
  the time of extraction, otherwise code that depends on the extracted
  contents might not be rebuilt if the URL changes.  The OLD behavior
  preserves the timestamps from the archive instead, but this is usually not
  what you want.  Update your project to the NEW behavior or specify the
  DOWNLOAD_EXTRACT_TIMESTAMP option with a value of true to avoid this
  robustness issue.
Call Stack (most recent call first):
  /usr/share/cmake/Modules/ExternalProject.cmake:4208 (_ep_add_download_command)
  3rdparty/CMakeLists.txt:325 (externalproject_add)
This warning is for project developers.  Use -Wno-dev to suppress it.

CMake Warning (dev) at /usr/share/cmake/Modules/ExternalProject.cmake:3091 (message):
  The DOWNLOAD_EXTRACT_TIMESTAMP option was not given and policy CMP0135 is
  not set.  The policy's OLD behavior will be used.  When using a URL
  download, the timestamps of extracted files should preferably be that of
  the time of extraction, otherwise code that depends on the extracted
  contents might not be rebuilt if the URL changes.  The OLD behavior
  preserves the timestamps from the archive instead, but this is usually not
  what you want.  Update your project to the NEW behavior or specify the
  DOWNLOAD_EXTRACT_TIMESTAMP option with a value of true to avoid this
  robustness issue.
Call Stack (most recent call first):
  /usr/share/cmake/Modules/ExternalProject.cmake:4208 (_ep_add_download_command)
  3rdparty/CMakeLists.txt:368 (externalproject_add)
This warning is for project developers.  Use -Wno-dev to suppress it.

CMake Warning (dev) at /usr/share/cmake/Modules/ExternalProject.cmake:3091 (message):
  The DOWNLOAD_EXTRACT_TIMESTAMP option was not given and policy CMP0135 is
  not set.  The policy's OLD behavior will be used.  When using a URL
  download, the timestamps of extracted files should preferably be that of
  the time of extraction, otherwise code that depends on the extracted
  contents might not be rebuilt if the URL changes.  The OLD behavior
  preserves the timestamps from the archive instead, but this is usually not
  what you want.  Update your project to the NEW behavior or specify the
  DOWNLOAD_EXTRACT_TIMESTAMP option with a value of true to avoid this
  robustness issue.
Call Stack (most recent call first):
  /usr/share/cmake/Modules/ExternalProject.cmake:4208 (_ep_add_download_command)
  3rdparty/CMakeLists.txt:394 (externalproject_add)
This warning is for project developers.  Use -Wno-dev to suppress it.

CMake Warning (dev) at /usr/share/cmake/Modules/ExternalProject.cmake:3091 (message):
  The DOWNLOAD_EXTRACT_TIMESTAMP option was not given and policy CMP0135 is
  not set.  The policy's OLD behavior will be used.  When using a URL
  download, the timestamps of extracted files should preferably be that of
  the time of extraction, otherwise code that depends on the extracted
  contents might not be rebuilt if the URL changes.  The OLD behavior
  preserves the timestamps from the archive instead, but this is usually not
  what you want.  Update your project to the NEW behavior or specify the
  DOWNLOAD_EXTRACT_TIMESTAMP option with a value of true to avoid this
  robustness issue.
Call Stack (most recent call first):
  /usr/share/cmake/Modules/ExternalProject.cmake:4208 (_ep_add_download_command)
  3rdparty/CMakeLists.txt:423 (externalproject_add)
This warning is for project developers.  Use -Wno-dev to suppress it.

CMake Warning (dev) at /usr/share/cmake/Modules/ExternalProject.cmake:3091 (message):
  The DOWNLOAD_EXTRACT_TIMESTAMP option was not given and policy CMP0135 is
  not set.  The policy's OLD behavior will be used.  When using a URL
  download, the timestamps of extracted files should preferably be that of
  the time of extraction, otherwise code that depends on the extracted
  contents might not be rebuilt if the URL changes.  The OLD behavior
  preserves the timestamps from the archive instead, but this is usually not
  what you want.  Update your project to the NEW behavior or specify the
  DOWNLOAD_EXTRACT_TIMESTAMP option with a value of true to avoid this
  robustness issue.
Call Stack (most recent call first):
  /usr/share/cmake/Modules/ExternalProject.cmake:4208 (_ep_add_download_command)
  3rdparty/CMakeLists.txt:464 (externalproject_add)
This warning is for project developers.  Use -Wno-dev to suppress it.

-- Default install prefix: /home/vimkim/.cub/install/oos-ci-f4299ac/debug_gcc
Build JDBC Driver from cubird-jdbc submodule
-- =========== JDBC ===========
-- Found Java: /home/vimkim/gh/cb/oos-ci-f4299ac/build_preset_debug_gcc/vm/jdk8/bin/java (found suitable version "1.8.0.462", minimum required is "1.8") found components: Development 
-- [INFO] CUBRID_JDBC_SOURCE_DIR = /home/vimkim/gh/cb/oos-ci-f4299ac/cubrid-jdbc
-- [INFO] CUBRID_JDBC_OUTPUT_DIR = /home/vimkim/gh/cb/oos-ci-f4299ac/cubrid-jdbc/output
Add cubrid jdbc dependency from cubrid-jdbc submodule path: -PcubridJdbcPath=/home/vimkim/gh/cb/oos-ci-f4299ac/build_preset_debug_gcc/pl_engine/lib
-- JAVA_HOME: /home/vimkim/gh/cb/oos-ci-f4299ac/build_preset_debug_gcc/vm/jdk8
-- Found Java: /home/vimkim/gh/cb/oos-ci-f4299ac/build_preset_debug_gcc/vm/jdk8/bin/java (found version "1.8.0.462") 
-- Found Java: /home/vimkim/gh/cb/oos-ci-f4299ac/build_preset_debug_gcc/vm/jdk8/bin/java
-- Found JNI: /home/vimkim/gh/cb/oos-ci-f4299ac/build_preset_debug_gcc/vm/jdk8/include;/home/vimkim/gh/cb/oos-ci-f4299ac/build_preset_debug_gcc/vm/jdk8/include/linux;/home/vimkim/gh/cb/oos-ci-f4299ac/build_preset_debug_gcc/vm/jdk8/include
-- ======== WITH_CCI ==========
-- Get version information from /home/vimkim/gh/cb/oos-ci-f4299ac/cubrid-cci/BUILD_NUMBER
-- CCI_BUILD_NUMBER:[11.3.0.0048-bd86063]
-- CCI component install dirs: cci/bin, cci/lib, cci/include
-- Building CGW libraries.
CMake Warning (dev) at cm_common/CMakeLists.txt:104 (install):
  Target cmstat has PUBLIC_HEADER files but no PUBLIC_HEADER DESTINATION.
This warning is for project developers.  Use -Wno-dev to suppress it.

CMake Warning (dev) at cm_common/CMakeLists.txt:104 (install):
  Target cmdep has PUBLIC_HEADER files but no PUBLIC_HEADER DESTINATION.
This warning is for project developers.  Use -Wno-dev to suppress it.

-- .. timezone shared library
-- .... gen_timezone executable
-- ...... source files: /home/vimkim/gh/cb/oos-ci-f4299ac/src/executables/generate_timezone.cpp
-- .... generate timezone command
-- .... cubrid_timezones lib
  unit_tests/...
CMake Warning (dev) at /usr/share/cmake/Modules/FetchContent.cmake:1282 (message):
  The DOWNLOAD_EXTRACT_TIMESTAMP option was not given and policy CMP0135 is
  not set.  The policy's OLD behavior will be used.  When using a URL
  download, the timestamps of extracted files should preferably be that of
  the time of extraction, otherwise code that depends on the extracted
  contents might not be rebuilt if the URL changes.  The OLD behavior
  preserves the timestamps from the archive instead, but this is usually not
  what you want.  Update your project to the NEW behavior or specify the
  DOWNLOAD_EXTRACT_TIMESTAMP option with a value of true to avoid this
  robustness issue.
Call Stack (most recent call first):
  unit_tests/CMakeLists.txt:65 (FetchContent_Declare)
This warning is for project developers.  Use -Wno-dev to suppress it.

   common
    oos
-- Get version information CCI_VERSION: 11.3.0.0048-bd86063
-- Configuring done (0.7s)
-- Generating done (0.2s)
-- Build files have been written to: /home/vimkim/gh/cb/oos-ci-f4299ac/build_preset_debug_gcc
[1/572] Running utility command for pl_install_jdk
[INFO] Install JDK 8
[2/572] Building CXX object sa/CMakeFiles/cubridsa.dir/__/src/object/lob_locator.cpp.o
[3/572] Building CXX object sa/CMakeFiles/cubridsa.dir/__/src/base/encryption.c.o
[4/572] Building CXX object sa/CMakeFiles/cubridsa.dir/__/src/object/elo.c.o
[5/572] Building CXX object sa/CMakeFiles/cubridsa.dir/__/src/monitor/monitor_transaction.cpp.o
[6/572] Building CXX object sa/CMakeFiles/cubridsa.dir/__/src/sp/pl_comm.c.o
[7/572] Building CXX object sa/CMakeFiles/cubridsa.dir/__/src/executables/util_common.c.o
[8/572] Building CXX object sa/CMakeFiles/cubridsa.dir/__/src/base/fault_injection.c.o
[9/572] Building CXX object sa/CMakeFiles/cubridsa.dir/__/src/base/perf_monitor_trackers.cpp.o
[10/572] Building CXX object sa/CMakeFiles/cubridsa.dir/__/src/communication/network_histogram.cpp.o
[11/572] Building CXX object sa/CMakeFiles/cubridsa.dir/__/src/sp/pl_sr.cpp.o
[12/572] Building CXX object sa/CMakeFiles/cubridsa.dir/__/src/sp/pl_connection.cpp.o
[13/572] Building CXX object sa/CMakeFiles/cubridsa.dir/__/src/base/locale_support.c.o
[14/572] Building CXX object sa/CMakeFiles/cubridsa.dir/__/src/communication/network_callback_sr.cpp.o
[15/572] Building CXX object sa/CMakeFiles/cubridsa.dir/__/src/connection/connection_support.cpp.o
[16/572] Building CXX object sa/CMakeFiles/cubridsa.dir/__/src/object/authenticate_password.cpp.o
[17/572] Building CXX object sa/CMakeFiles/cubridsa.dir/__/src/object/authenticate_owner.cpp.o
[18/572] Building CXX object sa/CMakeFiles/cubridsa.dir/__/src/object/authenticate_migration.cpp.o
[19/572] Building CXX object sa/CMakeFiles/cubridsa.dir/__/src/compat/db_virt.c.o
[20/572] Building CXX object sa/CMakeFiles/cubridsa.dir/__/src/compat/db_old.c.o
[21/572] Building CXX object sa/CMakeFiles/cubridsa.dir/__/src/connection/client_support.cpp.o
[22/572] Building CXX object sa/CMakeFiles/cubridsa.dir/__/src/compat/db_temp.c.o
[23/572] Building CXX object sa/CMakeFiles/cubridsa.dir/__/src/compat/db_class.c.o
[24/572] Building CXX object sa/CMakeFiles/cubridsa.dir/__/src/object/object_representation.c.o
[25/572] Building CXX object sa/CMakeFiles/cubridsa.dir/__/src/compat/db_method_static.cpp.o
[26/572] Building CXX object sa/CMakeFiles/cubridsa.dir/__/src/object/class_description.cpp.o
[27/572] Building CXX object sa/CMakeFiles/cubridsa.dir/__/src/object/authenticate_access_class.cpp.o
[28/572] Building CXX object sa/CMakeFiles/cubridsa.dir/__/src/object/object_description.cpp.o
[29/572] Building CXX object sa/CMakeFiles/cubridsa.dir/__/src/object/authenticate_context.cpp.o
[30/572] Building CXX object sa/CMakeFiles/cubridsa.dir/__/src/compat/db_obj.c.o
[31/572] Building CXX object sa/CMakeFiles/cubridsa.dir/__/src/compat/db_info.c.o
[32/572] Building CXX object sa/CMakeFiles/cubridsa.dir/__/src/query/parallel/px_scan/px_scan_instnum.cpp.o
[33/572] Building CXX object sa/CMakeFiles/cubridsa.dir/__/src/object/authenticate.c.o
[34/572] Building CXX object sa/CMakeFiles/cubridsa.dir/__/src/object/authenticate_cache.cpp.o
[35/572] Building CXX object sa/CMakeFiles/cubridsa.dir/__/src/object/deduplicate_key.c.o
[36/572] Building CXX object sa/CMakeFiles/cubridsa.dir/__/src/object/authenticate_grant.cpp.o
[37/572] Building CXX object sa/CMakeFiles/cubridsa.dir/__/src/method/method_scan.cpp.o
[38/572] Building CXX object sa/CMakeFiles/cubridsa.dir/__/src/object/object_accessor.c.o
[39/572] Building CXX object sa/CMakeFiles/cubridsa.dir/__/src/communication/network_callback_cl.cpp.o
[40/572] Building CXX object sa/CMakeFiles/cubridsa.dir/__/src/compat/db_value_printer.cpp.o
[41/572] Building CXX object sa/CMakeFiles/cubridsa.dir/__/src/object/authenticate_access_auth.cpp.o
[42/572] Building CXX object sa/CMakeFiles/cubridsa.dir/__/src/executables/compactdb_common.c.o
[43/572] Building CXX object sa/CMakeFiles/cubridsa.dir/__/src/object/object_template.c.o
[44/572] Building CXX object sa/CMakeFiles/cubridsa.dir/__/src/storage/statistics_cl.c.o
[45/572] Building CXX object sa/CMakeFiles/cubridsa.dir/__/src/storage/statistics_sr.c.o
[46/572] Building CXX object sa/CMakeFiles/cubridsa.dir/__/src/object/class_object.c.o
[47/572] Building CXX object sa/CMakeFiles/cubridsa.dir/__/src/base/tz_compile.c.o
[48/572] Building CXX object sa/CMakeFiles/cubridsa.dir/__/src/sp/pl_query_cursor.cpp.o
[49/572] Building CXX object sa/CMakeFiles/cubridsa.dir/__/src/executables/unload_object_file.c.o
[50/572] Building CXX object sa/CMakeFiles/cubridsa.dir/__/src/query/parallel/px_query_execute/px_query_checker.cpp.o
[51/572] Building CXX object sa/CMakeFiles/cubridsa.dir/__/src/object/object_printer.cpp.o
[52/572] Building CXX object sa/CMakeFiles/cubridsa.dir/__/src/object/schema_class_truncator.cpp.o
[53/572] Building CXX object sa/CMakeFiles/cubridsa.dir/__/src/executables/unload_object.c.o
[54/572] Building CXX object sa/CMakeFiles/cubridsa.dir/__/src/sp/sp_code.cpp.o
[55/572] Building CXX object sa/CMakeFiles/cubridsa.dir/__/src/executables/csql_session.c.o
[56/572] Building CXX object sa/CMakeFiles/cubridsa.dir/__/src/object/authenticate_access_user.cpp.o
[57/572] Building CXX object sa/CMakeFiles/cubridsa.dir/__/src/executables/csql.c.o
[58/572] Building CXX object sa/CMakeFiles/cubridsa.dir/__/src/compat/db_query.c.o
[59/572] Building CXX object sa/CMakeFiles/cubridsa.dir/__/src/object/object_print.c.o
[60/572] Building CXX object sa/CMakeFiles/cubridsa.dir/__/src/object/transform.c.o
[61/572] Building CXX object sa/CMakeFiles/cubridsa.dir/__/src/query/parallel/px_scan/px_scan_checker.cpp.o
[62/572] Building CXX object sa/CMakeFiles/cubridsa.dir/__/src/sp/jsp_cl.cpp.o
[63/572] Building CXX object sa/CMakeFiles/cubridsa.dir/__/src/compat/db_vdb.c.o
[64/572] Building CXX object sa/CMakeFiles/cubridsa.dir/__/src/sp/method_invoke_group.cpp.o
[65/572] Building CXX object sa/CMakeFiles/cubridsa.dir/__/src/object/object_domain.c.o
[66/572] Building CXX object sa/CMakeFiles/cubridsa.dir/__/src/method/query_method.cpp.o
[67/572] Building CXX object sa/CMakeFiles/cubridsa.dir/__/src/executables/compactdb.c.o
[68/572] Building CXX object sa/CMakeFiles/cubridsa.dir/__/src/sp/pl_execution_stack_context.cpp.o
[69/572] Building CXX object sa/CMakeFiles/cubridsa.dir/__/src/base/system_parameter.c.o
[70/572] Building CXX object sa/CMakeFiles/cubridsa.dir/__/src/executables/util_cs.c.o
[71/572] Building CXX object sa/CMakeFiles/cubridsa.dir/__/src/object/schema_system_catalog_builder.cpp.o
[72/572] Building CXX object sa/CMakeFiles/cubridsa.dir/__/src/base/tz_support.c.o
[73/572] Building CXX object sa/CMakeFiles/cubridsa.dir/__/src/executables/unloaddb.c.o
[74/572] Building CXX object sa/CMakeFiles/cubridsa.dir/__/src/communication/network_interface_cl.c.o
[75/572] Building CXX object sa/CMakeFiles/cubridsa.dir/__/src/object/trigger_description.cpp.o
[76/572] Building CXX object sa/CMakeFiles/cubridsa.dir/__/src/base/perf_monitor.c.o
[77/572] Building CXX object sa/CMakeFiles/cubridsa.dir/__/src/object/object_primitive.c.o
[78/572] Building CXX object sa/CMakeFiles/cubridsa.dir/__/src/compat/db_admin.c.o
[79/572] Building CXX object sa/CMakeFiles/cubridsa.dir/__/src/executables/unload_schema.c.o
[80/572] Building CXX object sa/CMakeFiles/cubridsa.dir/__/src/object/schema_template.c.o
[81/572] Building CXX object sa/CMakeFiles/cubridsa.dir/__/src/base/object_representation_sr.c.o
[82/572] Building CXX object sa/CMakeFiles/cubridsa.dir/__/src/executables/util_sa.c.o
[83/572] Building CXX object sa/CMakeFiles/cubridsa.dir/__/src/sp/pl_session.cpp.o
[84/572] Building CXX object sa/CMakeFiles/cubridsa.dir/__/src/method/method_callback.cpp.o
[85/572] Building CXX object sa/CMakeFiles/cubridsa.dir/__/src/object/trigger_manager.c.o
[86/572] Building CXX object sa/CMakeFiles/cubridsa.dir/__/src/object/transform_cl.c.o
[87/572] Building CXX object sa/CMakeFiles/cubridsa.dir/__/src/sp/pl_executor.cpp.o
[88/572] Building CXX object sa/CMakeFiles/cubridsa.dir/__/src/object/schema_manager.c.o
[89/572] Building CXX object sa/CMakeFiles/cubridsa.dir/__/src/object/schema_information_schema_builder.cpp.o
[90/572] Building CXX object sa/CMakeFiles/cubridsa.dir/__/src/object/set_object.c.o
[91/572] Building CXX object sa/CMakeFiles/cubridsa.dir/__/src/query/crypt_opfunc.c.o
[92/572] Building CXX object sa/CMakeFiles/cubridsa.dir/__/src/object/schema_information_schema_install_query_spec.cpp.o
[93/572] Building CXX object sa/CMakeFiles/cubridsa.dir/__/src/object/virtual_object.c.o
[94/572] Building CXX object sa/CMakeFiles/cubridsa.dir/__/src/optimizer/rewriter/query_rewrite.c.o
[95/572] Building CXX object sa/CMakeFiles/cubridsa.dir/__/src/transaction/log_lsa.cpp.o
[96/572] Building CXX object sa/CMakeFiles/cubridsa.dir/__/src/object/work_space.c.o
[97/572] Building CXX object sa/CMakeFiles/cubridsa.dir/__/src/optimizer/rewriter/query_rewrite_auto_parameterize.c.o
[98/572] Building CXX object sa/CMakeFiles/cubridsa.dir/__/src/query/vacuum_oos.cpp.o
[99/572] Building CXX object sa/CMakeFiles/cubridsa.dir/__/src/optimizer/rewriter/query_rewrite_select.c.o
[100/572] Building CXX object sa/CMakeFiles/cubridsa.dir/__/src/optimizer/rewriter/query_rewrite_subquery.c.o
[101/572] Building CXX object sa/CMakeFiles/cubridsa.dir/__/src/optimizer/rewriter/query_rewrite_set.c.o
[102/572] Building CXX object sa/CMakeFiles/cubridsa.dir/__/src/optimizer/rewriter/query_rewrite_term.c.o
[103/572] Building CXX object sa/CMakeFiles/cubridsa.dir/__/src/query/dblink_2pc.c.o
[104/572] Building CXX object sa/CMakeFiles/cubridsa.dir/__/src/query/cursor.c.o
[105/572] Building CXX object sa/CMakeFiles/cubridsa.dir/__/src/transaction/log_comm.c.o
[106/572] Building CXX object sa/CMakeFiles/cubridsa.dir/__/src/thread/thread_entry_task.cpp.o
[107/572] Building CXX object sa/CMakeFiles/cubridsa.dir/__/src/storage/ftab_set.cpp.o
[108/572] Building CXX object sa/CMakeFiles/cubridsa.dir/__/src/thread/thread_manager.cpp.o
[109/572] Building CXX object sa/CMakeFiles/cubridsa.dir/__/src/transaction/log_compress.c.o
[110/572] Building CXX object sa/CMakeFiles/cubridsa.dir/__/src/query/regu_var.cpp.o
[111/572] Building CXX object sa/CMakeFiles/cubridsa.dir/__/src/optimizer/query_graph.c.o
[112/572] Building CXX object sa/CMakeFiles/cubridsa.dir/__/src/parser/method_transform.c.o
[113/572] Building CXX object sa/CMakeFiles/cubridsa.dir/__/src/query/query_reevaluation.cpp.o
[114/572] Building CXX object sa/CMakeFiles/cubridsa.dir/__/src/query/arithmetic.c.o
[115/572] Building CXX object sa/CMakeFiles/cubridsa.dir/__/src/parser/compile.c.o
[116/572] Building CXX object sa/CMakeFiles/cubridsa.dir/__/src/query/set_scan.c.o
[117/572] Building CXX object sa/CMakeFiles/cubridsa.dir/__/src/transaction/log_global.c.o
[118/572] Building CXX object sa/CMakeFiles/cubridsa.dir/__/src/query/query_cl.c.o
[119/572] Building CXX object sa/CMakeFiles/cubridsa.dir/__/src/query/query_analytic.cpp.o
[120/572] Building CXX object sa/CMakeFiles/cubridsa.dir/__/src/query/scan_json_table.cpp.o
[121/572] Building CXX object sa/CMakeFiles/cubridsa.dir/__/src/parser/show_meta.c.o
[122/572] Building CXX object sa/CMakeFiles/cubridsa.dir/__/src/transaction/log_2pc.c.o
[123/572] Building CXX object sa/CMakeFiles/cubridsa.dir/__/src/transaction/log_append.cpp.o
[124/572] Building CXX object sa/CMakeFiles/cubridsa.dir/__/src/query/partition.c.o
[125/572] Building CXX object sa/CMakeFiles/cubridsa.dir/__/src/transaction/flashback.c.o
[126/572] Building CXX object sa/CMakeFiles/cubridsa.dir/__/src/query/subquery_cache.c.o
[127/572] Building CXX object sa/CMakeFiles/cubridsa.dir/__/src/query/query_dump.c.o
[128/572] Building CXX object sa/CMakeFiles/cubridsa.dir/__/src/query/query_manager.c.o
[129/572] Building CXX object sa/CMakeFiles/cubridsa.dir/__/src/transaction/log_recovery_redo.cpp.o
[130/572] Building CXX object sa/CMakeFiles/cubridsa.dir/__/src/parser/parse_evaluate.c.o
[131/572] Building CXX object sa/CMakeFiles/cubridsa.dir/__/src/query/query_hash_join.c.o
[132/572] Building CXX object sa/CMakeFiles/cubridsa.dir/__/src/query/query_aggregate.cpp.o
[133/572] Building CXX object sa/CMakeFiles/cubridsa.dir/__/src/transaction/log_postpone_cache.cpp.o
[134/572] Building CXX object sa/CMakeFiles/cubridsa.dir/__/src/query/dblink_scan.c.o
[135/572] Building CXX object sa/CMakeFiles/cubridsa.dir/__/src/query/query_hash_scan.c.o
[136/572] Building CXX object sa/CMakeFiles/cubridsa.dir/__/src/optimizer/plan_generation.c.o
[137/572] Building CXX object sa/CMakeFiles/cubridsa.dir/__/src/transaction/mvcc_active_tran.cpp.o
[138/572] Building CXX object sa/CMakeFiles/cubridsa.dir/__/src/query/query_evaluator.c.o
[139/572] Building CXX object sa/CMakeFiles/cubridsa.dir/__/src/optimizer/query_planner.c.o
[140/572] Building CXX object sa/CMakeFiles/cubridsa.dir/__/src/parser/parse_dbi.c.o
[141/572] Building CXX object sa/CMakeFiles/cubridsa.dir/__/src/transaction/mvcc.c.o
[142/572] Building CXX object sa/CMakeFiles/cubridsa.dir/__/src/query/filter_pred_cache.c.o
[143/572] Building CXX object sa/CMakeFiles/cubridsa.dir/__/src/query/show_scan.c.o
[144/572] Building CXX object sa/CMakeFiles/cubridsa.dir/__/src/query/xasl_to_stream.c.o
[145/572] Building CXX object sa/CMakeFiles/cubridsa.dir/__/src/query/stream_to_xasl.c.o
[146/572] Building CXX object sa/CMakeFiles/cubridsa.dir/__/src/query/fetch.c.o
[147/572] Building CXX object sa/CMakeFiles/cubridsa.dir/__/src/transaction/mvcc_table.cpp.o
[148/572] Building CXX object sa/CMakeFiles/cubridsa.dir/__/src/parser/xasl_regu_alloc.cpp.o
[149/572] Building CXX object sa/CMakeFiles/cubridsa.dir/__/src/transaction/log_system_tran.cpp.o
[150/572] Building CXX object sa/CMakeFiles/cubridsa.dir/__/src/sp/sp_catalog.cpp.o
[151/572] Building CXX object sa/CMakeFiles/cubridsa.dir/__/src/parser/query_result.c.o
[152/572] Building CXX object sa/CMakeFiles/cubridsa.dir/__/src/transaction/replication.c.o
[153/572] Building CXX object sa/CMakeFiles/cubridsa.dir/__/src/query/memoize.cpp.o
[154/572] Building CXX object sa/CMakeFiles/cubridsa.dir/__/src/query/scan_manager.c.o
[155/572] Building CXX object sa/CMakeFiles/cubridsa.dir/__/src/transaction/boot_cl.c.o
[156/572] Building CXX object sa/CMakeFiles/cubridsa.dir/__/src/query/execute_schema.c.o
[157/572] Building CXX object sa/CMakeFiles/cubridsa.dir/__/src/storage/storage_common.c.o
[158/572] Building CXX object sa/CMakeFiles/cubridsa.dir/__/src/query/serial.c.o
[159/572] Building CXX object sa/CMakeFiles/cubridsa.dir/__/src/parser/parser_support.c.o
[160/572] Building CXX object sa/CMakeFiles/cubridsa.dir/__/src/query/list_file.c.o
[161/572] Building CXX object sa/CMakeFiles/cubridsa.dir/__/src/transaction/lock_manager.c.o
[162/572] Building CXX object sa/CMakeFiles/cubridsa.dir/__/src/parser/name_resolution.c.o
[163/572] Building CXX object sa/CMakeFiles/cubridsa.dir/__/src/transaction/log_writer.c.o
[164/572] Building CXX object sa/CMakeFiles/cubridsa.dir/__/src/transaction/locator_cl.c.o
[165/572] Building CXX object sa/CMakeFiles/cubridsa.dir/__/src/transaction/boot_sr.c.o
[166/572] Building CXX object sa/CMakeFiles/cubridsa.dir/__/src/query/query_opfunc.c.o
[167/572] Building CXX object sa/CMakeFiles/cubridsa.dir/__/src/query/xasl_cache.c.o
[168/572] Building CXX object sa/CMakeFiles/cubridsa.dir/__/src/thread/thread_entry.cpp.o
[169/572] Building CXX object sa/CMakeFiles/cubridsa.dir/__/src/storage/overflow_file.c.o
[170/572] Building CXX object sa/CMakeFiles/cubridsa.dir/__/src/transaction/transaction_transient.cpp.o
[171/572] Building CXX object sa/CMakeFiles/cubridsa.dir/__/src/query/vacuum.c.o
[172/572] Building CXX object sa/CMakeFiles/cubridsa.dir/__/src/transaction/log_recovery.c.o
[173/572] Building CXX object sa/CMakeFiles/cubridsa.dir/__/src/query/string_opfunc.c.o
[174/572] Building CXX object sa/CMakeFiles/cubridsa.dir/__/src/parser/parse_tree_cl.c.o
[175/572] Building CXX object sa/CMakeFiles/cubridsa.dir/__/src/storage/record_descriptor.cpp.o
[176/572] Building CXX object sa/CMakeFiles/cubridsa.dir/__/src/parser/view_transform.c.o
[177/572] Building CXX object cs/CMakeFiles/cubridcs.dir/__/src/executables/util_common.c.o
[178/572] Building CXX object sa/CMakeFiles/cubridsa.dir/__/src/parser/semantic_check.c.o
[179/572] Building CXX object sa/CMakeFiles/cubridsa.dir/__/src/transaction/recovery.c.o
[180/572] Building CXX object sa/CMakeFiles/cubridsa.dir/__/src/query/execute_statement.c.o
[181/572] Building CXX object sa/CMakeFiles/cubridsa.dir/__/src/transaction/transaction_cl.c.o
[182/572] Building CXX object sa/CMakeFiles/cubridsa.dir/__/src/transaction/transaction_sr.c.o
[183/572] Building CXX object sa/CMakeFiles/cubridsa.dir/__/src/transaction/locator_sr.c.o
[184/572] Building CXX object cs/CMakeFiles/cubridcs.dir/__/src/executables/csql_session.c.o
[185/572] Building CXX object sa/CMakeFiles/cubridsa.dir/__/src/transaction/log_page_buffer.c.o
[186/572] Building CXX object sa/CMakeFiles/cubridsa.dir/__/src/storage/file_manager.c.o
[187/572] Building CXX object sa/CMakeFiles/cubridsa.dir/__/src/storage/es.c.o
[188/572] Building CXX object sa/CMakeFiles/cubridsa.dir/__/src/xasl/xasl_analytic.cpp.o
[189/572] Building CXX object sa/CMakeFiles/cubridsa.dir/__/src/query/query_executor.c.o
[190/572] Building CXX object sa/CMakeFiles/cubridsa.dir/__/src/transaction/log_tran_table.c.o
[191/572] Building CXX object sa/CMakeFiles/cubridsa.dir/__/src/session/session_sr.c.o
[192/572] Building CXX object sa/CMakeFiles/cubridsa.dir/__/src/storage/double_write_buffer.cpp.o
[193/572] Building CXX object cs/CMakeFiles/cubridcs.dir/__/src/object/elo.c.o
[194/572] Building CXX object cs/CMakeFiles/cubridcs.dir/__/src/executables/compactdb_common.c.o
[195/572] Building CXX object sa/CMakeFiles/cubridsa.dir/__/src/storage/compactdb_sr.c.o
[196/572] Building CXX object sa/CMakeFiles/cubridsa.dir/__/src/parser/xasl_generation.c.o
[197/572] Building CXX object sa/CMakeFiles/cubridsa.dir/__/src/storage/external_sort.c.o
[198/572] Building CXX object sa/CMakeFiles/cubridsa.dir/__/src/xasl/xasl_predicate.cpp.o
[199/572] Building CXX object sa/CMakeFiles/cubridsa.dir/__/src/storage/extendible_hash.c.o
[200/572] Building CXX object sa/CMakeFiles/cubridsa.dir/__/src/transaction/log_manager.c.o
[201/572] Building CXX object sa/CMakeFiles/cubridsa.dir/__/src/storage/slotted_page.c.o
[202/572] Building CXX object sa/CMakeFiles/cubridsa.dir/__/src/xasl/xasl_stream.cpp.o
[203/572] Building CXX object sa/CMakeFiles/cubridsa.dir/__/src/storage/heap_oos.cpp.o
[204/572] Building CXX object cs/CMakeFiles/cubridcs.dir/__/src/executables/unload_object_file.c.o
[205/572] Building CXX object sa/CMakeFiles/cubridsa.dir/__/src/storage/bestspace.cpp.o
[206/572] Building CXX object sa/CMakeFiles/cubridsa.dir/__/src/storage/catalog_class.c.o
[207/572] Building CXX object cs/CMakeFiles/cubridcs.dir/__/src/executables/checksumdb.c.o
[208/572] Building CXX object cs/CMakeFiles/cubridcs.dir/__/src/compat/db_virt.c.o
[209/572] Building CXX object sa/CMakeFiles/cubridsa.dir/__/src/xasl/xasl_iteration.cpp.o
[210/572] Building CXX object sa/CMakeFiles/cubridsa.dir/__/src/storage/disk_manager.c.o
[211/572] Building CXX object cs/CMakeFiles/cubridcs.dir/__/src/compat/db_method_static.cpp.o
[212/572] Building CXX object cs/CMakeFiles/cubridcs.dir/__/src/compat/db_info.c.o
[213/572] Building CXX object cs/CMakeFiles/cubridcs.dir/__/src/compat/db_class.c.o
[214/572] Building CXX object cs/CMakeFiles/cubridcs.dir/__/src/compat/db_obj.c.o
[215/572] Building CXX object cs/CMakeFiles/cubridcs.dir/__/src/compat/db_old.c.o
[216/572] Building CXX object cs/CMakeFiles/cubridcs.dir/__/src/executables/unloaddb.c.o
[217/572] Building CXX object sa/CMakeFiles/cubridsa.dir/__/src/storage/btree_load.c.o
[218/572] Building CXX object sa/CMakeFiles/cubridsa.dir/__/src/storage/tde.c.o
[219/572] Building CXX object cs/CMakeFiles/cubridcs.dir/__/src/compat/db_value_printer.cpp.o
[220/572] Building CXX object cs/CMakeFiles/cubridcs.dir/__/src/executables/csql.c.o
[221/572] Building CXX object cs/CMakeFiles/cubridcs.dir/__/src/executables/unload_object.c.o
[222/572] Building CXX object cs/CMakeFiles/cubridcs.dir/__/src/communication/network_callback_cl.cpp.o
[223/572] Building CXX object cs/CMakeFiles/cubridcs.dir/__/src/executables/compactdb_cl.c.o
[224/572] Building CXX object sa/CMakeFiles/cubridsa.dir/__/src/loaddb/load_db.c.o
[225/572] Building CXX object sa/CMakeFiles/cubridsa.dir/__/src/loaddb/load_object.c.o
[226/572] Building CXX object cs/CMakeFiles/cubridcs.dir/__/src/compat/db_temp.c.o
[227/572] Building CXX object cs/CMakeFiles/cubridcs.dir/__/src/connection/client_support.cpp.o
[228/572] Building CXX object cs/CMakeFiles/cubridcs.dir/__/src/executables/util_cs.c.o
[229/572] Building CXX object sa/CMakeFiles/cubridsa.dir/__/src/storage/oos_file.cpp.o
[230/572] Building CXX object sa/CMakeFiles/cubridsa.dir/__/src/storage/page_buffer.c.o
[231/572] Building CXX object cs/CMakeFiles/cubridcs.dir/__/src/compat/db_query.c.o
[232/572] Building CXX object cs/CMakeFiles/cubridcs.dir/__/src/base/perf_monitor.c.o
[233/572] Building CXX object sa/CMakeFiles/cubridsa.dir/__/src/storage/file_io.c.o
[234/572] Building CXX object cs/CMakeFiles/cubridcs.dir/__/src/compat/db_admin.c.o
[235/572] Building CXX object cs/CMakeFiles/cubridcs.dir/__/src/transaction/log_lsa.cpp.o
[236/572] Building CXX object cs/CMakeFiles/cubridcs.dir/__/src/object/authenticate_context.cpp.o
[237/572] Building CXX object sa/CMakeFiles/cubridsa.dir/__/src/parser/type_checking.c.o
[238/572] Building CXX object cs/CMakeFiles/cubridcs.dir/__/src/connection/connection_support.cpp.o
[239/572] Building CXX object cs/CMakeFiles/cubridcs.dir/__/src/object/authenticate.c.o
[240/572] Building CXX object sa/CMakeFiles/cubridsa.dir/__/src/loaddb/load_sa_loader.cpp.o
[241/572] Building CXX object cs/CMakeFiles/cubridcs.dir/__/src/compat/db_vdb.c.o
[242/572] Building CXX object cs/CMakeFiles/cubridcs.dir/__/src/object/authenticate_access_class.cpp.o
[243/572] Building CXX object cs/CMakeFiles/cubridcs.dir/__/src/communication/network_cl.c.o
[244/572] Building CXX object sa/CMakeFiles/cubridsa.dir/__/src/optimizer/histogram/histogram_cl.cpp.o
[245/572] Building CXX object cs/CMakeFiles/cubridcs.dir/__/src/base/system_parameter.c.o
[246/572] Building CXX object cs/CMakeFiles/cubridcs.dir/__/src/base/tz_support.c.o
[247/572] Building CXX object cs/CMakeFiles/cubridcs.dir/__/src/object/lob_locator.cpp.o
[248/572] Building CXX object sa/CMakeFiles/cubridsa.dir/__/src/session/session.c.o
[249/572] Building CXX object cs/CMakeFiles/cubridcs.dir/__/src/object/object_description.cpp.o
[250/572] Building CXX object cs/CMakeFiles/cubridcs.dir/__/src/object/authenticate_access_user.cpp.o
[251/572] Building CXX object cs/CMakeFiles/cubridcs.dir/__/src/object/class_description.cpp.o
[252/572] Building CXX object cs/CMakeFiles/cubridcs.dir/__/src/executables/unload_schema.c.o
[253/572] Building CXX object sa/CMakeFiles/cubridsa.dir/__/src/storage/system_catalog.c.o
[254/572] Building CXX object cs/CMakeFiles/cubridcs.dir/__/src/object/class_object.c.o
[255/572] Building CXX object cs/CMakeFiles/cubridcs.dir/__/src/storage/storage_common.c.o
[256/572] Building CXX object cs/CMakeFiles/cubridcs.dir/__/src/api/cubrid_log.c.o
[257/572] Building CXX object cs/CMakeFiles/cubridcs.dir/__/src/object/object_accessor.c.o
[258/572] Building CXX object cs/CMakeFiles/cubridcs.dir/__/src/storage/tde.c.o
[259/572] Building CXX object cs/CMakeFiles/cubridcs.dir/__/src/object/object_print.c.o
[260/572] Building CXX object cs/CMakeFiles/cubridcs.dir/__/src/object/schema_system_catalog_builder.cpp.o
[261/572] Building CXX object cs/CMakeFiles/cubridcs.dir/__/src/object/object_representation.c.o
[262/572] Building CXX object cs/CMakeFiles/cubridcs.dir/__/src/object/object_template.c.o
[263/572] Building CXX object cs/CMakeFiles/cubridcs.dir/__/src/object/schema_template.c.o
[264/572] Building CXX object cs/CMakeFiles/cubridcs.dir/__/src/object/schema_class_truncator.cpp.o
[265/572] Building CXX object cs/CMakeFiles/cubridcs.dir/__/src/object/object_domain.c.o
[266/572] Building CXX object cs/CMakeFiles/cubridcs.dir/__/src/object/trigger_manager.c.o
[267/572] Building CXX object cs/CMakeFiles/cubridcs.dir/__/src/parser/parse_evaluate.c.o
[268/572] Building CXX object cs/CMakeFiles/cubridcs.dir/__/src/query/query_cl.c.o
[269/572] Building CXX object cs/CMakeFiles/cubridcs.dir/__/src/sp/pl_comm.c.o
[270/572] Building CXX object cs/CMakeFiles/cubridcs.dir/__/src/storage/file_io.c.o
[271/572] Building CXX object cs/CMakeFiles/cubridcs.dir/__/src/object/transform_cl.c.o
[272/572] Building CXX object cs/CMakeFiles/cubridcs.dir/__/src/object/virtual_object.c.o
[273/572] Building CXX object cs/CMakeFiles/cubridcs.dir/__/src/parser/compile.c.o
[274/572] Building CXX object cs/CMakeFiles/cubridcs.dir/__/src/transaction/log_comm.c.o
[275/572] Building CXX object cs/CMakeFiles/cubridcs.dir/__/src/object/schema_manager.c.o
[276/572] Building CXX object cs/CMakeFiles/cubridcs.dir/__/src/object/object_primitive.c.o
[277/572] Building CXX object cs/CMakeFiles/cubridcs.dir/__/src/parser/parse_dbi.c.o
[278/572] Building CXX object cs/CMakeFiles/cubridcs.dir/__/src/object/work_space.c.o
[279/572] Building CXX object cs/CMakeFiles/cubridcs.dir/__/src/object/set_object.c.o
[280/572] Building CXX object cs/CMakeFiles/cubridcs.dir/__/src/communication/network_interface_cl.c.o
/home/vimkim/gh/cb/oos-ci-f4299ac/src/communication/network_interface_cl.c: In function ‘int heap_create(HFID*, const OID*, bool)’:
/home/vimkim/gh/cb/oos-ci-f4299ac/src/communication/network_interface_cl.c:1679:22: warning: ‘request’ may be used uninitialized [-Wmaybe-uninitialized]
 1679 |   ptr = or_pack_hfid (request, hfid);
      |         ~~~~~~~~~~~~~^~~~~~~~~~~~~~~
In file included from /home/vimkim/gh/cb/oos-ci-f4299ac/src/communication/network_interface_cl.c:58:
/home/vimkim/gh/cb/oos-ci-f4299ac/src/base/object_representation.h:1142:14: note: by argument 1 of type ‘const char*’ to ‘char* or_pack_hfid(const char*, const HFID*)’ declared here
 1142 | extern char *or_pack_hfid (const char *ptr, const HFID * hfid);
      |              ^~~~~~~~~~~~
/home/vimkim/gh/cb/oos-ci-f4299ac/src/communication/network_interface_cl.c:1671:61: note: ‘a_request’ declared here
 1671 |   OR_ALIGNED_BUF (OR_HFID_SIZE + OR_OID_SIZE + OR_INT_SIZE) a_request;
      |                                                             ^~~~~~~~~
/home/vimkim/gh/cb/oos-ci-f4299ac/src/communication/network_interface_cl.c: In function ‘int heap_destroy_newly_created(const HFID*, const OID*, bool)’:
/home/vimkim/gh/cb/oos-ci-f4299ac/src/communication/network_interface_cl.c:1779:22: warning: ‘request’ may be used uninitialized [-Wmaybe-uninitialized]
 1779 |   ptr = or_pack_hfid (request, hfid);
      |         ~~~~~~~~~~~~~^~~~~~~~~~~~~~~
In file included from /home/vimkim/gh/cb/oos-ci-f4299ac/src/communication/network_interface_cl.c:58:
/home/vimkim/gh/cb/oos-ci-f4299ac/src/base/object_representation.h:1142:14: note: by argument 1 of type ‘const char*’ to ‘char* or_pack_hfid(const char*, const HFID*)’ declared here
 1142 | extern char *or_pack_hfid (const char *ptr, const HFID * hfid);
      |              ^~~~~~~~~~~~
/home/vimkim/gh/cb/oos-ci-f4299ac/src/communication/network_interface_cl.c:1771:61: note: ‘a_request’ declared here
 1771 |   OR_ALIGNED_BUF (OR_HFID_SIZE + OR_OID_SIZE + OR_INT_SIZE) a_request;
      |                                                             ^~~~~~~~~
/home/vimkim/gh/cb/oos-ci-f4299ac/src/communication/network_interface_cl.c: In function ‘int heap_get_class_num_objects_pages(HFID*, int, int*, int*)’:
/home/vimkim/gh/cb/oos-ci-f4299ac/src/communication/network_interface_cl.c:1831:22: warning: ‘request’ may be used uninitialized [-Wmaybe-uninitialized]
 1831 |   ptr = or_pack_hfid (request, hfid);
      |         ~~~~~~~~~~~~~^~~~~~~~~~~~~~~
In file included from /home/vimkim/gh/cb/oos-ci-f4299ac/src/communication/network_interface_cl.c:58:
/home/vimkim/gh/cb/oos-ci-f4299ac/src/base/object_representation.h:1142:14: note: by argument 1 of type ‘const char*’ to ‘char* or_pack_hfid(const char*, const HFID*)’ declared here
 1142 | extern char *or_pack_hfid (const char *ptr, const HFID * hfid);
      |              ^~~~~~~~~~~~
/home/vimkim/gh/cb/oos-ci-f4299ac/src/communication/network_interface_cl.c:1822:47: note: ‘a_request’ declared here
 1822 |   OR_ALIGNED_BUF (OR_HFID_SIZE + OR_INT_SIZE) a_request;
      |                                               ^~~~~~~~~
/home/vimkim/gh/cb/oos-ci-f4299ac/src/communication/network_interface_cl.c: In function ‘int heap_has_instance(HFID*, OID*, int)’:
/home/vimkim/gh/cb/oos-ci-f4299ac/src/communication/network_interface_cl.c:1885:22: warning: ‘request’ may be used uninitialized [-Wmaybe-uninitialized]
 1885 |   ptr = or_pack_hfid (request, hfid);
      |         ~~~~~~~~~~~~~^~~~~~~~~~~~~~~
In file included from /home/vimkim/gh/cb/oos-ci-f4299ac/src/communication/network_interface_cl.c:58:
/home/vimkim/gh/cb/oos-ci-f4299ac/src/base/object_representation.h:1142:14: note: by argument 1 of type ‘const char*’ to ‘char* or_pack_hfid(const char*, const HFID*)’ declared here
 1142 | extern char *or_pack_hfid (const char *ptr, const HFID * hfid);
      |              ^~~~~~~~~~~~
/home/vimkim/gh/cb/oos-ci-f4299ac/src/communication/network_interface_cl.c:1876:61: note: ‘a_request’ declared here
 1876 |   OR_ALIGNED_BUF (OR_HFID_SIZE + OR_OID_SIZE + OR_INT_SIZE) a_request;
      |                                                             ^~~~~~~~~
/home/vimkim/gh/cb/oos-ci-f4299ac/src/communication/network_interface_cl.c: In function ‘int heap_reclaim_addresses(const HFID*)’:
/home/vimkim/gh/cb/oos-ci-f4299ac/src/communication/network_interface_cl.c:1934:22: warning: ‘request’ may be used uninitialized [-Wmaybe-uninitialized]
 1934 |   ptr = or_pack_hfid (request, hfid);
      |         ~~~~~~~~~~~~~^~~~~~~~~~~~~~~
In file included from /home/vimkim/gh/cb/oos-ci-f4299ac/src/communication/network_interface_cl.c:58:
/home/vimkim/gh/cb/oos-ci-f4299ac/src/base/object_representation.h:1142:14: note: by argument 1 of type ‘const char*’ to ‘char* or_pack_hfid(const char*, const HFID*)’ declared here
 1142 | extern char *or_pack_hfid (const char *ptr, const HFID * hfid);
      |              ^~~~~~~~~~~~
/home/vimkim/gh/cb/oos-ci-f4299ac/src/communication/network_interface_cl.c:1926:47: note: ‘a_request’ declared here
 1926 |   OR_ALIGNED_BUF (OR_HFID_SIZE + OR_INT_SIZE) a_request;
      |                                               ^~~~~~~~~
/home/vimkim/gh/cb/oos-ci-f4299ac/src/communication/network_interface_cl.c: In function ‘int lob_remove_dir(HFID*, int)’:
/home/vimkim/gh/cb/oos-ci-f4299ac/src/communication/network_interface_cl.c:11967:22: warning: ‘request’ may be used uninitialized [-Wmaybe-uninitialized]
11967 |   ptr = or_pack_hfid (request, hfid);
      |         ~~~~~~~~~~~~~^~~~~~~~~~~~~~~
In file included from /home/vimkim/gh/cb/oos-ci-f4299ac/src/communication/network_interface_cl.c:58:
/home/vimkim/gh/cb/oos-ci-f4299ac/src/base/object_representation.h:1142:14: note: by argument 1 of type ‘const char*’ to ‘char* or_pack_hfid(const char*, const HFID*)’ declared here
 1142 | extern char *or_pack_hfid (const char *ptr, const HFID * hfid);
      |              ^~~~~~~~~~~~
/home/vimkim/gh/cb/oos-ci-f4299ac/src/communication/network_interface_cl.c:11956:47: note: ‘a_request’ declared here
11956 |   OR_ALIGNED_BUF (OR_HFID_SIZE + OR_INT_SIZE) a_request;
      |                                               ^~~~~~~~~
At global scope:
cc1plus: note: unrecognized command-line option ‘-Wno-template-body’ may have been intended to silence earlier diagnostics
[281/572] Building CXX object cs/CMakeFiles/cubridcs.dir/__/src/transaction/log_applier_sql_log.c.o
[282/572] Building CXX object cs/CMakeFiles/cubridcs.dir/__/src/transaction/boot_cl.c.o
[283/572] Building CXX object cs/CMakeFiles/cubridcs.dir/__/src/storage/statistics_cl.c.o
[284/572] Building CXX object cs/CMakeFiles/cubridcs.dir/__/src/query/cursor.c.o
[285/572] Building CXX object cs/CMakeFiles/cubridcs.dir/__/src/storage/es.c.o
[286/572] Building CXX object cs/CMakeFiles/cubridcs.dir/__/src/transaction/flashback_cl.c.o
[287/572] Building CXX object cs/CMakeFiles/cubridcs.dir/__/src/sp/jsp_cl.cpp.o
[288/572] Building CXX object cs/CMakeFiles/cubridcs.dir/__/src/loaddb/load_object.c.o
[289/572] Building CXX object sa/CMakeFiles/cubridsa.dir/__/src/storage/heap_file.c.o
[290/572] Building CXX object cs/CMakeFiles/cubridcs.dir/__/src/transaction/transaction_cl.c.o
[291/572] Building CXX object cs/CMakeFiles/cubridcs.dir/__/src/method/query_method.cpp.o
[292/572] Building CXX object cs/CMakeFiles/cubridcs.dir/__/src/transaction/locator_cl.c.o
[293/572] Building CXX object cubrid/CMakeFiles/cubrid.dir/__/src/base/perf_monitor_trackers.cpp.o
[294/572] Building CXX object sa/CMakeFiles/cubridsa.dir/__/src/storage/btree.c.o
[295/572] Building CXX object cubrid/CMakeFiles/cubrid.dir/__/src/base/fault_injection.c.o
[296/572] Building CXX object cs/CMakeFiles/cubridcs.dir/__/src/transaction/log_writer.c.o
[297/572] Building CXX object cubrid/CMakeFiles/cubrid.dir/__/src/base/error_manager.c.o
[298/572] Building CXX object cs/CMakeFiles/cubridcs.dir/__/src/parser/name_resolution.c.o
[299/572] Building CXX object cubrid/CMakeFiles/cubrid.dir/__/src/sp/pl_connection.cpp.o
[300/572] Building CXX object cubrid/CMakeFiles/cubrid.dir/__/src/executables/util_common.c.o
[301/572] Building CXX object cs/CMakeFiles/cubridcs.dir/__/src/parser/view_transform.c.o
[302/572] Building CXX object cs/CMakeFiles/cubridcs.dir/__/src/optimizer/query_graph.c.o
[303/572] Building CXX object cs/CMakeFiles/cubridcs.dir/__/src/parser/query_result.c.o
[304/572] Running utility command for jdbc_build
-- Found Git: /usr/bin/git (found version "2.47.3") 
[INFO] JDBC VERSION = 11.4.0.0077
Buildfile: /home/vimkim/gh/cb/oos-ci-f4299ac/cubrid-jdbc/build.xml

clean:

src-jar-cubrid:
    [mkdir] Created dir: /home/vimkim/gh/cb/oos-ci-f4299ac/cubrid-jdbc/output/bin-cubrid
    [mkdir] Created dir: /home/vimkim/gh/cb/oos-ci-f4299ac/cubrid-jdbc/output/src-cubrid
     [copy] Copying 1 file to /home/vimkim/gh/cb/oos-ci-f4299ac/cubrid-jdbc/output/src-cubrid
     [copy] Copying 97 files to /home/vimkim/gh/cb/oos-ci-f4299ac/cubrid-jdbc/output/src-cubrid
      [jar] Building jar: /home/vimkim/gh/cb/oos-ci-f4299ac/cubrid-jdbc/cubrid-jdbc-11.4.0.0077-sources.jar

compile-cubrid:
    [javac] Compiling 97 source files to /home/vimkim/gh/cb/oos-ci-f4299ac/cubrid-jdbc/output/bin-cubrid

doc-jar-cubrid:
    [mkdir] Created dir: /home/vimkim/gh/cb/oos-ci-f4299ac/cubrid-jdbc/output/doc-cubrid
  [javadoc] Generating Javadoc
  [javadoc] Javadoc execution
  [javadoc] Loading source files for package cubrid.jdbc.driver...
  [javadoc] Loading source files for package cubrid.jdbc.jci...
  [javadoc] Loading source files for package cubrid.jdbc.net...
  [javadoc] Loading source files for package cubrid.jdbc.util...
  [javadoc] Loading source files for package cubrid.sql...
  [javadoc] Constructing Javadoc information...
  [javadoc] Standard Doclet version 1.8.0_462
  [javadoc] Building tree for all the packages and classes...
  [javadoc] Building index for all the packages and classes...
  [javadoc] Building index for all classes...
      [jar] Building jar: /home/vimkim/gh/cb/oos-ci-f4299ac/cubrid-jdbc/cubrid-jdbc-11.4.0.0077-javadoc.jar

dist-cubrid:
      [jar] Building jar: /home/vimkim/gh/cb/oos-ci-f4299ac/cubrid-jdbc/cubrid-jdbc-11.4.0.0077.jar

BUILD SUCCESSFUL
Total time: 20 seconds
[INFO] Generating cubrid_jdbc.jar finished
[305/572] Building CXX object cs/CMakeFiles/cubridcs.dir/__/src/parser/xasl_generation.c.o
[306/572] Building CXX object cubrid/CMakeFiles/cubrid.dir/__/src/connection/connection_support.cpp.o
[307/572] Building CXX object sa/CMakeFiles/cubridsa.dir/__/src/optimizer/histogram/histogram_sampler_sr.cpp.o
[308/572] Building CXX object cs/CMakeFiles/cubridcs.dir/__/src/optimizer/histogram/histogram_cl.cpp.o
[309/572] Building CXX object cubrid/CMakeFiles/cubrid.dir/__/src/base/trace_event_log.c.o
[310/572] Building CXX object cubrid/CMakeFiles/cubrid.dir/__/src/communication/network_common.cpp.o
[311/572] Building CXX object cubrid/CMakeFiles/cubrid.dir/__/src/object/lob_locator.cpp.o
[312/572] Building CXX object cs/CMakeFiles/cubridcs.dir/__/src/parser/semantic_check.c.o
[313/572] Building CXX object cubrid/CMakeFiles/cubrid.dir/__/src/connection/master_connector.cpp.o
[314/572] Building CXX object cubrid/CMakeFiles/cubrid.dir/__/src/communication/network_callback_sr.cpp.o
[315/572] Building CXX object cubrid/CMakeFiles/cubrid.dir/__/src/loaddb/load_class_registry.cpp.o
[316/572] Building CXX object cs/CMakeFiles/cubridcs.dir/__/src/transaction/log_applier.c.o
/home/vimkim/gh/cb/oos-ci-f4299ac/src/transaction/log_applier.c: In function ‘int la_get_copied_log_info(const char*, const char*, INT64, bool, LOG_LSA*, LOG_LSA*)’:
/home/vimkim/gh/cb/oos-ci-f4299ac/src/transaction/log_applier.c:8376:35: warning: format ‘%ld’ expects argument of type ‘long int’, but argument 2 has type ‘int’ [-Wformat=]
 8376 |               printf ("offset:%04ld (tid:%d bck p:%lld,o:%ld frw p:%lld,o:%ld type:%d)\n", lsa.offset, lrec->trid,
      |                               ~~~~^                                                        ~~~~~~~~~~
      |                                   |                                                            |
      |                                   long int                                                     int
      |                               %04d
/home/vimkim/gh/cb/oos-ci-f4299ac/src/transaction/log_applier.c:8376:60: warning: format ‘%ld’ expects argument of type ‘long int’, but argument 5 has type ‘int’ [-Wformat=]
 8376 |               printf ("offset:%04ld (tid:%d bck p:%lld,o:%ld frw p:%lld,o:%ld type:%d)\n", lsa.offset, lrec->trid,
      |                                                          ~~^
      |                                                            |
      |                                                            long int
      |                                                          %d
 8377 |                       (long long int) lrec->back_lsa.pageid, lrec->back_lsa.offset,
      |                                                              ~~~~~~~~~~~~~~~~~~~~~
      |                                                                             |
      |                                                                             int
/home/vimkim/gh/cb/oos-ci-f4299ac/src/transaction/log_applier.c:8376:77: warning: format ‘%ld’ expects argument of type ‘long int’, but argument 7 has type ‘int’ [-Wformat=]
 8376 |               printf ("offset:%04ld (tid:%d bck p:%lld,o:%ld frw p:%lld,o:%ld type:%d)\n", lsa.offset, lrec->trid,
      |                                                                           ~~^
      |                                                                             |
      |                                                                             long int
      |                                                                           %d
 8377 |                       (long long int) lrec->back_lsa.pageid, lrec->back_lsa.offset,
 8378 |                       (long long int) lrec->forw_lsa.pageid, lrec->forw_lsa.offset, lrec->type);
      |                                                              ~~~~~~~~~~~~~~~~~~~~~
      |                                                                             |
      |                                                                             int
At global scope:
cc1plus: note: unrecognized command-line option ‘-Wno-template-body’ may have been intended to silence earlier diagnostics
[317/572] Building CXX object cs/CMakeFiles/cubridcs.dir/__/src/optimizer/query_planner.c.o
[318/572] Building CXX object cubrid/CMakeFiles/cubrid.dir/__/src/method/method_struct_invoke.cpp.o
[319/572] Building CXX object cubrid/CMakeFiles/cubrid.dir/__/src/sp/pl_comm.c.o
[320/572] Building CXX object cubrid/CMakeFiles/cubrid.dir/__/src/sp/pl_query_cursor.cpp.o
[321/572] Building CXX object cs/CMakeFiles/cubridcs.dir/__/src/parser/type_checking.c.o
[322/572] Building CXX object cs/CMakeFiles/cubridcs.dir/__/src/query/execute_statement.c.o
[323/572] Building CXX object cubrid/CMakeFiles/cubrid.dir/__/src/object/elo.c.o
[324/572] Building CXX object cs/CMakeFiles/cubridcs.dir/__/src/parser/parse_tree_cl.c.o
[325/572] Building CXX object cubrid/CMakeFiles/cubrid.dir/__/src/base/tz_support.c.o
[326/572] Building CXX object cubrid/CMakeFiles/cubrid.dir/__/src/object/deduplicate_key.c.o
[327/572] Building CXX object cs/CMakeFiles/cubridcs.dir/__/src/query/execute_schema.c.o
[328/572] Building CXX object cubrid/CMakeFiles/cubrid.dir/__/src/loaddb/load_error_handler.cpp.o
[329/572] Building CXX object cs/CMakeFiles/cubridcs.dir/__/src/loaddb/load_db.c.o
[330/572] Building CXX object cubrid/CMakeFiles/cubrid.dir/__/src/method/method_scan.cpp.o
[331/572] Building CXX object cubrid/CMakeFiles/cubrid.dir/__/src/loaddb/load_db_value_converter.cpp.o
[332/572] Building CXX object cubrid/CMakeFiles/cubrid.dir/__/src/monitor/monitor_vacuum_ovfp_threshold.cpp.o
[333/572] Building CXX object cubrid/CMakeFiles/cubrid.dir/__/src/sp/method_invoke_group.cpp.o
[334/572] Building CXX object cubrid/CMakeFiles/cubrid.dir/__/src/sp/sp_code.cpp.o
[335/572] Building CXX object cubrid/CMakeFiles/cubrid.dir/__/src/base/system_parameter.c.o
[336/572] Building CXX object cubrid/CMakeFiles/cubrid.dir/__/src/sp/pl_execution_stack_context.cpp.o
[337/572] Building CXX object cs/CMakeFiles/cubridcs.dir/__/src/sp/sp_catalog.cpp.o
[338/572] Building CXX object cubrid/CMakeFiles/cubrid.dir/__/src/sp/pl_sr.cpp.o
[339/572] Building CXX object cubrid/CMakeFiles/cubrid.dir/__/src/object/object_primitive.c.o
[340/572] Building CXX object cubrid/CMakeFiles/cubrid.dir/__/src/communication/network_sr.c.o
[341/572] Building CXX object cubrid/CMakeFiles/cubrid.dir/__/src/object/transform.c.o
[342/572] Building CXX object cubrid/CMakeFiles/cubrid.dir/__/src/connection/connection_sr.c.o
[343/572] Building CXX object cubrid/CMakeFiles/cubrid.dir/__/src/sp/pl_session.cpp.o
[344/572] Building CXX object cubrid/CMakeFiles/cubrid.dir/__/src/monitor/monitor_transaction.cpp.o
[345/572] Building CXX object cubrid/CMakeFiles/cubrid.dir/__/src/object/object_representation.c.o
[346/572] Building CXX object cubrid/CMakeFiles/cubrid.dir/__/src/base/object_representation_sr.c.o
[347/572] Building CXX object cubrid/CMakeFiles/cubrid.dir/__/src/query/dblink_2pc.c.o
[348/572] Building CXX object cubrid/CMakeFiles/cubrid.dir/__/src/query/dblink_scan.c.o
[349/572] Building CXX object cubrid/CMakeFiles/cubrid.dir/__/src/base/perf_monitor.c.o
[350/572] Building CXX object cubrid/CMakeFiles/cubrid.dir/__/src/query/query_evaluator.c.o
[351/572] Building CXX object cubrid/CMakeFiles/cubrid.dir/__/src/storage/es.c.o
[352/572] Building CXX object cubrid/CMakeFiles/cubrid.dir/__/src/query/partition.c.o
[353/572] Building CXX object cubrid/CMakeFiles/cubrid.dir/__/src/query/query_hash_scan.c.o
[354/572] Building CXX object cubrid/CMakeFiles/cubrid.dir/__/src/query/fetch.c.o
[355/572] Building CXX object cubrid/CMakeFiles/cubrid.dir/__/src/transaction/log_writer.c.o
[356/572] Building CXX object cubrid/CMakeFiles/cubrid.dir/__/src/query/regu_var.cpp.o
[357/572] Building CXX object cubrid/CMakeFiles/cubrid.dir/__/src/query/query_reevaluation.cpp.o
[358/572] Building CXX object cubrid/CMakeFiles/cubrid.dir/__/src/sp/pl_executor.cpp.o
[359/572] Building CXX object cubrid/CMakeFiles/cubrid.dir/__/src/query/stream_to_xasl.c.o
[360/572] Building CXX object cubrid/CMakeFiles/cubrid.dir/__/src/loaddb/load_server_loader.cpp.o
[361/572] Building CXX object cubrid/CMakeFiles/cubrid.dir/__/src/query/subquery_cache.c.o
[362/572] Building CXX object cubrid/CMakeFiles/cubrid.dir/__/src/query/scan_json_table.cpp.o
[363/572] Building CXX object cubrid/CMakeFiles/cubrid.dir/__/src/query/query_aggregate.cpp.o
[364/572] Building CXX object cubrid/CMakeFiles/cubrid.dir/__/src/query/memoize.cpp.o
[365/572] Building CXX object cubrid/CMakeFiles/cubrid.dir/__/src/query/query_analytic.cpp.o
[366/572] Building CXX object cubrid/CMakeFiles/cubrid.dir/__/src/storage/storage_common.c.o
[367/572] Building CXX object cubrid/CMakeFiles/cubrid.dir/__/src/query/vacuum_oos.cpp.o
[368/572] Building CXX object cubrid/CMakeFiles/cubrid.dir/__/src/connection/connection_worker.cpp.o
[369/572] Building CXX object cubrid/CMakeFiles/cubrid.dir/__/src/query/arithmetic.c.o
[370/572] Building CXX object cubrid/CMakeFiles/cubrid.dir/__/src/loaddb/load_session.cpp.o
[371/572] Building CXX object cubrid/CMakeFiles/cubrid.dir/__/src/query/show_scan.c.o
[372/572] Building CXX object cubrid/CMakeFiles/cubrid.dir/__/src/connection/server_support.c.o
[373/572] Building CXX object cubrid/CMakeFiles/cubrid.dir/__/src/transaction/log_lsa.cpp.o
[374/572] Building CXX object cubrid/CMakeFiles/cubrid.dir/__/src/query/list_file.c.o
[375/572] Building CXX object cubrid/CMakeFiles/cubrid.dir/__/src/query/query_manager.c.o
[376/572] Building CXX object cubrid/CMakeFiles/cubrid.dir/__/src/query/query_hash_join.c.o
[377/572] Building CXX object cubrid/CMakeFiles/cubrid.dir/__/src/storage/ftab_set.cpp.o
[378/572] Building CXX object cubrid/CMakeFiles/cubrid.dir/__/src/storage/overflow_file.c.o
[379/572] Building CXX object cubrid/CMakeFiles/cubrid.dir/__/src/query/set_scan.c.o
[380/572] Building CXX object cubrid/CMakeFiles/cubrid.dir/__/src/storage/record_descriptor.cpp.o
[381/572] Building CXX object cubrid/CMakeFiles/cubrid.dir/__/src/session/session_sr.c.o
[382/572] Building CXX object cubrid/CMakeFiles/cubrid.dir/__/src/storage/compactdb_sr.c.o
[383/572] Building CXX object cubrid/CMakeFiles/cubrid.dir/__/src/storage/bestspace.cpp.o
[384/572] Building CXX object cubrid/CMakeFiles/cubrid.dir/__/src/query/scan_manager.c.o
[385/572] Building CXX object cubrid/CMakeFiles/cubrid.dir/__/src/storage/heap_oos.cpp.o
[386/572] Building CXX object cubrid/CMakeFiles/cubrid.dir/__/src/loaddb/load_worker_manager.cpp.o
[387/572] Building CXX object cubrid/CMakeFiles/cubrid.dir/__/src/query/serial.c.o
[388/572] Building CXX object cubrid/CMakeFiles/cubrid.dir/__/src/thread/thread_entry_task.cpp.o
[389/572] Building CXX object cubrid/CMakeFiles/cubrid.dir/__/src/transaction/log_compress.c.o
[390/572] Building CXX object cubrid/CMakeFiles/cubrid.dir/__/src/query/xasl_cache.c.o
[391/572] Building CXX object cubrid/CMakeFiles/cubrid.dir/__/src/query/query_dump.c.o
[392/572] Building CXX object cubrid/CMakeFiles/cubrid.dir/__/src/storage/extendible_hash.c.o
[393/572] Building CXX object cubrid/CMakeFiles/cubrid.dir/__/src/transaction/log_2pc.c.o
[394/572] Building CXX object cubrid/CMakeFiles/cubrid.dir/__/src/query/query_opfunc.c.o
[395/572] Building CXX object cubrid/CMakeFiles/cubrid.dir/__/src/storage/catalog_class.c.o
[396/572] Building CXX object cubrid/CMakeFiles/cubrid.dir/__/src/query/filter_pred_cache.c.o
[397/572] Building CXX object cubrid/CMakeFiles/cubrid.dir/__/src/storage/disk_manager.c.o
[398/572] Performing update step for 'catch2'
[399/572] Building CXX object cubrid/CMakeFiles/cubrid.dir/__/src/thread/thread_manager.cpp.o
[400/572] No patch step for 'catch2'
[401/572] Building CXX object cubrid/CMakeFiles/cubrid.dir/__/src/transaction/log_recovery_redo.cpp.o
[402/572] Building CXX object cubrid/CMakeFiles/cubrid.dir/__/src/storage/tde.c.o
[403/572] Performing configure step for 'catch2'
loading initial cache file /home/vimkim/gh/cb/oos-ci-f4299ac/build_preset_debug_gcc/unit_tests/catch2-prefix/tmp/catch2-cache-Debug.cmake
-- Configuring done (0.1s)
-- Generating done (0.0s)
-- Build files have been written to: /home/vimkim/gh/cb/oos-ci-f4299ac/build_preset_debug_gcc/unit_tests/catch2-prefix/src/catch2-build
[404/572] Building CXX object cubrid/CMakeFiles/cubrid.dir/__/src/transaction/log_append.cpp.o
[405/572] Performing build step for 'catch2'
ninja: no work to do.
[406/572] Building CXX object cubrid/CMakeFiles/cubrid.dir/__/src/thread/critical_section.c.o
[407/572] No install step for 'catch2'
[408/572] Building CXX object cubrid/CMakeFiles/cubrid.dir/__/src/transaction/log_postpone_cache.cpp.o
[409/572] Completed 'catch2'
[410/572] Building CXX object cubrid/CMakeFiles/cubrid.dir/__/src/transaction/log_comm.c.o
[411/572] Building CXX object cubrid/CMakeFiles/cubrid.dir/__/src/communication/network_interface_sr.cpp.o
[412/572] Building CXX object cubrid/CMakeFiles/cubrid.dir/__/src/storage/statistics_sr.c.o
[413/572] Building CXX object cubrid/CMakeFiles/cubrid.dir/__/src/transaction/mvcc_active_tran.cpp.o
[414/572] Building CXX object cubrid/CMakeFiles/cubrid.dir/__/src/session/session.c.o
[415/572] Building CXX object cubrid/CMakeFiles/cubrid.dir/__/src/storage/btree_load.c.o
[416/572] Building CXX object util/CMakeFiles/cub_admin.dir/__/src/executables/util_admin.c.o
[417/572] Building CXX object cubrid/CMakeFiles/cubrid.dir/__/src/transaction/log_system_tran.cpp.o
[418/572] Building CXX object cubrid/CMakeFiles/cubrid.dir/__/src/transaction/boot_sr.c.o
[419/572] Building CXX object cubrid/CMakeFiles/cubrid.dir/__/src/storage/slotted_page.c.o
[420/572] Building CXX object util/CMakeFiles/cub_master.dir/__/src/executables/master_request.c.o
[421/572] Building CXX object cubrid/CMakeFiles/cubrid.dir/__/src/xasl/xasl_analytic.cpp.o
[422/572] Building CXX object cubrid/CMakeFiles/cubrid.dir/__/src/storage/double_write_buffer.cpp.o
[423/572] Building CXX object cubrid/CMakeFiles/cubrid.dir/__/src/transaction/replication.c.o
[424/572] Building CXX object cubrid/CMakeFiles/cubrid.dir/__/src/thread/thread_entry.cpp.o
[425/572] Building CXX object cubrid/CMakeFiles/cubrid.dir/__/src/storage/file_io.c.o
[426/572] Building CXX object cubrid/CMakeFiles/cubrid.dir/__/src/query/query_executor.c.o
[427/572] Building CXX object cubrid/CMakeFiles/cubrid.dir/__/src/transaction/transaction_sr.c.o
[428/572] Building CXX object cubrid/CMakeFiles/cubrid.dir/__/src/transaction/log_global.c.o
[429/572] Building CXX object cubrid/CMakeFiles/cubrid.dir/__/src/xasl/xasl_predicate.cpp.o
[430/572] Building CXX object cubrid/CMakeFiles/cubrid.dir/__/src/transaction/mvcc.c.o
[431/572] Building CXX object cubrid/CMakeFiles/cubrid.dir/__/src/xasl/xasl_iteration.cpp.o
[432/572] Building CXX object util/CMakeFiles/cub_master.dir/__/src/executables/master.c.o
[433/572] Building CXX object cubrid/CMakeFiles/cubrid.dir/__/src/query/vacuum.c.o
[434/572] Building CXX object cubrid/CMakeFiles/cubrid.dir/__/src/transaction/transaction_transient.cpp.o
[435/572] Building CXX object cubrid/CMakeFiles/cubrid.dir/__/src/storage/oos_file.cpp.o
[436/572] Building CXX object util/CMakeFiles/cub_master.dir/__/src/executables/master_heartbeat.c.o
[437/572] Building CXX object cubrid/CMakeFiles/cubrid.dir/__/src/storage/external_sort.c.o
[438/572] Building CXX object cubrid/CMakeFiles/cubrid.dir/__/src/transaction/mvcc_table.cpp.o
[439/572] Building CXX object cubrid/CMakeFiles/cubrid.dir/__/src/xasl/xasl_spawner.cpp.o
[440/572] Linking CXX shared library cs/libcubridcs.so.11.5
[441/572] Building CXX object cubrid/CMakeFiles/cubrid.dir/__/src/query/parallel/px_hash_join/px_hash_join_spawn_manager.cpp.o
[442/572] Creating library symlink cs/libcubridcs.so
[443/572] Building CXX object cubrid/CMakeFiles/cubrid.dir/__/src/query/parallel/px_scan/px_scan_input_handler_index.cpp.o
[444/572] Building CXX object cubrid/CMakeFiles/cubrid.dir/__/src/query/parallel/px_scan/index/px_scan_index_leaf_slot_walker.cpp.o
[445/572] Building CXX object cubrid/CMakeFiles/cubrid.dir/__/src/query/parallel/px_scan/px_scan_trace_handler.cpp.o
[446/572] Linking CXX executable bin/cub_commdb
[447/572] Linking CXX executable bin/cub_broker
[448/572] Building CXX object unit_tests/oos/CMakeFiles/test_oos_tde_gate.dir/test_oos_tde_gate.cpp.o
[449/572] Linking CXX executable bin/gateway_monitor
[450/572] Linking CXX executable bin/broker_monitor
[451/572] Building CXX object cubrid/CMakeFiles/cubrid.dir/__/src/transaction/recovery.c.o
[452/572] Linking CXX executable bin/broker_log_converter
[453/572] Linking CXX executable bin/cub_gateway
[454/572] Linking CXX executable bin/cubrid_gateway
[455/572] Linking CXX executable bin/broker_log_runner
[456/572] Building CXX object cubrid/CMakeFiles/cubrid.dir/__/src/xasl/xasl_stream.cpp.o
[457/572] Linking CXX executable bin/cub_proxy
[458/572] Linking CXX executable bin/broker_tester
[459/572] Linking CXX executable bin/cubrid_replay
[460/572] Linking CXX executable bin/broker_log_top
[461/572] Linking CXX executable bin/cub_master
[462/572] Building CXX object cubrid/CMakeFiles/cubrid.dir/__/src/transaction/log_recovery.c.o
[463/572] Building CXX object unit_tests/oos/CMakeFiles/test_oos_delete.dir/test_oos_delete.cpp.o
[464/572] Linking CXX executable bin/cubrid_broker
[465/572] Linking CXX shared library cm_common/libcmdep.so.11.5
[466/572] Creating library symlink cm_common/libcmdep.so
[467/572] Building CXX object cubrid/CMakeFiles/cubrid.dir/__/src/query/parallel/px_scan/index/px_scan_index_overflow_chain_pool.cpp.o
[468/572] Linking CXX executable bin/broker_changer
[469/572] Building CXX object unit_tests/oos/CMakeFiles/test_oos_record_flags.dir/test_oos_record_flags.cpp.o
[470/572] Linking CXX shared library broker/libbrokeradmin.so.11.5
[471/572] Building CXX object cubrid/CMakeFiles/cubrid.dir/__/src/query/parallel/px_scan/px_scan_slot_iterator_index.cpp.o
[472/572] Creating library symlink broker/libbrokeradmin.so
[473/572] Building CXX object cubrid/CMakeFiles/cubrid.dir/__/src/query/parallel/px_hash_join/px_hash_join_task_manager.cpp.o
[474/572] Building CXX object unit_tests/oos/CMakeFiles/test_oos.dir/test_oos.cpp.o
[475/572] Linking CXX executable bin/cub_cas
[476/572] Linking CXX executable bin/cub_cas_cgw
[477/572] Linking CXX shared library cm_common/libcmstat.so.11.5
[478/572] Creating library symlink cm_common/libcmstat.so
[479/572] Building CXX object cubrid/CMakeFiles/cubrid.dir/__/src/query/parallel/px_hash_join/px_hash_join.cpp.o
[480/572] Building CXX object cubrid/CMakeFiles/cubrid.dir/__/src/query/parallel/px_scan/px_scan_slot_iterator.cpp.o
[481/572] Building CXX object cubrid/CMakeFiles/cubrid.dir/__/src/transaction/locator_sr.c.o
[482/572] Building CXX object cubrid/CMakeFiles/cubrid.dir/__/src/storage/file_manager.c.o
[483/572] Building CXX object cubrid/CMakeFiles/cubrid.dir/__/src/query/parallel/px_scan/px_scan_input_handler_heap.cpp.o
[484/572] Building CXX object util/CMakeFiles/cub_server.dir/__/src/executables/server.c.o
[485/572] Building CXX object cubrid/CMakeFiles/cubrid.dir/__/src/query/parallel/px_scan/px_scan_instnum.cpp.o
[486/572] Building CXX object cubrid/CMakeFiles/cubrid.dir/__/src/query/parallel/px_scan/index/px_scan_index_overflow_drain_fsm.cpp.o
[487/572] Building CXX object cubrid/CMakeFiles/cubrid.dir/__/src/query/parallel/px_scan/index/px_scan_index_leaf_page_dispatcher.cpp.o
[488/572] Building CXX object cubrid/CMakeFiles/cubrid.dir/__/src/query/parallel/px_scan/px_scan_input_handler_list.cpp.o
[489/572] Building CXX object cubrid/CMakeFiles/cubrid.dir/__/src/query/parallel/px_scan/px_scan_pre_execution_info.cpp.o
[490/572] Building CXX object cubrid/CMakeFiles/cubrid.dir/__/src/query/parallel/px_scan/index/px_scan_index_key_range_list.cpp.o
[491/572] Building CXX object cubrid/CMakeFiles/cubrid.dir/__/src/storage/page_buffer.c.o
[492/572] Building CXX object cubrid/CMakeFiles/cubrid.dir/__/src/transaction/flashback.c.o
[493/572] Building CXX object unit_tests/oos/CMakeFiles/test_oos_remove_file.dir/test_oos_remove_file.cpp.o
[494/572] Building CXX object util/CMakeFiles/unittests_snapshot.dir/__/src/executables/unittests_snapshot.c.o
[495/572] Building CXX object cubrid/CMakeFiles/cubrid.dir/__/src/query/parallel/px_query_execute/px_query_task.cpp.o
[496/572] Building CXX object cubrid/CMakeFiles/cubrid.dir/__/src/storage/system_catalog.c.o
[497/572] Building CXX object unit_tests/oos/sql/CMakeFiles/test_oos_sql_crud.dir/test_oos_sql_crud.cpp.o
[498/572] Building CXX object cubrid/CMakeFiles/cubrid.dir/__/src/transaction/lock_manager.c.o
[499/572] Building CXX object unit_tests/oos/sql/CMakeFiles/test_oos_sql_boundary.dir/test_oos_sql_boundary.cpp.o
[500/572] Building CXX object unit_tests/oos/sql/CMakeFiles/test_oos_sql_ddl.dir/test_oos_sql_ddl.cpp.o
[501/572] Building CXX object unit_tests/oos/sql/CMakeFiles/test_oos_sql_eager_cleanup.dir/test_oos_sql_eager_cleanup.cpp.o
[502/572] Building CXX object unit_tests/oos/CMakeFiles/test_oos_bestspace.dir/test_oos_bestspace.cpp.o
[503/572] Building CXX object cubrid/CMakeFiles/cubrid.dir/__/src/query/parallel/px_query_execute/px_query_executor.cpp.o
[504/572] Building CXX object cubrid/CMakeFiles/cubrid.dir/__/src/storage/btree.c.o
[505/572] Building CXX object unit_tests/oos/sql/CMakeFiles/test_oos_sql_visible_version.dir/test_oos_sql_visible_version.cpp.o
[506/572] Building CXX object unit_tests/oos/sql/CMakeFiles/test_oos_sql_bigone.dir/test_oos_sql_bigone.cpp.o
[507/572] Building CXX object unit_tests/oos/sql/CMakeFiles/test_oos_sql_update_delete.dir/test_oos_sql_update_delete.cpp.o
[508/572] Building CXX object unit_tests/oos/sql/CMakeFiles/test_oos_sql_delete.dir/test_oos_sql_delete.cpp.o
[509/572] Building CXX object cubrid/CMakeFiles/cubrid.dir/__/src/query/parallel/px_scan/px_scan_slot_iterator_list.cpp.o
[510/572] Building CXX object cubrid/CMakeFiles/cubrid.dir/__/src/transaction/log_page_buffer.c.o
[511/572] Building CXX object cubrid/CMakeFiles/cubrid.dir/__/src/query/parallel/px_scan/px_scan_result_handler.cpp.o
[512/572] Building CXX object cubrid/CMakeFiles/cubrid.dir/__/src/storage/heap_file.c.o
[513/572] Building CXX object cubrid/CMakeFiles/cubrid.dir/__/src/transaction/log_recovery_redo_parallel.cpp.o
[514/572] Building CXX object unit_tests/oos/sql/CMakeFiles/test_oos_sql_show.dir/test_oos_sql_show.cpp.o
[515/572] Building CXX object unit_tests/oos/CMakeFiles/test_oos_mock_vacuum_server.dir/test_oos_mock_vacuum_server.cpp.o
[516/572] Building CXX object cubrid/CMakeFiles/cubrid.dir/__/src/query/parallel/px_scan/px_scan_task.cpp.o
[517/572] Building CXX object unit_tests/oos/sql/CMakeFiles/test_oos_sql_storage.dir/test_oos_sql_storage.cpp.o
[518/572] Building CXX object cubrid/CMakeFiles/cubrid.dir/__/src/query/parallel/px_scan/px_scan.cpp.o
[519/572] Building CXX object cubrid/CMakeFiles/cubrid.dir/__/src/transaction/log_manager.c.o
[520/572] Building CXX object cubrid/CMakeFiles/cubrid.dir/__/src/transaction/log_tran_table.c.o
[521/572] Building CXX object unit_tests/oos/CMakeFiles/test_oos_delete_server.dir/test_oos_delete_server.cpp.o
[522/572] Building CXX object cubrid/CMakeFiles/cubrid.dir/__/src/query/parallel/px_thread_safe_queue.cpp.o
[523/572] Building CXX object unit_tests/oos/sql/CMakeFiles/test_oos_sql_txn.dir/test_oos_sql_txn.cpp.o
[524/572] Building CXX object unit_tests/oos/CMakeFiles/test_oos_remove_file_server.dir/test_oos_remove_file_server.cpp.o
[525/572] Building CXX object unit_tests/oos/CMakeFiles/test_oos_vacuum_server.dir/test_oos_vacuum_server.cpp.o
[526/572] Linking CXX shared library sa/libcubridsa.so.11.5
[527/572] Building CXX object unit_tests/oos/CMakeFiles/test_oos_growth_sweep.dir/test_oos_growth_sweep.cpp.o
[528/572] Creating library symlink sa/libcubridsa.so
[529/572] Building CXX object unit_tests/oos/CMakeFiles/test_oos_real_vacuum_server.dir/test_oos_real_vacuum_server.cpp.o
[530/572] Linking CXX executable bin/cub_admin
[531/572] Linking CXX executable bin/gen_timezone
[532/572] Linking CXX executable bin/cubrid
[533/572] Linking CXX executable bin/cub_jobsa
[534/572] Linking CXX executable bin/cubrid_rel
[535/572] Linking CXX executable bin/test_oos_sql_update_delete
[536/572] Linking CXX executable bin/test_oos_sql_txn
[537/572] Linking CXX executable bin/test_oos_sql_show
[538/572] Linking CXX executable bin/cub_sainfo
[539/572] Linking CXX executable bin/test_oos_sql_bigone
[540/572] Linking CXX executable bin/test_oos_sql_storage
[541/572] Linking CXX executable bin/test_oos_sql_visible_version
[542/572] Linking CXX executable bin/test_oos_sql_boundary
[543/572] Linking CXX executable bin/test_oos_record_flags
[544/572] Linking CXX executable bin/test_oos_delete
[545/572] Linking CXX executable bin/test_oos_bestspace
[546/572] Linking CXX executable bin/loadjava
[547/572] Linking CXX executable bin/cub_pl
[548/572] Linking CXX executable bin/test_oos_sql_eager_cleanup
[549/572] Linking CXX executable bin/test_oos_tde_gate
[550/572] Linking CXX executable bin/test_oos
[551/572] Building CXX object cubrid/CMakeFiles/cubrid.dir/__/src/optimizer/histogram/histogram_sampler_sr.cpp.o
[552/572] Running utility command for pl_build
[INFO] JDBC Driver built at cubrid-jdbc submodule
> Task :pl_server:generateGrammarSource UP-TO-DATE

> Task :pl_server:compileJava
Note: Some input files use or override a deprecated API.
Note: Recompile with -Xlint:deprecation for details.
Note: Some input files use unchecked or unsafe operations.
Note: Recompile with -Xlint:unchecked for details.

> Task :pl_server:processResources UP-TO-DATE
> Task :pl_server:classes
> Task :pl_server:jar
> Task :pl_server:startScripts
> Task :pl_server:distTar
> Task :pl_server:distZip
> Task :pl_server:assemble
> Task :pl_server:check
> Task :pl_server:build

BUILD SUCCESSFUL in 28s
7 actionable tasks: 5 executed, 2 up-to-date
[553/572] Linking CXX executable bin/test_byte_span_writer
[554/572] Linking CXX executable bin/test_oos_remove_file
[555/572] Linking CXX executable bin/test_oos_growth_sweep
[556/572] Linking CXX executable bin/test_oos_sql_ddl
[557/572] Linking CXX executable bin/test_oos_sql_delete
[558/572] Linking CXX executable bin/test_oos_sql_crud
[559/572] Building CXX object unit_tests/oos/CMakeFiles/test_oos_server.dir/test_oos_server.cpp.o
[560/572] Linking CXX shared library cubrid/libcubrid.so.11.5
[561/572] Creating library symlink cubrid/libcubrid.so
[562/572] Linking CXX executable bin/cub_server
[563/572] Linking CXX executable bin/unittests_lf
[564/572] Linking CXX executable bin/unittests_area
[565/572] Linking CXX executable bin/unittests_bit
[566/572] Linking CXX executable bin/test_oos_remove_file_server
[567/572] Linking CXX executable bin/test_oos_delete_server
[568/572] Linking CXX executable bin/unittests_snapshot
[569/572] Linking CXX executable bin/test_oos_mock_vacuum_server
[570/572] Linking CXX executable bin/test_oos_server
[571/572] Linking CXX executable bin/test_oos_real_vacuum_server
[572/572] Linking CXX executable bin/test_oos_vacuum_server
-- Install configuration: "Debug"
-- Installing: /home/vimkim/.cub/install/oos-ci-f4299ac/debug_gcc/jdbc
-- Installing: /home/vimkim/.cub/install/oos-ci-f4299ac/debug_gcc/jdbc/cubrid-jdbc-11.4.0.0077-sources.jar
-- Installing: /home/vimkim/.cub/install/oos-ci-f4299ac/debug_gcc/jdbc/cubrid-jdbc-11.4.0.0077-javadoc.jar
-- Installing: /home/vimkim/.cub/install/oos-ci-f4299ac/debug_gcc/jdbc/cubrid-jdbc-11.4.0.0077.jar
-- Installing: /home/vimkim/.cub/install/oos-ci-f4299ac/debug_gcc/jdbc/cubrid_jdbc.jar
-- Installing: /home/vimkim/.cub/install/oos-ci-f4299ac/debug_gcc/vm/pl_server.jar
-- Up-to-date: /home/vimkim/.cub/install/oos-ci-f4299ac/debug_gcc/vm/logging.properties
-- Installing: /home/vimkim/.cub/install/oos-ci-f4299ac/debug_gcc/lib/libcubridsa.so.11.5
-- Set runtime path of "/home/vimkim/.cub/install/oos-ci-f4299ac/debug_gcc/lib/libcubridsa.so.11.5" to "/home/vimkim/.cub/install/oos-ci-f4299ac/debug_gcc/lib"
-- Up-to-date: /home/vimkim/.cub/install/oos-ci-f4299ac/debug_gcc/lib/libcubridsa.so
-- Installing: /home/vimkim/.cub/install/oos-ci-f4299ac/debug_gcc/lib/libcubridcs.so.11.5
-- Set runtime path of "/home/vimkim/.cub/install/oos-ci-f4299ac/debug_gcc/lib/libcubridcs.so.11.5" to "/home/vimkim/.cub/install/oos-ci-f4299ac/debug_gcc/lib"
-- Up-to-date: /home/vimkim/.cub/install/oos-ci-f4299ac/debug_gcc/lib/libcubridcs.so
-- Installing: /home/vimkim/.cub/install/oos-ci-f4299ac/debug_gcc/lib/libcubrid.so.11.5
-- Set runtime path of "/home/vimkim/.cub/install/oos-ci-f4299ac/debug_gcc/lib/libcubrid.so.11.5" to "/home/vimkim/.cub/install/oos-ci-f4299ac/debug_gcc/lib"
-- Up-to-date: /home/vimkim/.cub/install/oos-ci-f4299ac/debug_gcc/lib/libcubrid.so
-- Up-to-date: /home/vimkim/.cub/install/oos-ci-f4299ac/debug_gcc/include/dbi.h
-- Up-to-date: /home/vimkim/.cub/install/oos-ci-f4299ac/debug_gcc/include/dbtran_def.h
-- Up-to-date: /home/vimkim/.cub/install/oos-ci-f4299ac/debug_gcc/include/dbtype_def.h
-- Up-to-date: /home/vimkim/.cub/install/oos-ci-f4299ac/debug_gcc/include/db_set_function.h
-- Up-to-date: /home/vimkim/.cub/install/oos-ci-f4299ac/debug_gcc/include/dbtype_function.h
-- Up-to-date: /home/vimkim/.cub/install/oos-ci-f4299ac/debug_gcc/include/db_date.h
-- Up-to-date: /home/vimkim/.cub/install/oos-ci-f4299ac/debug_gcc/include/db_elo.h
-- Up-to-date: /home/vimkim/.cub/install/oos-ci-f4299ac/debug_gcc/include/cache_time.h
-- Up-to-date: /home/vimkim/.cub/install/oos-ci-f4299ac/debug_gcc/include/error_code.h
-- Up-to-date: /home/vimkim/.cub/install/oos-ci-f4299ac/debug_gcc/include/cubrid_log.h
-- Up-to-date: /home/vimkim/.cub/install/oos-ci-f4299ac/debug_gcc/include/cm_stat.h
-- Up-to-date: /home/vimkim/.cub/install/oos-ci-f4299ac/debug_gcc/bin/csql
-- Installing: /home/vimkim/.cub/install/oos-ci-f4299ac/debug_gcc/bin/cub_master
-- Set runtime path of "/home/vimkim/.cub/install/oos-ci-f4299ac/debug_gcc/bin/cub_master" to "/home/vimkim/.cub/install/oos-ci-f4299ac/debug_gcc/lib"
-- Installing: /home/vimkim/.cub/install/oos-ci-f4299ac/debug_gcc/bin/cub_server
-- Set runtime path of "/home/vimkim/.cub/install/oos-ci-f4299ac/debug_gcc/bin/cub_server" to "/home/vimkim/.cub/install/oos-ci-f4299ac/debug_gcc/lib"
-- Installing: /home/vimkim/.cub/install/oos-ci-f4299ac/debug_gcc/bin/cubrid
-- Set runtime path of "/home/vimkim/.cub/install/oos-ci-f4299ac/debug_gcc/bin/cubrid" to "/home/vimkim/.cub/install/oos-ci-f4299ac/debug_gcc/lib"
-- Installing: /home/vimkim/.cub/install/oos-ci-f4299ac/debug_gcc/bin/cub_commdb
-- Set runtime path of "/home/vimkim/.cub/install/oos-ci-f4299ac/debug_gcc/bin/cub_commdb" to "/home/vimkim/.cub/install/oos-ci-f4299ac/debug_gcc/lib"
-- Installing: /home/vimkim/.cub/install/oos-ci-f4299ac/debug_gcc/bin/cubrid_rel
-- Set runtime path of "/home/vimkim/.cub/install/oos-ci-f4299ac/debug_gcc/bin/cubrid_rel" to "/home/vimkim/.cub/install/oos-ci-f4299ac/debug_gcc/lib"
-- Installing: /home/vimkim/.cub/install/oos-ci-f4299ac/debug_gcc/bin/loadjava
-- Set runtime path of "/home/vimkim/.cub/install/oos-ci-f4299ac/debug_gcc/bin/loadjava" to "/home/vimkim/.cub/install/oos-ci-f4299ac/debug_gcc/lib"
-- Installing: /home/vimkim/.cub/install/oos-ci-f4299ac/debug_gcc/bin/cub_pl
-- Set runtime path of "/home/vimkim/.cub/install/oos-ci-f4299ac/debug_gcc/bin/cub_pl" to "/home/vimkim/.cub/install/oos-ci-f4299ac/debug_gcc/lib"
-- Installing: /home/vimkim/.cub/install/oos-ci-f4299ac/debug_gcc/bin/cub_admin
-- Set runtime path of "/home/vimkim/.cub/install/oos-ci-f4299ac/debug_gcc/bin/cub_admin" to "/home/vimkim/.cub/install/oos-ci-f4299ac/debug_gcc/lib"
-- Up-to-date: /home/vimkim/.cub/install/oos-ci-f4299ac/debug_gcc/cci/lib/libcascci.so.11.3
-- Up-to-date: /home/vimkim/.cub/install/oos-ci-f4299ac/debug_gcc/cci/lib/libcascci.so
-- Up-to-date: /home/vimkim/.cub/install/oos-ci-f4299ac/debug_gcc/cci/include/cas_cci.h
-- Up-to-date: /home/vimkim/.cub/install/oos-ci-f4299ac/debug_gcc/cci/include/compat_dbtran_def.h
-- Up-to-date: /home/vimkim/.cub/install/oos-ci-f4299ac/debug_gcc/cci/include/broker_cas_error.h
-- Up-to-date: /home/vimkim/.cub/install/oos-ci-f4299ac/debug_gcc/include/cas_cci.h
-- Up-to-date: /home/vimkim/.cub/install/oos-ci-f4299ac/debug_gcc/include/broker_cas_error.h
-- Up-to-date: /home/vimkim/.cub/install/oos-ci-f4299ac/debug_gcc/include/compat_dbtran_def.h
-- Up-to-date: /home/vimkim/.cub/install/oos-ci-f4299ac/debug_gcc/lib/libcascci.so
-- Up-to-date: /home/vimkim/.cub/install/oos-ci-f4299ac/debug_gcc/lib/libcascci.so.11.3
-- Up-to-date: /home/vimkim/.cub/install/oos-ci-f4299ac/debug_gcc/bin/cci_applier
-- Installing: /home/vimkim/.cub/install/oos-ci-f4299ac/debug_gcc/bin/broker_log_converter
-- Set runtime path of "/home/vimkim/.cub/install/oos-ci-f4299ac/debug_gcc/bin/broker_log_converter" to "/home/vimkim/.cub/install/oos-ci-f4299ac/debug_gcc/lib"
-- Installing: /home/vimkim/.cub/install/oos-ci-f4299ac/debug_gcc/bin/broker_log_runner
-- Set runtime path of "/home/vimkim/.cub/install/oos-ci-f4299ac/debug_gcc/bin/broker_log_runner" to "/home/vimkim/.cub/install/oos-ci-f4299ac/debug_gcc/lib"
-- Installing: /home/vimkim/.cub/install/oos-ci-f4299ac/debug_gcc/bin/broker_tester
-- Set runtime path of "/home/vimkim/.cub/install/oos-ci-f4299ac/debug_gcc/bin/broker_tester" to "/home/vimkim/.cub/install/oos-ci-f4299ac/debug_gcc/lib"
-- Installing: /home/vimkim/.cub/install/oos-ci-f4299ac/debug_gcc/bin/cubrid_replay
-- Set runtime path of "/home/vimkim/.cub/install/oos-ci-f4299ac/debug_gcc/bin/cubrid_replay" to "/home/vimkim/.cub/install/oos-ci-f4299ac/debug_gcc/lib"
-- Installing: /home/vimkim/.cub/install/oos-ci-f4299ac/debug_gcc/bin/cub_broker
-- Set runtime path of "/home/vimkim/.cub/install/oos-ci-f4299ac/debug_gcc/bin/cub_broker" to "/home/vimkim/.cub/install/oos-ci-f4299ac/debug_gcc/lib"
-- Installing: /home/vimkim/.cub/install/oos-ci-f4299ac/debug_gcc/bin/cub_gateway
-- Set runtime path of "/home/vimkim/.cub/install/oos-ci-f4299ac/debug_gcc/bin/cub_gateway" to "/home/vimkim/.cub/install/oos-ci-f4299ac/debug_gcc/lib"
-- Installing: /home/vimkim/.cub/install/oos-ci-f4299ac/debug_gcc/bin/broker_monitor
-- Set runtime path of "/home/vimkim/.cub/install/oos-ci-f4299ac/debug_gcc/bin/broker_monitor" to "/home/vimkim/.cub/install/oos-ci-f4299ac/debug_gcc/lib"
-- Installing: /home/vimkim/.cub/install/oos-ci-f4299ac/debug_gcc/bin/gateway_monitor
-- Set runtime path of "/home/vimkim/.cub/install/oos-ci-f4299ac/debug_gcc/bin/gateway_monitor" to "/home/vimkim/.cub/install/oos-ci-f4299ac/debug_gcc/lib"
-- Installing: /home/vimkim/.cub/install/oos-ci-f4299ac/debug_gcc/bin/broker_changer
-- Set runtime path of "/home/vimkim/.cub/install/oos-ci-f4299ac/debug_gcc/bin/broker_changer" to "/home/vimkim/.cub/install/oos-ci-f4299ac/debug_gcc/lib"
-- Installing: /home/vimkim/.cub/install/oos-ci-f4299ac/debug_gcc/bin/cubrid_broker
-- Set runtime path of "/home/vimkim/.cub/install/oos-ci-f4299ac/debug_gcc/bin/cubrid_broker" to "/home/vimkim/.cub/install/oos-ci-f4299ac/debug_gcc/lib"
-- Installing: /home/vimkim/.cub/install/oos-ci-f4299ac/debug_gcc/bin/cubrid_gateway
-- Set runtime path of "/home/vimkim/.cub/install/oos-ci-f4299ac/debug_gcc/bin/cubrid_gateway" to "/home/vimkim/.cub/install/oos-ci-f4299ac/debug_gcc/lib"
-- Installing: /home/vimkim/.cub/install/oos-ci-f4299ac/debug_gcc/bin/cub_cas
-- Set runtime path of "/home/vimkim/.cub/install/oos-ci-f4299ac/debug_gcc/bin/cub_cas" to "/home/vimkim/.cub/install/oos-ci-f4299ac/debug_gcc/lib"
-- Installing: /home/vimkim/.cub/install/oos-ci-f4299ac/debug_gcc/bin/cub_cas_cgw
-- Set runtime path of "/home/vimkim/.cub/install/oos-ci-f4299ac/debug_gcc/bin/cub_cas_cgw" to "/home/vimkim/.cub/install/oos-ci-f4299ac/debug_gcc/lib"
-- Installing: /home/vimkim/.cub/install/oos-ci-f4299ac/debug_gcc/bin/cub_proxy
-- Set runtime path of "/home/vimkim/.cub/install/oos-ci-f4299ac/debug_gcc/bin/cub_proxy" to "/home/vimkim/.cub/install/oos-ci-f4299ac/debug_gcc/lib"
-- Up-to-date: /home/vimkim/.cub/install/oos-ci-f4299ac/debug_gcc/include/shard_key.h
-- Installing: /home/vimkim/.cub/install/oos-ci-f4299ac/debug_gcc/bin/broker_log_top
-- Set runtime path of "/home/vimkim/.cub/install/oos-ci-f4299ac/debug_gcc/bin/broker_log_top" to "/home/vimkim/.cub/install/oos-ci-f4299ac/debug_gcc/lib"
-- Installing: /home/vimkim/.cub/install/oos-ci-f4299ac/debug_gcc/lib/libbrokeradmin.so.11.5
-- Set runtime path of "/home/vimkim/.cub/install/oos-ci-f4299ac/debug_gcc/lib/libbrokeradmin.so.11.5" to "/home/vimkim/.cub/install/oos-ci-f4299ac/debug_gcc/lib"
-- Up-to-date: /home/vimkim/.cub/install/oos-ci-f4299ac/debug_gcc/lib/libbrokeradmin.so
-- Installing: /home/vimkim/.cub/install/oos-ci-f4299ac/debug_gcc/lib/libcmstat.so.11.5
-- Set runtime path of "/home/vimkim/.cub/install/oos-ci-f4299ac/debug_gcc/lib/libcmstat.so.11.5" to "/home/vimkim/.cub/install/oos-ci-f4299ac/debug_gcc/lib"
-- Up-to-date: /home/vimkim/.cub/install/oos-ci-f4299ac/debug_gcc/lib/libcmstat.so
-- Installing: /home/vimkim/.cub/install/oos-ci-f4299ac/debug_gcc/lib/libcmdep.so.11.5
-- Set runtime path of "/home/vimkim/.cub/install/oos-ci-f4299ac/debug_gcc/lib/libcmdep.so.11.5" to "/home/vimkim/.cub/install/oos-ci-f4299ac/debug_gcc/lib"
-- Up-to-date: /home/vimkim/.cub/install/oos-ci-f4299ac/debug_gcc/lib/libcmdep.so
-- Installing: /home/vimkim/.cub/install/oos-ci-f4299ac/debug_gcc/bin/cub_jobsa
-- Set runtime path of "/home/vimkim/.cub/install/oos-ci-f4299ac/debug_gcc/bin/cub_jobsa" to "/home/vimkim/.cub/install/oos-ci-f4299ac/debug_gcc/lib"
-- Installing: /home/vimkim/.cub/install/oos-ci-f4299ac/debug_gcc/bin/cub_sainfo
-- Set runtime path of "/home/vimkim/.cub/install/oos-ci-f4299ac/debug_gcc/bin/cub_sainfo" to "/home/vimkim/.cub/install/oos-ci-f4299ac/debug_gcc/lib"
-- Up-to-date: /home/vimkim/.cub/install/oos-ci-f4299ac/debug_gcc/conf/cubrid.conf
-- Up-to-date: /home/vimkim/.cub/install/oos-ci-f4299ac/debug_gcc/conf/cubrid.conf.large
-- Up-to-date: /home/vimkim/.cub/install/oos-ci-f4299ac/debug_gcc/conf/cubrid.conf.small
-- Up-to-date: /home/vimkim/.cub/install/oos-ci-f4299ac/debug_gcc/conf/cubrid_broker.conf
-- Up-to-date: /home/vimkim/.cub/install/oos-ci-f4299ac/debug_gcc/conf/cubrid_broker.conf.shard
-- Up-to-date: /home/vimkim/.cub/install/oos-ci-f4299ac/debug_gcc/conf/cubrid_gateway.conf
-- Up-to-date: /home/vimkim/.cub/install/oos-ci-f4299ac/debug_gcc/conf/cubrid_ha.conf
-- Up-to-date: /home/vimkim/.cub/install/oos-ci-f4299ac/debug_gcc/conf/cubrid_hosts.conf
-- Up-to-date: /home/vimkim/.cub/install/oos-ci-f4299ac/debug_gcc/conf/shard_connection.txt
-- Up-to-date: /home/vimkim/.cub/install/oos-ci-f4299ac/debug_gcc/conf/shard_key.txt
-- Up-to-date: /home/vimkim/.cub/install/oos-ci-f4299ac/debug_gcc/conf/cubrid_locales.all.txt
-- Up-to-date: /home/vimkim/.cub/install/oos-ci-f4299ac/debug_gcc/conf/cubrid_locales.txt
-- Up-to-date: /home/vimkim/.cub/install/oos-ci-f4299ac/debug_gcc/conf/cas_ssl_cert.crt
-- Up-to-date: /home/vimkim/.cub/install/oos-ci-f4299ac/debug_gcc/conf/cas_ssl_cert.key
-- Up-to-date: /home/vimkim/.cub/install/oos-ci-f4299ac/debug_gcc/msg/en_US.utf8
-- Up-to-date: /home/vimkim/.cub/install/oos-ci-f4299ac/debug_gcc/msg/en_US.utf8/csql.msg
-- Up-to-date: /home/vimkim/.cub/install/oos-ci-f4299ac/debug_gcc/msg/en_US.utf8/cubrid.msg
-- Up-to-date: /home/vimkim/.cub/install/oos-ci-f4299ac/debug_gcc/msg/en_US.utf8/utils.msg
-- Up-to-date: /home/vimkim/.cub/install/oos-ci-f4299ac/debug_gcc/msg/en_US.utf8
-- Up-to-date: /home/vimkim/.cub/install/oos-ci-f4299ac/debug_gcc/msg/en_US.utf8/csql.cat
-- Up-to-date: /home/vimkim/.cub/install/oos-ci-f4299ac/debug_gcc/msg/en_US.utf8/cubrid.cat
-- Up-to-date: /home/vimkim/.cub/install/oos-ci-f4299ac/debug_gcc/msg/en_US.utf8/utils.cat
-- Up-to-date: /home/vimkim/.cub/install/oos-ci-f4299ac/debug_gcc/msg/en_US
-- Up-to-date: /home/vimkim/.cub/install/oos-ci-f4299ac/debug_gcc/msg/en_US/utils.msg
-- Up-to-date: /home/vimkim/.cub/install/oos-ci-f4299ac/debug_gcc/msg/en_US/csql.msg
-- Up-to-date: /home/vimkim/.cub/install/oos-ci-f4299ac/debug_gcc/msg/en_US/cubrid.msg
-- Up-to-date: /home/vimkim/.cub/install/oos-ci-f4299ac/debug_gcc/msg/en_US
-- Up-to-date: /home/vimkim/.cub/install/oos-ci-f4299ac/debug_gcc/msg/en_US/csql.cat
-- Up-to-date: /home/vimkim/.cub/install/oos-ci-f4299ac/debug_gcc/msg/en_US/utils.cat
-- Up-to-date: /home/vimkim/.cub/install/oos-ci-f4299ac/debug_gcc/msg/en_US/cubrid.cat
-- Up-to-date: /home/vimkim/.cub/install/oos-ci-f4299ac/debug_gcc/msg/ko_KR.utf8
-- Up-to-date: /home/vimkim/.cub/install/oos-ci-f4299ac/debug_gcc/msg/ko_KR.utf8/utils.msg
-- Up-to-date: /home/vimkim/.cub/install/oos-ci-f4299ac/debug_gcc/msg/ko_KR.utf8/csql.msg
-- Up-to-date: /home/vimkim/.cub/install/oos-ci-f4299ac/debug_gcc/msg/ko_KR.utf8/cubrid.msg
-- Up-to-date: /home/vimkim/.cub/install/oos-ci-f4299ac/debug_gcc/msg/ko_KR.utf8
-- Up-to-date: /home/vimkim/.cub/install/oos-ci-f4299ac/debug_gcc/msg/ko_KR.utf8/utils.cat
-- Up-to-date: /home/vimkim/.cub/install/oos-ci-f4299ac/debug_gcc/msg/ko_KR.utf8/csql.cat
-- Up-to-date: /home/vimkim/.cub/install/oos-ci-f4299ac/debug_gcc/msg/ko_KR.utf8/cubrid.cat
-- Up-to-date: /home/vimkim/.cub/install/oos-ci-f4299ac/debug_gcc/msg/ko_KR.euckr
-- Up-to-date: /home/vimkim/.cub/install/oos-ci-f4299ac/debug_gcc/msg/ko_KR.euckr/csql.msg
-- Up-to-date: /home/vimkim/.cub/install/oos-ci-f4299ac/debug_gcc/msg/ko_KR.euckr/cubrid.msg
-- Up-to-date: /home/vimkim/.cub/install/oos-ci-f4299ac/debug_gcc/msg/ko_KR.euckr/utils.msg
-- Up-to-date: /home/vimkim/.cub/install/oos-ci-f4299ac/debug_gcc/msg/ko_KR.euckr
-- Up-to-date: /home/vimkim/.cub/install/oos-ci-f4299ac/debug_gcc/msg/ko_KR.euckr/utils.cat
-- Up-to-date: /home/vimkim/.cub/install/oos-ci-f4299ac/debug_gcc/msg/ko_KR.euckr/csql.cat
-- Up-to-date: /home/vimkim/.cub/install/oos-ci-f4299ac/debug_gcc/msg/ko_KR.euckr/cubrid.cat
-- Up-to-date: /home/vimkim/.cub/install/oos-ci-f4299ac/debug_gcc/demo/demodb_objects
-- Up-to-date: /home/vimkim/.cub/install/oos-ci-f4299ac/debug_gcc/demo/demodb_schema
-- Up-to-date: /home/vimkim/.cub/install/oos-ci-f4299ac/debug_gcc/demo/make_cubrid_demo.sh
-- Up-to-date: /home/vimkim/.cub/install/oos-ci-f4299ac/debug_gcc/share/init.d/cubrid-ha
-- Up-to-date: /home/vimkim/.cub/install/oos-ci-f4299ac/debug_gcc/share/init.d/cubrid
-- Up-to-date: /home/vimkim/.cub/install/oos-ci-f4299ac/debug_gcc/share/scripts/check_reserved.sql
-- Up-to-date: /home/vimkim/.cub/install/oos-ci-f4299ac/debug_gcc/share/scripts/broker_log_top.py
-- Up-to-date: /home/vimkim/.cub/install/oos-ci-f4299ac/debug_gcc/share/scripts/brokerstatus_to_csv.py
-- Up-to-date: /home/vimkim/.cub/install/oos-ci-f4299ac/debug_gcc/share/scripts/statdump_to_csv.py
-- Up-to-date: /home/vimkim/.cub/install/oos-ci-f4299ac/debug_gcc/share/scripts/ha/ha_make_slavedb.sh
-- Up-to-date: /home/vimkim/.cub/install/oos-ci-f4299ac/debug_gcc/share/scripts/ha/VERSION
-- Up-to-date: /home/vimkim/.cub/install/oos-ci-f4299ac/debug_gcc/share/scripts/ha/README
-- Up-to-date: /home/vimkim/.cub/install/oos-ci-f4299ac/debug_gcc/share/scripts/ha/functions/ha_check_environment.sh
-- Up-to-date: /home/vimkim/.cub/install/oos-ci-f4299ac/debug_gcc/share/scripts/ha/functions/ha_check_script.sh
-- Up-to-date: /home/vimkim/.cub/install/oos-ci-f4299ac/debug_gcc/share/scripts/ha/expect/scp_from.exp
-- Up-to-date: /home/vimkim/.cub/install/oos-ci-f4299ac/debug_gcc/share/scripts/ha/expect/scp_to.exp
-- Up-to-date: /home/vimkim/.cub/install/oos-ci-f4299ac/debug_gcc/share/scripts/ha/expect/ssh.exp
-- Up-to-date: /home/vimkim/.cub/install/oos-ci-f4299ac/debug_gcc/share/scripts/ha/common/common.sh
-- Up-to-date: /home/vimkim/.cub/install/oos-ci-f4299ac/debug_gcc/share/systemtap/tapset/cubrid_func.stp
-- Up-to-date: /home/vimkim/.cub/install/oos-ci-f4299ac/debug_gcc/share/systemtap/tapset/scripts/buffer_access.stp
-- Up-to-date: /home/vimkim/.cub/install/oos-ci-f4299ac/debug_gcc/share/systemtap/tapset/scripts/global_time.stp
-- Up-to-date: /home/vimkim/.cub/install/oos-ci-f4299ac/debug_gcc/share/systemtap/tapset/scripts/io_stat.stp
-- Up-to-date: /home/vimkim/.cub/install/oos-ci-f4299ac/debug_gcc/share/systemtap/tapset/scripts/lock_time.stp
-- Up-to-date: /home/vimkim/.cub/install/oos-ci-f4299ac/debug_gcc/share/systemtap/tapset/scripts/obj_access.stp
-- Up-to-date: /home/vimkim/.cub/install/oos-ci-f4299ac/debug_gcc/share/systemtap/tapset/scripts/query_time.stp
-- Up-to-date: /home/vimkim/.cub/install/oos-ci-f4299ac/debug_gcc/share/systemtap/tapset/scripts/transaction.stp
-- Up-to-date: /home/vimkim/.cub/install/oos-ci-f4299ac/debug_gcc/share/systemtap/tapset/scripts/topcallstack_helper.stp
-- Up-to-date: /home/vimkim/.cub/install/oos-ci-f4299ac/debug_gcc/share/systemtap/tapset/scripts/get_file_line.sh
-- Up-to-date: /home/vimkim/.cub/install/oos-ci-f4299ac/debug_gcc/share/systemtap/tapset/scripts/topcallstack
-- Up-to-date: /home/vimkim/.cub/install/oos-ci-f4299ac/debug_gcc/share/scripts/setup.sh
-- Up-to-date: /home/vimkim/.cub/install/oos-ci-f4299ac/debug_gcc/share/scripts/cubrid.sh
-- Up-to-date: /home/vimkim/.cub/install/oos-ci-f4299ac/debug_gcc/share/scripts/cubrid.csh
-- Up-to-date: /home/vimkim/.cub/install/oos-ci-f4299ac/debug_gcc/share/scripts/unloaddb.sh
-- Up-to-date: /home/vimkim/.cub/install/oos-ci-f4299ac/debug_gcc/share/scripts/restore_to_newdb.sh
-- Up-to-date: /home/vimkim/.cub/install/oos-ci-f4299ac/debug_gcc/share/scripts/check_index_ovfps.sh
-- Up-to-date: /home/vimkim/.cub/install/oos-ci-f4299ac/debug_gcc/bin/make_locale.sh
-- Up-to-date: /home/vimkim/.cub/install/oos-ci-f4299ac/debug_gcc/locales/loclib/build_locale.sh
-- Up-to-date: /home/vimkim/.cub/install/oos-ci-f4299ac/debug_gcc/locales/data
-- Up-to-date: /home/vimkim/.cub/install/oos-ci-f4299ac/debug_gcc/locales/data/codepages
-- Up-to-date: /home/vimkim/.cub/install/oos-ci-f4299ac/debug_gcc/locales/data/codepages/8859-1.TXT
-- Up-to-date: /home/vimkim/.cub/install/oos-ci-f4299ac/debug_gcc/locales/data/codepages/8859-15.TXT
-- Up-to-date: /home/vimkim/.cub/install/oos-ci-f4299ac/debug_gcc/locales/data/codepages/8859-9.TXT
-- Up-to-date: /home/vimkim/.cub/install/oos-ci-f4299ac/debug_gcc/locales/data/codepages/CP1250.TXT
-- Up-to-date: /home/vimkim/.cub/install/oos-ci-f4299ac/debug_gcc/locales/data/codepages/CP1258.TXT
-- Up-to-date: /home/vimkim/.cub/install/oos-ci-f4299ac/debug_gcc/locales/data/codepages/CP932.TXT
-- Up-to-date: /home/vimkim/.cub/install/oos-ci-f4299ac/debug_gcc/locales/data/codepages/CP936.TXT
-- Up-to-date: /home/vimkim/.cub/install/oos-ci-f4299ac/debug_gcc/locales/data/codepages/CP949.TXT
-- Up-to-date: /home/vimkim/.cub/install/oos-ci-f4299ac/debug_gcc/locales/data/ducet.txt
-- Up-to-date: /home/vimkim/.cub/install/oos-ci-f4299ac/debug_gcc/locales/data/ldml
-- Up-to-date: /home/vimkim/.cub/install/oos-ci-f4299ac/debug_gcc/locales/data/ldml/common_collations.xml
-- Up-to-date: /home/vimkim/.cub/install/oos-ci-f4299ac/debug_gcc/locales/data/ldml/cubrid_de_DE.xml
-- Up-to-date: /home/vimkim/.cub/install/oos-ci-f4299ac/debug_gcc/locales/data/ldml/cubrid_es_ES.xml
-- Up-to-date: /home/vimkim/.cub/install/oos-ci-f4299ac/debug_gcc/locales/data/ldml/cubrid_fr_FR.xml
-- Up-to-date: /home/vimkim/.cub/install/oos-ci-f4299ac/debug_gcc/locales/data/ldml/cubrid_it_IT.xml
-- Up-to-date: /home/vimkim/.cub/install/oos-ci-f4299ac/debug_gcc/locales/data/ldml/cubrid_ja_JP.xml
-- Up-to-date: /home/vimkim/.cub/install/oos-ci-f4299ac/debug_gcc/locales/data/ldml/cubrid_km_KH.xml
-- Up-to-date: /home/vimkim/.cub/install/oos-ci-f4299ac/debug_gcc/locales/data/ldml/cubrid_ko_KR.xml
-- Up-to-date: /home/vimkim/.cub/install/oos-ci-f4299ac/debug_gcc/locales/data/ldml/cubrid_ro_RO.xml
-- Up-to-date: /home/vimkim/.cub/install/oos-ci-f4299ac/debug_gcc/locales/data/ldml/cubrid_tr_TR.xml
-- Up-to-date: /home/vimkim/.cub/install/oos-ci-f4299ac/debug_gcc/locales/data/ldml/cubrid_vi_VN.xml
-- Up-to-date: /home/vimkim/.cub/install/oos-ci-f4299ac/debug_gcc/locales/data/ldml/cubrid_zh_CN.xml
-- Up-to-date: /home/vimkim/.cub/install/oos-ci-f4299ac/debug_gcc/locales/data/unicodedata.txt
-- Up-to-date: /home/vimkim/.cub/install/oos-ci-f4299ac/debug_gcc/locales/loclib/locale_lib_common.h
-- Up-to-date: /home/vimkim/.cub/install/oos-ci-f4299ac/debug_gcc/lib/libcubrid_timezones.so.11.5
-- Up-to-date: /home/vimkim/.cub/install/oos-ci-f4299ac/debug_gcc/lib/libcubrid_timezones.so
-- Up-to-date: /home/vimkim/.cub/install/oos-ci-f4299ac/debug_gcc/bin/make_tz.sh
-- Up-to-date: /home/vimkim/.cub/install/oos-ci-f4299ac/debug_gcc/timezones/tzlib/build_tz.sh
-- Up-to-date: /home/vimkim/.cub/install/oos-ci-f4299ac/debug_gcc/timezones/tzdata
-- Up-to-date: /home/vimkim/.cub/install/oos-ci-f4299ac/debug_gcc/timezones/tzdata/africa
-- Up-to-date: /home/vimkim/.cub/install/oos-ci-f4299ac/debug_gcc/timezones/tzdata/antarctica
-- Up-to-date: /home/vimkim/.cub/install/oos-ci-f4299ac/debug_gcc/timezones/tzdata/asia
-- Up-to-date: /home/vimkim/.cub/install/oos-ci-f4299ac/debug_gcc/timezones/tzdata/australasia
-- Up-to-date: /home/vimkim/.cub/install/oos-ci-f4299ac/debug_gcc/timezones/tzdata/backward
-- Up-to-date: /home/vimkim/.cub/install/oos-ci-f4299ac/debug_gcc/timezones/tzdata/etcetera
-- Up-to-date: /home/vimkim/.cub/install/oos-ci-f4299ac/debug_gcc/timezones/tzdata/europe
-- Up-to-date: /home/vimkim/.cub/install/oos-ci-f4299ac/debug_gcc/timezones/tzdata/iso3166.tab
-- Up-to-date: /home/vimkim/.cub/install/oos-ci-f4299ac/debug_gcc/timezones/tzdata/leapseconds
-- Up-to-date: /home/vimkim/.cub/install/oos-ci-f4299ac/debug_gcc/timezones/tzdata/northamerica
-- Up-to-date: /home/vimkim/.cub/install/oos-ci-f4299ac/debug_gcc/timezones/tzdata/pacificnew
-- Up-to-date: /home/vimkim/.cub/install/oos-ci-f4299ac/debug_gcc/timezones/tzdata/southamerica
-- Up-to-date: /home/vimkim/.cub/install/oos-ci-f4299ac/debug_gcc/timezones/tzdata/windowsZones.xml
-- Up-to-date: /home/vimkim/.cub/install/oos-ci-f4299ac/debug_gcc/timezones/tzdata/zone.tab
-- Up-to-date: /home/vimkim/.cub/install/oos-ci-f4299ac/debug_gcc/timezones/tzlib/timezone_lib_common.h
-- Up-to-date: /home/vimkim/.cub/install/oos-ci-f4299ac/debug_gcc/include
-- Up-to-date: /home/vimkim/.cub/install/oos-ci-f4299ac/debug_gcc/include/gmock
-- Up-to-date: /home/vimkim/.cub/install/oos-ci-f4299ac/debug_gcc/include/gmock/gmock-actions.h
-- Up-to-date: /home/vimkim/.cub/install/oos-ci-f4299ac/debug_gcc/include/gmock/gmock-cardinalities.h
-- Up-to-date: /home/vimkim/.cub/install/oos-ci-f4299ac/debug_gcc/include/gmock/gmock-function-mocker.h
-- Up-to-date: /home/vimkim/.cub/install/oos-ci-f4299ac/debug_gcc/include/gmock/gmock-matchers.h
-- Up-to-date: /home/vimkim/.cub/install/oos-ci-f4299ac/debug_gcc/include/gmock/gmock-more-actions.h
-- Up-to-date: /home/vimkim/.cub/install/oos-ci-f4299ac/debug_gcc/include/gmock/gmock-more-matchers.h
-- Up-to-date: /home/vimkim/.cub/install/oos-ci-f4299ac/debug_gcc/include/gmock/gmock-nice-strict.h
-- Up-to-date: /home/vimkim/.cub/install/oos-ci-f4299ac/debug_gcc/include/gmock/gmock-spec-builders.h
-- Up-to-date: /home/vimkim/.cub/install/oos-ci-f4299ac/debug_gcc/include/gmock/gmock.h
-- Up-to-date: /home/vimkim/.cub/install/oos-ci-f4299ac/debug_gcc/include/gmock/internal
-- Up-to-date: /home/vimkim/.cub/install/oos-ci-f4299ac/debug_gcc/include/gmock/internal/custom
-- Up-to-date: /home/vimkim/.cub/install/oos-ci-f4299ac/debug_gcc/include/gmock/internal/custom/README.md
-- Up-to-date: /home/vimkim/.cub/install/oos-ci-f4299ac/debug_gcc/include/gmock/internal/custom/gmock-generated-actions.h
-- Up-to-date: /home/vimkim/.cub/install/oos-ci-f4299ac/debug_gcc/include/gmock/internal/custom/gmock-matchers.h
-- Up-to-date: /home/vimkim/.cub/install/oos-ci-f4299ac/debug_gcc/include/gmock/internal/custom/gmock-port.h
-- Up-to-date: /home/vimkim/.cub/install/oos-ci-f4299ac/debug_gcc/include/gmock/internal/gmock-internal-utils.h
-- Up-to-date: /home/vimkim/.cub/install/oos-ci-f4299ac/debug_gcc/include/gmock/internal/gmock-port.h
-- Up-to-date: /home/vimkim/.cub/install/oos-ci-f4299ac/debug_gcc/include/gmock/internal/gmock-pp.h
-- Up-to-date: /home/vimkim/.cub/install/oos-ci-f4299ac/debug_gcc/lib64/libgmock.a
-- Up-to-date: /home/vimkim/.cub/install/oos-ci-f4299ac/debug_gcc/lib64/libgmock_main.a
-- Up-to-date: /home/vimkim/.cub/install/oos-ci-f4299ac/debug_gcc/lib64/pkgconfig/gmock.pc
-- Up-to-date: /home/vimkim/.cub/install/oos-ci-f4299ac/debug_gcc/lib64/pkgconfig/gmock_main.pc
-- Up-to-date: /home/vimkim/.cub/install/oos-ci-f4299ac/debug_gcc/lib64/cmake/GTest/GTestTargets.cmake
-- Up-to-date: /home/vimkim/.cub/install/oos-ci-f4299ac/debug_gcc/lib64/cmake/GTest/GTestTargets-debug.cmake
-- Up-to-date: /home/vimkim/.cub/install/oos-ci-f4299ac/debug_gcc/lib64/cmake/GTest/GTestConfigVersion.cmake
-- Up-to-date: /home/vimkim/.cub/install/oos-ci-f4299ac/debug_gcc/lib64/cmake/GTest/GTestConfig.cmake
-- Up-to-date: /home/vimkim/.cub/install/oos-ci-f4299ac/debug_gcc/include
-- Up-to-date: /home/vimkim/.cub/install/oos-ci-f4299ac/debug_gcc/include/gtest
-- Up-to-date: /home/vimkim/.cub/install/oos-ci-f4299ac/debug_gcc/include/gtest/gtest-assertion-result.h
-- Up-to-date: /home/vimkim/.cub/install/oos-ci-f4299ac/debug_gcc/include/gtest/gtest-death-test.h
-- Up-to-date: /home/vimkim/.cub/install/oos-ci-f4299ac/debug_gcc/include/gtest/gtest-matchers.h
-- Up-to-date: /home/vimkim/.cub/install/oos-ci-f4299ac/debug_gcc/include/gtest/gtest-message.h
-- Up-to-date: /home/vimkim/.cub/install/oos-ci-f4299ac/debug_gcc/include/gtest/gtest-param-test.h
-- Up-to-date: /home/vimkim/.cub/install/oos-ci-f4299ac/debug_gcc/include/gtest/gtest-printers.h
-- Up-to-date: /home/vimkim/.cub/install/oos-ci-f4299ac/debug_gcc/include/gtest/gtest-spi.h
-- Up-to-date: /home/vimkim/.cub/install/oos-ci-f4299ac/debug_gcc/include/gtest/gtest-test-part.h
-- Up-to-date: /home/vimkim/.cub/install/oos-ci-f4299ac/debug_gcc/include/gtest/gtest-typed-test.h
-- Up-to-date: /home/vimkim/.cub/install/oos-ci-f4299ac/debug_gcc/include/gtest/gtest.h
-- Up-to-date: /home/vimkim/.cub/install/oos-ci-f4299ac/debug_gcc/include/gtest/gtest_pred_impl.h
-- Up-to-date: /home/vimkim/.cub/install/oos-ci-f4299ac/debug_gcc/include/gtest/gtest_prod.h
-- Up-to-date: /home/vimkim/.cub/install/oos-ci-f4299ac/debug_gcc/include/gtest/internal
-- Up-to-date: /home/vimkim/.cub/install/oos-ci-f4299ac/debug_gcc/include/gtest/internal/custom
-- Up-to-date: /home/vimkim/.cub/install/oos-ci-f4299ac/debug_gcc/include/gtest/internal/custom/README.md
-- Up-to-date: /home/vimkim/.cub/install/oos-ci-f4299ac/debug_gcc/include/gtest/internal/custom/gtest-port.h
-- Up-to-date: /home/vimkim/.cub/install/oos-ci-f4299ac/debug_gcc/include/gtest/internal/custom/gtest-printers.h
-- Up-to-date: /home/vimkim/.cub/install/oos-ci-f4299ac/debug_gcc/include/gtest/internal/custom/gtest.h
-- Up-to-date: /home/vimkim/.cub/install/oos-ci-f4299ac/debug_gcc/include/gtest/internal/gtest-death-test-internal.h
-- Up-to-date: /home/vimkim/.cub/install/oos-ci-f4299ac/debug_gcc/include/gtest/internal/gtest-filepath.h
-- Up-to-date: /home/vimkim/.cub/install/oos-ci-f4299ac/debug_gcc/include/gtest/internal/gtest-internal.h
-- Up-to-date: /home/vimkim/.cub/install/oos-ci-f4299ac/debug_gcc/include/gtest/internal/gtest-param-util.h
-- Up-to-date: /home/vimkim/.cub/install/oos-ci-f4299ac/debug_gcc/include/gtest/internal/gtest-port-arch.h
-- Up-to-date: /home/vimkim/.cub/install/oos-ci-f4299ac/debug_gcc/include/gtest/internal/gtest-port.h
-- Up-to-date: /home/vimkim/.cub/install/oos-ci-f4299ac/debug_gcc/include/gtest/internal/gtest-string.h
-- Up-to-date: /home/vimkim/.cub/install/oos-ci-f4299ac/debug_gcc/include/gtest/internal/gtest-type-util.h
-- Up-to-date: /home/vimkim/.cub/install/oos-ci-f4299ac/debug_gcc/lib64/libgtest.a
-- Up-to-date: /home/vimkim/.cub/install/oos-ci-f4299ac/debug_gcc/lib64/libgtest_main.a
-- Up-to-date: /home/vimkim/.cub/install/oos-ci-f4299ac/debug_gcc/lib64/pkgconfig/gtest.pc
-- Up-to-date: /home/vimkim/.cub/install/oos-ci-f4299ac/debug_gcc/lib64/pkgconfig/gtest_main.pc
-- Up-to-date: /home/vimkim/.cub/install/oos-ci-f4299ac/debug_gcc/log
-- Up-to-date: /home/vimkim/.cub/install/oos-ci-f4299ac/debug_gcc/var
-- Up-to-date: /home/vimkim/.cub/install/oos-ci-f4299ac/debug_gcc/tmp
-- Up-to-date: /home/vimkim/.cub/install/oos-ci-f4299ac/debug_gcc/databases
-- Up-to-date: /home/vimkim/.cub/install/oos-ci-f4299ac/debug_gcc/var/CUBRID_SOCK
-- Up-to-date: /home/vimkim/.cub/install/oos-ci-f4299ac/debug_gcc/3rdparty
-- Up-to-date: /home/vimkim/.cub/install/oos-ci-f4299ac/debug_gcc/3rdparty/adoptium.temurin_license.txt
-- Up-to-date: /home/vimkim/.cub/install/oos-ci-f4299ac/debug_gcc/3rdparty/adoptium.temurin_license_assembly_exception.txt
-- Up-to-date: /home/vimkim/.cub/install/oos-ci-f4299ac/debug_gcc/3rdparty/libedit_license.txt
-- Up-to-date: /home/vimkim/.cub/install/oos-ci-f4299ac/debug_gcc/3rdparty/libexpat_license.txt
-- Up-to-date: /home/vimkim/.cub/install/oos-ci-f4299ac/debug_gcc/3rdparty/libodbc_license.txt
-- Up-to-date: /home/vimkim/.cub/install/oos-ci-f4299ac/debug_gcc/3rdparty/libopenssl_license.txt
-- Up-to-date: /home/vimkim/.cub/install/oos-ci-f4299ac/debug_gcc/3rdparty/libtbb_license.txt
-- Up-to-date: /home/vimkim/.cub/install/oos-ci-f4299ac/debug_gcc/3rdparty/lz4_license.txt
-- Up-to-date: /home/vimkim/.cub/install/oos-ci-f4299ac/debug_gcc/3rdparty/rapidjson_license.txt
-- Up-to-date: /home/vimkim/.cub/install/oos-ci-f4299ac/debug_gcc/3rdparty/re2_license.txt
-- Up-to-date: /home/vimkim/.cub/install/oos-ci-f4299ac/debug_gcc/./COPYING
-- Up-to-date: /home/vimkim/.cub/install/oos-ci-f4299ac/debug_gcc/./CREDITS
-- Up-to-date: /home/vimkim/.cub/install/oos-ci-f4299ac/debug_gcc/./README.md
-- Up-to-date: /home/vimkim/.cub/install/oos-ci-f4299ac/debug_gcc/./README_TAR_INSTALL
-- Up-to-date: /home/vimkim/.cub/install/oos-ci-f4299ac/debug_gcc/databases/databases.txt.sample
-- Up-to-date: /home/vimkim/.cub/install/oos-ci-f4299ac/debug_gcc/var/CUBRID_SOCK/README.txt
-- Up-to-date: /home/vimkim/.cub/install/oos-ci-f4299ac/debug_gcc/tmp/README.txt
Build and install completed successfully!
