==2007594== Memcheck, a memory error detector
==2007594== Copyright (C) 2002-2024, and GNU GPL'd, by Julian Seward et al.
==2007594== Using Valgrind-3.24.0 and LibVEX; rerun with -h for copyright info
==2007594== Command: local-path/test_oos_sql_show --gtest_filter=OosSqlShow.*
==2007594== Parent PID: 2006646
==2007594== 
==2007594== Conditional jump or move depends on uninitialised value(s)
==2007594==    at 0x5896A1D: heap_init_get_context(cubthread::entry*, heap_get_context*, db_identifier const*, db_identifier*, recdes*, heap_scancache*, int, int, HEAP_RECDES_CONSUMPTION_POLICY) (heap_file.c:27087)
==2007594==    by 0x5896BEA: heap_get_class_record(cubthread::entry*, db_identifier const*, recdes*, heap_scancache*, int) (heap_file.c:27154)
==2007594==    by 0x58550BC: heap_classrepr_get_from_record(cubthread::entry*, int*, db_identifier const*, recdes*, int) (heap_file.c:2011)
==2007594==    by 0x58553DC: heap_classrepr_get(cubthread::entry*, db_identifier const*, recdes*, int, int*) (heap_file.c:2119)
==2007594==    by 0x5866156: heap_attrinfo_start(cubthread::entry*, db_identifier const*, int, int const*, heap_cache_attrinfo*) (heap_file.c:9830)
==2007594==    by 0x57E850D: catcls_get_server_compat_info(cubthread::entry*, intl_codeset*, char*, int, char*) (catalog_class.c:4920)
==2007594==    by 0x5692BC4: boot_restart_server(cubthread::entry*, bool, char const*, bool, check_args*, bo_restart_arg*, bool) (boot_sr.c:2498)
==2007594==    by 0x5693E9E: xboot_register_client(cubthread::entry*, boot_client_credential*, int, DB_TRAN_ISOLATION, TRAN_STATE*, boot_server_credential*) (boot_sr.c:3226)
==2007594==    by 0x5056BB3: boot_register_client(boot_client_credential*, int, DB_TRAN_ISOLATION, TRAN_STATE*, boot_server_credential*) (network_interface_cl.c:4036)
==2007594==    by 0x568EB9E: boot_restart_client(boot_client_credential*) (boot_cl.c:1232)
==2007594==    by 0x4EFDFB3: db_restart (db_admin.c:947)
==2007594==    by 0x1289BE: SqlServerEnv::SetUp() (test_oos_sql_common.hpp:62)
==2007594== 
==2007594== Conditional jump or move depends on uninitialised value(s)
==2007594==    at 0x5896A1D: heap_init_get_context(cubthread::entry*, heap_get_context*, db_identifier const*, db_identifier*, recdes*, heap_scancache*, int, int, HEAP_RECDES_CONSUMPTION_POLICY) (heap_file.c:27087)
==2007594==    by 0x5896BEA: heap_get_class_record(cubthread::entry*, db_identifier const*, recdes*, heap_scancache*, int) (heap_file.c:27154)
==2007594==    by 0x57E8562: catcls_get_server_compat_info(cubthread::entry*, intl_codeset*, char*, int, char*) (catalog_class.c:4930)
==2007594==    by 0x5692BC4: boot_restart_server(cubthread::entry*, bool, char const*, bool, check_args*, bo_restart_arg*, bool) (boot_sr.c:2498)
==2007594==    by 0x5693E9E: xboot_register_client(cubthread::entry*, boot_client_credential*, int, DB_TRAN_ISOLATION, TRAN_STATE*, boot_server_credential*) (boot_sr.c:3226)
==2007594==    by 0x5056BB3: boot_register_client(boot_client_credential*, int, DB_TRAN_ISOLATION, TRAN_STATE*, boot_server_credential*) (network_interface_cl.c:4036)
==2007594==    by 0x568EB9E: boot_restart_client(boot_client_credential*) (boot_cl.c:1232)
==2007594==    by 0x4EFDFB3: db_restart (db_admin.c:947)
==2007594==    by 0x1289BE: SqlServerEnv::SetUp() (test_oos_sql_common.hpp:62)
==2007594==    by 0x14DE74: testing::internal::SetUpEnvironment(testing::Environment*) (gtest.cc:5880)
==2007594==    by 0x16A22F: void (*std::for_each<__gnu_cxx::__normal_iterator<testing::Environment* const*, std::vector<testing::Environment*, std::allocator<testing::Environment*> > >, void (*)(testing::Environment*)>(__gnu_cxx::__normal_iterator<testing::Environment* const*, std::vector<testing::Environment*, std::allocator<testing::Environment*> > >, __gnu_cxx::__normal_iterator<testing::Environment* const*, std::vector<testing::Environment*, std::allocator<testing::Environment*> > >, void (*)(testing::Environment*)))(testing::Environment*) (stl_algo.h:3820)
==2007594==    by 0x163117: void testing::internal::ForEach<std::vector<testing::Environment*, std::allocator<testing::Environment*> >, void (*)(testing::Environment*)>(std::vector<testing::Environment*, std::allocator<testing::Environment*> > const&, void (*)(testing::Environment*)) (gtest-internal-inl.h:289)
==2007594== 
==2007594== Conditional jump or move depends on uninitialised value(s)
==2007594==    at 0x5896A1D: heap_init_get_context(cubthread::entry*, heap_get_context*, db_identifier const*, db_identifier*, recdes*, heap_scancache*, int, int, HEAP_RECDES_CONSUMPTION_POLICY) (heap_file.c:27087)
==2007594==    by 0x5896BEA: heap_get_class_record(cubthread::entry*, db_identifier const*, recdes*, heap_scancache*, int) (heap_file.c:27154)
==2007594==    by 0x5891552: heap_get_class_info_from_record(cubthread::entry*, db_identifier const*, hfid*, char**) (heap_file.c:25139)
==2007594==    by 0x589298F: heap_hfid_cache_get(cubthread::entry*, db_identifier const*, hfid*, FILE_TYPE*, char**) (heap_file.c:25673)
==2007594==    by 0x5878AA9: heap_get_class_info(cubthread::entry*, db_identifier const*, hfid*, FILE_TYPE*, char**) (heap_file.c:18414)
==2007594==    by 0x57E8786: catcls_get_server_compat_info(cubthread::entry*, intl_codeset*, char*, int, char*) (catalog_class.c:5004)
==2007594==    by 0x5692BC4: boot_restart_server(cubthread::entry*, bool, char const*, bool, check_args*, bo_restart_arg*, bool) (boot_sr.c:2498)
==2007594==    by 0x5693E9E: xboot_register_client(cubthread::entry*, boot_client_credential*, int, DB_TRAN_ISOLATION, TRAN_STATE*, boot_server_credential*) (boot_sr.c:3226)
==2007594==    by 0x5056BB3: boot_register_client(boot_client_credential*, int, DB_TRAN_ISOLATION, TRAN_STATE*, boot_server_credential*) (network_interface_cl.c:4036)
==2007594==    by 0x568EB9E: boot_restart_client(boot_client_credential*) (boot_cl.c:1232)
==2007594==    by 0x4EFDFB3: db_restart (db_admin.c:947)
==2007594==    by 0x1289BE: SqlServerEnv::SetUp() (test_oos_sql_common.hpp:62)
==2007594== 
==2007594== Conditional jump or move depends on uninitialised value(s)
==2007594==    at 0x5896A1D: heap_init_get_context(cubthread::entry*, heap_get_context*, db_identifier const*, db_identifier*, recdes*, heap_scancache*, int, int, HEAP_RECDES_CONSUMPTION_POLICY) (heap_file.c:27087)
==2007594==    by 0x5896BEA: heap_get_class_record(cubthread::entry*, db_identifier const*, recdes*, heap_scancache*, int) (heap_file.c:27154)
==2007594==    by 0x57E80FE: catcls_compile_catalog_classes(cubthread::entry*) (catalog_class.c:4803)
==2007594==    by 0x5692E7A: boot_restart_server(cubthread::entry*, bool, char const*, bool, check_args*, bo_restart_arg*, bool) (boot_sr.c:2610)
==2007594==    by 0x5693E9E: xboot_register_client(cubthread::entry*, boot_client_credential*, int, DB_TRAN_ISOLATION, TRAN_STATE*, boot_server_credential*) (boot_sr.c:3226)
==2007594==    by 0x5056BB3: boot_register_client(boot_client_credential*, int, DB_TRAN_ISOLATION, TRAN_STATE*, boot_server_credential*) (network_interface_cl.c:4036)
==2007594==    by 0x568EB9E: boot_restart_client(boot_client_credential*) (boot_cl.c:1232)
==2007594==    by 0x4EFDFB3: db_restart (db_admin.c:947)
==2007594==    by 0x1289BE: SqlServerEnv::SetUp() (test_oos_sql_common.hpp:62)
==2007594==    by 0x14DE74: testing::internal::SetUpEnvironment(testing::Environment*) (gtest.cc:5880)
==2007594==    by 0x16A22F: void (*std::for_each<__gnu_cxx::__normal_iterator<testing::Environment* const*, std::vector<testing::Environment*, std::allocator<testing::Environment*> > >, void (*)(testing::Environment*)>(__gnu_cxx::__normal_iterator<testing::Environment* const*, std::vector<testing::Environment*, std::allocator<testing::Environment*> > >, __gnu_cxx::__normal_iterator<testing::Environment* const*, std::vector<testing::Environment*, std::allocator<testing::Environment*> > >, void (*)(testing::Environment*)))(testing::Environment*) (stl_algo.h:3820)
==2007594==    by 0x163117: void testing::internal::ForEach<std::vector<testing::Environment*, std::allocator<testing::Environment*> >, void (*)(testing::Environment*)>(std::vector<testing::Environment*, std::allocator<testing::Environment*> > const&, void (*)(testing::Environment*)) (gtest-internal-inl.h:289)
==2007594== 
==2007594== Conditional jump or move depends on uninitialised value(s)
==2007594==    at 0x5896A1D: heap_init_get_context(cubthread::entry*, heap_get_context*, db_identifier const*, db_identifier*, recdes*, heap_scancache*, int, int, HEAP_RECDES_CONSUMPTION_POLICY) (heap_file.c:27087)
==2007594==    by 0x5896BEA: heap_get_class_record(cubthread::entry*, db_identifier const*, recdes*, heap_scancache*, int) (heap_file.c:27154)
==2007594==    by 0x57E9494: catcls_get_db_collation(cubthread::entry*, lang_coll_compat**, int*) (catalog_class.c:5379)
==2007594==    by 0x5692EF2: boot_restart_server(cubthread::entry*, bool, char const*, bool, check_args*, bo_restart_arg*, bool) (boot_sr.c:2625)
==2007594==    by 0x5693E9E: xboot_register_client(cubthread::entry*, boot_client_credential*, int, DB_TRAN_ISOLATION, TRAN_STATE*, boot_server_credential*) (boot_sr.c:3226)
==2007594==    by 0x5056BB3: boot_register_client(boot_client_credential*, int, DB_TRAN_ISOLATION, TRAN_STATE*, boot_server_credential*) (network_interface_cl.c:4036)
==2007594==    by 0x568EB9E: boot_restart_client(boot_client_credential*) (boot_cl.c:1232)
==2007594==    by 0x4EFDFB3: db_restart (db_admin.c:947)
==2007594==    by 0x1289BE: SqlServerEnv::SetUp() (test_oos_sql_common.hpp:62)
==2007594==    by 0x14DE74: testing::internal::SetUpEnvironment(testing::Environment*) (gtest.cc:5880)
==2007594==    by 0x16A22F: void (*std::for_each<__gnu_cxx::__normal_iterator<testing::Environment* const*, std::vector<testing::Environment*, std::allocator<testing::Environment*> > >, void (*)(testing::Environment*)>(__gnu_cxx::__normal_iterator<testing::Environment* const*, std::vector<testing::Environment*, std::allocator<testing::Environment*> > >, __gnu_cxx::__normal_iterator<testing::Environment* const*, std::vector<testing::Environment*, std::allocator<testing::Environment*> > >, void (*)(testing::Environment*)))(testing::Environment*) (stl_algo.h:3820)
==2007594==    by 0x163117: void testing::internal::ForEach<std::vector<testing::Environment*, std::allocator<testing::Environment*> >, void (*)(testing::Environment*)>(std::vector<testing::Environment*, std::allocator<testing::Environment*> > const&, void (*)(testing::Environment*)) (gtest-internal-inl.h:289)
==2007594== 
==2007594== Conditional jump or move depends on uninitialised value(s)
==2007594==    at 0x5896A1D: heap_init_get_context(cubthread::entry*, heap_get_context*, db_identifier const*, db_identifier*, recdes*, heap_scancache*, int, int, HEAP_RECDES_CONSUMPTION_POLICY) (heap_file.c:27087)
==2007594==    by 0x5896BEA: heap_get_class_record(cubthread::entry*, db_identifier const*, recdes*, heap_scancache*, int) (heap_file.c:27154)
==2007594==    by 0x53E9EC1: serial_load_attribute_info_of_db_serial(cubthread::entry*) (serial.c:1543)
==2007594==    by 0x53E9CA1: serial_initialize_cache_pool(cubthread::entry*, bool) (serial.c:1450)
==2007594==    by 0x5693019: boot_restart_server(cubthread::entry*, bool, char const*, bool, check_args*, bo_restart_arg*, bool) (boot_sr.c:2666)
==2007594==    by 0x5693E9E: xboot_register_client(cubthread::entry*, boot_client_credential*, int, DB_TRAN_ISOLATION, TRAN_STATE*, boot_server_credential*) (boot_sr.c:3226)
==2007594==    by 0x5056BB3: boot_register_client(boot_client_credential*, int, DB_TRAN_ISOLATION, TRAN_STATE*, boot_server_credential*) (network_interface_cl.c:4036)
==2007594==    by 0x568EB9E: boot_restart_client(boot_client_credential*) (boot_cl.c:1232)
==2007594==    by 0x4EFDFB3: db_restart (db_admin.c:947)
==2007594==    by 0x1289BE: SqlServerEnv::SetUp() (test_oos_sql_common.hpp:62)
==2007594==    by 0x14DE74: testing::internal::SetUpEnvironment(testing::Environment*) (gtest.cc:5880)
==2007594==    by 0x16A22F: void (*std::for_each<__gnu_cxx::__normal_iterator<testing::Environment* const*, std::vector<testing::Environment*, std::allocator<testing::Environment*> > >, void (*)(testing::Environment*)>(__gnu_cxx::__normal_iterator<testing::Environment* const*, std::vector<testing::Environment*, std::allocator<testing::Environment*> > >, __gnu_cxx::__normal_iterator<testing::Environment* const*, std::vector<testing::Environment*, std::allocator<testing::Environment*> > >, void (*)(testing::Environment*)))(testing::Environment*) (stl_algo.h:3820)
==2007594== 
==2007594== Conditional jump or move depends on uninitialised value(s)
==2007594==    at 0x59BBDBF: LZ4_compress_fast_extState (in local-path/libcubridsa.so.11.5)
==2007594==    by 0x5193698: cubcompress::lz4_compress(char const*, char*, int, int, int) (compressor.hpp:97)
==2007594==    by 0x5193A5A: int cubcompress::compress<cubcompress::LZ4>(void const*, int, void*, int, std::variant<cubcompress::lz4_options> const&) (compressor.hpp:143)
==2007594==    by 0x51938A9: int cubcompress::compress<cubcompress::LZ4>(void const*, int, void*, int) (compressor.hpp:158)
==2007594==    by 0x56D498D: log_zip(log_zip*, int, void const*) (log_compress.c:83)
==2007594==    by 0x56D1E46: prior_lsa_gen_undoredo_record_from_crumbs(cubthread::entry*, log_prior_node*, LOG_RCVINDEX, log_data_addr*, int, log_crumb const*, int, log_crumb const*) (log_append.cpp:796)
==2007594==    by 0x56D10ED: prior_lsa_alloc_and_copy_crumbs(cubthread::entry*, log_rectype, LOG_RCVINDEX, log_data_addr*, int, log_crumb const*, int, log_crumb const*) (log_append.cpp:447)
==2007594==    by 0x56D8D95: log_append_undoredo_crumbs(cubthread::entry*, LOG_RCVINDEX, log_data_addr*, int, int, log_crumb const*, log_crumb const*) (log_manager.c:2231)
==2007594==    by 0x56D8811: log_append_undoredo_data2(cubthread::entry*, LOG_RCVINDEX, vfid const*, char*, short, int, int, void const*, void const*) (log_manager.c:2011)
==2007594==    by 0x58CEA53: pgbuf_log_new_page(cubthread::entry*, char*, int, PAGE_TYPE) (page_buffer.c:14986)
==2007594==    by 0x5836FCC: file_create(cubthread::entry*, FILE_TYPE, file_tablespace*, file_descriptors*, bool, bool, vfid*) (file_manager.c:3812)
==2007594==    by 0x5834AFB: file_create_with_npages(cubthread::entry*, FILE_TYPE, int, file_descriptors*, vfid*) (file_manager.c:3094)
==2007594== 
==2007594== Use of uninitialised value of size 8
==2007594==    at 0x59BBDC5: LZ4_compress_fast_extState (in local-path/libcubridsa.so.11.5)
==2007594==    by 0x5193698: cubcompress::lz4_compress(char const*, char*, int, int, int) (compressor.hpp:97)
==2007594==    by 0x5193A5A: int cubcompress::compress<cubcompress::LZ4>(void const*, int, void*, int, std::variant<cubcompress::lz4_options> const&) (compressor.hpp:143)
==2007594==    by 0x51938A9: int cubcompress::compress<cubcompress::LZ4>(void const*, int, void*, int) (compressor.hpp:158)
==2007594==    by 0x56D498D: log_zip(log_zip*, int, void const*) (log_compress.c:83)
==2007594==    by 0x56D1E46: prior_lsa_gen_undoredo_record_from_crumbs(cubthread::entry*, log_prior_node*, LOG_RCVINDEX, log_data_addr*, int, log_crumb const*, int, log_crumb const*) (log_append.cpp:796)
==2007594==    by 0x56D10ED: prior_lsa_alloc_and_copy_crumbs(cubthread::entry*, log_rectype, LOG_RCVINDEX, log_data_addr*, int, log_crumb const*, int, log_crumb const*) (log_append.cpp:447)
==2007594==    by 0x56D8D95: log_append_undoredo_crumbs(cubthread::entry*, LOG_RCVINDEX, log_data_addr*, int, int, log_crumb const*, log_crumb const*) (log_manager.c:2231)
==2007594==    by 0x56D8811: log_append_undoredo_data2(cubthread::entry*, LOG_RCVINDEX, vfid const*, char*, short, int, int, void const*, void const*) (log_manager.c:2011)
==2007594==    by 0x58CEA53: pgbuf_log_new_page(cubthread::entry*, char*, int, PAGE_TYPE) (page_buffer.c:14986)
==2007594==    by 0x5836FCC: file_create(cubthread::entry*, FILE_TYPE, file_tablespace*, file_descriptors*, bool, bool, vfid*) (file_manager.c:3812)
==2007594==    by 0x5834AFB: file_create_with_npages(cubthread::entry*, FILE_TYPE, int, file_descriptors*, vfid*) (file_manager.c:3094)
==2007594== 
==2007594== Use of uninitialised value of size 8
==2007594==    at 0x59BBDDC: LZ4_compress_fast_extState (in local-path/libcubridsa.so.11.5)
==2007594==    by 0x5193698: cubcompress::lz4_compress(char const*, char*, int, int, int) (compressor.hpp:97)
==2007594==    by 0x5193A5A: int cubcompress::compress<cubcompress::LZ4>(void const*, int, void*, int, std::variant<cubcompress::lz4_options> const&) (compressor.hpp:143)
==2007594==    by 0x51938A9: int cubcompress::compress<cubcompress::LZ4>(void const*, int, void*, int) (compressor.hpp:158)
==2007594==    by 0x56D498D: log_zip(log_zip*, int, void const*) (log_compress.c:83)
==2007594==    by 0x56D1E46: prior_lsa_gen_undoredo_record_from_crumbs(cubthread::entry*, log_prior_node*, LOG_RCVINDEX, log_data_addr*, int, log_crumb const*, int, log_crumb const*) (log_append.cpp:796)
==2007594==    by 0x56D10ED: prior_lsa_alloc_and_copy_crumbs(cubthread::entry*, log_rectype, LOG_RCVINDEX, log_data_addr*, int, log_crumb const*, int, log_crumb const*) (log_append.cpp:447)
==2007594==    by 0x56D8D95: log_append_undoredo_crumbs(cubthread::entry*, LOG_RCVINDEX, log_data_addr*, int, int, log_crumb const*, log_crumb const*) (log_manager.c:2231)
==2007594==    by 0x56D8811: log_append_undoredo_data2(cubthread::entry*, LOG_RCVINDEX, vfid const*, char*, short, int, int, void const*, void const*) (log_manager.c:2011)
==2007594==    by 0x58CEA53: pgbuf_log_new_page(cubthread::entry*, char*, int, PAGE_TYPE) (page_buffer.c:14986)
==2007594==    by 0x5836FCC: file_create(cubthread::entry*, FILE_TYPE, file_tablespace*, file_descriptors*, bool, bool, vfid*) (file_manager.c:3812)
==2007594==    by 0x5834AFB: file_create_with_npages(cubthread::entry*, FILE_TYPE, int, file_descriptors*, vfid*) (file_manager.c:3094)
==2007594== 
==2007594== Use of uninitialised value of size 8
==2007594==    at 0x59BCE8D: LZ4_compress_fast_extState (in local-path/libcubridsa.so.11.5)
==2007594==    by 0x5193698: cubcompress::lz4_compress(char const*, char*, int, int, int) (compressor.hpp:97)
==2007594==    by 0x5193A5A: int cubcompress::compress<cubcompress::LZ4>(void const*, int, void*, int, std::variant<cubcompress::lz4_options> const&) (compressor.hpp:143)
==2007594==    by 0x51938A9: int cubcompress::compress<cubcompress::LZ4>(void const*, int, void*, int) (compressor.hpp:158)
==2007594==    by 0x56D498D: log_zip(log_zip*, int, void const*) (log_compress.c:83)
==2007594==    by 0x56D1E46: prior_lsa_gen_undoredo_record_from_crumbs(cubthread::entry*, log_prior_node*, LOG_RCVINDEX, log_data_addr*, int, log_crumb const*, int, log_crumb const*) (log_append.cpp:796)
==2007594==    by 0x56D10ED: prior_lsa_alloc_and_copy_crumbs(cubthread::entry*, log_rectype, LOG_RCVINDEX, log_data_addr*, int, log_crumb const*, int, log_crumb const*) (log_append.cpp:447)
==2007594==    by 0x56D8D95: log_append_undoredo_crumbs(cubthread::entry*, LOG_RCVINDEX, log_data_addr*, int, int, log_crumb const*, log_crumb const*) (log_manager.c:2231)
==2007594==    by 0x56D8811: log_append_undoredo_data2(cubthread::entry*, LOG_RCVINDEX, vfid const*, char*, short, int, int, void const*, void const*) (log_manager.c:2011)
==2007594==    by 0x58CEA53: pgbuf_log_new_page(cubthread::entry*, char*, int, PAGE_TYPE) (page_buffer.c:14986)
==2007594==    by 0x5836FCC: file_create(cubthread::entry*, FILE_TYPE, file_tablespace*, file_descriptors*, bool, bool, vfid*) (file_manager.c:3812)
==2007594==    by 0x5834AFB: file_create_with_npages(cubthread::entry*, FILE_TYPE, int, file_descriptors*, vfid*) (file_manager.c:3094)
==2007594== 
==2007594== Conditional jump or move depends on uninitialised value(s)
==2007594==    at 0x59BAD74: LZ4_compress_fast_extState (in local-path/libcubridsa.so.11.5)
==2007594==    by 0x5193698: cubcompress::lz4_compress(char const*, char*, int, int, int) (compressor.hpp:97)
==2007594==    by 0x5193A5A: int cubcompress::compress<cubcompress::LZ4>(void const*, int, void*, int, std::variant<cubcompress::lz4_options> const&) (compressor.hpp:143)
==2007594==    by 0x51938A9: int cubcompress::compress<cubcompress::LZ4>(void const*, int, void*, int) (compressor.hpp:158)
==2007594==    by 0x56D498D: log_zip(log_zip*, int, void const*) (log_compress.c:83)
==2007594==    by 0x56D1E46: prior_lsa_gen_undoredo_record_from_crumbs(cubthread::entry*, log_prior_node*, LOG_RCVINDEX, log_data_addr*, int, log_crumb const*, int, log_crumb const*) (log_append.cpp:796)
==2007594==    by 0x56D10ED: prior_lsa_alloc_and_copy_crumbs(cubthread::entry*, log_rectype, LOG_RCVINDEX, log_data_addr*, int, log_crumb const*, int, log_crumb const*) (log_append.cpp:447)
==2007594==    by 0x56D8D95: log_append_undoredo_crumbs(cubthread::entry*, LOG_RCVINDEX, log_data_addr*, int, int, log_crumb const*, log_crumb const*) (log_manager.c:2231)
==2007594==    by 0x56D8811: log_append_undoredo_data2(cubthread::entry*, LOG_RCVINDEX, vfid const*, char*, short, int, int, void const*, void const*) (log_manager.c:2011)
==2007594==    by 0x58CEA53: pgbuf_log_new_page(cubthread::entry*, char*, int, PAGE_TYPE) (page_buffer.c:14986)
==2007594==    by 0x5836FCC: file_create(cubthread::entry*, FILE_TYPE, file_tablespace*, file_descriptors*, bool, bool, vfid*) (file_manager.c:3812)
==2007594==    by 0x5834AFB: file_create_with_npages(cubthread::entry*, FILE_TYPE, int, file_descriptors*, vfid*) (file_manager.c:3094)
==2007594== 
==2007594== Use of uninitialised value of size 8
==2007594==    at 0x59BAD30: LZ4_compress_fast_extState (in local-path/libcubridsa.so.11.5)
==2007594==    by 0x5193698: cubcompress::lz4_compress(char const*, char*, int, int, int) (compressor.hpp:97)
==2007594==    by 0x5193A5A: int cubcompress::compress<cubcompress::LZ4>(void const*, int, void*, int, std::variant<cubcompress::lz4_options> const&) (compressor.hpp:143)
==2007594==    by 0x51938A9: int cubcompress::compress<cubcompress::LZ4>(void const*, int, void*, int) (compressor.hpp:158)
==2007594==    by 0x56D498D: log_zip(log_zip*, int, void const*) (log_compress.c:83)
==2007594==    by 0x56D1E46: prior_lsa_gen_undoredo_record_from_crumbs(cubthread::entry*, log_prior_node*, LOG_RCVINDEX, log_data_addr*, int, log_crumb const*, int, log_crumb const*) (log_append.cpp:796)
==2007594==    by 0x56D10ED: prior_lsa_alloc_and_copy_crumbs(cubthread::entry*, log_rectype, LOG_RCVINDEX, log_data_addr*, int, log_crumb const*, int, log_crumb const*) (log_append.cpp:447)
==2007594==    by 0x56D8D95: log_append_undoredo_crumbs(cubthread::entry*, LOG_RCVINDEX, log_data_addr*, int, int, log_crumb const*, log_crumb const*) (log_manager.c:2231)
==2007594==    by 0x56D8811: log_append_undoredo_data2(cubthread::entry*, LOG_RCVINDEX, vfid const*, char*, short, int, int, void const*, void const*) (log_manager.c:2011)
==2007594==    by 0x58CEA53: pgbuf_log_new_page(cubthread::entry*, char*, int, PAGE_TYPE) (page_buffer.c:14986)
==2007594==    by 0x5836FCC: file_create(cubthread::entry*, FILE_TYPE, file_tablespace*, file_descriptors*, bool, bool, vfid*) (file_manager.c:3812)
==2007594==    by 0x5834AFB: file_create_with_npages(cubthread::entry*, FILE_TYPE, int, file_descriptors*, vfid*) (file_manager.c:3094)
==2007594== 
==2007594== Use of uninitialised value of size 8
==2007594==    at 0x59BAD46: LZ4_compress_fast_extState (in local-path/libcubridsa.so.11.5)
==2007594==    by 0x5193698: cubcompress::lz4_compress(char const*, char*, int, int, int) (compressor.hpp:97)
==2007594==    by 0x5193A5A: int cubcompress::compress<cubcompress::LZ4>(void const*, int, void*, int, std::variant<cubcompress::lz4_options> const&) (compressor.hpp:143)
==2007594==    by 0x51938A9: int cubcompress::compress<cubcompress::LZ4>(void const*, int, void*, int) (compressor.hpp:158)
==2007594==    by 0x56D498D: log_zip(log_zip*, int, void const*) (log_compress.c:83)
==2007594==    by 0x56D1E46: prior_lsa_gen_undoredo_record_from_crumbs(cubthread::entry*, log_prior_node*, LOG_RCVINDEX, log_data_addr*, int, log_crumb const*, int, log_crumb const*) (log_append.cpp:796)
==2007594==    by 0x56D10ED: prior_lsa_alloc_and_copy_crumbs(cubthread::entry*, log_rectype, LOG_RCVINDEX, log_data_addr*, int, log_crumb const*, int, log_crumb const*) (log_append.cpp:447)
==2007594==    by 0x56D8D95: log_append_undoredo_crumbs(cubthread::entry*, LOG_RCVINDEX, log_data_addr*, int, int, log_crumb const*, log_crumb const*) (log_manager.c:2231)
==2007594==    by 0x56D8811: log_append_undoredo_data2(cubthread::entry*, LOG_RCVINDEX, vfid const*, char*, short, int, int, void const*, void const*) (log_manager.c:2011)
==2007594==    by 0x58CEA53: pgbuf_log_new_page(cubthread::entry*, char*, int, PAGE_TYPE) (page_buffer.c:14986)
==2007594==    by 0x5836FCC: file_create(cubthread::entry*, FILE_TYPE, file_tablespace*, file_descriptors*, bool, bool, vfid*) (file_manager.c:3812)
==2007594==    by 0x5834AFB: file_create_with_npages(cubthread::entry*, FILE_TYPE, int, file_descriptors*, vfid*) (file_manager.c:3094)
==2007594== 
==2007594== Conditional jump or move depends on uninitialised value(s)
==2007594==    at 0x59BBCA3: LZ4_compress_fast_extState (in local-path/libcubridsa.so.11.5)
==2007594==    by 0x5193698: cubcompress::lz4_compress(char const*, char*, int, int, int) (compressor.hpp:97)
==2007594==    by 0x5193A5A: int cubcompress::compress<cubcompress::LZ4>(void const*, int, void*, int, std::variant<cubcompress::lz4_options> const&) (compressor.hpp:143)
==2007594==    by 0x51938A9: int cubcompress::compress<cubcompress::LZ4>(void const*, int, void*, int) (compressor.hpp:158)
==2007594==    by 0x56D498D: log_zip(log_zip*, int, void const*) (log_compress.c:83)
==2007594==    by 0x56D1E46: prior_lsa_gen_undoredo_record_from_crumbs(cubthread::entry*, log_prior_node*, LOG_RCVINDEX, log_data_addr*, int, log_crumb const*, int, log_crumb const*) (log_append.cpp:796)
==2007594==    by 0x56D10ED: prior_lsa_alloc_and_copy_crumbs(cubthread::entry*, log_rectype, LOG_RCVINDEX, log_data_addr*, int, log_crumb const*, int, log_crumb const*) (log_append.cpp:447)
==2007594==    by 0x56D8D95: log_append_undoredo_crumbs(cubthread::entry*, LOG_RCVINDEX, log_data_addr*, int, int, log_crumb const*, log_crumb const*) (log_manager.c:2231)
==2007594==    by 0x56D8811: log_append_undoredo_data2(cubthread::entry*, LOG_RCVINDEX, vfid const*, char*, short, int, int, void const*, void const*) (log_manager.c:2011)
==2007594==    by 0x58CEA53: pgbuf_log_new_page(cubthread::entry*, char*, int, PAGE_TYPE) (page_buffer.c:14986)
==2007594==    by 0x5836FCC: file_create(cubthread::entry*, FILE_TYPE, file_tablespace*, file_descriptors*, bool, bool, vfid*) (file_manager.c:3812)
==2007594==    by 0x5834AFB: file_create_with_npages(cubthread::entry*, FILE_TYPE, int, file_descriptors*, vfid*) (file_manager.c:3094)
==2007594== 
==2007594== Use of uninitialised value of size 8
==2007594==    at 0x59BBCB0: LZ4_compress_fast_extState (in local-path/libcubridsa.so.11.5)
==2007594==    by 0x5193698: cubcompress::lz4_compress(char const*, char*, int, int, int) (compressor.hpp:97)
==2007594==    by 0x5193A5A: int cubcompress::compress<cubcompress::LZ4>(void const*, int, void*, int, std::variant<cubcompress::lz4_options> const&) (compressor.hpp:143)
==2007594==    by 0x51938A9: int cubcompress::compress<cubcompress::LZ4>(void const*, int, void*, int) (compressor.hpp:158)
==2007594==    by 0x56D498D: log_zip(log_zip*, int, void const*) (log_compress.c:83)
==2007594==    by 0x56D1E46: prior_lsa_gen_undoredo_record_from_crumbs(cubthread::entry*, log_prior_node*, LOG_RCVINDEX, log_data_addr*, int, log_crumb const*, int, log_crumb const*) (log_append.cpp:796)
==2007594==    by 0x56D10ED: prior_lsa_alloc_and_copy_crumbs(cubthread::entry*, log_rectype, LOG_RCVINDEX, log_data_addr*, int, log_crumb const*, int, log_crumb const*) (log_append.cpp:447)
==2007594==    by 0x56D8D95: log_append_undoredo_crumbs(cubthread::entry*, LOG_RCVINDEX, log_data_addr*, int, int, log_crumb const*, log_crumb const*) (log_manager.c:2231)
==2007594==    by 0x56D8811: log_append_undoredo_data2(cubthread::entry*, LOG_RCVINDEX, vfid const*, char*, short, int, int, void const*, void const*) (log_manager.c:2011)
==2007594==    by 0x58CEA53: pgbuf_log_new_page(cubthread::entry*, char*, int, PAGE_TYPE) (page_buffer.c:14986)
==2007594==    by 0x5836FCC: file_create(cubthread::entry*, FILE_TYPE, file_tablespace*, file_descriptors*, bool, bool, vfid*) (file_manager.c:3812)
==2007594==    by 0x5834AFB: file_create_with_npages(cubthread::entry*, FILE_TYPE, int, file_descriptors*, vfid*) (file_manager.c:3094)
==2007594== 
==2007594== Conditional jump or move depends on uninitialised value(s)
==2007594==    at 0x59BBCC2: LZ4_compress_fast_extState (in local-path/libcubridsa.so.11.5)
==2007594==    by 0x5193698: cubcompress::lz4_compress(char const*, char*, int, int, int) (compressor.hpp:97)
==2007594==    by 0x5193A5A: int cubcompress::compress<cubcompress::LZ4>(void const*, int, void*, int, std::variant<cubcompress::lz4_options> const&) (compressor.hpp:143)
==2007594==    by 0x51938A9: int cubcompress::compress<cubcompress::LZ4>(void const*, int, void*, int) (compressor.hpp:158)
==2007594==    by 0x56D498D: log_zip(log_zip*, int, void const*) (log_compress.c:83)
==2007594==    by 0x56D1E46: prior_lsa_gen_undoredo_record_from_crumbs(cubthread::entry*, log_prior_node*, LOG_RCVINDEX, log_data_addr*, int, log_crumb const*, int, log_crumb const*) (log_append.cpp:796)
==2007594==    by 0x56D10ED: prior_lsa_alloc_and_copy_crumbs(cubthread::entry*, log_rectype, LOG_RCVINDEX, log_data_addr*, int, log_crumb const*, int, log_crumb const*) (log_append.cpp:447)
==2007594==    by 0x56D8D95: log_append_undoredo_crumbs(cubthread::entry*, LOG_RCVINDEX, log_data_addr*, int, int, log_crumb const*, log_crumb const*) (log_manager.c:2231)
==2007594==    by 0x56D8811: log_append_undoredo_data2(cubthread::entry*, LOG_RCVINDEX, vfid const*, char*, short, int, int, void const*, void const*) (log_manager.c:2011)
==2007594==    by 0x58CEA53: pgbuf_log_new_page(cubthread::entry*, char*, int, PAGE_TYPE) (page_buffer.c:14986)
==2007594==    by 0x5836FCC: file_create(cubthread::entry*, FILE_TYPE, file_tablespace*, file_descriptors*, bool, bool, vfid*) (file_manager.c:3812)
==2007594==    by 0x5834AFB: file_create_with_npages(cubthread::entry*, FILE_TYPE, int, file_descriptors*, vfid*) (file_manager.c:3094)
==2007594== 
==2007594== Conditional jump or move depends on uninitialised value(s)
==2007594==    at 0x59BBCF1: LZ4_compress_fast_extState (in local-path/libcubridsa.so.11.5)
==2007594==    by 0x5193698: cubcompress::lz4_compress(char const*, char*, int, int, int) (compressor.hpp:97)
==2007594==    by 0x5193A5A: int cubcompress::compress<cubcompress::LZ4>(void const*, int, void*, int, std::variant<cubcompress::lz4_options> const&) (compressor.hpp:143)
==2007594==    by 0x51938A9: int cubcompress::compress<cubcompress::LZ4>(void const*, int, void*, int) (compressor.hpp:158)
==2007594==    by 0x56D498D: log_zip(log_zip*, int, void const*) (log_compress.c:83)
==2007594==    by 0x56D1E46: prior_lsa_gen_undoredo_record_from_crumbs(cubthread::entry*, log_prior_node*, LOG_RCVINDEX, log_data_addr*, int, log_crumb const*, int, log_crumb const*) (log_append.cpp:796)
==2007594==    by 0x56D10ED: prior_lsa_alloc_and_copy_crumbs(cubthread::entry*, log_rectype, LOG_RCVINDEX, log_data_addr*, int, log_crumb const*, int, log_crumb const*) (log_append.cpp:447)
==2007594==    by 0x56D8D95: log_append_undoredo_crumbs(cubthread::entry*, LOG_RCVINDEX, log_data_addr*, int, int, log_crumb const*, log_crumb const*) (log_manager.c:2231)
==2007594==    by 0x56D8811: log_append_undoredo_data2(cubthread::entry*, LOG_RCVINDEX, vfid const*, char*, short, int, int, void const*, void const*) (log_manager.c:2011)
==2007594==    by 0x58CEA53: pgbuf_log_new_page(cubthread::entry*, char*, int, PAGE_TYPE) (page_buffer.c:14986)
==2007594==    by 0x5836FCC: file_create(cubthread::entry*, FILE_TYPE, file_tablespace*, file_descriptors*, bool, bool, vfid*) (file_manager.c:3812)
==2007594==    by 0x5834AFB: file_create_with_npages(cubthread::entry*, FILE_TYPE, int, file_descriptors*, vfid*) (file_manager.c:3094)
==2007594== 
==2007594== Conditional jump or move depends on uninitialised value(s)
==2007594==    at 0x59BBD09: LZ4_compress_fast_extState (in local-path/libcubridsa.so.11.5)
==2007594==    by 0x5193698: cubcompress::lz4_compress(char const*, char*, int, int, int) (compressor.hpp:97)
==2007594==    by 0x5193A5A: int cubcompress::compress<cubcompress::LZ4>(void const*, int, void*, int, std::variant<cubcompress::lz4_options> const&) (compressor.hpp:143)
==2007594==    by 0x51938A9: int cubcompress::compress<cubcompress::LZ4>(void const*, int, void*, int) (compressor.hpp:158)
==2007594==    by 0x56D498D: log_zip(log_zip*, int, void const*) (log_compress.c:83)
==2007594==    by 0x56D1E46: prior_lsa_gen_undoredo_record_from_crumbs(cubthread::entry*, log_prior_node*, LOG_RCVINDEX, log_data_addr*, int, log_crumb const*, int, log_crumb const*) (log_append.cpp:796)
==2007594==    by 0x56D10ED: prior_lsa_alloc_and_copy_crumbs(cubthread::entry*, log_rectype, LOG_RCVINDEX, log_data_addr*, int, log_crumb const*, int, log_crumb const*) (log_append.cpp:447)
==2007594==    by 0x56D8D95: log_append_undoredo_crumbs(cubthread::entry*, LOG_RCVINDEX, log_data_addr*, int, int, log_crumb const*, log_crumb const*) (log_manager.c:2231)
==2007594==    by 0x56D8811: log_append_undoredo_data2(cubthread::entry*, LOG_RCVINDEX, vfid const*, char*, short, int, int, void const*, void const*) (log_manager.c:2011)
==2007594==    by 0x58CEA53: pgbuf_log_new_page(cubthread::entry*, char*, int, PAGE_TYPE) (page_buffer.c:14986)
==2007594==    by 0x5836FCC: file_create(cubthread::entry*, FILE_TYPE, file_tablespace*, file_descriptors*, bool, bool, vfid*) (file_manager.c:3812)
==2007594==    by 0x5834AFB: file_create_with_npages(cubthread::entry*, FILE_TYPE, int, file_descriptors*, vfid*) (file_manager.c:3094)
==2007594== 
==2007594== Use of uninitialised value of size 8
==2007594==    at 0x59BBEB4: LZ4_compress_fast_extState (in local-path/libcubridsa.so.11.5)
==2007594==    by 0x5193698: cubcompress::lz4_compress(char const*, char*, int, int, int) (compressor.hpp:97)
==2007594==    by 0x5193A5A: int cubcompress::compress<cubcompress::LZ4>(void const*, int, void*, int, std::variant<cubcompress::lz4_options> const&) (compressor.hpp:143)
==2007594==    by 0x51938A9: int cubcompress::compress<cubcompress::LZ4>(void const*, int, void*, int) (compressor.hpp:158)
==2007594==    by 0x56D498D: log_zip(log_zip*, int, void const*) (log_compress.c:83)
==2007594==    by 0x56D1E46: prior_lsa_gen_undoredo_record_from_crumbs(cubthread::entry*, log_prior_node*, LOG_RCVINDEX, log_data_addr*, int, log_crumb const*, int, log_crumb const*) (log_append.cpp:796)
==2007594==    by 0x56D10ED: prior_lsa_alloc_and_copy_crumbs(cubthread::entry*, log_rectype, LOG_RCVINDEX, log_data_addr*, int, log_crumb const*, int, log_crumb const*) (log_append.cpp:447)
==2007594==    by 0x56D8D95: log_append_undoredo_crumbs(cubthread::entry*, LOG_RCVINDEX, log_data_addr*, int, int, log_crumb const*, log_crumb const*) (log_manager.c:2231)
==2007594==    by 0x56D8811: log_append_undoredo_data2(cubthread::entry*, LOG_RCVINDEX, vfid const*, char*, short, int, int, void const*, void const*) (log_manager.c:2011)
==2007594==    by 0x58CEA53: pgbuf_log_new_page(cubthread::entry*, char*, int, PAGE_TYPE) (page_buffer.c:14986)
==2007594==    by 0x5836FCC: file_create(cubthread::entry*, FILE_TYPE, file_tablespace*, file_descriptors*, bool, bool, vfid*) (file_manager.c:3812)
==2007594==    by 0x5834AFB: file_create_with_npages(cubthread::entry*, FILE_TYPE, int, file_descriptors*, vfid*) (file_manager.c:3094)
==2007594== 
==2007594== Conditional jump or move depends on uninitialised value(s)
==2007594==    at 0x59BBEC5: LZ4_compress_fast_extState (in local-path/libcubridsa.so.11.5)
==2007594==    by 0x5193698: cubcompress::lz4_compress(char const*, char*, int, int, int) (compressor.hpp:97)
==2007594==    by 0x5193A5A: int cubcompress::compress<cubcompress::LZ4>(void const*, int, void*, int, std::variant<cubcompress::lz4_options> const&) (compressor.hpp:143)
==2007594==    by 0x51938A9: int cubcompress::compress<cubcompress::LZ4>(void const*, int, void*, int) (compressor.hpp:158)
==2007594==    by 0x56D498D: log_zip(log_zip*, int, void const*) (log_compress.c:83)
==2007594==    by 0x56D1E46: prior_lsa_gen_undoredo_record_from_crumbs(cubthread::entry*, log_prior_node*, LOG_RCVINDEX, log_data_addr*, int, log_crumb const*, int, log_crumb const*) (log_append.cpp:796)
==2007594==    by 0x56D10ED: prior_lsa_alloc_and_copy_crumbs(cubthread::entry*, log_rectype, LOG_RCVINDEX, log_data_addr*, int, log_crumb const*, int, log_crumb const*) (log_append.cpp:447)
==2007594==    by 0x56D8D95: log_append_undoredo_crumbs(cubthread::entry*, LOG_RCVINDEX, log_data_addr*, int, int, log_crumb const*, log_crumb const*) (log_manager.c:2231)
==2007594==    by 0x56D8811: log_append_undoredo_data2(cubthread::entry*, LOG_RCVINDEX, vfid const*, char*, short, int, int, void const*, void const*) (log_manager.c:2011)
==2007594==    by 0x58CEA53: pgbuf_log_new_page(cubthread::entry*, char*, int, PAGE_TYPE) (page_buffer.c:14986)
==2007594==    by 0x5836FCC: file_create(cubthread::entry*, FILE_TYPE, file_tablespace*, file_descriptors*, bool, bool, vfid*) (file_manager.c:3812)
==2007594==    by 0x5834AFB: file_create_with_npages(cubthread::entry*, FILE_TYPE, int, file_descriptors*, vfid*) (file_manager.c:3094)
==2007594== 
==2007594== Use of uninitialised value of size 8
==2007594==    at 0x59BBE13: LZ4_compress_fast_extState (in local-path/libcubridsa.so.11.5)
==2007594==    by 0x5193698: cubcompress::lz4_compress(char const*, char*, int, int, int) (compressor.hpp:97)
==2007594==    by 0x5193A5A: int cubcompress::compress<cubcompress::LZ4>(void const*, int, void*, int, std::variant<cubcompress::lz4_options> const&) (compressor.hpp:143)
==2007594==    by 0x51938A9: int cubcompress::compress<cubcompress::LZ4>(void const*, int, void*, int) (compressor.hpp:158)
==2007594==    by 0x56D498D: log_zip(log_zip*, int, void const*) (log_compress.c:83)
==2007594==    by 0x56D1E46: prior_lsa_gen_undoredo_record_from_crumbs(cubthread::entry*, log_prior_node*, LOG_RCVINDEX, log_data_addr*, int, log_crumb const*, int, log_crumb const*) (log_append.cpp:796)
==2007594==    by 0x56D10ED: prior_lsa_alloc_and_copy_crumbs(cubthread::entry*, log_rectype, LOG_RCVINDEX, log_data_addr*, int, log_crumb const*, int, log_crumb const*) (log_append.cpp:447)
==2007594==    by 0x56D8D95: log_append_undoredo_crumbs(cubthread::entry*, LOG_RCVINDEX, log_data_addr*, int, int, log_crumb const*, log_crumb const*) (log_manager.c:2231)
==2007594==    by 0x56D8811: log_append_undoredo_data2(cubthread::entry*, LOG_RCVINDEX, vfid const*, char*, short, int, int, void const*, void const*) (log_manager.c:2011)
==2007594==    by 0x58CEA53: pgbuf_log_new_page(cubthread::entry*, char*, int, PAGE_TYPE) (page_buffer.c:14986)
==2007594==    by 0x5836FCC: file_create(cubthread::entry*, FILE_TYPE, file_tablespace*, file_descriptors*, bool, bool, vfid*) (file_manager.c:3812)
==2007594==    by 0x5834AFB: file_create_with_npages(cubthread::entry*, FILE_TYPE, int, file_descriptors*, vfid*) (file_manager.c:3094)
==2007594== 
==2007594== Conditional jump or move depends on uninitialised value(s)
==2007594==    at 0x59BBE1A: LZ4_compress_fast_extState (in local-path/libcubridsa.so.11.5)
==2007594==    by 0x5193698: cubcompress::lz4_compress(char const*, char*, int, int, int) (compressor.hpp:97)
==2007594==    by 0x5193A5A: int cubcompress::compress<cubcompress::LZ4>(void const*, int, void*, int, std::variant<cubcompress::lz4_options> const&) (compressor.hpp:143)
==2007594==    by 0x51938A9: int cubcompress::compress<cubcompress::LZ4>(void const*, int, void*, int) (compressor.hpp:158)
==2007594==    by 0x56D498D: log_zip(log_zip*, int, void const*) (log_compress.c:83)
==2007594==    by 0x56D1E46: prior_lsa_gen_undoredo_record_from_crumbs(cubthread::entry*, log_prior_node*, LOG_RCVINDEX, log_data_addr*, int, log_crumb const*, int, log_crumb const*) (log_append.cpp:796)
==2007594==    by 0x56D10ED: prior_lsa_alloc_and_copy_crumbs(cubthread::entry*, log_rectype, LOG_RCVINDEX, log_data_addr*, int, log_crumb const*, int, log_crumb const*) (log_append.cpp:447)
==2007594==    by 0x56D8D95: log_append_undoredo_crumbs(cubthread::entry*, LOG_RCVINDEX, log_data_addr*, int, int, log_crumb const*, log_crumb const*) (log_manager.c:2231)
==2007594==    by 0x56D8811: log_append_undoredo_data2(cubthread::entry*, LOG_RCVINDEX, vfid const*, char*, short, int, int, void const*, void const*) (log_manager.c:2011)
==2007594==    by 0x58CEA53: pgbuf_log_new_page(cubthread::entry*, char*, int, PAGE_TYPE) (page_buffer.c:14986)
==2007594==    by 0x5836FCC: file_create(cubthread::entry*, FILE_TYPE, file_tablespace*, file_descriptors*, bool, bool, vfid*) (file_manager.c:3812)
==2007594==    by 0x5834AFB: file_create_with_npages(cubthread::entry*, FILE_TYPE, int, file_descriptors*, vfid*) (file_manager.c:3094)
==2007594== 
==2007594== Use of uninitialised value of size 8
==2007594==    at 0x59BBE24: LZ4_compress_fast_extState (in local-path/libcubridsa.so.11.5)
==2007594==    by 0x5193698: cubcompress::lz4_compress(char const*, char*, int, int, int) (compressor.hpp:97)
==2007594==    by 0x5193A5A: int cubcompress::compress<cubcompress::LZ4>(void const*, int, void*, int, std::variant<cubcompress::lz4_options> const&) (compressor.hpp:143)
==2007594==    by 0x51938A9: int cubcompress::compress<cubcompress::LZ4>(void const*, int, void*, int) (compressor.hpp:158)
==2007594==    by 0x56D498D: log_zip(log_zip*, int, void const*) (log_compress.c:83)
==2007594==    by 0x56D1E46: prior_lsa_gen_undoredo_record_from_crumbs(cubthread::entry*, log_prior_node*, LOG_RCVINDEX, log_data_addr*, int, log_crumb const*, int, log_crumb const*) (log_append.cpp:796)
==2007594==    by 0x56D10ED: prior_lsa_alloc_and_copy_crumbs(cubthread::entry*, log_rectype, LOG_RCVINDEX, log_data_addr*, int, log_crumb const*, int, log_crumb const*) (log_append.cpp:447)
==2007594==    by 0x56D8D95: log_append_undoredo_crumbs(cubthread::entry*, LOG_RCVINDEX, log_data_addr*, int, int, log_crumb const*, log_crumb const*) (log_manager.c:2231)
==2007594==    by 0x56D8811: log_append_undoredo_data2(cubthread::entry*, LOG_RCVINDEX, vfid const*, char*, short, int, int, void const*, void const*) (log_manager.c:2011)
==2007594==    by 0x58CEA53: pgbuf_log_new_page(cubthread::entry*, char*, int, PAGE_TYPE) (page_buffer.c:14986)
==2007594==    by 0x5836FCC: file_create(cubthread::entry*, FILE_TYPE, file_tablespace*, file_descriptors*, bool, bool, vfid*) (file_manager.c:3812)
==2007594==    by 0x5834AFB: file_create_with_npages(cubthread::entry*, FILE_TYPE, int, file_descriptors*, vfid*) (file_manager.c:3094)
==2007594== 
==2007594== Use of uninitialised value of size 8
==2007594==    at 0x59BBDF8: LZ4_compress_fast_extState (in local-path/libcubridsa.so.11.5)
==2007594==    by 0x5193698: cubcompress::lz4_compress(char const*, char*, int, int, int) (compressor.hpp:97)
==2007594==    by 0x5193A5A: int cubcompress::compress<cubcompress::LZ4>(void const*, int, void*, int, std::variant<cubcompress::lz4_options> const&) (compressor.hpp:143)
==2007594==    by 0x51938A9: int cubcompress::compress<cubcompress::LZ4>(void const*, int, void*, int) (compressor.hpp:158)
==2007594==    by 0x56D498D: log_zip(log_zip*, int, void const*) (log_compress.c:83)
==2007594==    by 0x56D1E46: prior_lsa_gen_undoredo_record_from_crumbs(cubthread::entry*, log_prior_node*, LOG_RCVINDEX, log_data_addr*, int, log_crumb const*, int, log_crumb const*) (log_append.cpp:796)
==2007594==    by 0x56D10ED: prior_lsa_alloc_and_copy_crumbs(cubthread::entry*, log_rectype, LOG_RCVINDEX, log_data_addr*, int, log_crumb const*, int, log_crumb const*) (log_append.cpp:447)
==2007594==    by 0x56D8D95: log_append_undoredo_crumbs(cubthread::entry*, LOG_RCVINDEX, log_data_addr*, int, int, log_crumb const*, log_crumb const*) (log_manager.c:2231)
==2007594==    by 0x56D8811: log_append_undoredo_data2(cubthread::entry*, LOG_RCVINDEX, vfid const*, char*, short, int, int, void const*, void const*) (log_manager.c:2011)
==2007594==    by 0x58CEA53: pgbuf_log_new_page(cubthread::entry*, char*, int, PAGE_TYPE) (page_buffer.c:14986)
==2007594==    by 0x5836FCC: file_create(cubthread::entry*, FILE_TYPE, file_tablespace*, file_descriptors*, bool, bool, vfid*) (file_manager.c:3812)
==2007594==    by 0x5834AFB: file_create_with_npages(cubthread::entry*, FILE_TYPE, int, file_descriptors*, vfid*) (file_manager.c:3094)
==2007594== 
==2007594== Use of uninitialised value of size 8
==2007594==    at 0x59BBE02: LZ4_compress_fast_extState (in local-path/libcubridsa.so.11.5)
==2007594==    by 0x5193698: cubcompress::lz4_compress(char const*, char*, int, int, int) (compressor.hpp:97)
==2007594==    by 0x5193A5A: int cubcompress::compress<cubcompress::LZ4>(void const*, int, void*, int, std::variant<cubcompress::lz4_options> const&) (compressor.hpp:143)
==2007594==    by 0x51938A9: int cubcompress::compress<cubcompress::LZ4>(void const*, int, void*, int) (compressor.hpp:158)
==2007594==    by 0x56D498D: log_zip(log_zip*, int, void const*) (log_compress.c:83)
==2007594==    by 0x56D1E46: prior_lsa_gen_undoredo_record_from_crumbs(cubthread::entry*, log_prior_node*, LOG_RCVINDEX, log_data_addr*, int, log_crumb const*, int, log_crumb const*) (log_append.cpp:796)
==2007594==    by 0x56D10ED: prior_lsa_alloc_and_copy_crumbs(cubthread::entry*, log_rectype, LOG_RCVINDEX, log_data_addr*, int, log_crumb const*, int, log_crumb const*) (log_append.cpp:447)
==2007594==    by 0x56D8D95: log_append_undoredo_crumbs(cubthread::entry*, LOG_RCVINDEX, log_data_addr*, int, int, log_crumb const*, log_crumb const*) (log_manager.c:2231)
==2007594==    by 0x56D8811: log_append_undoredo_data2(cubthread::entry*, LOG_RCVINDEX, vfid const*, char*, short, int, int, void const*, void const*) (log_manager.c:2011)
==2007594==    by 0x58CEA53: pgbuf_log_new_page(cubthread::entry*, char*, int, PAGE_TYPE) (page_buffer.c:14986)
==2007594==    by 0x5836FCC: file_create(cubthread::entry*, FILE_TYPE, file_tablespace*, file_descriptors*, bool, bool, vfid*) (file_manager.c:3812)
==2007594==    by 0x5834AFB: file_create_with_npages(cubthread::entry*, FILE_TYPE, int, file_descriptors*, vfid*) (file_manager.c:3094)
==2007594== 
==2007594== Use of uninitialised value of size 8
==2007594==    at 0x59BBE20: LZ4_compress_fast_extState (in local-path/libcubridsa.so.11.5)
==2007594==    by 0x5193698: cubcompress::lz4_compress(char const*, char*, int, int, int) (compressor.hpp:97)
==2007594==    by 0x5193A5A: int cubcompress::compress<cubcompress::LZ4>(void const*, int, void*, int, std::variant<cubcompress::lz4_options> const&) (compressor.hpp:143)
==2007594==    by 0x51938A9: int cubcompress::compress<cubcompress::LZ4>(void const*, int, void*, int) (compressor.hpp:158)
==2007594==    by 0x56D498D: log_zip(log_zip*, int, void const*) (log_compress.c:83)
==2007594==    by 0x56D1E46: prior_lsa_gen_undoredo_record_from_crumbs(cubthread::entry*, log_prior_node*, LOG_RCVINDEX, log_data_addr*, int, log_crumb const*, int, log_crumb const*) (log_append.cpp:796)
==2007594==    by 0x56D10ED: prior_lsa_alloc_and_copy_crumbs(cubthread::entry*, log_rectype, LOG_RCVINDEX, log_data_addr*, int, log_crumb const*, int, log_crumb const*) (log_append.cpp:447)
==2007594==    by 0x56D8D95: log_append_undoredo_crumbs(cubthread::entry*, LOG_RCVINDEX, log_data_addr*, int, int, log_crumb const*, log_crumb const*) (log_manager.c:2231)
==2007594==    by 0x56D8811: log_append_undoredo_data2(cubthread::entry*, LOG_RCVINDEX, vfid const*, char*, short, int, int, void const*, void const*) (log_manager.c:2011)
==2007594==    by 0x58CEA53: pgbuf_log_new_page(cubthread::entry*, char*, int, PAGE_TYPE) (page_buffer.c:14986)
==2007594==    by 0x5836FCC: file_create(cubthread::entry*, FILE_TYPE, file_tablespace*, file_descriptors*, bool, bool, vfid*) (file_manager.c:3812)
==2007594==    by 0x5834AFB: file_create_with_npages(cubthread::entry*, FILE_TYPE, int, file_descriptors*, vfid*) (file_manager.c:3094)
==2007594== 
==2007594== Conditional jump or move depends on uninitialised value(s)
==2007594==    at 0x59BBE3C: LZ4_compress_fast_extState (in local-path/libcubridsa.so.11.5)
==2007594==    by 0x5193698: cubcompress::lz4_compress(char const*, char*, int, int, int) (compressor.hpp:97)
==2007594==    by 0x5193A5A: int cubcompress::compress<cubcompress::LZ4>(void const*, int, void*, int, std::variant<cubcompress::lz4_options> const&) (compressor.hpp:143)
==2007594==    by 0x51938A9: int cubcompress::compress<cubcompress::LZ4>(void const*, int, void*, int) (compressor.hpp:158)
==2007594==    by 0x56D498D: log_zip(log_zip*, int, void const*) (log_compress.c:83)
==2007594==    by 0x56D1E46: prior_lsa_gen_undoredo_record_from_crumbs(cubthread::entry*, log_prior_node*, LOG_RCVINDEX, log_data_addr*, int, log_crumb const*, int, log_crumb const*) (log_append.cpp:796)
==2007594==    by 0x56D10ED: prior_lsa_alloc_and_copy_crumbs(cubthread::entry*, log_rectype, LOG_RCVINDEX, log_data_addr*, int, log_crumb const*, int, log_crumb const*) (log_append.cpp:447)
==2007594==    by 0x56D8D95: log_append_undoredo_crumbs(cubthread::entry*, LOG_RCVINDEX, log_data_addr*, int, int, log_crumb const*, log_crumb const*) (log_manager.c:2231)
==2007594==    by 0x56D8811: log_append_undoredo_data2(cubthread::entry*, LOG_RCVINDEX, vfid const*, char*, short, int, int, void const*, void const*) (log_manager.c:2011)
==2007594==    by 0x58CEA53: pgbuf_log_new_page(cubthread::entry*, char*, int, PAGE_TYPE) (page_buffer.c:14986)
==2007594==    by 0x5836FCC: file_create(cubthread::entry*, FILE_TYPE, file_tablespace*, file_descriptors*, bool, bool, vfid*) (file_manager.c:3812)
==2007594==    by 0x5834AFB: file_create_with_npages(cubthread::entry*, FILE_TYPE, int, file_descriptors*, vfid*) (file_manager.c:3094)
==2007594== 
==2007594== Use of uninitialised value of size 8
==2007594==    at 0x59BBE3E: LZ4_compress_fast_extState (in local-path/libcubridsa.so.11.5)
==2007594==    by 0x5193698: cubcompress::lz4_compress(char const*, char*, int, int, int) (compressor.hpp:97)
==2007594==    by 0x5193A5A: int cubcompress::compress<cubcompress::LZ4>(void const*, int, void*, int, std::variant<cubcompress::lz4_options> const&) (compressor.hpp:143)
==2007594==    by 0x51938A9: int cubcompress::compress<cubcompress::LZ4>(void const*, int, void*, int) (compressor.hpp:158)
==2007594==    by 0x56D498D: log_zip(log_zip*, int, void const*) (log_compress.c:83)
==2007594==    by 0x56D1E46: prior_lsa_gen_undoredo_record_from_crumbs(cubthread::entry*, log_prior_node*, LOG_RCVINDEX, log_data_addr*, int, log_crumb const*, int, log_crumb const*) (log_append.cpp:796)
==2007594==    by 0x56D10ED: prior_lsa_alloc_and_copy_crumbs(cubthread::entry*, log_rectype, LOG_RCVINDEX, log_data_addr*, int, log_crumb const*, int, log_crumb const*) (log_append.cpp:447)
==2007594==    by 0x56D8D95: log_append_undoredo_crumbs(cubthread::entry*, LOG_RCVINDEX, log_data_addr*, int, int, log_crumb const*, log_crumb const*) (log_manager.c:2231)
==2007594==    by 0x56D8811: log_append_undoredo_data2(cubthread::entry*, LOG_RCVINDEX, vfid const*, char*, short, int, int, void const*, void const*) (log_manager.c:2011)
==2007594==    by 0x58CEA53: pgbuf_log_new_page(cubthread::entry*, char*, int, PAGE_TYPE) (page_buffer.c:14986)
==2007594==    by 0x5836FCC: file_create(cubthread::entry*, FILE_TYPE, file_tablespace*, file_descriptors*, bool, bool, vfid*) (file_manager.c:3812)
==2007594==    by 0x5834AFB: file_create_with_npages(cubthread::entry*, FILE_TYPE, int, file_descriptors*, vfid*) (file_manager.c:3094)
==2007594== 
==2007594== Use of uninitialised value of size 8
==2007594==    at 0x59BBE41: LZ4_compress_fast_extState (in local-path/libcubridsa.so.11.5)
==2007594==    by 0x5193698: cubcompress::lz4_compress(char const*, char*, int, int, int) (compressor.hpp:97)
==2007594==    by 0x5193A5A: int cubcompress::compress<cubcompress::LZ4>(void const*, int, void*, int, std::variant<cubcompress::lz4_options> const&) (compressor.hpp:143)
==2007594==    by 0x51938A9: int cubcompress::compress<cubcompress::LZ4>(void const*, int, void*, int) (compressor.hpp:158)
==2007594==    by 0x56D498D: log_zip(log_zip*, int, void const*) (log_compress.c:83)
==2007594==    by 0x56D1E46: prior_lsa_gen_undoredo_record_from_crumbs(cubthread::entry*, log_prior_node*, LOG_RCVINDEX, log_data_addr*, int, log_crumb const*, int, log_crumb const*) (log_append.cpp:796)
==2007594==    by 0x56D10ED: prior_lsa_alloc_and_copy_crumbs(cubthread::entry*, log_rectype, LOG_RCVINDEX, log_data_addr*, int, log_crumb const*, int, log_crumb const*) (log_append.cpp:447)
==2007594==    by 0x56D8D95: log_append_undoredo_crumbs(cubthread::entry*, LOG_RCVINDEX, log_data_addr*, int, int, log_crumb const*, log_crumb const*) (log_manager.c:2231)
==2007594==    by 0x56D8811: log_append_undoredo_data2(cubthread::entry*, LOG_RCVINDEX, vfid const*, char*, short, int, int, void const*, void const*) (log_manager.c:2011)
==2007594==    by 0x58CEA53: pgbuf_log_new_page(cubthread::entry*, char*, int, PAGE_TYPE) (page_buffer.c:14986)
==2007594==    by 0x5836FCC: file_create(cubthread::entry*, FILE_TYPE, file_tablespace*, file_descriptors*, bool, bool, vfid*) (file_manager.c:3812)
==2007594==    by 0x5834AFB: file_create_with_npages(cubthread::entry*, FILE_TYPE, int, file_descriptors*, vfid*) (file_manager.c:3094)
==2007594== 
==2007594== Conditional jump or move depends on uninitialised value(s)
==2007594==    at 0x59BBE58: LZ4_compress_fast_extState (in local-path/libcubridsa.so.11.5)
==2007594==    by 0x5193698: cubcompress::lz4_compress(char const*, char*, int, int, int) (compressor.hpp:97)
==2007594==    by 0x5193A5A: int cubcompress::compress<cubcompress::LZ4>(void const*, int, void*, int, std::variant<cubcompress::lz4_options> const&) (compressor.hpp:143)
==2007594==    by 0x51938A9: int cubcompress::compress<cubcompress::LZ4>(void const*, int, void*, int) (compressor.hpp:158)
==2007594==    by 0x56D498D: log_zip(log_zip*, int, void const*) (log_compress.c:83)
==2007594==    by 0x56D1E46: prior_lsa_gen_undoredo_record_from_crumbs(cubthread::entry*, log_prior_node*, LOG_RCVINDEX, log_data_addr*, int, log_crumb const*, int, log_crumb const*) (log_append.cpp:796)
==2007594==    by 0x56D10ED: prior_lsa_alloc_and_copy_crumbs(cubthread::entry*, log_rectype, LOG_RCVINDEX, log_data_addr*, int, log_crumb const*, int, log_crumb const*) (log_append.cpp:447)
==2007594==    by 0x56D8D95: log_append_undoredo_crumbs(cubthread::entry*, LOG_RCVINDEX, log_data_addr*, int, int, log_crumb const*, log_crumb const*) (log_manager.c:2231)
==2007594==    by 0x56D8811: log_append_undoredo_data2(cubthread::entry*, LOG_RCVINDEX, vfid const*, char*, short, int, int, void const*, void const*) (log_manager.c:2011)
==2007594==    by 0x58CEA53: pgbuf_log_new_page(cubthread::entry*, char*, int, PAGE_TYPE) (page_buffer.c:14986)
==2007594==    by 0x5836FCC: file_create(cubthread::entry*, FILE_TYPE, file_tablespace*, file_descriptors*, bool, bool, vfid*) (file_manager.c:3812)
==2007594==    by 0x5834AFB: file_create_with_npages(cubthread::entry*, FILE_TYPE, int, file_descriptors*, vfid*) (file_manager.c:3094)
==2007594== 
==2007594== Conditional jump or move depends on uninitialised value(s)
==2007594==    at 0x59BBDAA: LZ4_compress_fast_extState (in local-path/libcubridsa.so.11.5)
==2007594==    by 0x5193698: cubcompress::lz4_compress(char const*, char*, int, int, int) (compressor.hpp:97)
==2007594==    by 0x5193A5A: int cubcompress::compress<cubcompress::LZ4>(void const*, int, void*, int, std::variant<cubcompress::lz4_options> const&) (compressor.hpp:143)
==2007594==    by 0x51938A9: int cubcompress::compress<cubcompress::LZ4>(void const*, int, void*, int) (compressor.hpp:158)
==2007594==    by 0x56D498D: log_zip(log_zip*, int, void const*) (log_compress.c:83)
==2007594==    by 0x56D1E46: prior_lsa_gen_undoredo_record_from_crumbs(cubthread::entry*, log_prior_node*, LOG_RCVINDEX, log_data_addr*, int, log_crumb const*, int, log_crumb const*) (log_append.cpp:796)
==2007594==    by 0x56D10ED: prior_lsa_alloc_and_copy_crumbs(cubthread::entry*, log_rectype, LOG_RCVINDEX, log_data_addr*, int, log_crumb const*, int, log_crumb const*) (log_append.cpp:447)
==2007594==    by 0x56D8D95: log_append_undoredo_crumbs(cubthread::entry*, LOG_RCVINDEX, log_data_addr*, int, int, log_crumb const*, log_crumb const*) (log_manager.c:2231)
==2007594==    by 0x56D8811: log_append_undoredo_data2(cubthread::entry*, LOG_RCVINDEX, vfid const*, char*, short, int, int, void const*, void const*) (log_manager.c:2011)
==2007594==    by 0x58CEA53: pgbuf_log_new_page(cubthread::entry*, char*, int, PAGE_TYPE) (page_buffer.c:14986)
==2007594==    by 0x5836FCC: file_create(cubthread::entry*, FILE_TYPE, file_tablespace*, file_descriptors*, bool, bool, vfid*) (file_manager.c:3812)
==2007594==    by 0x5834AFB: file_create_with_npages(cubthread::entry*, FILE_TYPE, int, file_descriptors*, vfid*) (file_manager.c:3094)
==2007594== 
==2007594== Use of uninitialised value of size 8
==2007594==    at 0x59BC160: LZ4_compress_fast_extState (in local-path/libcubridsa.so.11.5)
==2007594==    by 0x5193698: cubcompress::lz4_compress(char const*, char*, int, int, int) (compressor.hpp:97)
==2007594==    by 0x5193A5A: int cubcompress::compress<cubcompress::LZ4>(void const*, int, void*, int, std::variant<cubcompress::lz4_options> const&) (compressor.hpp:143)
==2007594==    by 0x51938A9: int cubcompress::compress<cubcompress::LZ4>(void const*, int, void*, int) (compressor.hpp:158)
==2007594==    by 0x56D498D: log_zip(log_zip*, int, void const*) (log_compress.c:83)
==2007594==    by 0x56D1E46: prior_lsa_gen_undoredo_record_from_crumbs(cubthread::entry*, log_prior_node*, LOG_RCVINDEX, log_data_addr*, int, log_crumb const*, int, log_crumb const*) (log_append.cpp:796)
==2007594==    by 0x56D10ED: prior_lsa_alloc_and_copy_crumbs(cubthread::entry*, log_rectype, LOG_RCVINDEX, log_data_addr*, int, log_crumb const*, int, log_crumb const*) (log_append.cpp:447)
==2007594==    by 0x56D8D95: log_append_undoredo_crumbs(cubthread::entry*, LOG_RCVINDEX, log_data_addr*, int, int, log_crumb const*, log_crumb const*) (log_manager.c:2231)
==2007594==    by 0x56D8811: log_append_undoredo_data2(cubthread::entry*, LOG_RCVINDEX, vfid const*, char*, short, int, int, void const*, void const*) (log_manager.c:2011)
==2007594==    by 0x58CEA53: pgbuf_log_new_page(cubthread::entry*, char*, int, PAGE_TYPE) (page_buffer.c:14986)
==2007594==    by 0x5836FCC: file_create(cubthread::entry*, FILE_TYPE, file_tablespace*, file_descriptors*, bool, bool, vfid*) (file_manager.c:3812)
==2007594==    by 0x5834AFB: file_create_with_npages(cubthread::entry*, FILE_TYPE, int, file_descriptors*, vfid*) (file_manager.c:3094)
==2007594== 
==2007594== Use of uninitialised value of size 8
==2007594==    at 0x59BC166: LZ4_compress_fast_extState (in local-path/libcubridsa.so.11.5)
==2007594==    by 0x5193698: cubcompress::lz4_compress(char const*, char*, int, int, int) (compressor.hpp:97)
==2007594==    by 0x5193A5A: int cubcompress::compress<cubcompress::LZ4>(void const*, int, void*, int, std::variant<cubcompress::lz4_options> const&) (compressor.hpp:143)
==2007594==    by 0x51938A9: int cubcompress::compress<cubcompress::LZ4>(void const*, int, void*, int) (compressor.hpp:158)
==2007594==    by 0x56D498D: log_zip(log_zip*, int, void const*) (log_compress.c:83)
==2007594==    by 0x56D1E46: prior_lsa_gen_undoredo_record_from_crumbs(cubthread::entry*, log_prior_node*, LOG_RCVINDEX, log_data_addr*, int, log_crumb const*, int, log_crumb const*) (log_append.cpp:796)
==2007594==    by 0x56D10ED: prior_lsa_alloc_and_copy_crumbs(cubthread::entry*, log_rectype, LOG_RCVINDEX, log_data_addr*, int, log_crumb const*, int, log_crumb const*) (log_append.cpp:447)
==2007594==    by 0x56D8D95: log_append_undoredo_crumbs(cubthread::entry*, LOG_RCVINDEX, log_data_addr*, int, int, log_crumb const*, log_crumb const*) (log_manager.c:2231)
==2007594==    by 0x56D8811: log_append_undoredo_data2(cubthread::entry*, LOG_RCVINDEX, vfid const*, char*, short, int, int, void const*, void const*) (log_manager.c:2011)
==2007594==    by 0x58CEA53: pgbuf_log_new_page(cubthread::entry*, char*, int, PAGE_TYPE) (page_buffer.c:14986)
==2007594==    by 0x5836FCC: file_create(cubthread::entry*, FILE_TYPE, file_tablespace*, file_descriptors*, bool, bool, vfid*) (file_manager.c:3812)
==2007594==    by 0x5834AFB: file_create_with_npages(cubthread::entry*, FILE_TYPE, int, file_descriptors*, vfid*) (file_manager.c:3094)
==2007594== 
==2007594== Conditional jump or move depends on uninitialised value(s)
==2007594==    at 0x59BC174: LZ4_compress_fast_extState (in local-path/libcubridsa.so.11.5)
==2007594==    by 0x5193698: cubcompress::lz4_compress(char const*, char*, int, int, int) (compressor.hpp:97)
==2007594==    by 0x5193A5A: int cubcompress::compress<cubcompress::LZ4>(void const*, int, void*, int, std::variant<cubcompress::lz4_options> const&) (compressor.hpp:143)
==2007594==    by 0x51938A9: int cubcompress::compress<cubcompress::LZ4>(void const*, int, void*, int) (compressor.hpp:158)
==2007594==    by 0x56D498D: log_zip(log_zip*, int, void const*) (log_compress.c:83)
==2007594==    by 0x56D1E46: prior_lsa_gen_undoredo_record_from_crumbs(cubthread::entry*, log_prior_node*, LOG_RCVINDEX, log_data_addr*, int, log_crumb const*, int, log_crumb const*) (log_append.cpp:796)
==2007594==    by 0x56D10ED: prior_lsa_alloc_and_copy_crumbs(cubthread::entry*, log_rectype, LOG_RCVINDEX, log_data_addr*, int, log_crumb const*, int, log_crumb const*) (log_append.cpp:447)
==2007594==    by 0x56D8D95: log_append_undoredo_crumbs(cubthread::entry*, LOG_RCVINDEX, log_data_addr*, int, int, log_crumb const*, log_crumb const*) (log_manager.c:2231)
==2007594==    by 0x56D8811: log_append_undoredo_data2(cubthread::entry*, LOG_RCVINDEX, vfid const*, char*, short, int, int, void const*, void const*) (log_manager.c:2011)
==2007594==    by 0x58CEA53: pgbuf_log_new_page(cubthread::entry*, char*, int, PAGE_TYPE) (page_buffer.c:14986)
==2007594==    by 0x5836FCC: file_create(cubthread::entry*, FILE_TYPE, file_tablespace*, file_descriptors*, bool, bool, vfid*) (file_manager.c:3812)
==2007594==    by 0x5834AFB: file_create_with_npages(cubthread::entry*, FILE_TYPE, int, file_descriptors*, vfid*) (file_manager.c:3094)
==2007594== 
==2007594== Use of uninitialised value of size 8
==2007594==    at 0x59BC283: LZ4_compress_fast_extState (in local-path/libcubridsa.so.11.5)
==2007594==    by 0x5193698: cubcompress::lz4_compress(char const*, char*, int, int, int) (compressor.hpp:97)
==2007594==    by 0x5193A5A: int cubcompress::compress<cubcompress::LZ4>(void const*, int, void*, int, std::variant<cubcompress::lz4_options> const&) (compressor.hpp:143)
==2007594==    by 0x51938A9: int cubcompress::compress<cubcompress::LZ4>(void const*, int, void*, int) (compressor.hpp:158)
==2007594==    by 0x56D498D: log_zip(log_zip*, int, void const*) (log_compress.c:83)
==2007594==    by 0x56D1E46: prior_lsa_gen_undoredo_record_from_crumbs(cubthread::entry*, log_prior_node*, LOG_RCVINDEX, log_data_addr*, int, log_crumb const*, int, log_crumb const*) (log_append.cpp:796)
==2007594==    by 0x56D10ED: prior_lsa_alloc_and_copy_crumbs(cubthread::entry*, log_rectype, LOG_RCVINDEX, log_data_addr*, int, log_crumb const*, int, log_crumb const*) (log_append.cpp:447)
==2007594==    by 0x56D8D95: log_append_undoredo_crumbs(cubthread::entry*, LOG_RCVINDEX, log_data_addr*, int, int, log_crumb const*, log_crumb const*) (log_manager.c:2231)
==2007594==    by 0x56D8811: log_append_undoredo_data2(cubthread::entry*, LOG_RCVINDEX, vfid const*, char*, short, int, int, void const*, void const*) (log_manager.c:2011)
==2007594==    by 0x58CEA53: pgbuf_log_new_page(cubthread::entry*, char*, int, PAGE_TYPE) (page_buffer.c:14986)
==2007594==    by 0x5836FCC: file_create(cubthread::entry*, FILE_TYPE, file_tablespace*, file_descriptors*, bool, bool, vfid*) (file_manager.c:3812)
==2007594==    by 0x5834AFB: file_create_with_npages(cubthread::entry*, FILE_TYPE, int, file_descriptors*, vfid*) (file_manager.c:3094)
==2007594== 
==2007594== Use of uninitialised value of size 8
==2007594==    at 0x59BAD3F: LZ4_compress_fast_extState (in local-path/libcubridsa.so.11.5)
==2007594==    by 0x5193698: cubcompress::lz4_compress(char const*, char*, int, int, int) (compressor.hpp:97)
==2007594==    by 0x5193A5A: int cubcompress::compress<cubcompress::LZ4>(void const*, int, void*, int, std::variant<cubcompress::lz4_options> const&) (compressor.hpp:143)
==2007594==    by 0x51938A9: int cubcompress::compress<cubcompress::LZ4>(void const*, int, void*, int) (compressor.hpp:158)
==2007594==    by 0x56D498D: log_zip(log_zip*, int, void const*) (log_compress.c:83)
==2007594==    by 0x56D1E46: prior_lsa_gen_undoredo_record_from_crumbs(cubthread::entry*, log_prior_node*, LOG_RCVINDEX, log_data_addr*, int, log_crumb const*, int, log_crumb const*) (log_append.cpp:796)
==2007594==    by 0x56D10ED: prior_lsa_alloc_and_copy_crumbs(cubthread::entry*, log_rectype, LOG_RCVINDEX, log_data_addr*, int, log_crumb const*, int, log_crumb const*) (log_append.cpp:447)
==2007594==    by 0x56D8D95: log_append_undoredo_crumbs(cubthread::entry*, LOG_RCVINDEX, log_data_addr*, int, int, log_crumb const*, log_crumb const*) (log_manager.c:2231)
==2007594==    by 0x56D8811: log_append_undoredo_data2(cubthread::entry*, LOG_RCVINDEX, vfid const*, char*, short, int, int, void const*, void const*) (log_manager.c:2011)
==2007594==    by 0x58CEA53: pgbuf_log_new_page(cubthread::entry*, char*, int, PAGE_TYPE) (page_buffer.c:14986)
==2007594==    by 0x5836FCC: file_create(cubthread::entry*, FILE_TYPE, file_tablespace*, file_descriptors*, bool, bool, vfid*) (file_manager.c:3812)
==2007594==    by 0x5834AFB: file_create_with_npages(cubthread::entry*, FILE_TYPE, int, file_descriptors*, vfid*) (file_manager.c:3094)
==2007594== 
==2007594== Conditional jump or move depends on uninitialised value(s)
==2007594==    at 0x59BBCAA: LZ4_compress_fast_extState (in local-path/libcubridsa.so.11.5)
==2007594==    by 0x5193698: cubcompress::lz4_compress(char const*, char*, int, int, int) (compressor.hpp:97)
==2007594==    by 0x5193A5A: int cubcompress::compress<cubcompress::LZ4>(void const*, int, void*, int, std::variant<cubcompress::lz4_options> const&) (compressor.hpp:143)
==2007594==    by 0x51938A9: int cubcompress::compress<cubcompress::LZ4>(void const*, int, void*, int) (compressor.hpp:158)
==2007594==    by 0x56D498D: log_zip(log_zip*, int, void const*) (log_compress.c:83)
==2007594==    by 0x56D1E46: prior_lsa_gen_undoredo_record_from_crumbs(cubthread::entry*, log_prior_node*, LOG_RCVINDEX, log_data_addr*, int, log_crumb const*, int, log_crumb const*) (log_append.cpp:796)
==2007594==    by 0x56D10ED: prior_lsa_alloc_and_copy_crumbs(cubthread::entry*, log_rectype, LOG_RCVINDEX, log_data_addr*, int, log_crumb const*, int, log_crumb const*) (log_append.cpp:447)
==2007594==    by 0x56D8D95: log_append_undoredo_crumbs(cubthread::entry*, LOG_RCVINDEX, log_data_addr*, int, int, log_crumb const*, log_crumb const*) (log_manager.c:2231)
==2007594==    by 0x56D8811: log_append_undoredo_data2(cubthread::entry*, LOG_RCVINDEX, vfid const*, char*, short, int, int, void const*, void const*) (log_manager.c:2011)
==2007594==    by 0x58CEA53: pgbuf_log_new_page(cubthread::entry*, char*, int, PAGE_TYPE) (page_buffer.c:14986)
==2007594==    by 0x5836FCC: file_create(cubthread::entry*, FILE_TYPE, file_tablespace*, file_descriptors*, bool, bool, vfid*) (file_manager.c:3812)
==2007594==    by 0x5834AFB: file_create_with_npages(cubthread::entry*, FILE_TYPE, int, file_descriptors*, vfid*) (file_manager.c:3094)
==2007594== 
==2007594== Use of uninitialised value of size 8
==2007594==    at 0x59BBCAC: LZ4_compress_fast_extState (in local-path/libcubridsa.so.11.5)
==2007594==    by 0x5193698: cubcompress::lz4_compress(char const*, char*, int, int, int) (compressor.hpp:97)
==2007594==    by 0x5193A5A: int cubcompress::compress<cubcompress::LZ4>(void const*, int, void*, int, std::variant<cubcompress::lz4_options> const&) (compressor.hpp:143)
==2007594==    by 0x51938A9: int cubcompress::compress<cubcompress::LZ4>(void const*, int, void*, int) (compressor.hpp:158)
==2007594==    by 0x56D498D: log_zip(log_zip*, int, void const*) (log_compress.c:83)
==2007594==    by 0x56D1E46: prior_lsa_gen_undoredo_record_from_crumbs(cubthread::entry*, log_prior_node*, LOG_RCVINDEX, log_data_addr*, int, log_crumb const*, int, log_crumb const*) (log_append.cpp:796)
==2007594==    by 0x56D10ED: prior_lsa_alloc_and_copy_crumbs(cubthread::entry*, log_rectype, LOG_RCVINDEX, log_data_addr*, int, log_crumb const*, int, log_crumb const*) (log_append.cpp:447)
==2007594==    by 0x56D8D95: log_append_undoredo_crumbs(cubthread::entry*, LOG_RCVINDEX, log_data_addr*, int, int, log_crumb const*, log_crumb const*) (log_manager.c:2231)
==2007594==    by 0x56D8811: log_append_undoredo_data2(cubthread::entry*, LOG_RCVINDEX, vfid const*, char*, short, int, int, void const*, void const*) (log_manager.c:2011)
==2007594==    by 0x58CEA53: pgbuf_log_new_page(cubthread::entry*, char*, int, PAGE_TYPE) (page_buffer.c:14986)
==2007594==    by 0x5836FCC: file_create(cubthread::entry*, FILE_TYPE, file_tablespace*, file_descriptors*, bool, bool, vfid*) (file_manager.c:3812)
==2007594==    by 0x5834AFB: file_create_with_npages(cubthread::entry*, FILE_TYPE, int, file_descriptors*, vfid*) (file_manager.c:3094)
==2007594== 
==2007594== Use of uninitialised value of size 8
==2007594==    at 0x59BBCCE: LZ4_compress_fast_extState (in local-path/libcubridsa.so.11.5)
==2007594==    by 0x5193698: cubcompress::lz4_compress(char const*, char*, int, int, int) (compressor.hpp:97)
==2007594==    by 0x5193A5A: int cubcompress::compress<cubcompress::LZ4>(void const*, int, void*, int, std::variant<cubcompress::lz4_options> const&) (compressor.hpp:143)
==2007594==    by 0x51938A9: int cubcompress::compress<cubcompress::LZ4>(void const*, int, void*, int) (compressor.hpp:158)
==2007594==    by 0x56D498D: log_zip(log_zip*, int, void const*) (log_compress.c:83)
==2007594==    by 0x56D1E46: prior_lsa_gen_undoredo_record_from_crumbs(cubthread::entry*, log_prior_node*, LOG_RCVINDEX, log_data_addr*, int, log_crumb const*, int, log_crumb const*) (log_append.cpp:796)
==2007594==    by 0x56D10ED: prior_lsa_alloc_and_copy_crumbs(cubthread::entry*, log_rectype, LOG_RCVINDEX, log_data_addr*, int, log_crumb const*, int, log_crumb const*) (log_append.cpp:447)
==2007594==    by 0x56D8D95: log_append_undoredo_crumbs(cubthread::entry*, LOG_RCVINDEX, log_data_addr*, int, int, log_crumb const*, log_crumb const*) (log_manager.c:2231)
==2007594==    by 0x56D8811: log_append_undoredo_data2(cubthread::entry*, LOG_RCVINDEX, vfid const*, char*, short, int, int, void const*, void const*) (log_manager.c:2011)
==2007594==    by 0x58CEA53: pgbuf_log_new_page(cubthread::entry*, char*, int, PAGE_TYPE) (page_buffer.c:14986)
==2007594==    by 0x5836FCC: file_create(cubthread::entry*, FILE_TYPE, file_tablespace*, file_descriptors*, bool, bool, vfid*) (file_manager.c:3812)
==2007594==    by 0x5834AFB: file_create_with_npages(cubthread::entry*, FILE_TYPE, int, file_descriptors*, vfid*) (file_manager.c:3094)
==2007594== 
==2007594== Use of uninitialised value of size 8
==2007594==    at 0x59BBEBE: LZ4_compress_fast_extState (in local-path/libcubridsa.so.11.5)
==2007594==    by 0x5193698: cubcompress::lz4_compress(char const*, char*, int, int, int) (compressor.hpp:97)
==2007594==    by 0x5193A5A: int cubcompress::compress<cubcompress::LZ4>(void const*, int, void*, int, std::variant<cubcompress::lz4_options> const&) (compressor.hpp:143)
==2007594==    by 0x51938A9: int cubcompress::compress<cubcompress::LZ4>(void const*, int, void*, int) (compressor.hpp:158)
==2007594==    by 0x56D498D: log_zip(log_zip*, int, void const*) (log_compress.c:83)
==2007594==    by 0x56D1E46: prior_lsa_gen_undoredo_record_from_crumbs(cubthread::entry*, log_prior_node*, LOG_RCVINDEX, log_data_addr*, int, log_crumb const*, int, log_crumb const*) (log_append.cpp:796)
==2007594==    by 0x56D10ED: prior_lsa_alloc_and_copy_crumbs(cubthread::entry*, log_rectype, LOG_RCVINDEX, log_data_addr*, int, log_crumb const*, int, log_crumb const*) (log_append.cpp:447)
==2007594==    by 0x56D8D95: log_append_undoredo_crumbs(cubthread::entry*, LOG_RCVINDEX, log_data_addr*, int, int, log_crumb const*, log_crumb const*) (log_manager.c:2231)
==2007594==    by 0x56D8811: log_append_undoredo_data2(cubthread::entry*, LOG_RCVINDEX, vfid const*, char*, short, int, int, void const*, void const*) (log_manager.c:2011)
==2007594==    by 0x58CEA53: pgbuf_log_new_page(cubthread::entry*, char*, int, PAGE_TYPE) (page_buffer.c:14986)
==2007594==    by 0x5836FCC: file_create(cubthread::entry*, FILE_TYPE, file_tablespace*, file_descriptors*, bool, bool, vfid*) (file_manager.c:3812)
==2007594==    by 0x5834AFB: file_create_with_npages(cubthread::entry*, FILE_TYPE, int, file_descriptors*, vfid*) (file_manager.c:3094)
==2007594== 
==2007594== Use of uninitialised value of size 8
==2007594==    at 0x59BC159: LZ4_compress_fast_extState (in local-path/libcubridsa.so.11.5)
==2007594==    by 0x5193698: cubcompress::lz4_compress(char const*, char*, int, int, int) (compressor.hpp:97)
==2007594==    by 0x5193A5A: int cubcompress::compress<cubcompress::LZ4>(void const*, int, void*, int, std::variant<cubcompress::lz4_options> const&) (compressor.hpp:143)
==2007594==    by 0x51938A9: int cubcompress::compress<cubcompress::LZ4>(void const*, int, void*, int) (compressor.hpp:158)
==2007594==    by 0x56D498D: log_zip(log_zip*, int, void const*) (log_compress.c:83)
==2007594==    by 0x56D1E46: prior_lsa_gen_undoredo_record_from_crumbs(cubthread::entry*, log_prior_node*, LOG_RCVINDEX, log_data_addr*, int, log_crumb const*, int, log_crumb const*) (log_append.cpp:796)
==2007594==    by 0x56D10ED: prior_lsa_alloc_and_copy_crumbs(cubthread::entry*, log_rectype, LOG_RCVINDEX, log_data_addr*, int, log_crumb const*, int, log_crumb const*) (log_append.cpp:447)
==2007594==    by 0x56D8D95: log_append_undoredo_crumbs(cubthread::entry*, LOG_RCVINDEX, log_data_addr*, int, int, log_crumb const*, log_crumb const*) (log_manager.c:2231)
==2007594==    by 0x56D8811: log_append_undoredo_data2(cubthread::entry*, LOG_RCVINDEX, vfid const*, char*, short, int, int, void const*, void const*) (log_manager.c:2011)
==2007594==    by 0x58CEA53: pgbuf_log_new_page(cubthread::entry*, char*, int, PAGE_TYPE) (page_buffer.c:14986)
==2007594==    by 0x5836FCC: file_create(cubthread::entry*, FILE_TYPE, file_tablespace*, file_descriptors*, bool, bool, vfid*) (file_manager.c:3812)
==2007594==    by 0x5834AFB: file_create_with_npages(cubthread::entry*, FILE_TYPE, int, file_descriptors*, vfid*) (file_manager.c:3094)
==2007594== 
==2007594== Use of uninitialised value of size 8
==2007594==    at 0x59BBDB0: LZ4_compress_fast_extState (in local-path/libcubridsa.so.11.5)
==2007594==    by 0x5193698: cubcompress::lz4_compress(char const*, char*, int, int, int) (compressor.hpp:97)
==2007594==    by 0x5193A5A: int cubcompress::compress<cubcompress::LZ4>(void const*, int, void*, int, std::variant<cubcompress::lz4_options> const&) (compressor.hpp:143)
==2007594==    by 0x51938A9: int cubcompress::compress<cubcompress::LZ4>(void const*, int, void*, int) (compressor.hpp:158)
==2007594==    by 0x56D498D: log_zip(log_zip*, int, void const*) (log_compress.c:83)
==2007594==    by 0x56D1E46: prior_lsa_gen_undoredo_record_from_crumbs(cubthread::entry*, log_prior_node*, LOG_RCVINDEX, log_data_addr*, int, log_crumb const*, int, log_crumb const*) (log_append.cpp:796)
==2007594==    by 0x56D10ED: prior_lsa_alloc_and_copy_crumbs(cubthread::entry*, log_rectype, LOG_RCVINDEX, log_data_addr*, int, log_crumb const*, int, log_crumb const*) (log_append.cpp:447)
==2007594==    by 0x56D8D95: log_append_undoredo_crumbs(cubthread::entry*, LOG_RCVINDEX, log_data_addr*, int, int, log_crumb const*, log_crumb const*) (log_manager.c:2231)
==2007594==    by 0x56D8811: log_append_undoredo_data2(cubthread::entry*, LOG_RCVINDEX, vfid const*, char*, short, int, int, void const*, void const*) (log_manager.c:2011)
==2007594==    by 0x58CEA53: pgbuf_log_new_page(cubthread::entry*, char*, int, PAGE_TYPE) (page_buffer.c:14986)
==2007594==    by 0x5836FCC: file_create(cubthread::entry*, FILE_TYPE, file_tablespace*, file_descriptors*, bool, bool, vfid*) (file_manager.c:3812)
==2007594==    by 0x5834AFB: file_create_with_npages(cubthread::entry*, FILE_TYPE, int, file_descriptors*, vfid*) (file_manager.c:3094)
==2007594== 
==2007594== Conditional jump or move depends on uninitialised value(s)
==2007594==    at 0x59BC193: LZ4_compress_fast_extState (in local-path/libcubridsa.so.11.5)
==2007594==    by 0x5193698: cubcompress::lz4_compress(char const*, char*, int, int, int) (compressor.hpp:97)
==2007594==    by 0x5193A5A: int cubcompress::compress<cubcompress::LZ4>(void const*, int, void*, int, std::variant<cubcompress::lz4_options> const&) (compressor.hpp:143)
==2007594==    by 0x51938A9: int cubcompress::compress<cubcompress::LZ4>(void const*, int, void*, int) (compressor.hpp:158)
==2007594==    by 0x56D498D: log_zip(log_zip*, int, void const*) (log_compress.c:83)
==2007594==    by 0x56D1E46: prior_lsa_gen_undoredo_record_from_crumbs(cubthread::entry*, log_prior_node*, LOG_RCVINDEX, log_data_addr*, int, log_crumb const*, int, log_crumb const*) (log_append.cpp:796)
==2007594==    by 0x56D10ED: prior_lsa_alloc_and_copy_crumbs(cubthread::entry*, log_rectype, LOG_RCVINDEX, log_data_addr*, int, log_crumb const*, int, log_crumb const*) (log_append.cpp:447)
==2007594==    by 0x56D8D95: log_append_undoredo_crumbs(cubthread::entry*, LOG_RCVINDEX, log_data_addr*, int, int, log_crumb const*, log_crumb const*) (log_manager.c:2231)
==2007594==    by 0x56D8811: log_append_undoredo_data2(cubthread::entry*, LOG_RCVINDEX, vfid const*, char*, short, int, int, void const*, void const*) (log_manager.c:2011)
==2007594==    by 0x58CEA53: pgbuf_log_new_page(cubthread::entry*, char*, int, PAGE_TYPE) (page_buffer.c:14986)
==2007594==    by 0x5836FCC: file_create(cubthread::entry*, FILE_TYPE, file_tablespace*, file_descriptors*, bool, bool, vfid*) (file_manager.c:3812)
==2007594==    by 0x5834AFB: file_create_with_npages(cubthread::entry*, FILE_TYPE, int, file_descriptors*, vfid*) (file_manager.c:3094)
==2007594== 
==2007594== Use of uninitialised value of size 8
==2007594==    at 0x59BC1D8: LZ4_compress_fast_extState (in local-path/libcubridsa.so.11.5)
==2007594==    by 0x5193698: cubcompress::lz4_compress(char const*, char*, int, int, int) (compressor.hpp:97)
==2007594==    by 0x5193A5A: int cubcompress::compress<cubcompress::LZ4>(void const*, int, void*, int, std::variant<cubcompress::lz4_options> const&) (compressor.hpp:143)
==2007594==    by 0x51938A9: int cubcompress::compress<cubcompress::LZ4>(void const*, int, void*, int) (compressor.hpp:158)
==2007594==    by 0x56D498D: log_zip(log_zip*, int, void const*) (log_compress.c:83)
==2007594==    by 0x56D1E46: prior_lsa_gen_undoredo_record_from_crumbs(cubthread::entry*, log_prior_node*, LOG_RCVINDEX, log_data_addr*, int, log_crumb const*, int, log_crumb const*) (log_append.cpp:796)
==2007594==    by 0x56D10ED: prior_lsa_alloc_and_copy_crumbs(cubthread::entry*, log_rectype, LOG_RCVINDEX, log_data_addr*, int, log_crumb const*, int, log_crumb const*) (log_append.cpp:447)
==2007594==    by 0x56D8D95: log_append_undoredo_crumbs(cubthread::entry*, LOG_RCVINDEX, log_data_addr*, int, int, log_crumb const*, log_crumb const*) (log_manager.c:2231)
==2007594==    by 0x56D8811: log_append_undoredo_data2(cubthread::entry*, LOG_RCVINDEX, vfid const*, char*, short, int, int, void const*, void const*) (log_manager.c:2011)
==2007594==    by 0x58CEA53: pgbuf_log_new_page(cubthread::entry*, char*, int, PAGE_TYPE) (page_buffer.c:14986)
==2007594==    by 0x5836FCC: file_create(cubthread::entry*, FILE_TYPE, file_tablespace*, file_descriptors*, bool, bool, vfid*) (file_manager.c:3812)
==2007594==    by 0x5834AFB: file_create_with_npages(cubthread::entry*, FILE_TYPE, int, file_descriptors*, vfid*) (file_manager.c:3094)
==2007594== 
==2007594== Conditional jump or move depends on uninitialised value(s)
==2007594==    at 0x59BC1F3: LZ4_compress_fast_extState (in local-path/libcubridsa.so.11.5)
==2007594==    by 0x5193698: cubcompress::lz4_compress(char const*, char*, int, int, int) (compressor.hpp:97)
==2007594==    by 0x5193A5A: int cubcompress::compress<cubcompress::LZ4>(void const*, int, void*, int, std::variant<cubcompress::lz4_options> const&) (compressor.hpp:143)
==2007594==    by 0x51938A9: int cubcompress::compress<cubcompress::LZ4>(void const*, int, void*, int) (compressor.hpp:158)
==2007594==    by 0x56D498D: log_zip(log_zip*, int, void const*) (log_compress.c:83)
==2007594==    by 0x56D1E46: prior_lsa_gen_undoredo_record_from_crumbs(cubthread::entry*, log_prior_node*, LOG_RCVINDEX, log_data_addr*, int, log_crumb const*, int, log_crumb const*) (log_append.cpp:796)
==2007594==    by 0x56D10ED: prior_lsa_alloc_and_copy_crumbs(cubthread::entry*, log_rectype, LOG_RCVINDEX, log_data_addr*, int, log_crumb const*, int, log_crumb const*) (log_append.cpp:447)
==2007594==    by 0x56D8D95: log_append_undoredo_crumbs(cubthread::entry*, LOG_RCVINDEX, log_data_addr*, int, int, log_crumb const*, log_crumb const*) (log_manager.c:2231)
==2007594==    by 0x56D8811: log_append_undoredo_data2(cubthread::entry*, LOG_RCVINDEX, vfid const*, char*, short, int, int, void const*, void const*) (log_manager.c:2011)
==2007594==    by 0x58CEA53: pgbuf_log_new_page(cubthread::entry*, char*, int, PAGE_TYPE) (page_buffer.c:14986)
==2007594==    by 0x5836FCC: file_create(cubthread::entry*, FILE_TYPE, file_tablespace*, file_descriptors*, bool, bool, vfid*) (file_manager.c:3812)
==2007594==    by 0x5834AFB: file_create_with_npages(cubthread::entry*, FILE_TYPE, int, file_descriptors*, vfid*) (file_manager.c:3094)
==2007594== 
==2007594== Conditional jump or move depends on uninitialised value(s)
==2007594==    at 0x59BC21D: LZ4_compress_fast_extState (in local-path/libcubridsa.so.11.5)
==2007594==    by 0x5193698: cubcompress::lz4_compress(char const*, char*, int, int, int) (compressor.hpp:97)
==2007594==    by 0x5193A5A: int cubcompress::compress<cubcompress::LZ4>(void const*, int, void*, int, std::variant<cubcompress::lz4_options> const&) (compressor.hpp:143)
==2007594==    by 0x51938A9: int cubcompress::compress<cubcompress::LZ4>(void const*, int, void*, int) (compressor.hpp:158)
==2007594==    by 0x56D498D: log_zip(log_zip*, int, void const*) (log_compress.c:83)
==2007594==    by 0x56D1E46: prior_lsa_gen_undoredo_record_from_crumbs(cubthread::entry*, log_prior_node*, LOG_RCVINDEX, log_data_addr*, int, log_crumb const*, int, log_crumb const*) (log_append.cpp:796)
==2007594==    by 0x56D10ED: prior_lsa_alloc_and_copy_crumbs(cubthread::entry*, log_rectype, LOG_RCVINDEX, log_data_addr*, int, log_crumb const*, int, log_crumb const*) (log_append.cpp:447)
==2007594==    by 0x56D8D95: log_append_undoredo_crumbs(cubthread::entry*, LOG_RCVINDEX, log_data_addr*, int, int, log_crumb const*, log_crumb const*) (log_manager.c:2231)
==2007594==    by 0x56D8811: log_append_undoredo_data2(cubthread::entry*, LOG_RCVINDEX, vfid const*, char*, short, int, int, void const*, void const*) (log_manager.c:2011)
==2007594==    by 0x58CEA53: pgbuf_log_new_page(cubthread::entry*, char*, int, PAGE_TYPE) (page_buffer.c:14986)
==2007594==    by 0x5836FCC: file_create(cubthread::entry*, FILE_TYPE, file_tablespace*, file_descriptors*, bool, bool, vfid*) (file_manager.c:3812)
==2007594==    by 0x5834AFB: file_create_with_npages(cubthread::entry*, FILE_TYPE, int, file_descriptors*, vfid*) (file_manager.c:3094)
==2007594== 
==2007594== Use of uninitialised value of size 8
==2007594==    at 0x59BC225: LZ4_compress_fast_extState (in local-path/libcubridsa.so.11.5)
==2007594==    by 0x5193698: cubcompress::lz4_compress(char const*, char*, int, int, int) (compressor.hpp:97)
==2007594==    by 0x5193A5A: int cubcompress::compress<cubcompress::LZ4>(void const*, int, void*, int, std::variant<cubcompress::lz4_options> const&) (compressor.hpp:143)
==2007594==    by 0x51938A9: int cubcompress::compress<cubcompress::LZ4>(void const*, int, void*, int) (compressor.hpp:158)
==2007594==    by 0x56D498D: log_zip(log_zip*, int, void const*) (log_compress.c:83)
==2007594==    by 0x56D1E46: prior_lsa_gen_undoredo_record_from_crumbs(cubthread::entry*, log_prior_node*, LOG_RCVINDEX, log_data_addr*, int, log_crumb const*, int, log_crumb const*) (log_append.cpp:796)
==2007594==    by 0x56D10ED: prior_lsa_alloc_and_copy_crumbs(cubthread::entry*, log_rectype, LOG_RCVINDEX, log_data_addr*, int, log_crumb const*, int, log_crumb const*) (log_append.cpp:447)
==2007594==    by 0x56D8D95: log_append_undoredo_crumbs(cubthread::entry*, LOG_RCVINDEX, log_data_addr*, int, int, log_crumb const*, log_crumb const*) (log_manager.c:2231)
==2007594==    by 0x56D8811: log_append_undoredo_data2(cubthread::entry*, LOG_RCVINDEX, vfid const*, char*, short, int, int, void const*, void const*) (log_manager.c:2011)
==2007594==    by 0x58CEA53: pgbuf_log_new_page(cubthread::entry*, char*, int, PAGE_TYPE) (page_buffer.c:14986)
==2007594==    by 0x5836FCC: file_create(cubthread::entry*, FILE_TYPE, file_tablespace*, file_descriptors*, bool, bool, vfid*) (file_manager.c:3812)
==2007594==    by 0x5834AFB: file_create_with_npages(cubthread::entry*, FILE_TYPE, int, file_descriptors*, vfid*) (file_manager.c:3094)
==2007594== 
==2007594== Conditional jump or move depends on uninitialised value(s)
==2007594==    at 0x59BC236: LZ4_compress_fast_extState (in local-path/libcubridsa.so.11.5)
==2007594==    by 0x5193698: cubcompress::lz4_compress(char const*, char*, int, int, int) (compressor.hpp:97)
==2007594==    by 0x5193A5A: int cubcompress::compress<cubcompress::LZ4>(void const*, int, void*, int, std::variant<cubcompress::lz4_options> const&) (compressor.hpp:143)
==2007594==    by 0x51938A9: int cubcompress::compress<cubcompress::LZ4>(void const*, int, void*, int) (compressor.hpp:158)
==2007594==    by 0x56D498D: log_zip(log_zip*, int, void const*) (log_compress.c:83)
==2007594==    by 0x56D1E46: prior_lsa_gen_undoredo_record_from_crumbs(cubthread::entry*, log_prior_node*, LOG_RCVINDEX, log_data_addr*, int, log_crumb const*, int, log_crumb const*) (log_append.cpp:796)
==2007594==    by 0x56D10ED: prior_lsa_alloc_and_copy_crumbs(cubthread::entry*, log_rectype, LOG_RCVINDEX, log_data_addr*, int, log_crumb const*, int, log_crumb const*) (log_append.cpp:447)
==2007594==    by 0x56D8D95: log_append_undoredo_crumbs(cubthread::entry*, LOG_RCVINDEX, log_data_addr*, int, int, log_crumb const*, log_crumb const*) (log_manager.c:2231)
==2007594==    by 0x56D8811: log_append_undoredo_data2(cubthread::entry*, LOG_RCVINDEX, vfid const*, char*, short, int, int, void const*, void const*) (log_manager.c:2011)
==2007594==    by 0x58CEA53: pgbuf_log_new_page(cubthread::entry*, char*, int, PAGE_TYPE) (page_buffer.c:14986)
==2007594==    by 0x5836FCC: file_create(cubthread::entry*, FILE_TYPE, file_tablespace*, file_descriptors*, bool, bool, vfid*) (file_manager.c:3812)
==2007594==    by 0x5834AFB: file_create_with_npages(cubthread::entry*, FILE_TYPE, int, file_descriptors*, vfid*) (file_manager.c:3094)
==2007594== 
==2007594== Use of uninitialised value of size 8
==2007594==    at 0x59BC23E: LZ4_compress_fast_extState (in local-path/libcubridsa.so.11.5)
==2007594==    by 0x5193698: cubcompress::lz4_compress(char const*, char*, int, int, int) (compressor.hpp:97)
==2007594==    by 0x5193A5A: int cubcompress::compress<cubcompress::LZ4>(void const*, int, void*, int, std::variant<cubcompress::lz4_options> const&) (compressor.hpp:143)
==2007594==    by 0x51938A9: int cubcompress::compress<cubcompress::LZ4>(void const*, int, void*, int) (compressor.hpp:158)
==2007594==    by 0x56D498D: log_zip(log_zip*, int, void const*) (log_compress.c:83)
==2007594==    by 0x56D1E46: prior_lsa_gen_undoredo_record_from_crumbs(cubthread::entry*, log_prior_node*, LOG_RCVINDEX, log_data_addr*, int, log_crumb const*, int, log_crumb const*) (log_append.cpp:796)
==2007594==    by 0x56D10ED: prior_lsa_alloc_and_copy_crumbs(cubthread::entry*, log_rectype, LOG_RCVINDEX, log_data_addr*, int, log_crumb const*, int, log_crumb const*) (log_append.cpp:447)
==2007594==    by 0x56D8D95: log_append_undoredo_crumbs(cubthread::entry*, LOG_RCVINDEX, log_data_addr*, int, int, log_crumb const*, log_crumb const*) (log_manager.c:2231)
==2007594==    by 0x56D8811: log_append_undoredo_data2(cubthread::entry*, LOG_RCVINDEX, vfid const*, char*, short, int, int, void const*, void const*) (log_manager.c:2011)
==2007594==    by 0x58CEA53: pgbuf_log_new_page(cubthread::entry*, char*, int, PAGE_TYPE) (page_buffer.c:14986)
==2007594==    by 0x5836FCC: file_create(cubthread::entry*, FILE_TYPE, file_tablespace*, file_descriptors*, bool, bool, vfid*) (file_manager.c:3812)
==2007594==    by 0x5834AFB: file_create_with_npages(cubthread::entry*, FILE_TYPE, int, file_descriptors*, vfid*) (file_manager.c:3094)
==2007594== 
==2007594== Conditional jump or move depends on uninitialised value(s)
==2007594==    at 0x59BC24F: LZ4_compress_fast_extState (in local-path/libcubridsa.so.11.5)
==2007594==    by 0x5193698: cubcompress::lz4_compress(char const*, char*, int, int, int) (compressor.hpp:97)
==2007594==    by 0x5193A5A: int cubcompress::compress<cubcompress::LZ4>(void const*, int, void*, int, std::variant<cubcompress::lz4_options> const&) (compressor.hpp:143)
==2007594==    by 0x51938A9: int cubcompress::compress<cubcompress::LZ4>(void const*, int, void*, int) (compressor.hpp:158)
==2007594==    by 0x56D498D: log_zip(log_zip*, int, void const*) (log_compress.c:83)
==2007594==    by 0x56D1E46: prior_lsa_gen_undoredo_record_from_crumbs(cubthread::entry*, log_prior_node*, LOG_RCVINDEX, log_data_addr*, int, log_crumb const*, int, log_crumb const*) (log_append.cpp:796)
==2007594==    by 0x56D10ED: prior_lsa_alloc_and_copy_crumbs(cubthread::entry*, log_rectype, LOG_RCVINDEX, log_data_addr*, int, log_crumb const*, int, log_crumb const*) (log_append.cpp:447)
==2007594==    by 0x56D8D95: log_append_undoredo_crumbs(cubthread::entry*, LOG_RCVINDEX, log_data_addr*, int, int, log_crumb const*, log_crumb const*) (log_manager.c:2231)
==2007594==    by 0x56D8811: log_append_undoredo_data2(cubthread::entry*, LOG_RCVINDEX, vfid const*, char*, short, int, int, void const*, void const*) (log_manager.c:2011)
==2007594==    by 0x58CEA53: pgbuf_log_new_page(cubthread::entry*, char*, int, PAGE_TYPE) (page_buffer.c:14986)
==2007594==    by 0x5836FCC: file_create(cubthread::entry*, FILE_TYPE, file_tablespace*, file_descriptors*, bool, bool, vfid*) (file_manager.c:3812)
==2007594==    by 0x5834AFB: file_create_with_npages(cubthread::entry*, FILE_TYPE, int, file_descriptors*, vfid*) (file_manager.c:3094)
==2007594== 
==2007594== Use of uninitialised value of size 8
==2007594==    at 0x59BC251: LZ4_compress_fast_extState (in local-path/libcubridsa.so.11.5)
==2007594==    by 0x5193698: cubcompress::lz4_compress(char const*, char*, int, int, int) (compressor.hpp:97)
==2007594==    by 0x5193A5A: int cubcompress::compress<cubcompress::LZ4>(void const*, int, void*, int, std::variant<cubcompress::lz4_options> const&) (compressor.hpp:143)
==2007594==    by 0x51938A9: int cubcompress::compress<cubcompress::LZ4>(void const*, int, void*, int) (compressor.hpp:158)
==2007594==    by 0x56D498D: log_zip(log_zip*, int, void const*) (log_compress.c:83)
==2007594==    by 0x56D1E46: prior_lsa_gen_undoredo_record_from_crumbs(cubthread::entry*, log_prior_node*, LOG_RCVINDEX, log_data_addr*, int, log_crumb const*, int, log_crumb const*) (log_append.cpp:796)
==2007594==    by 0x56D10ED: prior_lsa_alloc_and_copy_crumbs(cubthread::entry*, log_rectype, LOG_RCVINDEX, log_data_addr*, int, log_crumb const*, int, log_crumb const*) (log_append.cpp:447)
==2007594==    by 0x56D8D95: log_append_undoredo_crumbs(cubthread::entry*, LOG_RCVINDEX, log_data_addr*, int, int, log_crumb const*, log_crumb const*) (log_manager.c:2231)
==2007594==    by 0x56D8811: log_append_undoredo_data2(cubthread::entry*, LOG_RCVINDEX, vfid const*, char*, short, int, int, void const*, void const*) (log_manager.c:2011)
==2007594==    by 0x58CEA53: pgbuf_log_new_page(cubthread::entry*, char*, int, PAGE_TYPE) (page_buffer.c:14986)
==2007594==    by 0x5836FCC: file_create(cubthread::entry*, FILE_TYPE, file_tablespace*, file_descriptors*, bool, bool, vfid*) (file_manager.c:3812)
==2007594==    by 0x5834AFB: file_create_with_npages(cubthread::entry*, FILE_TYPE, int, file_descriptors*, vfid*) (file_manager.c:3094)
==2007594== 
==2007594== Conditional jump or move depends on uninitialised value(s)
==2007594==    at 0x59BBE63: LZ4_compress_fast_extState (in local-path/libcubridsa.so.11.5)
==2007594==    by 0x5193698: cubcompress::lz4_compress(char const*, char*, int, int, int) (compressor.hpp:97)
==2007594==    by 0x5193A5A: int cubcompress::compress<cubcompress::LZ4>(void const*, int, void*, int, std::variant<cubcompress::lz4_options> const&) (compressor.hpp:143)
==2007594==    by 0x51938A9: int cubcompress::compress<cubcompress::LZ4>(void const*, int, void*, int) (compressor.hpp:158)
==2007594==    by 0x56D498D: log_zip(log_zip*, int, void const*) (log_compress.c:83)
==2007594==    by 0x56D1E46: prior_lsa_gen_undoredo_record_from_crumbs(cubthread::entry*, log_prior_node*, LOG_RCVINDEX, log_data_addr*, int, log_crumb const*, int, log_crumb const*) (log_append.cpp:796)
==2007594==    by 0x56D10ED: prior_lsa_alloc_and_copy_crumbs(cubthread::entry*, log_rectype, LOG_RCVINDEX, log_data_addr*, int, log_crumb const*, int, log_crumb const*) (log_append.cpp:447)
==2007594==    by 0x56D8D95: log_append_undoredo_crumbs(cubthread::entry*, LOG_RCVINDEX, log_data_addr*, int, int, log_crumb const*, log_crumb const*) (log_manager.c:2231)
==2007594==    by 0x56D8811: log_append_undoredo_data2(cubthread::entry*, LOG_RCVINDEX, vfid const*, char*, short, int, int, void const*, void const*) (log_manager.c:2011)
==2007594==    by 0x58CEA53: pgbuf_log_new_page(cubthread::entry*, char*, int, PAGE_TYPE) (page_buffer.c:14986)
==2007594==    by 0x5836FCC: file_create(cubthread::entry*, FILE_TYPE, file_tablespace*, file_descriptors*, bool, bool, vfid*) (file_manager.c:3812)
==2007594==    by 0x5834AFB: file_create_with_npages(cubthread::entry*, FILE_TYPE, int, file_descriptors*, vfid*) (file_manager.c:3094)
==2007594== 
==2007594== Conditional jump or move depends on uninitialised value(s)
==2007594==    at 0x59BBE7D: LZ4_compress_fast_extState (in local-path/libcubridsa.so.11.5)
==2007594==    by 0x5193698: cubcompress::lz4_compress(char const*, char*, int, int, int) (compressor.hpp:97)
==2007594==    by 0x5193A5A: int cubcompress::compress<cubcompress::LZ4>(void const*, int, void*, int, std::variant<cubcompress::lz4_options> const&) (compressor.hpp:143)
==2007594==    by 0x51938A9: int cubcompress::compress<cubcompress::LZ4>(void const*, int, void*, int) (compressor.hpp:158)
==2007594==    by 0x56D498D: log_zip(log_zip*, int, void const*) (log_compress.c:83)
==2007594==    by 0x56D1E46: prior_lsa_gen_undoredo_record_from_crumbs(cubthread::entry*, log_prior_node*, LOG_RCVINDEX, log_data_addr*, int, log_crumb const*, int, log_crumb const*) (log_append.cpp:796)
==2007594==    by 0x56D10ED: prior_lsa_alloc_and_copy_crumbs(cubthread::entry*, log_rectype, LOG_RCVINDEX, log_data_addr*, int, log_crumb const*, int, log_crumb const*) (log_append.cpp:447)
==2007594==    by 0x56D8D95: log_append_undoredo_crumbs(cubthread::entry*, LOG_RCVINDEX, log_data_addr*, int, int, log_crumb const*, log_crumb const*) (log_manager.c:2231)
==2007594==    by 0x56D8811: log_append_undoredo_data2(cubthread::entry*, LOG_RCVINDEX, vfid const*, char*, short, int, int, void const*, void const*) (log_manager.c:2011)
==2007594==    by 0x58CEA53: pgbuf_log_new_page(cubthread::entry*, char*, int, PAGE_TYPE) (page_buffer.c:14986)
==2007594==    by 0x5836FCC: file_create(cubthread::entry*, FILE_TYPE, file_tablespace*, file_descriptors*, bool, bool, vfid*) (file_manager.c:3812)
==2007594==    by 0x5834AFB: file_create_with_npages(cubthread::entry*, FILE_TYPE, int, file_descriptors*, vfid*) (file_manager.c:3094)
==2007594== 
==2007594== Conditional jump or move depends on uninitialised value(s)
==2007594==    at 0x59BBE95: LZ4_compress_fast_extState (in local-path/libcubridsa.so.11.5)
==2007594==    by 0x5193698: cubcompress::lz4_compress(char const*, char*, int, int, int) (compressor.hpp:97)
==2007594==    by 0x5193A5A: int cubcompress::compress<cubcompress::LZ4>(void const*, int, void*, int, std::variant<cubcompress::lz4_options> const&) (compressor.hpp:143)
==2007594==    by 0x51938A9: int cubcompress::compress<cubcompress::LZ4>(void const*, int, void*, int) (compressor.hpp:158)
==2007594==    by 0x56D498D: log_zip(log_zip*, int, void const*) (log_compress.c:83)
==2007594==    by 0x56D1E46: prior_lsa_gen_undoredo_record_from_crumbs(cubthread::entry*, log_prior_node*, LOG_RCVINDEX, log_data_addr*, int, log_crumb const*, int, log_crumb const*) (log_append.cpp:796)
==2007594==    by 0x56D10ED: prior_lsa_alloc_and_copy_crumbs(cubthread::entry*, log_rectype, LOG_RCVINDEX, log_data_addr*, int, log_crumb const*, int, log_crumb const*) (log_append.cpp:447)
==2007594==    by 0x56D8D95: log_append_undoredo_crumbs(cubthread::entry*, LOG_RCVINDEX, log_data_addr*, int, int, log_crumb const*, log_crumb const*) (log_manager.c:2231)
==2007594==    by 0x56D8811: log_append_undoredo_data2(cubthread::entry*, LOG_RCVINDEX, vfid const*, char*, short, int, int, void const*, void const*) (log_manager.c:2011)
==2007594==    by 0x58CEA53: pgbuf_log_new_page(cubthread::entry*, char*, int, PAGE_TYPE) (page_buffer.c:14986)
==2007594==    by 0x5836FCC: file_create(cubthread::entry*, FILE_TYPE, file_tablespace*, file_descriptors*, bool, bool, vfid*) (file_manager.c:3812)
==2007594==    by 0x5834AFB: file_create_with_npages(cubthread::entry*, FILE_TYPE, int, file_descriptors*, vfid*) (file_manager.c:3094)
==2007594== 
==2007594== Conditional jump or move depends on uninitialised value(s)
==2007594==    at 0x59BAD85: LZ4_compress_fast_extState (in local-path/libcubridsa.so.11.5)
==2007594==    by 0x5193698: cubcompress::lz4_compress(char const*, char*, int, int, int) (compressor.hpp:97)
==2007594==    by 0x5193A5A: int cubcompress::compress<cubcompress::LZ4>(void const*, int, void*, int, std::variant<cubcompress::lz4_options> const&) (compressor.hpp:143)
==2007594==    by 0x51938A9: int cubcompress::compress<cubcompress::LZ4>(void const*, int, void*, int) (compressor.hpp:158)
==2007594==    by 0x56D498D: log_zip(log_zip*, int, void const*) (log_compress.c:83)
==2007594==    by 0x56D1E46: prior_lsa_gen_undoredo_record_from_crumbs(cubthread::entry*, log_prior_node*, LOG_RCVINDEX, log_data_addr*, int, log_crumb const*, int, log_crumb const*) (log_append.cpp:796)
==2007594==    by 0x56D10ED: prior_lsa_alloc_and_copy_crumbs(cubthread::entry*, log_rectype, LOG_RCVINDEX, log_data_addr*, int, log_crumb const*, int, log_crumb const*) (log_append.cpp:447)
==2007594==    by 0x56D8D95: log_append_undoredo_crumbs(cubthread::entry*, LOG_RCVINDEX, log_data_addr*, int, int, log_crumb const*, log_crumb const*) (log_manager.c:2231)
==2007594==    by 0x56D8811: log_append_undoredo_data2(cubthread::entry*, LOG_RCVINDEX, vfid const*, char*, short, int, int, void const*, void const*) (log_manager.c:2011)
==2007594==    by 0x58CEA53: pgbuf_log_new_page(cubthread::entry*, char*, int, PAGE_TYPE) (page_buffer.c:14986)
==2007594==    by 0x5836FCC: file_create(cubthread::entry*, FILE_TYPE, file_tablespace*, file_descriptors*, bool, bool, vfid*) (file_manager.c:3812)
==2007594==    by 0x5834AFB: file_create_with_npages(cubthread::entry*, FILE_TYPE, int, file_descriptors*, vfid*) (file_manager.c:3094)
==2007594== 
==2007594== Use of uninitialised value of size 8
==2007594==    at 0x59BBC65: LZ4_compress_fast_extState (in local-path/libcubridsa.so.11.5)
==2007594==    by 0x5193698: cubcompress::lz4_compress(char const*, char*, int, int, int) (compressor.hpp:97)
==2007594==    by 0x5193A5A: int cubcompress::compress<cubcompress::LZ4>(void const*, int, void*, int, std::variant<cubcompress::lz4_options> const&) (compressor.hpp:143)
==2007594==    by 0x51938A9: int cubcompress::compress<cubcompress::LZ4>(void const*, int, void*, int) (compressor.hpp:158)
==2007594==    by 0x56D498D: log_zip(log_zip*, int, void const*) (log_compress.c:83)
==2007594==    by 0x56D1E46: prior_lsa_gen_undoredo_record_from_crumbs(cubthread::entry*, log_prior_node*, LOG_RCVINDEX, log_data_addr*, int, log_crumb const*, int, log_crumb const*) (log_append.cpp:796)
==2007594==    by 0x56D10ED: prior_lsa_alloc_and_copy_crumbs(cubthread::entry*, log_rectype, LOG_RCVINDEX, log_data_addr*, int, log_crumb const*, int, log_crumb const*) (log_append.cpp:447)
==2007594==    by 0x56D8D95: log_append_undoredo_crumbs(cubthread::entry*, LOG_RCVINDEX, log_data_addr*, int, int, log_crumb const*, log_crumb const*) (log_manager.c:2231)
==2007594==    by 0x56D8811: log_append_undoredo_data2(cubthread::entry*, LOG_RCVINDEX, vfid const*, char*, short, int, int, void const*, void const*) (log_manager.c:2011)
==2007594==    by 0x58CEA53: pgbuf_log_new_page(cubthread::entry*, char*, int, PAGE_TYPE) (page_buffer.c:14986)
==2007594==    by 0x5836FCC: file_create(cubthread::entry*, FILE_TYPE, file_tablespace*, file_descriptors*, bool, bool, vfid*) (file_manager.c:3812)
==2007594==    by 0x5834AFB: file_create_with_npages(cubthread::entry*, FILE_TYPE, int, file_descriptors*, vfid*) (file_manager.c:3094)
==2007594== 
==2007594== Conditional jump or move depends on uninitialised value(s)
==2007594==    at 0x4851B8A: memmove (vg_replace_strmem.c:1414)
==2007594==    by 0x59BBC71: LZ4_compress_fast_extState (in local-path/libcubridsa.so.11.5)
==2007594==    by 0x5193698: cubcompress::lz4_compress(char const*, char*, int, int, int) (compressor.hpp:97)
==2007594==    by 0x5193A5A: int cubcompress::compress<cubcompress::LZ4>(void const*, int, void*, int, std::variant<cubcompress::lz4_options> const&) (compressor.hpp:143)
==2007594==    by 0x51938A9: int cubcompress::compress<cubcompress::LZ4>(void const*, int, void*, int) (compressor.hpp:158)
==2007594==    by 0x56D498D: log_zip(log_zip*, int, void const*) (log_compress.c:83)
==2007594==    by 0x56D1E46: prior_lsa_gen_undoredo_record_from_crumbs(cubthread::entry*, log_prior_node*, LOG_RCVINDEX, log_data_addr*, int, log_crumb const*, int, log_crumb const*) (log_append.cpp:796)
==2007594==    by 0x56D10ED: prior_lsa_alloc_and_copy_crumbs(cubthread::entry*, log_rectype, LOG_RCVINDEX, log_data_addr*, int, log_crumb const*, int, log_crumb const*) (log_append.cpp:447)
==2007594==    by 0x56D8D95: log_append_undoredo_crumbs(cubthread::entry*, LOG_RCVINDEX, log_data_addr*, int, int, log_crumb const*, log_crumb const*) (log_manager.c:2231)
==2007594==    by 0x56D8811: log_append_undoredo_data2(cubthread::entry*, LOG_RCVINDEX, vfid const*, char*, short, int, int, void const*, void const*) (log_manager.c:2011)
==2007594==    by 0x58CEA53: pgbuf_log_new_page(cubthread::entry*, char*, int, PAGE_TYPE) (page_buffer.c:14986)
==2007594==    by 0x5836FCC: file_create(cubthread::entry*, FILE_TYPE, file_tablespace*, file_descriptors*, bool, bool, vfid*) (file_manager.c:3812)
==2007594== 
==2007594== Conditional jump or move depends on uninitialised value(s)
==2007594==    at 0x4851B9C: memmove (vg_replace_strmem.c:1414)
==2007594==    by 0x59BBC71: LZ4_compress_fast_extState (in local-path/libcubridsa.so.11.5)
==2007594==    by 0x5193698: cubcompress::lz4_compress(char const*, char*, int, int, int) (compressor.hpp:97)
==2007594==    by 0x5193A5A: int cubcompress::compress<cubcompress::LZ4>(void const*, int, void*, int, std::variant<cubcompress::lz4_options> const&) (compressor.hpp:143)
==2007594==    by 0x51938A9: int cubcompress::compress<cubcompress::LZ4>(void const*, int, void*, int) (compressor.hpp:158)
==2007594==    by 0x56D498D: log_zip(log_zip*, int, void const*) (log_compress.c:83)
==2007594==    by 0x56D1E46: prior_lsa_gen_undoredo_record_from_crumbs(cubthread::entry*, log_prior_node*, LOG_RCVINDEX, log_data_addr*, int, log_crumb const*, int, log_crumb const*) (log_append.cpp:796)
==2007594==    by 0x56D10ED: prior_lsa_alloc_and_copy_crumbs(cubthread::entry*, log_rectype, LOG_RCVINDEX, log_data_addr*, int, log_crumb const*, int, log_crumb const*) (log_append.cpp:447)
==2007594==    by 0x56D8D95: log_append_undoredo_crumbs(cubthread::entry*, LOG_RCVINDEX, log_data_addr*, int, int, log_crumb const*, log_crumb const*) (log_manager.c:2231)
==2007594==    by 0x56D8811: log_append_undoredo_data2(cubthread::entry*, LOG_RCVINDEX, vfid const*, char*, short, int, int, void const*, void const*) (log_manager.c:2011)
==2007594==    by 0x58CEA53: pgbuf_log_new_page(cubthread::entry*, char*, int, PAGE_TYPE) (page_buffer.c:14986)
==2007594==    by 0x5836FCC: file_create(cubthread::entry*, FILE_TYPE, file_tablespace*, file_descriptors*, bool, bool, vfid*) (file_manager.c:3812)
==2007594== 
==2007594== Conditional jump or move depends on uninitialised value(s)
==2007594==    at 0x4851BD6: memmove (vg_replace_strmem.c:1414)
==2007594==    by 0x59BBC71: LZ4_compress_fast_extState (in local-path/libcubridsa.so.11.5)
==2007594==    by 0x5193698: cubcompress::lz4_compress(char const*, char*, int, int, int) (compressor.hpp:97)
==2007594==    by 0x5193A5A: int cubcompress::compress<cubcompress::LZ4>(void const*, int, void*, int, std::variant<cubcompress::lz4_options> const&) (compressor.hpp:143)
==2007594==    by 0x51938A9: int cubcompress::compress<cubcompress::LZ4>(void const*, int, void*, int) (compressor.hpp:158)
==2007594==    by 0x56D498D: log_zip(log_zip*, int, void const*) (log_compress.c:83)
==2007594==    by 0x56D1E46: prior_lsa_gen_undoredo_record_from_crumbs(cubthread::entry*, log_prior_node*, LOG_RCVINDEX, log_data_addr*, int, log_crumb const*, int, log_crumb const*) (log_append.cpp:796)
==2007594==    by 0x56D10ED: prior_lsa_alloc_and_copy_crumbs(cubthread::entry*, log_rectype, LOG_RCVINDEX, log_data_addr*, int, log_crumb const*, int, log_crumb const*) (log_append.cpp:447)
==2007594==    by 0x56D8D95: log_append_undoredo_crumbs(cubthread::entry*, LOG_RCVINDEX, log_data_addr*, int, int, log_crumb const*, log_crumb const*) (log_manager.c:2231)
==2007594==    by 0x56D8811: log_append_undoredo_data2(cubthread::entry*, LOG_RCVINDEX, vfid const*, char*, short, int, int, void const*, void const*) (log_manager.c:2011)
==2007594==    by 0x58CEA53: pgbuf_log_new_page(cubthread::entry*, char*, int, PAGE_TYPE) (page_buffer.c:14986)
==2007594==    by 0x5836FCC: file_create(cubthread::entry*, FILE_TYPE, file_tablespace*, file_descriptors*, bool, bool, vfid*) (file_manager.c:3812)
==2007594== 
==2007594== Conditional jump or move depends on uninitialised value(s)
==2007594==    at 0x4851CBE: memmove (vg_replace_strmem.c:1414)
==2007594==    by 0x59BBC71: LZ4_compress_fast_extState (in local-path/libcubridsa.so.11.5)
==2007594==    by 0x5193698: cubcompress::lz4_compress(char const*, char*, int, int, int) (compressor.hpp:97)
==2007594==    by 0x5193A5A: int cubcompress::compress<cubcompress::LZ4>(void const*, int, void*, int, std::variant<cubcompress::lz4_options> const&) (compressor.hpp:143)
==2007594==    by 0x51938A9: int cubcompress::compress<cubcompress::LZ4>(void const*, int, void*, int) (compressor.hpp:158)
==2007594==    by 0x56D498D: log_zip(log_zip*, int, void const*) (log_compress.c:83)
==2007594==    by 0x56D1E46: prior_lsa_gen_undoredo_record_from_crumbs(cubthread::entry*, log_prior_node*, LOG_RCVINDEX, log_data_addr*, int, log_crumb const*, int, log_crumb const*) (log_append.cpp:796)
==2007594==    by 0x56D10ED: prior_lsa_alloc_and_copy_crumbs(cubthread::entry*, log_rectype, LOG_RCVINDEX, log_data_addr*, int, log_crumb const*, int, log_crumb const*) (log_append.cpp:447)
==2007594==    by 0x56D8D95: log_append_undoredo_crumbs(cubthread::entry*, LOG_RCVINDEX, log_data_addr*, int, int, log_crumb const*, log_crumb const*) (log_manager.c:2231)
==2007594==    by 0x56D8811: log_append_undoredo_data2(cubthread::entry*, LOG_RCVINDEX, vfid const*, char*, short, int, int, void const*, void const*) (log_manager.c:2011)
==2007594==    by 0x58CEA53: pgbuf_log_new_page(cubthread::entry*, char*, int, PAGE_TYPE) (page_buffer.c:14986)
==2007594==    by 0x5836FCC: file_create(cubthread::entry*, FILE_TYPE, file_tablespace*, file_descriptors*, bool, bool, vfid*) (file_manager.c:3812)
==2007594== 
==2007594== Use of uninitialised value of size 8
==2007594==    at 0x4851D10: memmove (vg_replace_strmem.c:1414)
==2007594==    by 0x59BBC71: LZ4_compress_fast_extState (in local-path/libcubridsa.so.11.5)
==2007594==    by 0x5193698: cubcompress::lz4_compress(char const*, char*, int, int, int) (compressor.hpp:97)
==2007594==    by 0x5193A5A: int cubcompress::compress<cubcompress::LZ4>(void const*, int, void*, int, std::variant<cubcompress::lz4_options> const&) (compressor.hpp:143)
==2007594==    by 0x51938A9: int cubcompress::compress<cubcompress::LZ4>(void const*, int, void*, int) (compressor.hpp:158)
==2007594==    by 0x56D498D: log_zip(log_zip*, int, void const*) (log_compress.c:83)
==2007594==    by 0x56D1E46: prior_lsa_gen_undoredo_record_from_crumbs(cubthread::entry*, log_prior_node*, LOG_RCVINDEX, log_data_addr*, int, log_crumb const*, int, log_crumb const*) (log_append.cpp:796)
==2007594==    by 0x56D10ED: prior_lsa_alloc_and_copy_crumbs(cubthread::entry*, log_rectype, LOG_RCVINDEX, log_data_addr*, int, log_crumb const*, int, log_crumb const*) (log_append.cpp:447)
==2007594==    by 0x56D8D95: log_append_undoredo_crumbs(cubthread::entry*, LOG_RCVINDEX, log_data_addr*, int, int, log_crumb const*, log_crumb const*) (log_manager.c:2231)
==2007594==    by 0x56D8811: log_append_undoredo_data2(cubthread::entry*, LOG_RCVINDEX, vfid const*, char*, short, int, int, void const*, void const*) (log_manager.c:2011)
==2007594==    by 0x58CEA53: pgbuf_log_new_page(cubthread::entry*, char*, int, PAGE_TYPE) (page_buffer.c:14986)
==2007594==    by 0x5836FCC: file_create(cubthread::entry*, FILE_TYPE, file_tablespace*, file_descriptors*, bool, bool, vfid*) (file_manager.c:3812)
==2007594== 
==2007594== Use of uninitialised value of size 8
==2007594==    at 0x4851D13: memmove (vg_replace_strmem.c:1414)
==2007594==    by 0x59BBC71: LZ4_compress_fast_extState (in local-path/libcubridsa.so.11.5)
==2007594==    by 0x5193698: cubcompress::lz4_compress(char const*, char*, int, int, int) (compressor.hpp:97)
==2007594==    by 0x5193A5A: int cubcompress::compress<cubcompress::LZ4>(void const*, int, void*, int, std::variant<cubcompress::lz4_options> const&) (compressor.hpp:143)
==2007594==    by 0x51938A9: int cubcompress::compress<cubcompress::LZ4>(void const*, int, void*, int) (compressor.hpp:158)
==2007594==    by 0x56D498D: log_zip(log_zip*, int, void const*) (log_compress.c:83)
==2007594==    by 0x56D1E46: prior_lsa_gen_undoredo_record_from_crumbs(cubthread::entry*, log_prior_node*, LOG_RCVINDEX, log_data_addr*, int, log_crumb const*, int, log_crumb const*) (log_append.cpp:796)
==2007594==    by 0x56D10ED: prior_lsa_alloc_and_copy_crumbs(cubthread::entry*, log_rectype, LOG_RCVINDEX, log_data_addr*, int, log_crumb const*, int, log_crumb const*) (log_append.cpp:447)
==2007594==    by 0x56D8D95: log_append_undoredo_crumbs(cubthread::entry*, LOG_RCVINDEX, log_data_addr*, int, int, log_crumb const*, log_crumb const*) (log_manager.c:2231)
==2007594==    by 0x56D8811: log_append_undoredo_data2(cubthread::entry*, LOG_RCVINDEX, vfid const*, char*, short, int, int, void const*, void const*) (log_manager.c:2011)
==2007594==    by 0x58CEA53: pgbuf_log_new_page(cubthread::entry*, char*, int, PAGE_TYPE) (page_buffer.c:14986)
==2007594==    by 0x5836FCC: file_create(cubthread::entry*, FILE_TYPE, file_tablespace*, file_descriptors*, bool, bool, vfid*) (file_manager.c:3812)
==2007594== 
==2007594== Conditional jump or move depends on uninitialised value(s)
==2007594==    at 0x4851D1D: memmove (vg_replace_strmem.c:1414)
==2007594==    by 0x59BBC71: LZ4_compress_fast_extState (in local-path/libcubridsa.so.11.5)
==2007594==    by 0x5193698: cubcompress::lz4_compress(char const*, char*, int, int, int) (compressor.hpp:97)
==2007594==    by 0x5193A5A: int cubcompress::compress<cubcompress::LZ4>(void const*, int, void*, int, std::variant<cubcompress::lz4_options> const&) (compressor.hpp:143)
==2007594==    by 0x51938A9: int cubcompress::compress<cubcompress::LZ4>(void const*, int, void*, int) (compressor.hpp:158)
==2007594==    by 0x56D498D: log_zip(log_zip*, int, void const*) (log_compress.c:83)
==2007594==    by 0x56D1E46: prior_lsa_gen_undoredo_record_from_crumbs(cubthread::entry*, log_prior_node*, LOG_RCVINDEX, log_data_addr*, int, log_crumb const*, int, log_crumb const*) (log_append.cpp:796)
==2007594==    by 0x56D10ED: prior_lsa_alloc_and_copy_crumbs(cubthread::entry*, log_rectype, LOG_RCVINDEX, log_data_addr*, int, log_crumb const*, int, log_crumb const*) (log_append.cpp:447)
==2007594==    by 0x56D8D95: log_append_undoredo_crumbs(cubthread::entry*, LOG_RCVINDEX, log_data_addr*, int, int, log_crumb const*, log_crumb const*) (log_manager.c:2231)
==2007594==    by 0x56D8811: log_append_undoredo_data2(cubthread::entry*, LOG_RCVINDEX, vfid const*, char*, short, int, int, void const*, void const*) (log_manager.c:2011)
==2007594==    by 0x58CEA53: pgbuf_log_new_page(cubthread::entry*, char*, int, PAGE_TYPE) (page_buffer.c:14986)
==2007594==    by 0x5836FCC: file_create(cubthread::entry*, FILE_TYPE, file_tablespace*, file_descriptors*, bool, bool, vfid*) (file_manager.c:3812)
==2007594== 
==2007594== Conditional jump or move depends on uninitialised value(s)
==2007594==    at 0x51936A0: cubcompress::lz4_compress(char const*, char*, int, int, int) (compressor.hpp:98)
==2007594==    by 0x5193A5A: int cubcompress::compress<cubcompress::LZ4>(void const*, int, void*, int, std::variant<cubcompress::lz4_options> const&) (compressor.hpp:143)
==2007594==    by 0x51938A9: int cubcompress::compress<cubcompress::LZ4>(void const*, int, void*, int) (compressor.hpp:158)
==2007594==    by 0x56D498D: log_zip(log_zip*, int, void const*) (log_compress.c:83)
==2007594==    by 0x56D1E46: prior_lsa_gen_undoredo_record_from_crumbs(cubthread::entry*, log_prior_node*, LOG_RCVINDEX, log_data_addr*, int, log_crumb const*, int, log_crumb const*) (log_append.cpp:796)
==2007594==    by 0x56D10ED: prior_lsa_alloc_and_copy_crumbs(cubthread::entry*, log_rectype, LOG_RCVINDEX, log_data_addr*, int, log_crumb const*, int, log_crumb const*) (log_append.cpp:447)
==2007594==    by 0x56D8D95: log_append_undoredo_crumbs(cubthread::entry*, LOG_RCVINDEX, log_data_addr*, int, int, log_crumb const*, log_crumb const*) (log_manager.c:2231)
==2007594==    by 0x56D8811: log_append_undoredo_data2(cubthread::entry*, LOG_RCVINDEX, vfid const*, char*, short, int, int, void const*, void const*) (log_manager.c:2011)
==2007594==    by 0x58CEA53: pgbuf_log_new_page(cubthread::entry*, char*, int, PAGE_TYPE) (page_buffer.c:14986)
==2007594==    by 0x5836FCC: file_create(cubthread::entry*, FILE_TYPE, file_tablespace*, file_descriptors*, bool, bool, vfid*) (file_manager.c:3812)
==2007594==    by 0x5834AFB: file_create_with_npages(cubthread::entry*, FILE_TYPE, int, file_descriptors*, vfid*) (file_manager.c:3094)
==2007594==    by 0x57BA16F: btree_create_file(cubthread::entry*, db_identifier const*, int, btid*) (btree.c:36601)
==2007594== 
==2007594== Conditional jump or move depends on uninitialised value(s)
==2007594==    at 0x56D4995: log_zip(log_zip*, int, void const*) (log_compress.c:87)
==2007594==    by 0x56D1E46: prior_lsa_gen_undoredo_record_from_crumbs(cubthread::entry*, log_prior_node*, LOG_RCVINDEX, log_data_addr*, int, log_crumb const*, int, log_crumb const*) (log_append.cpp:796)
==2007594==    by 0x56D10ED: prior_lsa_alloc_and_copy_crumbs(cubthread::entry*, log_rectype, LOG_RCVINDEX, log_data_addr*, int, log_crumb const*, int, log_crumb const*) (log_append.cpp:447)
==2007594==    by 0x56D8D95: log_append_undoredo_crumbs(cubthread::entry*, LOG_RCVINDEX, log_data_addr*, int, int, log_crumb const*, log_crumb const*) (log_manager.c:2231)
==2007594==    by 0x56D8811: log_append_undoredo_data2(cubthread::entry*, LOG_RCVINDEX, vfid const*, char*, short, int, int, void const*, void const*) (log_manager.c:2011)
==2007594==    by 0x58CEA53: pgbuf_log_new_page(cubthread::entry*, char*, int, PAGE_TYPE) (page_buffer.c:14986)
==2007594==    by 0x5836FCC: file_create(cubthread::entry*, FILE_TYPE, file_tablespace*, file_descriptors*, bool, bool, vfid*) (file_manager.c:3812)
==2007594==    by 0x5834AFB: file_create_with_npages(cubthread::entry*, FILE_TYPE, int, file_descriptors*, vfid*) (file_manager.c:3094)
==2007594==    by 0x57BA16F: btree_create_file(cubthread::entry*, db_identifier const*, int, btid*) (btree.c:36601)
==2007594==    by 0x5763555: xbtree_add_index(cubthread::entry*, btid*, tp_domain*, db_identifier*, int, int, long long, long long, long long, int) (btree.c:5861)
==2007594==    by 0x505859A: btree_add_index(btid*, tp_domain*, db_identifier*, int, int, int) (network_interface_cl.c:6358)
==2007594==    by 0x51BDD65: allocate_index(db_object*, sm_class*, db_objlist*, sm_class_constraint*) (schema_manager.c:10885)
==2007594== 
==2007594== Conditional jump or move depends on uninitialised value(s)
==2007594==    at 0x56D49B0: log_zip(log_zip*, int, void const*) (log_compress.c:91)
==2007594==    by 0x56D1E46: prior_lsa_gen_undoredo_record_from_crumbs(cubthread::entry*, log_prior_node*, LOG_RCVINDEX, log_data_addr*, int, log_crumb const*, int, log_crumb const*) (log_append.cpp:796)
==2007594==    by 0x56D10ED: prior_lsa_alloc_and_copy_crumbs(cubthread::entry*, log_rectype, LOG_RCVINDEX, log_data_addr*, int, log_crumb const*, int, log_crumb const*) (log_append.cpp:447)
==2007594==    by 0x56D8D95: log_append_undoredo_crumbs(cubthread::entry*, LOG_RCVINDEX, log_data_addr*, int, int, log_crumb const*, log_crumb const*) (log_manager.c:2231)
==2007594==    by 0x56D8811: log_append_undoredo_data2(cubthread::entry*, LOG_RCVINDEX, vfid const*, char*, short, int, int, void const*, void const*) (log_manager.c:2011)
==2007594==    by 0x58CEA53: pgbuf_log_new_page(cubthread::entry*, char*, int, PAGE_TYPE) (page_buffer.c:14986)
==2007594==    by 0x5836FCC: file_create(cubthread::entry*, FILE_TYPE, file_tablespace*, file_descriptors*, bool, bool, vfid*) (file_manager.c:3812)
==2007594==    by 0x5834AFB: file_create_with_npages(cubthread::entry*, FILE_TYPE, int, file_descriptors*, vfid*) (file_manager.c:3094)
==2007594==    by 0x57BA16F: btree_create_file(cubthread::entry*, db_identifier const*, int, btid*) (btree.c:36601)
==2007594==    by 0x5763555: xbtree_add_index(cubthread::entry*, btid*, tp_domain*, db_identifier*, int, int, long long, long long, long long, int) (btree.c:5861)
==2007594==    by 0x505859A: btree_add_index(btid*, tp_domain*, db_identifier*, int, int, int) (network_interface_cl.c:6358)
==2007594==    by 0x51BDD65: allocate_index(db_object*, sm_class*, db_objlist*, sm_class_constraint*) (schema_manager.c:10885)
==2007594== 
==2007594== Conditional jump or move depends on uninitialised value(s)
==2007594==    at 0x56D129C: prior_lsa_copy_redo_data_to_node(log_prior_node*, int, char const*) (log_append.cpp:527)
==2007594==    by 0x56D26F8: prior_lsa_gen_undoredo_record_from_crumbs(cubthread::entry*, log_prior_node*, LOG_RCVINDEX, log_data_addr*, int, log_crumb const*, int, log_crumb const*) (log_append.cpp:1019)
==2007594==    by 0x56D10ED: prior_lsa_alloc_and_copy_crumbs(cubthread::entry*, log_rectype, LOG_RCVINDEX, log_data_addr*, int, log_crumb const*, int, log_crumb const*) (log_append.cpp:447)
==2007594==    by 0x56D8D95: log_append_undoredo_crumbs(cubthread::entry*, LOG_RCVINDEX, log_data_addr*, int, int, log_crumb const*, log_crumb const*) (log_manager.c:2231)
==2007594==    by 0x56D8811: log_append_undoredo_data2(cubthread::entry*, LOG_RCVINDEX, vfid const*, char*, short, int, int, void const*, void const*) (log_manager.c:2011)
==2007594==    by 0x58CEA53: pgbuf_log_new_page(cubthread::entry*, char*, int, PAGE_TYPE) (page_buffer.c:14986)
==2007594==    by 0x5836FCC: file_create(cubthread::entry*, FILE_TYPE, file_tablespace*, file_descriptors*, bool, bool, vfid*) (file_manager.c:3812)
==2007594==    by 0x5834AFB: file_create_with_npages(cubthread::entry*, FILE_TYPE, int, file_descriptors*, vfid*) (file_manager.c:3094)
==2007594==    by 0x57BA16F: btree_create_file(cubthread::entry*, db_identifier const*, int, btid*) (btree.c:36601)
==2007594==    by 0x5763555: xbtree_add_index(cubthread::entry*, btid*, tp_domain*, db_identifier*, int, int, long long, long long, long long, int) (btree.c:5861)
==2007594==    by 0x505859A: btree_add_index(btid*, tp_domain*, db_identifier*, int, int, int) (network_interface_cl.c:6358)
==2007594==    by 0x51BDD65: allocate_index(db_object*, sm_class*, db_objlist*, sm_class_constraint*) (schema_manager.c:10885)
==2007594== 
==2007594== Conditional jump or move depends on uninitialised value(s)
==2007594==    at 0x48447D9: malloc (vg_replace_malloc.c:446)
==2007594==    by 0x56D12BB: prior_lsa_copy_redo_data_to_node(log_prior_node*, int, char const*) (log_append.cpp:532)
==2007594==    by 0x56D26F8: prior_lsa_gen_undoredo_record_from_crumbs(cubthread::entry*, log_prior_node*, LOG_RCVINDEX, log_data_addr*, int, log_crumb const*, int, log_crumb const*) (log_append.cpp:1019)
==2007594==    by 0x56D10ED: prior_lsa_alloc_and_copy_crumbs(cubthread::entry*, log_rectype, LOG_RCVINDEX, log_data_addr*, int, log_crumb const*, int, log_crumb const*) (log_append.cpp:447)
==2007594==    by 0x56D8D95: log_append_undoredo_crumbs(cubthread::entry*, LOG_RCVINDEX, log_data_addr*, int, int, log_crumb const*, log_crumb const*) (log_manager.c:2231)
==2007594==    by 0x56D8811: log_append_undoredo_data2(cubthread::entry*, LOG_RCVINDEX, vfid const*, char*, short, int, int, void const*, void const*) (log_manager.c:2011)
==2007594==    by 0x58CEA53: pgbuf_log_new_page(cubthread::entry*, char*, int, PAGE_TYPE) (page_buffer.c:14986)
==2007594==    by 0x5836FCC: file_create(cubthread::entry*, FILE_TYPE, file_tablespace*, file_descriptors*, bool, bool, vfid*) (file_manager.c:3812)
==2007594==    by 0x5834AFB: file_create_with_npages(cubthread::entry*, FILE_TYPE, int, file_descriptors*, vfid*) (file_manager.c:3094)
==2007594==    by 0x57BA16F: btree_create_file(cubthread::entry*, db_identifier const*, int, btid*) (btree.c:36601)
==2007594==    by 0x5763555: xbtree_add_index(cubthread::entry*, btid*, tp_domain*, db_identifier*, int, int, long long, long long, long long, int) (btree.c:5861)
==2007594==    by 0x505859A: btree_add_index(btid*, tp_domain*, db_identifier*, int, int, int) (network_interface_cl.c:6358)
==2007594== 
==2007594== Conditional jump or move depends on uninitialised value(s)
==2007594==    at 0x4851B8A: memmove (vg_replace_strmem.c:1414)
==2007594==    by 0x56D1328: prior_lsa_copy_redo_data_to_node(log_prior_node*, int, char const*) (log_append.cpp:539)
==2007594==    by 0x56D26F8: prior_lsa_gen_undoredo_record_from_crumbs(cubthread::entry*, log_prior_node*, LOG_RCVINDEX, log_data_addr*, int, log_crumb const*, int, log_crumb const*) (log_append.cpp:1019)
==2007594==    by 0x56D10ED: prior_lsa_alloc_and_copy_crumbs(cubthread::entry*, log_rectype, LOG_RCVINDEX, log_data_addr*, int, log_crumb const*, int, log_crumb const*) (log_append.cpp:447)
==2007594==    by 0x56D8D95: log_append_undoredo_crumbs(cubthread::entry*, LOG_RCVINDEX, log_data_addr*, int, int, log_crumb const*, log_crumb const*) (log_manager.c:2231)
==2007594==    by 0x56D8811: log_append_undoredo_data2(cubthread::entry*, LOG_RCVINDEX, vfid const*, char*, short, int, int, void const*, void const*) (log_manager.c:2011)
==2007594==    by 0x58CEA53: pgbuf_log_new_page(cubthread::entry*, char*, int, PAGE_TYPE) (page_buffer.c:14986)
==2007594==    by 0x5836FCC: file_create(cubthread::entry*, FILE_TYPE, file_tablespace*, file_descriptors*, bool, bool, vfid*) (file_manager.c:3812)
==2007594==    by 0x5834AFB: file_create_with_npages(cubthread::entry*, FILE_TYPE, int, file_descriptors*, vfid*) (file_manager.c:3094)
==2007594==    by 0x57BA16F: btree_create_file(cubthread::entry*, db_identifier const*, int, btid*) (btree.c:36601)
==2007594==    by 0x5763555: xbtree_add_index(cubthread::entry*, btid*, tp_domain*, db_identifier*, int, int, long long, long long, long long, int) (btree.c:5861)
==2007594==    by 0x505859A: btree_add_index(btid*, tp_domain*, db_identifier*, int, int, int) (network_interface_cl.c:6358)
==2007594== 
==2007594== Conditional jump or move depends on uninitialised value(s)
==2007594==    at 0x4851D37: memmove (vg_replace_strmem.c:1414)
==2007594==    by 0x56D1328: prior_lsa_copy_redo_data_to_node(log_prior_node*, int, char const*) (log_append.cpp:539)
==2007594==    by 0x56D26F8: prior_lsa_gen_undoredo_record_from_crumbs(cubthread::entry*, log_prior_node*, LOG_RCVINDEX, log_data_addr*, int, log_crumb const*, int, log_crumb const*) (log_append.cpp:1019)
==2007594==    by 0x56D10ED: prior_lsa_alloc_and_copy_crumbs(cubthread::entry*, log_rectype, LOG_RCVINDEX, log_data_addr*, int, log_crumb const*, int, log_crumb const*) (log_append.cpp:447)
==2007594==    by 0x56D8D95: log_append_undoredo_crumbs(cubthread::entry*, LOG_RCVINDEX, log_data_addr*, int, int, log_crumb const*, log_crumb const*) (log_manager.c:2231)
==2007594==    by 0x56D8811: log_append_undoredo_data2(cubthread::entry*, LOG_RCVINDEX, vfid const*, char*, short, int, int, void const*, void const*) (log_manager.c:2011)
==2007594==    by 0x58CEA53: pgbuf_log_new_page(cubthread::entry*, char*, int, PAGE_TYPE) (page_buffer.c:14986)
==2007594==    by 0x5836FCC: file_create(cubthread::entry*, FILE_TYPE, file_tablespace*, file_descriptors*, bool, bool, vfid*) (file_manager.c:3812)
==2007594==    by 0x5834AFB: file_create_with_npages(cubthread::entry*, FILE_TYPE, int, file_descriptors*, vfid*) (file_manager.c:3094)
==2007594==    by 0x57BA16F: btree_create_file(cubthread::entry*, db_identifier const*, int, btid*) (btree.c:36601)
==2007594==    by 0x5763555: xbtree_add_index(cubthread::entry*, btid*, tp_domain*, db_identifier*, int, int, long long, long long, long long, int) (btree.c:5861)
==2007594==    by 0x505859A: btree_add_index(btid*, tp_domain*, db_identifier*, int, int, int) (network_interface_cl.c:6358)
==2007594== 
==2007594== Conditional jump or move depends on uninitialised value(s)
==2007594==    at 0x4851C0B: memmove (vg_replace_strmem.c:1414)
==2007594==    by 0x56D1328: prior_lsa_copy_redo_data_to_node(log_prior_node*, int, char const*) (log_append.cpp:539)
==2007594==    by 0x56D26F8: prior_lsa_gen_undoredo_record_from_crumbs(cubthread::entry*, log_prior_node*, LOG_RCVINDEX, log_data_addr*, int, log_crumb const*, int, log_crumb const*) (log_append.cpp:1019)
==2007594==    by 0x56D10ED: prior_lsa_alloc_and_copy_crumbs(cubthread::entry*, log_rectype, LOG_RCVINDEX, log_data_addr*, int, log_crumb const*, int, log_crumb const*) (log_append.cpp:447)
==2007594==    by 0x56D8D95: log_append_undoredo_crumbs(cubthread::entry*, LOG_RCVINDEX, log_data_addr*, int, int, log_crumb const*, log_crumb const*) (log_manager.c:2231)
==2007594==    by 0x56D8811: log_append_undoredo_data2(cubthread::entry*, LOG_RCVINDEX, vfid const*, char*, short, int, int, void const*, void const*) (log_manager.c:2011)
==2007594==    by 0x58CEA53: pgbuf_log_new_page(cubthread::entry*, char*, int, PAGE_TYPE) (page_buffer.c:14986)
==2007594==    by 0x5836FCC: file_create(cubthread::entry*, FILE_TYPE, file_tablespace*, file_descriptors*, bool, bool, vfid*) (file_manager.c:3812)
==2007594==    by 0x5834AFB: file_create_with_npages(cubthread::entry*, FILE_TYPE, int, file_descriptors*, vfid*) (file_manager.c:3094)
==2007594==    by 0x57BA16F: btree_create_file(cubthread::entry*, db_identifier const*, int, btid*) (btree.c:36601)
==2007594==    by 0x5763555: xbtree_add_index(cubthread::entry*, btid*, tp_domain*, db_identifier*, int, int, long long, long long, long long, int) (btree.c:5861)
==2007594==    by 0x505859A: btree_add_index(btid*, tp_domain*, db_identifier*, int, int, int) (network_interface_cl.c:6358)
==2007594== 
==2007594== Conditional jump or move depends on uninitialised value(s)
==2007594==    at 0x4851C5D: memmove (vg_replace_strmem.c:1414)
==2007594==    by 0x56D1328: prior_lsa_copy_redo_data_to_node(log_prior_node*, int, char const*) (log_append.cpp:539)
==2007594==    by 0x56D26F8: prior_lsa_gen_undoredo_record_from_crumbs(cubthread::entry*, log_prior_node*, LOG_RCVINDEX, log_data_addr*, int, log_crumb const*, int, log_crumb const*) (log_append.cpp:1019)
==2007594==    by 0x56D10ED: prior_lsa_alloc_and_copy_crumbs(cubthread::entry*, log_rectype, LOG_RCVINDEX, log_data_addr*, int, log_crumb const*, int, log_crumb const*) (log_append.cpp:447)
==2007594==    by 0x56D8D95: log_append_undoredo_crumbs(cubthread::entry*, LOG_RCVINDEX, log_data_addr*, int, int, log_crumb const*, log_crumb const*) (log_manager.c:2231)
==2007594==    by 0x56D8811: log_append_undoredo_data2(cubthread::entry*, LOG_RCVINDEX, vfid const*, char*, short, int, int, void const*, void const*) (log_manager.c:2011)
==2007594==    by 0x58CEA53: pgbuf_log_new_page(cubthread::entry*, char*, int, PAGE_TYPE) (page_buffer.c:14986)
==2007594==    by 0x5836FCC: file_create(cubthread::entry*, FILE_TYPE, file_tablespace*, file_descriptors*, bool, bool, vfid*) (file_manager.c:3812)
==2007594==    by 0x5834AFB: file_create_with_npages(cubthread::entry*, FILE_TYPE, int, file_descriptors*, vfid*) (file_manager.c:3094)
==2007594==    by 0x57BA16F: btree_create_file(cubthread::entry*, db_identifier const*, int, btid*) (btree.c:36601)
==2007594==    by 0x5763555: xbtree_add_index(cubthread::entry*, btid*, tp_domain*, db_identifier*, int, int, long long, long long, long long, int) (btree.c:5861)
==2007594==    by 0x505859A: btree_add_index(btid*, tp_domain*, db_identifier*, int, int, int) (network_interface_cl.c:6358)
==2007594== 
==2007594== Conditional jump or move depends on uninitialised value(s)
==2007594==    at 0x4851C73: memmove (vg_replace_strmem.c:1414)
==2007594==    by 0x56D1328: prior_lsa_copy_redo_data_to_node(log_prior_node*, int, char const*) (log_append.cpp:539)
==2007594==    by 0x56D26F8: prior_lsa_gen_undoredo_record_from_crumbs(cubthread::entry*, log_prior_node*, LOG_RCVINDEX, log_data_addr*, int, log_crumb const*, int, log_crumb const*) (log_append.cpp:1019)
==2007594==    by 0x56D10ED: prior_lsa_alloc_and_copy_crumbs(cubthread::entry*, log_rectype, LOG_RCVINDEX, log_data_addr*, int, log_crumb const*, int, log_crumb const*) (log_append.cpp:447)
==2007594==    by 0x56D8D95: log_append_undoredo_crumbs(cubthread::entry*, LOG_RCVINDEX, log_data_addr*, int, int, log_crumb const*, log_crumb const*) (log_manager.c:2231)
==2007594==    by 0x56D8811: log_append_undoredo_data2(cubthread::entry*, LOG_RCVINDEX, vfid const*, char*, short, int, int, void const*, void const*) (log_manager.c:2011)
==2007594==    by 0x58CEA53: pgbuf_log_new_page(cubthread::entry*, char*, int, PAGE_TYPE) (page_buffer.c:14986)
==2007594==    by 0x5836FCC: file_create(cubthread::entry*, FILE_TYPE, file_tablespace*, file_descriptors*, bool, bool, vfid*) (file_manager.c:3812)
==2007594==    by 0x5834AFB: file_create_with_npages(cubthread::entry*, FILE_TYPE, int, file_descriptors*, vfid*) (file_manager.c:3094)
==2007594==    by 0x57BA16F: btree_create_file(cubthread::entry*, db_identifier const*, int, btid*) (btree.c:36601)
==2007594==    by 0x5763555: xbtree_add_index(cubthread::entry*, btid*, tp_domain*, db_identifier*, int, int, long long, long long, long long, int) (btree.c:5861)
==2007594==    by 0x505859A: btree_add_index(btid*, tp_domain*, db_identifier*, int, int, int) (network_interface_cl.c:6358)
==2007594== 
==2007594== Use of uninitialised value of size 8
==2007594==    at 0x4851C8D: memmove (vg_replace_strmem.c:1414)
==2007594==    by 0x56D1328: prior_lsa_copy_redo_data_to_node(log_prior_node*, int, char const*) (log_append.cpp:539)
==2007594==    by 0x56D26F8: prior_lsa_gen_undoredo_record_from_crumbs(cubthread::entry*, log_prior_node*, LOG_RCVINDEX, log_data_addr*, int, log_crumb const*, int, log_crumb const*) (log_append.cpp:1019)
==2007594==    by 0x56D10ED: prior_lsa_alloc_and_copy_crumbs(cubthread::entry*, log_rectype, LOG_RCVINDEX, log_data_addr*, int, log_crumb const*, int, log_crumb const*) (log_append.cpp:447)
==2007594==    by 0x56D8D95: log_append_undoredo_crumbs(cubthread::entry*, LOG_RCVINDEX, log_data_addr*, int, int, log_crumb const*, log_crumb const*) (log_manager.c:2231)
==2007594==    by 0x56D8811: log_append_undoredo_data2(cubthread::entry*, LOG_RCVINDEX, vfid const*, char*, short, int, int, void const*, void const*) (log_manager.c:2011)
==2007594==    by 0x58CEA53: pgbuf_log_new_page(cubthread::entry*, char*, int, PAGE_TYPE) (page_buffer.c:14986)
==2007594==    by 0x5836FCC: file_create(cubthread::entry*, FILE_TYPE, file_tablespace*, file_descriptors*, bool, bool, vfid*) (file_manager.c:3812)
==2007594==    by 0x5834AFB: file_create_with_npages(cubthread::entry*, FILE_TYPE, int, file_descriptors*, vfid*) (file_manager.c:3094)
==2007594==    by 0x57BA16F: btree_create_file(cubthread::entry*, db_identifier const*, int, btid*) (btree.c:36601)
==2007594==    by 0x5763555: xbtree_add_index(cubthread::entry*, btid*, tp_domain*, db_identifier*, int, int, long long, long long, long long, int) (btree.c:5861)
==2007594==    by 0x505859A: btree_add_index(btid*, tp_domain*, db_identifier*, int, int, int) (network_interface_cl.c:6358)
==2007594== 
==2007594== Use of uninitialised value of size 8
==2007594==    at 0x4851C90: memmove (vg_replace_strmem.c:1414)
==2007594==    by 0x56D1328: prior_lsa_copy_redo_data_to_node(log_prior_node*, int, char const*) (log_append.cpp:539)
==2007594==    by 0x56D26F8: prior_lsa_gen_undoredo_record_from_crumbs(cubthread::entry*, log_prior_node*, LOG_RCVINDEX, log_data_addr*, int, log_crumb const*, int, log_crumb const*) (log_append.cpp:1019)
==2007594==    by 0x56D10ED: prior_lsa_alloc_and_copy_crumbs(cubthread::entry*, log_rectype, LOG_RCVINDEX, log_data_addr*, int, log_crumb const*, int, log_crumb const*) (log_append.cpp:447)
==2007594==    by 0x56D8D95: log_append_undoredo_crumbs(cubthread::entry*, LOG_RCVINDEX, log_data_addr*, int, int, log_crumb const*, log_crumb const*) (log_manager.c:2231)
==2007594==    by 0x56D8811: log_append_undoredo_data2(cubthread::entry*, LOG_RCVINDEX, vfid const*, char*, short, int, int, void const*, void const*) (log_manager.c:2011)
==2007594==    by 0x58CEA53: pgbuf_log_new_page(cubthread::entry*, char*, int, PAGE_TYPE) (page_buffer.c:14986)
==2007594==    by 0x5836FCC: file_create(cubthread::entry*, FILE_TYPE, file_tablespace*, file_descriptors*, bool, bool, vfid*) (file_manager.c:3812)
==2007594==    by 0x5834AFB: file_create_with_npages(cubthread::entry*, FILE_TYPE, int, file_descriptors*, vfid*) (file_manager.c:3094)
==2007594==    by 0x57BA16F: btree_create_file(cubthread::entry*, db_identifier const*, int, btid*) (btree.c:36601)
==2007594==    by 0x5763555: xbtree_add_index(cubthread::entry*, btid*, tp_domain*, db_identifier*, int, int, long long, long long, long long, int) (btree.c:5861)
==2007594==    by 0x505859A: btree_add_index(btid*, tp_domain*, db_identifier*, int, int, int) (network_interface_cl.c:6358)
==2007594== 
==2007594== Conditional jump or move depends on uninitialised value(s)
==2007594==    at 0x4851C9B: memmove (vg_replace_strmem.c:1414)
==2007594==    by 0x56D1328: prior_lsa_copy_redo_data_to_node(log_prior_node*, int, char const*) (log_append.cpp:539)
==2007594==    by 0x56D26F8: prior_lsa_gen_undoredo_record_from_crumbs(cubthread::entry*, log_prior_node*, LOG_RCVINDEX, log_data_addr*, int, log_crumb const*, int, log_crumb const*) (log_append.cpp:1019)
==2007594==    by 0x56D10ED: prior_lsa_alloc_and_copy_crumbs(cubthread::entry*, log_rectype, LOG_RCVINDEX, log_data_addr*, int, log_crumb const*, int, log_crumb const*) (log_append.cpp:447)
==2007594==    by 0x56D8D95: log_append_undoredo_crumbs(cubthread::entry*, LOG_RCVINDEX, log_data_addr*, int, int, log_crumb const*, log_crumb const*) (log_manager.c:2231)
==2007594==    by 0x56D8811: log_append_undoredo_data2(cubthread::entry*, LOG_RCVINDEX, vfid const*, char*, short, int, int, void const*, void const*) (log_manager.c:2011)
==2007594==    by 0x58CEA53: pgbuf_log_new_page(cubthread::entry*, char*, int, PAGE_TYPE) (page_buffer.c:14986)
==2007594==    by 0x5836FCC: file_create(cubthread::entry*, FILE_TYPE, file_tablespace*, file_descriptors*, bool, bool, vfid*) (file_manager.c:3812)
==2007594==    by 0x5834AFB: file_create_with_npages(cubthread::entry*, FILE_TYPE, int, file_descriptors*, vfid*) (file_manager.c:3094)
==2007594==    by 0x57BA16F: btree_create_file(cubthread::entry*, db_identifier const*, int, btid*) (btree.c:36601)
==2007594==    by 0x5763555: xbtree_add_index(cubthread::entry*, btid*, tp_domain*, db_identifier*, int, int, long long, long long, long long, int) (btree.c:5861)
==2007594==    by 0x505859A: btree_add_index(btid*, tp_domain*, db_identifier*, int, int, int) (network_interface_cl.c:6358)
==2007594== 
==2007594== Conditional jump or move depends on uninitialised value(s)
==2007594==    at 0x4851CB3: memmove (vg_replace_strmem.c:1414)
==2007594==    by 0x56D1328: prior_lsa_copy_redo_data_to_node(log_prior_node*, int, char const*) (log_append.cpp:539)
==2007594==    by 0x56D26F8: prior_lsa_gen_undoredo_record_from_crumbs(cubthread::entry*, log_prior_node*, LOG_RCVINDEX, log_data_addr*, int, log_crumb const*, int, log_crumb const*) (log_append.cpp:1019)
==2007594==    by 0x56D10ED: prior_lsa_alloc_and_copy_crumbs(cubthread::entry*, log_rectype, LOG_RCVINDEX, log_data_addr*, int, log_crumb const*, int, log_crumb const*) (log_append.cpp:447)
==2007594==    by 0x56D8D95: log_append_undoredo_crumbs(cubthread::entry*, LOG_RCVINDEX, log_data_addr*, int, int, log_crumb const*, log_crumb const*) (log_manager.c:2231)
==2007594==    by 0x56D8811: log_append_undoredo_data2(cubthread::entry*, LOG_RCVINDEX, vfid const*, char*, short, int, int, void const*, void const*) (log_manager.c:2011)
==2007594==    by 0x58CEA53: pgbuf_log_new_page(cubthread::entry*, char*, int, PAGE_TYPE) (page_buffer.c:14986)
==2007594==    by 0x5836FCC: file_create(cubthread::entry*, FILE_TYPE, file_tablespace*, file_descriptors*, bool, bool, vfid*) (file_manager.c:3812)
==2007594==    by 0x5834AFB: file_create_with_npages(cubthread::entry*, FILE_TYPE, int, file_descriptors*, vfid*) (file_manager.c:3094)
==2007594==    by 0x57BA16F: btree_create_file(cubthread::entry*, db_identifier const*, int, btid*) (btree.c:36601)
==2007594==    by 0x5763555: xbtree_add_index(cubthread::entry*, btid*, tp_domain*, db_identifier*, int, int, long long, long long, long long, int) (btree.c:5861)
==2007594==    by 0x505859A: btree_add_index(btid*, tp_domain*, db_identifier*, int, int, int) (network_interface_cl.c:6358)
==2007594== 
==2007594== Conditional jump or move depends on uninitialised value(s)
==2007594==    at 0x4851CC4: memmove (vg_replace_strmem.c:1414)
==2007594==    by 0x56D1328: prior_lsa_copy_redo_data_to_node(log_prior_node*, int, char const*) (log_append.cpp:539)
==2007594==    by 0x56D26F8: prior_lsa_gen_undoredo_record_from_crumbs(cubthread::entry*, log_prior_node*, LOG_RCVINDEX, log_data_addr*, int, log_crumb const*, int, log_crumb const*) (log_append.cpp:1019)
==2007594==    by 0x56D10ED: prior_lsa_alloc_and_copy_crumbs(cubthread::entry*, log_rectype, LOG_RCVINDEX, log_data_addr*, int, log_crumb const*, int, log_crumb const*) (log_append.cpp:447)
==2007594==    by 0x56D8D95: log_append_undoredo_crumbs(cubthread::entry*, LOG_RCVINDEX, log_data_addr*, int, int, log_crumb const*, log_crumb const*) (log_manager.c:2231)
==2007594==    by 0x56D8811: log_append_undoredo_data2(cubthread::entry*, LOG_RCVINDEX, vfid const*, char*, short, int, int, void const*, void const*) (log_manager.c:2011)
==2007594==    by 0x58CEA53: pgbuf_log_new_page(cubthread::entry*, char*, int, PAGE_TYPE) (page_buffer.c:14986)
==2007594==    by 0x5836FCC: file_create(cubthread::entry*, FILE_TYPE, file_tablespace*, file_descriptors*, bool, bool, vfid*) (file_manager.c:3812)
==2007594==    by 0x5834AFB: file_create_with_npages(cubthread::entry*, FILE_TYPE, int, file_descriptors*, vfid*) (file_manager.c:3094)
==2007594==    by 0x57BA16F: btree_create_file(cubthread::entry*, db_identifier const*, int, btid*) (btree.c:36601)
==2007594==    by 0x5763555: xbtree_add_index(cubthread::entry*, btid*, tp_domain*, db_identifier*, int, int, long long, long long, long long, int) (btree.c:5861)
==2007594==    by 0x505859A: btree_add_index(btid*, tp_domain*, db_identifier*, int, int, int) (network_interface_cl.c:6358)
==2007594== 
==2007594== Use of uninitialised value of size 8
==2007594==    at 0x4851CE0: memmove (vg_replace_strmem.c:1414)
==2007594==    by 0x56D1328: prior_lsa_copy_redo_data_to_node(log_prior_node*, int, char const*) (log_append.cpp:539)
==2007594==    by 0x56D26F8: prior_lsa_gen_undoredo_record_from_crumbs(cubthread::entry*, log_prior_node*, LOG_RCVINDEX, log_data_addr*, int, log_crumb const*, int, log_crumb const*) (log_append.cpp:1019)
==2007594==    by 0x56D10ED: prior_lsa_alloc_and_copy_crumbs(cubthread::entry*, log_rectype, LOG_RCVINDEX, log_data_addr*, int, log_crumb const*, int, log_crumb const*) (log_append.cpp:447)
==2007594==    by 0x56D8D95: log_append_undoredo_crumbs(cubthread::entry*, LOG_RCVINDEX, log_data_addr*, int, int, log_crumb const*, log_crumb const*) (log_manager.c:2231)
==2007594==    by 0x56D8811: log_append_undoredo_data2(cubthread::entry*, LOG_RCVINDEX, vfid const*, char*, short, int, int, void const*, void const*) (log_manager.c:2011)
==2007594==    by 0x58CEA53: pgbuf_log_new_page(cubthread::entry*, char*, int, PAGE_TYPE) (page_buffer.c:14986)
==2007594==    by 0x5836FCC: file_create(cubthread::entry*, FILE_TYPE, file_tablespace*, file_descriptors*, bool, bool, vfid*) (file_manager.c:3812)
==2007594==    by 0x5834AFB: file_create_with_npages(cubthread::entry*, FILE_TYPE, int, file_descriptors*, vfid*) (file_manager.c:3094)
==2007594==    by 0x57BA16F: btree_create_file(cubthread::entry*, db_identifier const*, int, btid*) (btree.c:36601)
==2007594==    by 0x5763555: xbtree_add_index(cubthread::entry*, btid*, tp_domain*, db_identifier*, int, int, long long, long long, long long, int) (btree.c:5861)
==2007594==    by 0x505859A: btree_add_index(btid*, tp_domain*, db_identifier*, int, int, int) (network_interface_cl.c:6358)
==2007594== 
==2007594== Use of uninitialised value of size 8
==2007594==    at 0x4851CE3: memmove (vg_replace_strmem.c:1414)
==2007594==    by 0x56D1328: prior_lsa_copy_redo_data_to_node(log_prior_node*, int, char const*) (log_append.cpp:539)
==2007594==    by 0x56D26F8: prior_lsa_gen_undoredo_record_from_crumbs(cubthread::entry*, log_prior_node*, LOG_RCVINDEX, log_data_addr*, int, log_crumb const*, int, log_crumb const*) (log_append.cpp:1019)
==2007594==    by 0x56D10ED: prior_lsa_alloc_and_copy_crumbs(cubthread::entry*, log_rectype, LOG_RCVINDEX, log_data_addr*, int, log_crumb const*, int, log_crumb const*) (log_append.cpp:447)
==2007594==    by 0x56D8D95: log_append_undoredo_crumbs(cubthread::entry*, LOG_RCVINDEX, log_data_addr*, int, int, log_crumb const*, log_crumb const*) (log_manager.c:2231)
==2007594==    by 0x56D8811: log_append_undoredo_data2(cubthread::entry*, LOG_RCVINDEX, vfid const*, char*, short, int, int, void const*, void const*) (log_manager.c:2011)
==2007594==    by 0x58CEA53: pgbuf_log_new_page(cubthread::entry*, char*, int, PAGE_TYPE) (page_buffer.c:14986)
==2007594==    by 0x5836FCC: file_create(cubthread::entry*, FILE_TYPE, file_tablespace*, file_descriptors*, bool, bool, vfid*) (file_manager.c:3812)
==2007594==    by 0x5834AFB: file_create_with_npages(cubthread::entry*, FILE_TYPE, int, file_descriptors*, vfid*) (file_manager.c:3094)
==2007594==    by 0x57BA16F: btree_create_file(cubthread::entry*, db_identifier const*, int, btid*) (btree.c:36601)
==2007594==    by 0x5763555: xbtree_add_index(cubthread::entry*, btid*, tp_domain*, db_identifier*, int, int, long long, long long, long long, int) (btree.c:5861)
==2007594==    by 0x505859A: btree_add_index(btid*, tp_domain*, db_identifier*, int, int, int) (network_interface_cl.c:6358)
==2007594== 
==2007594== Conditional jump or move depends on uninitialised value(s)
==2007594==    at 0x4851CEF: memmove (vg_replace_strmem.c:1414)
==2007594==    by 0x56D1328: prior_lsa_copy_redo_data_to_node(log_prior_node*, int, char const*) (log_append.cpp:539)
==2007594==    by 0x56D26F8: prior_lsa_gen_undoredo_record_from_crumbs(cubthread::entry*, log_prior_node*, LOG_RCVINDEX, log_data_addr*, int, log_crumb const*, int, log_crumb const*) (log_append.cpp:1019)
==2007594==    by 0x56D10ED: prior_lsa_alloc_and_copy_crumbs(cubthread::entry*, log_rectype, LOG_RCVINDEX, log_data_addr*, int, log_crumb const*, int, log_crumb const*) (log_append.cpp:447)
==2007594==    by 0x56D8D95: log_append_undoredo_crumbs(cubthread::entry*, LOG_RCVINDEX, log_data_addr*, int, int, log_crumb const*, log_crumb const*) (log_manager.c:2231)
==2007594==    by 0x56D8811: log_append_undoredo_data2(cubthread::entry*, LOG_RCVINDEX, vfid const*, char*, short, int, int, void const*, void const*) (log_manager.c:2011)
==2007594==    by 0x58CEA53: pgbuf_log_new_page(cubthread::entry*, char*, int, PAGE_TYPE) (page_buffer.c:14986)
==2007594==    by 0x5836FCC: file_create(cubthread::entry*, FILE_TYPE, file_tablespace*, file_descriptors*, bool, bool, vfid*) (file_manager.c:3812)
==2007594==    by 0x5834AFB: file_create_with_npages(cubthread::entry*, FILE_TYPE, int, file_descriptors*, vfid*) (file_manager.c:3094)
==2007594==    by 0x57BA16F: btree_create_file(cubthread::entry*, db_identifier const*, int, btid*) (btree.c:36601)
==2007594==    by 0x5763555: xbtree_add_index(cubthread::entry*, btid*, tp_domain*, db_identifier*, int, int, long long, long long, long long, int) (btree.c:5861)
==2007594==    by 0x505859A: btree_add_index(btid*, tp_domain*, db_identifier*, int, int, int) (network_interface_cl.c:6358)
==2007594== 
==2007594== Conditional jump or move depends on uninitialised value(s)
==2007594==    at 0x4851D01: memmove (vg_replace_strmem.c:1414)
==2007594==    by 0x56D1328: prior_lsa_copy_redo_data_to_node(log_prior_node*, int, char const*) (log_append.cpp:539)
==2007594==    by 0x56D26F8: prior_lsa_gen_undoredo_record_from_crumbs(cubthread::entry*, log_prior_node*, LOG_RCVINDEX, log_data_addr*, int, log_crumb const*, int, log_crumb const*) (log_append.cpp:1019)
==2007594==    by 0x56D10ED: prior_lsa_alloc_and_copy_crumbs(cubthread::entry*, log_rectype, LOG_RCVINDEX, log_data_addr*, int, log_crumb const*, int, log_crumb const*) (log_append.cpp:447)
==2007594==    by 0x56D8D95: log_append_undoredo_crumbs(cubthread::entry*, LOG_RCVINDEX, log_data_addr*, int, int, log_crumb const*, log_crumb const*) (log_manager.c:2231)
==2007594==    by 0x56D8811: log_append_undoredo_data2(cubthread::entry*, LOG_RCVINDEX, vfid const*, char*, short, int, int, void const*, void const*) (log_manager.c:2011)
==2007594==    by 0x58CEA53: pgbuf_log_new_page(cubthread::entry*, char*, int, PAGE_TYPE) (page_buffer.c:14986)
==2007594==    by 0x5836FCC: file_create(cubthread::entry*, FILE_TYPE, file_tablespace*, file_descriptors*, bool, bool, vfid*) (file_manager.c:3812)
==2007594==    by 0x5834AFB: file_create_with_npages(cubthread::entry*, FILE_TYPE, int, file_descriptors*, vfid*) (file_manager.c:3094)
==2007594==    by 0x57BA16F: btree_create_file(cubthread::entry*, db_identifier const*, int, btid*) (btree.c:36601)
==2007594==    by 0x5763555: xbtree_add_index(cubthread::entry*, btid*, tp_domain*, db_identifier*, int, int, long long, long long, long long, int) (btree.c:5861)
==2007594==    by 0x505859A: btree_add_index(btid*, tp_domain*, db_identifier*, int, int, int) (network_interface_cl.c:6358)
==2007594== 
==2007594== Conditional jump or move depends on uninitialised value(s)
==2007594==    at 0x56D368C: prior_lsa_next_record_internal(cubthread::entry*, log_prior_node*, log_tdes*, int) (log_append.cpp:1498)
==2007594==    by 0x56D37FE: prior_lsa_next_record(cubthread::entry*, log_prior_node*, log_tdes*) (log_append.cpp:1557)
==2007594==    by 0x56D8F48: log_append_undoredo_crumbs(cubthread::entry*, LOG_RCVINDEX, log_data_addr*, int, int, log_crumb const*, log_crumb const*) (log_manager.c:2250)
==2007594==    by 0x56D8811: log_append_undoredo_data2(cubthread::entry*, LOG_RCVINDEX, vfid const*, char*, short, int, int, void const*, void const*) (log_manager.c:2011)
==2007594==    by 0x58CEA53: pgbuf_log_new_page(cubthread::entry*, char*, int, PAGE_TYPE) (page_buffer.c:14986)
==2007594==    by 0x5836FCC: file_create(cubthread::entry*, FILE_TYPE, file_tablespace*, file_descriptors*, bool, bool, vfid*) (file_manager.c:3812)
==2007594==    by 0x5834AFB: file_create_with_npages(cubthread::entry*, FILE_TYPE, int, file_descriptors*, vfid*) (file_manager.c:3094)
==2007594==    by 0x57BA16F: btree_create_file(cubthread::entry*, db_identifier const*, int, btid*) (btree.c:36601)
==2007594==    by 0x5763555: xbtree_add_index(cubthread::entry*, btid*, tp_domain*, db_identifier*, int, int, long long, long long, long long, int) (btree.c:5861)
==2007594==    by 0x505859A: btree_add_index(btid*, tp_domain*, db_identifier*, int, int, int) (network_interface_cl.c:6358)
==2007594==    by 0x51BDD65: allocate_index(db_object*, sm_class*, db_objlist*, sm_class_constraint*) (schema_manager.c:10885)
==2007594==    by 0x51BE990: allocate_unique_constraint(db_object*, sm_class*, sm_class_constraint*, db_objlist*, sm_template*) (schema_manager.c:11308)
==2007594== 
==2007594== Conditional jump or move depends on uninitialised value(s)
==2007594==    at 0x56D3ACC: prior_lsa_append_data(int) (log_append.cpp:1669)
==2007594==    by 0x56D369B: prior_lsa_next_record_internal(cubthread::entry*, log_prior_node*, log_tdes*, int) (log_append.cpp:1500)
==2007594==    by 0x56D37FE: prior_lsa_next_record(cubthread::entry*, log_prior_node*, log_tdes*) (log_append.cpp:1557)
==2007594==    by 0x56D8F48: log_append_undoredo_crumbs(cubthread::entry*, LOG_RCVINDEX, log_data_addr*, int, int, log_crumb const*, log_crumb const*) (log_manager.c:2250)
==2007594==    by 0x56D8811: log_append_undoredo_data2(cubthread::entry*, LOG_RCVINDEX, vfid const*, char*, short, int, int, void const*, void const*) (log_manager.c:2011)
==2007594==    by 0x58CEA53: pgbuf_log_new_page(cubthread::entry*, char*, int, PAGE_TYPE) (page_buffer.c:14986)
==2007594==    by 0x5836FCC: file_create(cubthread::entry*, FILE_TYPE, file_tablespace*, file_descriptors*, bool, bool, vfid*) (file_manager.c:3812)
==2007594==    by 0x5834AFB: file_create_with_npages(cubthread::entry*, FILE_TYPE, int, file_descriptors*, vfid*) (file_manager.c:3094)
==2007594==    by 0x57BA16F: btree_create_file(cubthread::entry*, db_identifier const*, int, btid*) (btree.c:36601)
==2007594==    by 0x5763555: xbtree_add_index(cubthread::entry*, btid*, tp_domain*, db_identifier*, int, int, long long, long long, long long, int) (btree.c:5861)
==2007594==    by 0x505859A: btree_add_index(btid*, tp_domain*, db_identifier*, int, int, int) (network_interface_cl.c:6358)
==2007594==    by 0x51BDD65: allocate_index(db_object*, sm_class*, db_objlist*, sm_class_constraint*) (schema_manager.c:10885)
==2007594== 
==2007594== Conditional jump or move depends on uninitialised value(s)
==2007594==    at 0x56D3AF9: prior_lsa_append_data(int) (log_append.cpp:1684)
==2007594==    by 0x56D369B: prior_lsa_next_record_internal(cubthread::entry*, log_prior_node*, log_tdes*, int) (log_append.cpp:1500)
==2007594==    by 0x56D37FE: prior_lsa_next_record(cubthread::entry*, log_prior_node*, log_tdes*) (log_append.cpp:1557)
==2007594==    by 0x56D8F48: log_append_undoredo_crumbs(cubthread::entry*, LOG_RCVINDEX, log_data_addr*, int, int, log_crumb const*, log_crumb const*) (log_manager.c:2250)
==2007594==    by 0x56D8811: log_append_undoredo_data2(cubthread::entry*, LOG_RCVINDEX, vfid const*, char*, short, int, int, void const*, void const*) (log_manager.c:2011)
==2007594==    by 0x58CEA53: pgbuf_log_new_page(cubthread::entry*, char*, int, PAGE_TYPE) (page_buffer.c:14986)
==2007594==    by 0x5836FCC: file_create(cubthread::entry*, FILE_TYPE, file_tablespace*, file_descriptors*, bool, bool, vfid*) (file_manager.c:3812)
==2007594==    by 0x5834AFB: file_create_with_npages(cubthread::entry*, FILE_TYPE, int, file_descriptors*, vfid*) (file_manager.c:3094)
==2007594==    by 0x57BA16F: btree_create_file(cubthread::entry*, db_identifier const*, int, btid*) (btree.c:36601)
==2007594==    by 0x5763555: xbtree_add_index(cubthread::entry*, btid*, tp_domain*, db_identifier*, int, int, long long, long long, long long, int) (btree.c:5861)
==2007594==    by 0x505859A: btree_add_index(btid*, tp_domain*, db_identifier*, int, int, int) (network_interface_cl.c:6358)
==2007594==    by 0x51BDD65: allocate_index(db_object*, sm_class*, db_objlist*, sm_class_constraint*) (schema_manager.c:10885)
==2007594== 
==2007594== Conditional jump or move depends on uninitialised value(s)
==2007594==    at 0x56D3D33: log_prior_lsa_append_align() (log_append.cpp:1896)
==2007594==    by 0x56D3BEB: prior_lsa_append_data(int) (log_append.cpp:1723)
==2007594==    by 0x56D369B: prior_lsa_next_record_internal(cubthread::entry*, log_prior_node*, log_tdes*, int) (log_append.cpp:1500)
==2007594==    by 0x56D37FE: prior_lsa_next_record(cubthread::entry*, log_prior_node*, log_tdes*) (log_append.cpp:1557)
==2007594==    by 0x56D8F48: log_append_undoredo_crumbs(cubthread::entry*, LOG_RCVINDEX, log_data_addr*, int, int, log_crumb const*, log_crumb const*) (log_manager.c:2250)
==2007594==    by 0x56D8811: log_append_undoredo_data2(cubthread::entry*, LOG_RCVINDEX, vfid const*, char*, short, int, int, void const*, void const*) (log_manager.c:2011)
==2007594==    by 0x58CEA53: pgbuf_log_new_page(cubthread::entry*, char*, int, PAGE_TYPE) (page_buffer.c:14986)
==2007594==    by 0x5836FCC: file_create(cubthread::entry*, FILE_TYPE, file_tablespace*, file_descriptors*, bool, bool, vfid*) (file_manager.c:3812)
==2007594==    by 0x5834AFB: file_create_with_npages(cubthread::entry*, FILE_TYPE, int, file_descriptors*, vfid*) (file_manager.c:3094)
==2007594==    by 0x57BA16F: btree_create_file(cubthread::entry*, db_identifier const*, int, btid*) (btree.c:36601)
==2007594==    by 0x5763555: xbtree_add_index(cubthread::entry*, btid*, tp_domain*, db_identifier*, int, int, long long, long long, long long, int) (btree.c:5861)
==2007594==    by 0x505859A: btree_add_index(btid*, tp_domain*, db_identifier*, int, int, int) (network_interface_cl.c:6358)
==2007594== 
==2007594== Conditional jump or move depends on uninitialised value(s)
==2007594==    at 0x56D3D9F: log_prior_lsa_append_align() (log_append.cpp:1899)
==2007594==    by 0x56D3BEB: prior_lsa_append_data(int) (log_append.cpp:1723)
==2007594==    by 0x56D369B: prior_lsa_next_record_internal(cubthread::entry*, log_prior_node*, log_tdes*, int) (log_append.cpp:1500)
==2007594==    by 0x56D37FE: prior_lsa_next_record(cubthread::entry*, log_prior_node*, log_tdes*) (log_append.cpp:1557)
==2007594==    by 0x56D8F48: log_append_undoredo_crumbs(cubthread::entry*, LOG_RCVINDEX, log_data_addr*, int, int, log_crumb const*, log_crumb const*) (log_manager.c:2250)
==2007594==    by 0x56D8811: log_append_undoredo_data2(cubthread::entry*, LOG_RCVINDEX, vfid const*, char*, short, int, int, void const*, void const*) (log_manager.c:2011)
==2007594==    by 0x58CEA53: pgbuf_log_new_page(cubthread::entry*, char*, int, PAGE_TYPE) (page_buffer.c:14986)
==2007594==    by 0x5836FCC: file_create(cubthread::entry*, FILE_TYPE, file_tablespace*, file_descriptors*, bool, bool, vfid*) (file_manager.c:3812)
==2007594==    by 0x5834AFB: file_create_with_npages(cubthread::entry*, FILE_TYPE, int, file_descriptors*, vfid*) (file_manager.c:3094)
==2007594==    by 0x57BA16F: btree_create_file(cubthread::entry*, db_identifier const*, int, btid*) (btree.c:36601)
==2007594==    by 0x5763555: xbtree_add_index(cubthread::entry*, btid*, tp_domain*, db_identifier*, int, int, long long, long long, long long, int) (btree.c:5861)
==2007594==    by 0x505859A: btree_add_index(btid*, tp_domain*, db_identifier*, int, int, int) (network_interface_cl.c:6358)
==2007594== 
==2007594== Conditional jump or move depends on uninitialised value(s)
==2007594==    at 0x56D3D33: log_prior_lsa_append_align() (log_append.cpp:1896)
==2007594==    by 0x56D3A91: prior_lsa_end_append(cubthread::entry*, log_prior_node*) (log_append.cpp:1656)
==2007594==    by 0x56D36AE: prior_lsa_next_record_internal(cubthread::entry*, log_prior_node*, log_tdes*, int) (log_append.cpp:1504)
==2007594==    by 0x56D37FE: prior_lsa_next_record(cubthread::entry*, log_prior_node*, log_tdes*) (log_append.cpp:1557)
==2007594==    by 0x56D8F48: log_append_undoredo_crumbs(cubthread::entry*, LOG_RCVINDEX, log_data_addr*, int, int, log_crumb const*, log_crumb const*) (log_manager.c:2250)
==2007594==    by 0x56D8811: log_append_undoredo_data2(cubthread::entry*, LOG_RCVINDEX, vfid const*, char*, short, int, int, void const*, void const*) (log_manager.c:2011)
==2007594==    by 0x58CEA53: pgbuf_log_new_page(cubthread::entry*, char*, int, PAGE_TYPE) (page_buffer.c:14986)
==2007594==    by 0x5836FCC: file_create(cubthread::entry*, FILE_TYPE, file_tablespace*, file_descriptors*, bool, bool, vfid*) (file_manager.c:3812)
==2007594==    by 0x5834AFB: file_create_with_npages(cubthread::entry*, FILE_TYPE, int, file_descriptors*, vfid*) (file_manager.c:3094)
==2007594==    by 0x57BA16F: btree_create_file(cubthread::entry*, db_identifier const*, int, btid*) (btree.c:36601)
==2007594==    by 0x5763555: xbtree_add_index(cubthread::entry*, btid*, tp_domain*, db_identifier*, int, int, long long, long long, long long, int) (btree.c:5861)
==2007594==    by 0x505859A: btree_add_index(btid*, tp_domain*, db_identifier*, int, int, int) (network_interface_cl.c:6358)
==2007594== 
==2007594== Conditional jump or move depends on uninitialised value(s)
==2007594==    at 0x56D3D9F: log_prior_lsa_append_align() (log_append.cpp:1899)
==2007594==    by 0x56D3A91: prior_lsa_end_append(cubthread::entry*, log_prior_node*) (log_append.cpp:1656)
==2007594==    by 0x56D36AE: prior_lsa_next_record_internal(cubthread::entry*, log_prior_node*, log_tdes*, int) (log_append.cpp:1504)
==2007594==    by 0x56D37FE: prior_lsa_next_record(cubthread::entry*, log_prior_node*, log_tdes*) (log_append.cpp:1557)
==2007594==    by 0x56D8F48: log_append_undoredo_crumbs(cubthread::entry*, LOG_RCVINDEX, log_data_addr*, int, int, log_crumb const*, log_crumb const*) (log_manager.c:2250)
==2007594==    by 0x56D8811: log_append_undoredo_data2(cubthread::entry*, LOG_RCVINDEX, vfid const*, char*, short, int, int, void const*, void const*) (log_manager.c:2011)
==2007594==    by 0x58CEA53: pgbuf_log_new_page(cubthread::entry*, char*, int, PAGE_TYPE) (page_buffer.c:14986)
==2007594==    by 0x5836FCC: file_create(cubthread::entry*, FILE_TYPE, file_tablespace*, file_descriptors*, bool, bool, vfid*) (file_manager.c:3812)
==2007594==    by 0x5834AFB: file_create_with_npages(cubthread::entry*, FILE_TYPE, int, file_descriptors*, vfid*) (file_manager.c:3094)
==2007594==    by 0x57BA16F: btree_create_file(cubthread::entry*, db_identifier const*, int, btid*) (btree.c:36601)
==2007594==    by 0x5763555: xbtree_add_index(cubthread::entry*, btid*, tp_domain*, db_identifier*, int, int, long long, long long, long long, int) (btree.c:5861)
==2007594==    by 0x505859A: btree_add_index(btid*, tp_domain*, db_identifier*, int, int, int) (network_interface_cl.c:6358)
==2007594== 
==2007594== Conditional jump or move depends on uninitialised value(s)
==2007594==    at 0x56D3E16: log_prior_lsa_append_advance_when_doesnot_fit(unsigned long) (log_append.cpp:1909)
==2007594==    by 0x56D3A9B: prior_lsa_end_append(cubthread::entry*, log_prior_node*) (log_append.cpp:1657)
==2007594==    by 0x56D36AE: prior_lsa_next_record_internal(cubthread::entry*, log_prior_node*, log_tdes*, int) (log_append.cpp:1504)
==2007594==    by 0x56D37FE: prior_lsa_next_record(cubthread::entry*, log_prior_node*, log_tdes*) (log_append.cpp:1557)
==2007594==    by 0x56D8F48: log_append_undoredo_crumbs(cubthread::entry*, LOG_RCVINDEX, log_data_addr*, int, int, log_crumb const*, log_crumb const*) (log_manager.c:2250)
==2007594==    by 0x56D8811: log_append_undoredo_data2(cubthread::entry*, LOG_RCVINDEX, vfid const*, char*, short, int, int, void const*, void const*) (log_manager.c:2011)
==2007594==    by 0x58CEA53: pgbuf_log_new_page(cubthread::entry*, char*, int, PAGE_TYPE) (page_buffer.c:14986)
==2007594==    by 0x5836FCC: file_create(cubthread::entry*, FILE_TYPE, file_tablespace*, file_descriptors*, bool, bool, vfid*) (file_manager.c:3812)
==2007594==    by 0x5834AFB: file_create_with_npages(cubthread::entry*, FILE_TYPE, int, file_descriptors*, vfid*) (file_manager.c:3094)
==2007594==    by 0x57BA16F: btree_create_file(cubthread::entry*, db_identifier const*, int, btid*) (btree.c:36601)
==2007594==    by 0x5763555: xbtree_add_index(cubthread::entry*, btid*, tp_domain*, db_identifier*, int, int, long long, long long, long long, int) (btree.c:5861)
==2007594==    by 0x505859A: btree_add_index(btid*, tp_domain*, db_identifier*, int, int, int) (network_interface_cl.c:6358)
==2007594== 
==2007594== Conditional jump or move depends on uninitialised value(s)
==2007594==    at 0x56D3E6B: log_prior_lsa_append_advance_when_doesnot_fit(unsigned long) (log_append.cpp:1911)
==2007594==    by 0x56D3A9B: prior_lsa_end_append(cubthread::entry*, log_prior_node*) (log_append.cpp:1657)
==2007594==    by 0x56D36AE: prior_lsa_next_record_internal(cubthread::entry*, log_prior_node*, log_tdes*, int) (log_append.cpp:1504)
==2007594==    by 0x56D37FE: prior_lsa_next_record(cubthread::entry*, log_prior_node*, log_tdes*) (log_append.cpp:1557)
==2007594==    by 0x56D8F48: log_append_undoredo_crumbs(cubthread::entry*, LOG_RCVINDEX, log_data_addr*, int, int, log_crumb const*, log_crumb const*) (log_manager.c:2250)
==2007594==    by 0x56D8811: log_append_undoredo_data2(cubthread::entry*, LOG_RCVINDEX, vfid const*, char*, short, int, int, void const*, void const*) (log_manager.c:2011)
==2007594==    by 0x58CEA53: pgbuf_log_new_page(cubthread::entry*, char*, int, PAGE_TYPE) (page_buffer.c:14986)
==2007594==    by 0x5836FCC: file_create(cubthread::entry*, FILE_TYPE, file_tablespace*, file_descriptors*, bool, bool, vfid*) (file_manager.c:3812)
==2007594==    by 0x5834AFB: file_create_with_npages(cubthread::entry*, FILE_TYPE, int, file_descriptors*, vfid*) (file_manager.c:3094)
==2007594==    by 0x57BA16F: btree_create_file(cubthread::entry*, db_identifier const*, int, btid*) (btree.c:36601)
==2007594==    by 0x5763555: xbtree_add_index(cubthread::entry*, btid*, tp_domain*, db_identifier*, int, int, long long, long long, long long, int) (btree.c:5861)
==2007594==    by 0x505859A: btree_add_index(btid*, tp_domain*, db_identifier*, int, int, int) (network_interface_cl.c:6358)
==2007594== 
==2007594== Conditional jump or move depends on uninitialised value(s)
==2007594==    at 0x56D377A: prior_lsa_next_record_internal(cubthread::entry*, log_prior_node*, log_tdes*, int) (log_append.cpp:1524)
==2007594==    by 0x56D37FE: prior_lsa_next_record(cubthread::entry*, log_prior_node*, log_tdes*) (log_append.cpp:1557)
==2007594==    by 0x56D8F48: log_append_undoredo_crumbs(cubthread::entry*, LOG_RCVINDEX, log_data_addr*, int, int, log_crumb const*, log_crumb const*) (log_manager.c:2250)
==2007594==    by 0x56D8811: log_append_undoredo_data2(cubthread::entry*, LOG_RCVINDEX, vfid const*, char*, short, int, int, void const*, void const*) (log_manager.c:2011)
==2007594==    by 0x58CEA53: pgbuf_log_new_page(cubthread::entry*, char*, int, PAGE_TYPE) (page_buffer.c:14986)
==2007594==    by 0x5836FCC: file_create(cubthread::entry*, FILE_TYPE, file_tablespace*, file_descriptors*, bool, bool, vfid*) (file_manager.c:3812)
==2007594==    by 0x5834AFB: file_create_with_npages(cubthread::entry*, FILE_TYPE, int, file_descriptors*, vfid*) (file_manager.c:3094)
==2007594==    by 0x57BA16F: btree_create_file(cubthread::entry*, db_identifier const*, int, btid*) (btree.c:36601)
==2007594==    by 0x5763555: xbtree_add_index(cubthread::entry*, btid*, tp_domain*, db_identifier*, int, int, long long, long long, long long, int) (btree.c:5861)
==2007594==    by 0x505859A: btree_add_index(btid*, tp_domain*, db_identifier*, int, int, int) (network_interface_cl.c:6358)
==2007594==    by 0x51BDD65: allocate_index(db_object*, sm_class*, db_objlist*, sm_class_constraint*) (schema_manager.c:10885)
==2007594==    by 0x51BE990: allocate_unique_constraint(db_object*, sm_class*, sm_class_constraint*, db_objlist*, sm_template*) (schema_manager.c:11308)
==2007594== 
==2007594== Conditional jump or move depends on uninitialised value(s)
==2007594==    at 0x56D3E16: log_prior_lsa_append_advance_when_doesnot_fit(unsigned long) (log_append.cpp:1909)
==2007594==    by 0x56D38F7: prior_lsa_start_append(cubthread::entry*, log_prior_node*, log_tdes*) (log_append.cpp:1598)
==2007594==    by 0x56D30A9: prior_lsa_next_record_internal(cubthread::entry*, log_prior_node*, log_tdes*, int) (log_append.cpp:1372)
==2007594==    by 0x56D37FE: prior_lsa_next_record(cubthread::entry*, log_prior_node*, log_tdes*) (log_append.cpp:1557)
==2007594==    by 0x56D8F48: log_append_undoredo_crumbs(cubthread::entry*, LOG_RCVINDEX, log_data_addr*, int, int, log_crumb const*, log_crumb const*) (log_manager.c:2250)
==2007594==    by 0x5832FA2: file_log_extdata_add(cubthread::entry*, file_extensible_data const*, char*, int, int, void const*) (file_manager.c:2341)
==2007594==    by 0x5849CFB: file_tracker_register_internal(cubthread::entry*, char*, file_track_item const*) (file_manager.c:10170)
==2007594==    by 0x5849865: file_tracker_register(cubthread::entry*, vfid const*, FILE_TYPE, file_track_metadata*) (file_manager.c:10073)
==2007594==    by 0x5837068: file_create(cubthread::entry*, FILE_TYPE, file_tablespace*, file_descriptors*, bool, bool, vfid*) (file_manager.c:3823)
==2007594==    by 0x5834AFB: file_create_with_npages(cubthread::entry*, FILE_TYPE, int, file_descriptors*, vfid*) (file_manager.c:3094)
==2007594==    by 0x57BA16F: btree_create_file(cubthread::entry*, db_identifier const*, int, btid*) (btree.c:36601)
==2007594==    by 0x5763555: xbtree_add_index(cubthread::entry*, btid*, tp_domain*, db_identifier*, int, int, long long, long long, long long, int) (btree.c:5861)
==2007594== 
==2007594== Conditional jump or move depends on uninitialised value(s)
==2007594==    at 0x56D3E6B: log_prior_lsa_append_advance_when_doesnot_fit(unsigned long) (log_append.cpp:1911)
==2007594==    by 0x56D38F7: prior_lsa_start_append(cubthread::entry*, log_prior_node*, log_tdes*) (log_append.cpp:1598)
==2007594==    by 0x56D30A9: prior_lsa_next_record_internal(cubthread::entry*, log_prior_node*, log_tdes*, int) (log_append.cpp:1372)
==2007594==    by 0x56D37FE: prior_lsa_next_record(cubthread::entry*, log_prior_node*, log_tdes*) (log_append.cpp:1557)
==2007594==    by 0x56D8F48: log_append_undoredo_crumbs(cubthread::entry*, LOG_RCVINDEX, log_data_addr*, int, int, log_crumb const*, log_crumb const*) (log_manager.c:2250)
==2007594==    by 0x5832FA2: file_log_extdata_add(cubthread::entry*, file_extensible_data const*, char*, int, int, void const*) (file_manager.c:2341)
==2007594==    by 0x5849CFB: file_tracker_register_internal(cubthread::entry*, char*, file_track_item const*) (file_manager.c:10170)
==2007594==    by 0x5849865: file_tracker_register(cubthread::entry*, vfid const*, FILE_TYPE, file_track_metadata*) (file_manager.c:10073)
==2007594==    by 0x5837068: file_create(cubthread::entry*, FILE_TYPE, file_tablespace*, file_descriptors*, bool, bool, vfid*) (file_manager.c:3823)
==2007594==    by 0x5834AFB: file_create_with_npages(cubthread::entry*, FILE_TYPE, int, file_descriptors*, vfid*) (file_manager.c:3094)
==2007594==    by 0x57BA16F: btree_create_file(cubthread::entry*, db_identifier const*, int, btid*) (btree.c:36601)
==2007594==    by 0x5763555: xbtree_add_index(cubthread::entry*, btid*, tp_domain*, db_identifier*, int, int, long long, long long, long long, int) (btree.c:5861)
==2007594== 
==2007594== Conditional jump or move depends on uninitialised value(s)
==2007594==    at 0x56D3EE2: log_prior_lsa_append_add_align(unsigned long) (log_append.cpp:1921)
==2007594==    by 0x56D3A79: prior_lsa_start_append(cubthread::entry*, log_prior_node*, log_tdes*) (log_append.cpp:1643)
==2007594==    by 0x56D30A9: prior_lsa_next_record_internal(cubthread::entry*, log_prior_node*, log_tdes*, int) (log_append.cpp:1372)
==2007594==    by 0x56D37FE: prior_lsa_next_record(cubthread::entry*, log_prior_node*, log_tdes*) (log_append.cpp:1557)
==2007594==    by 0x56D8F48: log_append_undoredo_crumbs(cubthread::entry*, LOG_RCVINDEX, log_data_addr*, int, int, log_crumb const*, log_crumb const*) (log_manager.c:2250)
==2007594==    by 0x5832FA2: file_log_extdata_add(cubthread::entry*, file_extensible_data const*, char*, int, int, void const*) (file_manager.c:2341)
==2007594==    by 0x5849CFB: file_tracker_register_internal(cubthread::entry*, char*, file_track_item const*) (file_manager.c:10170)
==2007594==    by 0x5849865: file_tracker_register(cubthread::entry*, vfid const*, FILE_TYPE, file_track_metadata*) (file_manager.c:10073)
==2007594==    by 0x5837068: file_create(cubthread::entry*, FILE_TYPE, file_tablespace*, file_descriptors*, bool, bool, vfid*) (file_manager.c:3823)
==2007594==    by 0x5834AFB: file_create_with_npages(cubthread::entry*, FILE_TYPE, int, file_descriptors*, vfid*) (file_manager.c:3094)
==2007594==    by 0x57BA16F: btree_create_file(cubthread::entry*, db_identifier const*, int, btid*) (btree.c:36601)
==2007594==    by 0x5763555: xbtree_add_index(cubthread::entry*, btid*, tp_domain*, db_identifier*, int, int, long long, long long, long long, int) (btree.c:5861)
==2007594== 
==2007594== Conditional jump or move depends on uninitialised value(s)
==2007594==    at 0x56D3D33: log_prior_lsa_append_align() (log_append.cpp:1896)
==2007594==    by 0x56D3F30: log_prior_lsa_append_add_align(unsigned long) (log_append.cpp:1924)
==2007594==    by 0x56D3A79: prior_lsa_start_append(cubthread::entry*, log_prior_node*, log_tdes*) (log_append.cpp:1643)
==2007594==    by 0x56D30A9: prior_lsa_next_record_internal(cubthread::entry*, log_prior_node*, log_tdes*, int) (log_append.cpp:1372)
==2007594==    by 0x56D37FE: prior_lsa_next_record(cubthread::entry*, log_prior_node*, log_tdes*) (log_append.cpp:1557)
==2007594==    by 0x56D8F48: log_append_undoredo_crumbs(cubthread::entry*, LOG_RCVINDEX, log_data_addr*, int, int, log_crumb const*, log_crumb const*) (log_manager.c:2250)
==2007594==    by 0x5832FA2: file_log_extdata_add(cubthread::entry*, file_extensible_data const*, char*, int, int, void const*) (file_manager.c:2341)
==2007594==    by 0x5849CFB: file_tracker_register_internal(cubthread::entry*, char*, file_track_item const*) (file_manager.c:10170)
==2007594==    by 0x5849865: file_tracker_register(cubthread::entry*, vfid const*, FILE_TYPE, file_track_metadata*) (file_manager.c:10073)
==2007594==    by 0x5837068: file_create(cubthread::entry*, FILE_TYPE, file_tablespace*, file_descriptors*, bool, bool, vfid*) (file_manager.c:3823)
==2007594==    by 0x5834AFB: file_create_with_npages(cubthread::entry*, FILE_TYPE, int, file_descriptors*, vfid*) (file_manager.c:3094)
==2007594==    by 0x57BA16F: btree_create_file(cubthread::entry*, db_identifier const*, int, btid*) (btree.c:36601)
==2007594== 
==2007594== Conditional jump or move depends on uninitialised value(s)
==2007594==    at 0x56D3D9F: log_prior_lsa_append_align() (log_append.cpp:1899)
==2007594==    by 0x56D3F30: log_prior_lsa_append_add_align(unsigned long) (log_append.cpp:1924)
==2007594==    by 0x56D3A79: prior_lsa_start_append(cubthread::entry*, log_prior_node*, log_tdes*) (log_append.cpp:1643)
==2007594==    by 0x56D30A9: prior_lsa_next_record_internal(cubthread::entry*, log_prior_node*, log_tdes*, int) (log_append.cpp:1372)
==2007594==    by 0x56D37FE: prior_lsa_next_record(cubthread::entry*, log_prior_node*, log_tdes*) (log_append.cpp:1557)
==2007594==    by 0x56D8F48: log_append_undoredo_crumbs(cubthread::entry*, LOG_RCVINDEX, log_data_addr*, int, int, log_crumb const*, log_crumb const*) (log_manager.c:2250)
==2007594==    by 0x5832FA2: file_log_extdata_add(cubthread::entry*, file_extensible_data const*, char*, int, int, void const*) (file_manager.c:2341)
==2007594==    by 0x5849CFB: file_tracker_register_internal(cubthread::entry*, char*, file_track_item const*) (file_manager.c:10170)
==2007594==    by 0x5849865: file_tracker_register(cubthread::entry*, vfid const*, FILE_TYPE, file_track_metadata*) (file_manager.c:10073)
==2007594==    by 0x5837068: file_create(cubthread::entry*, FILE_TYPE, file_tablespace*, file_descriptors*, bool, bool, vfid*) (file_manager.c:3823)
==2007594==    by 0x5834AFB: file_create_with_npages(cubthread::entry*, FILE_TYPE, int, file_descriptors*, vfid*) (file_manager.c:3094)
==2007594==    by 0x57BA16F: btree_create_file(cubthread::entry*, db_identifier const*, int, btid*) (btree.c:36601)
==2007594== 
==2007594== Conditional jump or move depends on uninitialised value(s)
==2007594==    at 0x56D3E16: log_prior_lsa_append_advance_when_doesnot_fit(unsigned long) (log_append.cpp:1909)
==2007594==    by 0x56D3658: prior_lsa_next_record_internal(cubthread::entry*, log_prior_node*, log_tdes*, int) (log_append.cpp:1490)
==2007594==    by 0x56D37FE: prior_lsa_next_record(cubthread::entry*, log_prior_node*, log_tdes*) (log_append.cpp:1557)
==2007594==    by 0x56D8F48: log_append_undoredo_crumbs(cubthread::entry*, LOG_RCVINDEX, log_data_addr*, int, int, log_crumb const*, log_crumb const*) (log_manager.c:2250)
==2007594==    by 0x5832FA2: file_log_extdata_add(cubthread::entry*, file_extensible_data const*, char*, int, int, void const*) (file_manager.c:2341)
==2007594==    by 0x5849CFB: file_tracker_register_internal(cubthread::entry*, char*, file_track_item const*) (file_manager.c:10170)
==2007594==    by 0x5849865: file_tracker_register(cubthread::entry*, vfid const*, FILE_TYPE, file_track_metadata*) (file_manager.c:10073)
==2007594==    by 0x5837068: file_create(cubthread::entry*, FILE_TYPE, file_tablespace*, file_descriptors*, bool, bool, vfid*) (file_manager.c:3823)
==2007594==    by 0x5834AFB: file_create_with_npages(cubthread::entry*, FILE_TYPE, int, file_descriptors*, vfid*) (file_manager.c:3094)
==2007594==    by 0x57BA16F: btree_create_file(cubthread::entry*, db_identifier const*, int, btid*) (btree.c:36601)
==2007594==    by 0x5763555: xbtree_add_index(cubthread::entry*, btid*, tp_domain*, db_identifier*, int, int, long long, long long, long long, int) (btree.c:5861)
==2007594==    by 0x505859A: btree_add_index(btid*, tp_domain*, db_identifier*, int, int, int) (network_interface_cl.c:6358)
==2007594== 
==2007594== Conditional jump or move depends on uninitialised value(s)
==2007594==    at 0x56D3E6B: log_prior_lsa_append_advance_when_doesnot_fit(unsigned long) (log_append.cpp:1911)
==2007594==    by 0x56D3658: prior_lsa_next_record_internal(cubthread::entry*, log_prior_node*, log_tdes*, int) (log_append.cpp:1490)
==2007594==    by 0x56D37FE: prior_lsa_next_record(cubthread::entry*, log_prior_node*, log_tdes*) (log_append.cpp:1557)
==2007594==    by 0x56D8F48: log_append_undoredo_crumbs(cubthread::entry*, LOG_RCVINDEX, log_data_addr*, int, int, log_crumb const*, log_crumb const*) (log_manager.c:2250)
==2007594==    by 0x5832FA2: file_log_extdata_add(cubthread::entry*, file_extensible_data const*, char*, int, int, void const*) (file_manager.c:2341)
==2007594==    by 0x5849CFB: file_tracker_register_internal(cubthread::entry*, char*, file_track_item const*) (file_manager.c:10170)
==2007594==    by 0x5849865: file_tracker_register(cubthread::entry*, vfid const*, FILE_TYPE, file_track_metadata*) (file_manager.c:10073)
==2007594==    by 0x5837068: file_create(cubthread::entry*, FILE_TYPE, file_tablespace*, file_descriptors*, bool, bool, vfid*) (file_manager.c:3823)
==2007594==    by 0x5834AFB: file_create_with_npages(cubthread::entry*, FILE_TYPE, int, file_descriptors*, vfid*) (file_manager.c:3094)
==2007594==    by 0x57BA16F: btree_create_file(cubthread::entry*, db_identifier const*, int, btid*) (btree.c:36601)
==2007594==    by 0x5763555: xbtree_add_index(cubthread::entry*, btid*, tp_domain*, db_identifier*, int, int, long long, long long, long long, int) (btree.c:5861)
==2007594==    by 0x505859A: btree_add_index(btid*, tp_domain*, db_identifier*, int, int, int) (network_interface_cl.c:6358)
==2007594== 
==2007594== Conditional jump or move depends on uninitialised value(s)
==2007594==    at 0x56D3EE2: log_prior_lsa_append_add_align(unsigned long) (log_append.cpp:1921)
==2007594==    by 0x56D3669: prior_lsa_next_record_internal(cubthread::entry*, log_prior_node*, log_tdes*, int) (log_append.cpp:1491)
==2007594==    by 0x56D37FE: prior_lsa_next_record(cubthread::entry*, log_prior_node*, log_tdes*) (log_append.cpp:1557)
==2007594==    by 0x56D8F48: log_append_undoredo_crumbs(cubthread::entry*, LOG_RCVINDEX, log_data_addr*, int, int, log_crumb const*, log_crumb const*) (log_manager.c:2250)
==2007594==    by 0x5832FA2: file_log_extdata_add(cubthread::entry*, file_extensible_data const*, char*, int, int, void const*) (file_manager.c:2341)
==2007594==    by 0x5849CFB: file_tracker_register_internal(cubthread::entry*, char*, file_track_item const*) (file_manager.c:10170)
==2007594==    by 0x5849865: file_tracker_register(cubthread::entry*, vfid const*, FILE_TYPE, file_track_metadata*) (file_manager.c:10073)
==2007594==    by 0x5837068: file_create(cubthread::entry*, FILE_TYPE, file_tablespace*, file_descriptors*, bool, bool, vfid*) (file_manager.c:3823)
==2007594==    by 0x5834AFB: file_create_with_npages(cubthread::entry*, FILE_TYPE, int, file_descriptors*, vfid*) (file_manager.c:3094)
==2007594==    by 0x57BA16F: btree_create_file(cubthread::entry*, db_identifier const*, int, btid*) (btree.c:36601)
==2007594==    by 0x5763555: xbtree_add_index(cubthread::entry*, btid*, tp_domain*, db_identifier*, int, int, long long, long long, long long, int) (btree.c:5861)
==2007594==    by 0x505859A: btree_add_index(btid*, tp_domain*, db_identifier*, int, int, int) (network_interface_cl.c:6358)
==2007594== 
==2007594== 
==2007594== More than 100 errors detected.  Subsequent errors
==2007594== will still be recorded, but in less detail than before.
==2007594== Conditional jump or move depends on uninitialised value(s)
==2007594==    at 0x56D3D33: log_prior_lsa_append_align() (log_append.cpp:1896)
==2007594==    by 0x56D3AD6: prior_lsa_append_data(int) (log_append.cpp:1678)
==2007594==    by 0x56D3682: prior_lsa_next_record_internal(cubthread::entry*, log_prior_node*, log_tdes*, int) (log_append.cpp:1495)
==2007594==    by 0x56D37FE: prior_lsa_next_record(cubthread::entry*, log_prior_node*, log_tdes*) (log_append.cpp:1557)
==2007594==    by 0x56D8F48: log_append_undoredo_crumbs(cubthread::entry*, LOG_RCVINDEX, log_data_addr*, int, int, log_crumb const*, log_crumb const*) (log_manager.c:2250)
==2007594==    by 0x5832FA2: file_log_extdata_add(cubthread::entry*, file_extensible_data const*, char*, int, int, void const*) (file_manager.c:2341)
==2007594==    by 0x5849CFB: file_tracker_register_internal(cubthread::entry*, char*, file_track_item const*) (file_manager.c:10170)
==2007594==    by 0x5849865: file_tracker_register(cubthread::entry*, vfid const*, FILE_TYPE, file_track_metadata*) (file_manager.c:10073)
==2007594==    by 0x5837068: file_create(cubthread::entry*, FILE_TYPE, file_tablespace*, file_descriptors*, bool, bool, vfid*) (file_manager.c:3823)
==2007594==    by 0x5834AFB: file_create_with_npages(cubthread::entry*, FILE_TYPE, int, file_descriptors*, vfid*) (file_manager.c:3094)
==2007594==    by 0x57BA16F: btree_create_file(cubthread::entry*, db_identifier const*, int, btid*) (btree.c:36601)
==2007594==    by 0x5763555: xbtree_add_index(cubthread::entry*, btid*, tp_domain*, db_identifier*, int, int, long long, long long, long long, int) (btree.c:5861)
==2007594== 
==2007594== Conditional jump or move depends on uninitialised value(s)
==2007594==    at 0x56D3D9F: log_prior_lsa_append_align() (log_append.cpp:1899)
==2007594==    by 0x56D3AD6: prior_lsa_append_data(int) (log_append.cpp:1678)
==2007594==    by 0x56D3682: prior_lsa_next_record_internal(cubthread::entry*, log_prior_node*, log_tdes*, int) (log_append.cpp:1495)
==2007594==    by 0x56D37FE: prior_lsa_next_record(cubthread::entry*, log_prior_node*, log_tdes*) (log_append.cpp:1557)
==2007594==    by 0x56D8F48: log_append_undoredo_crumbs(cubthread::entry*, LOG_RCVINDEX, log_data_addr*, int, int, log_crumb const*, log_crumb const*) (log_manager.c:2250)
==2007594==    by 0x5832FA2: file_log_extdata_add(cubthread::entry*, file_extensible_data const*, char*, int, int, void const*) (file_manager.c:2341)
==2007594==    by 0x5849CFB: file_tracker_register_internal(cubthread::entry*, char*, file_track_item const*) (file_manager.c:10170)
==2007594==    by 0x5849865: file_tracker_register(cubthread::entry*, vfid const*, FILE_TYPE, file_track_metadata*) (file_manager.c:10073)
==2007594==    by 0x5837068: file_create(cubthread::entry*, FILE_TYPE, file_tablespace*, file_descriptors*, bool, bool, vfid*) (file_manager.c:3823)
==2007594==    by 0x5834AFB: file_create_with_npages(cubthread::entry*, FILE_TYPE, int, file_descriptors*, vfid*) (file_manager.c:3094)
==2007594==    by 0x57BA16F: btree_create_file(cubthread::entry*, db_identifier const*, int, btid*) (btree.c:36601)
==2007594==    by 0x5763555: xbtree_add_index(cubthread::entry*, btid*, tp_domain*, db_identifier*, int, int, long long, long long, long long, int) (btree.c:5861)
==2007594== 
==2007594== Conditional jump or move depends on uninitialised value(s)
==2007594==    at 0x56D3AF9: prior_lsa_append_data(int) (log_append.cpp:1684)
==2007594==    by 0x56D3682: prior_lsa_next_record_internal(cubthread::entry*, log_prior_node*, log_tdes*, int) (log_append.cpp:1495)
==2007594==    by 0x56D37FE: prior_lsa_next_record(cubthread::entry*, log_prior_node*, log_tdes*) (log_append.cpp:1557)
==2007594==    by 0x56D8F48: log_append_undoredo_crumbs(cubthread::entry*, LOG_RCVINDEX, log_data_addr*, int, int, log_crumb const*, log_crumb const*) (log_manager.c:2250)
==2007594==    by 0x5832FA2: file_log_extdata_add(cubthread::entry*, file_extensible_data const*, char*, int, int, void const*) (file_manager.c:2341)
==2007594==    by 0x5849CFB: file_tracker_register_internal(cubthread::entry*, char*, file_track_item const*) (file_manager.c:10170)
==2007594==    by 0x5849865: file_tracker_register(cubthread::entry*, vfid const*, FILE_TYPE, file_track_metadata*) (file_manager.c:10073)
==2007594==    by 0x5837068: file_create(cubthread::entry*, FILE_TYPE, file_tablespace*, file_descriptors*, bool, bool, vfid*) (file_manager.c:3823)
==2007594==    by 0x5834AFB: file_create_with_npages(cubthread::entry*, FILE_TYPE, int, file_descriptors*, vfid*) (file_manager.c:3094)
==2007594==    by 0x57BA16F: btree_create_file(cubthread::entry*, db_identifier const*, int, btid*) (btree.c:36601)
==2007594==    by 0x5763555: xbtree_add_index(cubthread::entry*, btid*, tp_domain*, db_identifier*, int, int, long long, long long, long long, int) (btree.c:5861)
==2007594==    by 0x505859A: btree_add_index(btid*, tp_domain*, db_identifier*, int, int, int) (network_interface_cl.c:6358)
==2007594== 
==2007594== Conditional jump or move depends on uninitialised value(s)
==2007594==    at 0x569CF1B: log_lsa::operator<(log_lsa const&) const (log_lsa.hpp:175)
==2007594==    by 0x56CB4AA: LSA_LT(log_lsa const*, log_lsa const*) (log_lsa.hpp:238)
==2007594==    by 0x58BF719: pgbuf_set_lsa_debug(cubthread::entry*, char*, log_lsa const*, char const*, int, char const*) (page_buffer.c:4947)
==2007594==    by 0x56D8FCF: log_append_undoredo_crumbs(cubthread::entry*, LOG_RCVINDEX, log_data_addr*, int, int, log_crumb const*, log_crumb const*) (log_manager.c:2254)
==2007594==    by 0x5832FA2: file_log_extdata_add(cubthread::entry*, file_extensible_data const*, char*, int, int, void const*) (file_manager.c:2341)
==2007594==    by 0x5849CFB: file_tracker_register_internal(cubthread::entry*, char*, file_track_item const*) (file_manager.c:10170)
==2007594==    by 0x5849865: file_tracker_register(cubthread::entry*, vfid const*, FILE_TYPE, file_track_metadata*) (file_manager.c:10073)
==2007594==    by 0x5837068: file_create(cubthread::entry*, FILE_TYPE, file_tablespace*, file_descriptors*, bool, bool, vfid*) (file_manager.c:3823)
==2007594==    by 0x5834AFB: file_create_with_npages(cubthread::entry*, FILE_TYPE, int, file_descriptors*, vfid*) (file_manager.c:3094)
==2007594==    by 0x57BA16F: btree_create_file(cubthread::entry*, db_identifier const*, int, btid*) (btree.c:36601)
==2007594==    by 0x5763555: xbtree_add_index(cubthread::entry*, btid*, tp_domain*, db_identifier*, int, int, long long, long long, long long, int) (btree.c:5861)
==2007594==    by 0x505859A: btree_add_index(btid*, tp_domain*, db_identifier*, int, int, int) (network_interface_cl.c:6358)
==2007594== 
==2007594== Conditional jump or move depends on uninitialised value(s)
==2007594==    at 0x569CF1B: log_lsa::operator<(log_lsa const&) const (log_lsa.hpp:175)
==2007594==    by 0x569CF4E: log_lsa::operator>(log_lsa const&) const (log_lsa.hpp:181)
==2007594==    by 0x569CF74: log_lsa::operator<=(log_lsa const&) const (log_lsa.hpp:187)
==2007594==    by 0x569CFFA: LSA_LE(log_lsa const*, log_lsa const*) (log_lsa.hpp:231)
==2007594==    by 0x56DC3CC: log_sysop_commit_internal(cubthread::entry*, log_rec_sysop_end*, int, char const*, bool) (log_manager.c:3918)
==2007594==    by 0x56DCA31: log_sysop_end_logical_undo(cubthread::entry*, LOG_RCVINDEX, vfid const*, int, char const*) (log_manager.c:4049)
==2007594==    by 0x5837222: file_create(cubthread::entry*, FILE_TYPE, file_tablespace*, file_descriptors*, bool, bool, vfid*) (file_manager.c:3862)
==2007594==    by 0x5834AFB: file_create_with_npages(cubthread::entry*, FILE_TYPE, int, file_descriptors*, vfid*) (file_manager.c:3094)
==2007594==    by 0x57BA16F: btree_create_file(cubthread::entry*, db_identifier const*, int, btid*) (btree.c:36601)
==2007594==    by 0x5763555: xbtree_add_index(cubthread::entry*, btid*, tp_domain*, db_identifier*, int, int, long long, long long, long long, int) (btree.c:5861)
==2007594==    by 0x505859A: btree_add_index(btid*, tp_domain*, db_identifier*, int, int, int) (network_interface_cl.c:6358)
==2007594==    by 0x51BDD65: allocate_index(db_object*, sm_class*, db_objlist*, sm_class_constraint*) (schema_manager.c:10885)
==2007594== 
==2007594== Use of uninitialised value of size 8
==2007594==    at 0x59BBDEE: LZ4_compress_fast_extState (in local-path/libcubridsa.so.11.5)
==2007594==    by 0x5193698: cubcompress::lz4_compress(char const*, char*, int, int, int) (compressor.hpp:97)
==2007594==    by 0x5193A5A: int cubcompress::compress<cubcompress::LZ4>(void const*, int, void*, int, std::variant<cubcompress::lz4_options> const&) (compressor.hpp:143)
==2007594==    by 0x51938A9: int cubcompress::compress<cubcompress::LZ4>(void const*, int, void*, int) (compressor.hpp:158)
==2007594==    by 0x56D498D: log_zip(log_zip*, int, void const*) (log_compress.c:83)
==2007594==    by 0x56D1E46: prior_lsa_gen_undoredo_record_from_crumbs(cubthread::entry*, log_prior_node*, LOG_RCVINDEX, log_data_addr*, int, log_crumb const*, int, log_crumb const*) (log_append.cpp:796)
==2007594==    by 0x56D10ED: prior_lsa_alloc_and_copy_crumbs(cubthread::entry*, log_rectype, LOG_RCVINDEX, log_data_addr*, int, log_crumb const*, int, log_crumb const*) (log_append.cpp:447)
==2007594==    by 0x56D8D95: log_append_undoredo_crumbs(cubthread::entry*, LOG_RCVINDEX, log_data_addr*, int, int, log_crumb const*, log_crumb const*) (log_manager.c:2231)
==2007594==    by 0x56D9E9A: log_append_undoredo_recdes2(cubthread::entry*, LOG_RCVINDEX, vfid const*, char*, short, recdes const*, recdes const*) (log_manager.c:2616)
==2007594==    by 0x58EE844: catalog_put_record_into_page(cubthread::entry*, catalog_record*, int, short*) (system_catalog.c:1110)
==2007594==    by 0x58F2D08: catalog_add_representation(cubthread::entry*, db_identifier*, int, disk_representation*, db_identifier*, catalog_access_info*) (system_catalog.c:2980)
==2007594==    by 0x58F5C91: catalog_insert(cubthread::entry*, recdes*, db_identifier*, db_identifier*) (system_catalog.c:4373)
==2007594== 
==2007594== Use of uninitialised value of size 8
==2007594==    at 0x59BAD62: LZ4_compress_fast_extState (in local-path/libcubridsa.so.11.5)
==2007594==    by 0x5193698: cubcompress::lz4_compress(char const*, char*, int, int, int) (compressor.hpp:97)
==2007594==    by 0x5193A5A: int cubcompress::compress<cubcompress::LZ4>(void const*, int, void*, int, std::variant<cubcompress::lz4_options> const&) (compressor.hpp:143)
==2007594==    by 0x51938A9: int cubcompress::compress<cubcompress::LZ4>(void const*, int, void*, int) (compressor.hpp:158)
==2007594==    by 0x56D498D: log_zip(log_zip*, int, void const*) (log_compress.c:83)
==2007594==    by 0x56D1E46: prior_lsa_gen_undoredo_record_from_crumbs(cubthread::entry*, log_prior_node*, LOG_RCVINDEX, log_data_addr*, int, log_crumb const*, int, log_crumb const*) (log_append.cpp:796)
==2007594==    by 0x56D10ED: prior_lsa_alloc_and_copy_crumbs(cubthread::entry*, log_rectype, LOG_RCVINDEX, log_data_addr*, int, log_crumb const*, int, log_crumb const*) (log_append.cpp:447)
==2007594==    by 0x56D8D95: log_append_undoredo_crumbs(cubthread::entry*, LOG_RCVINDEX, log_data_addr*, int, int, log_crumb const*, log_crumb const*) (log_manager.c:2231)
==2007594==    by 0x56D9E9A: log_append_undoredo_recdes2(cubthread::entry*, LOG_RCVINDEX, vfid const*, char*, short, recdes const*, recdes const*) (log_manager.c:2616)
==2007594==    by 0x58EE844: catalog_put_record_into_page(cubthread::entry*, catalog_record*, int, short*) (system_catalog.c:1110)
==2007594==    by 0x58F2D08: catalog_add_representation(cubthread::entry*, db_identifier*, int, disk_representation*, db_identifier*, catalog_access_info*) (system_catalog.c:2980)
==2007594==    by 0x58F5C91: catalog_insert(cubthread::entry*, recdes*, db_identifier*, db_identifier*) (system_catalog.c:4373)
==2007594== 
==2007594== Use of uninitialised value of size 8
==2007594==    at 0x59BAD3A: LZ4_compress_fast_extState (in local-path/libcubridsa.so.11.5)
==2007594==    by 0x5193698: cubcompress::lz4_compress(char const*, char*, int, int, int) (compressor.hpp:97)
==2007594==    by 0x5193A5A: int cubcompress::compress<cubcompress::LZ4>(void const*, int, void*, int, std::variant<cubcompress::lz4_options> const&) (compressor.hpp:143)
==2007594==    by 0x51938A9: int cubcompress::compress<cubcompress::LZ4>(void const*, int, void*, int) (compressor.hpp:158)
==2007594==    by 0x56D498D: log_zip(log_zip*, int, void const*) (log_compress.c:83)
==2007594==    by 0x56D1E46: prior_lsa_gen_undoredo_record_from_crumbs(cubthread::entry*, log_prior_node*, LOG_RCVINDEX, log_data_addr*, int, log_crumb const*, int, log_crumb const*) (log_append.cpp:796)
==2007594==    by 0x56D10ED: prior_lsa_alloc_and_copy_crumbs(cubthread::entry*, log_rectype, LOG_RCVINDEX, log_data_addr*, int, log_crumb const*, int, log_crumb const*) (log_append.cpp:447)
==2007594==    by 0x56D8D95: log_append_undoredo_crumbs(cubthread::entry*, LOG_RCVINDEX, log_data_addr*, int, int, log_crumb const*, log_crumb const*) (log_manager.c:2231)
==2007594==    by 0x56D9E9A: log_append_undoredo_recdes2(cubthread::entry*, LOG_RCVINDEX, vfid const*, char*, short, recdes const*, recdes const*) (log_manager.c:2616)
==2007594==    by 0x58EE844: catalog_put_record_into_page(cubthread::entry*, catalog_record*, int, short*) (system_catalog.c:1110)
==2007594==    by 0x58F2D08: catalog_add_representation(cubthread::entry*, db_identifier*, int, disk_representation*, db_identifier*, catalog_access_info*) (system_catalog.c:2980)
==2007594==    by 0x58F5C91: catalog_insert(cubthread::entry*, recdes*, db_identifier*, db_identifier*) (system_catalog.c:4373)
==2007594== 
==2007594== Conditional jump or move depends on uninitialised value(s)
==2007594==    at 0x59BAD49: LZ4_compress_fast_extState (in local-path/libcubridsa.so.11.5)
==2007594==    by 0x5193698: cubcompress::lz4_compress(char const*, char*, int, int, int) (compressor.hpp:97)
==2007594==    by 0x5193A5A: int cubcompress::compress<cubcompress::LZ4>(void const*, int, void*, int, std::variant<cubcompress::lz4_options> const&) (compressor.hpp:143)
==2007594==    by 0x51938A9: int cubcompress::compress<cubcompress::LZ4>(void const*, int, void*, int) (compressor.hpp:158)
==2007594==    by 0x56D498D: log_zip(log_zip*, int, void const*) (log_compress.c:83)
==2007594==    by 0x56D1E46: prior_lsa_gen_undoredo_record_from_crumbs(cubthread::entry*, log_prior_node*, LOG_RCVINDEX, log_data_addr*, int, log_crumb const*, int, log_crumb const*) (log_append.cpp:796)
==2007594==    by 0x56D10ED: prior_lsa_alloc_and_copy_crumbs(cubthread::entry*, log_rectype, LOG_RCVINDEX, log_data_addr*, int, log_crumb const*, int, log_crumb const*) (log_append.cpp:447)
==2007594==    by 0x56D8D95: log_append_undoredo_crumbs(cubthread::entry*, LOG_RCVINDEX, log_data_addr*, int, int, log_crumb const*, log_crumb const*) (log_manager.c:2231)
==2007594==    by 0x56D9E9A: log_append_undoredo_recdes2(cubthread::entry*, LOG_RCVINDEX, vfid const*, char*, short, recdes const*, recdes const*) (log_manager.c:2616)
==2007594==    by 0x58EE844: catalog_put_record_into_page(cubthread::entry*, catalog_record*, int, short*) (system_catalog.c:1110)
==2007594==    by 0x58F2D08: catalog_add_representation(cubthread::entry*, db_identifier*, int, disk_representation*, db_identifier*, catalog_access_info*) (system_catalog.c:2980)
==2007594==    by 0x58F5C91: catalog_insert(cubthread::entry*, recdes*, db_identifier*, db_identifier*) (system_catalog.c:4373)
==2007594== 
==2007594== Conditional jump or move depends on uninitialised value(s)
==2007594==    at 0x59BBCB3: LZ4_compress_fast_extState (in local-path/libcubridsa.so.11.5)
==2007594==    by 0x5193698: cubcompress::lz4_compress(char const*, char*, int, int, int) (compressor.hpp:97)
==2007594==    by 0x5193A5A: int cubcompress::compress<cubcompress::LZ4>(void const*, int, void*, int, std::variant<cubcompress::lz4_options> const&) (compressor.hpp:143)
==2007594==    by 0x51938A9: int cubcompress::compress<cubcompress::LZ4>(void const*, int, void*, int) (compressor.hpp:158)
==2007594==    by 0x56D498D: log_zip(log_zip*, int, void const*) (log_compress.c:83)
==2007594==    by 0x56D1E46: prior_lsa_gen_undoredo_record_from_crumbs(cubthread::entry*, log_prior_node*, LOG_RCVINDEX, log_data_addr*, int, log_crumb const*, int, log_crumb const*) (log_append.cpp:796)
==2007594==    by 0x56D10ED: prior_lsa_alloc_and_copy_crumbs(cubthread::entry*, log_rectype, LOG_RCVINDEX, log_data_addr*, int, log_crumb const*, int, log_crumb const*) (log_append.cpp:447)
==2007594==    by 0x56D8D95: log_append_undoredo_crumbs(cubthread::entry*, LOG_RCVINDEX, log_data_addr*, int, int, log_crumb const*, log_crumb const*) (log_manager.c:2231)
==2007594==    by 0x56D9E9A: log_append_undoredo_recdes2(cubthread::entry*, LOG_RCVINDEX, vfid const*, char*, short, recdes const*, recdes const*) (log_manager.c:2616)
==2007594==    by 0x58EE844: catalog_put_record_into_page(cubthread::entry*, catalog_record*, int, short*) (system_catalog.c:1110)
==2007594==    by 0x58F2D08: catalog_add_representation(cubthread::entry*, db_identifier*, int, disk_representation*, db_identifier*, catalog_access_info*) (system_catalog.c:2980)
==2007594==    by 0x58F5C91: catalog_insert(cubthread::entry*, recdes*, db_identifier*, db_identifier*) (system_catalog.c:4373)
==2007594== 
==2007594== Conditional jump or move depends on uninitialised value(s)
==2007594==    at 0x59BBE2B: LZ4_compress_fast_extState (in local-path/libcubridsa.so.11.5)
==2007594==    by 0x5193698: cubcompress::lz4_compress(char const*, char*, int, int, int) (compressor.hpp:97)
==2007594==    by 0x5193A5A: int cubcompress::compress<cubcompress::LZ4>(void const*, int, void*, int, std::variant<cubcompress::lz4_options> const&) (compressor.hpp:143)
==2007594==    by 0x51938A9: int cubcompress::compress<cubcompress::LZ4>(void const*, int, void*, int) (compressor.hpp:158)
==2007594==    by 0x56D498D: log_zip(log_zip*, int, void const*) (log_compress.c:83)
==2007594==    by 0x56D1E46: prior_lsa_gen_undoredo_record_from_crumbs(cubthread::entry*, log_prior_node*, LOG_RCVINDEX, log_data_addr*, int, log_crumb const*, int, log_crumb const*) (log_append.cpp:796)
==2007594==    by 0x56D10ED: prior_lsa_alloc_and_copy_crumbs(cubthread::entry*, log_rectype, LOG_RCVINDEX, log_data_addr*, int, log_crumb const*, int, log_crumb const*) (log_append.cpp:447)
==2007594==    by 0x56D8D95: log_append_undoredo_crumbs(cubthread::entry*, LOG_RCVINDEX, log_data_addr*, int, int, log_crumb const*, log_crumb const*) (log_manager.c:2231)
==2007594==    by 0x56D9E9A: log_append_undoredo_recdes2(cubthread::entry*, LOG_RCVINDEX, vfid const*, char*, short, recdes const*, recdes const*) (log_manager.c:2616)
==2007594==    by 0x58EE844: catalog_put_record_into_page(cubthread::entry*, catalog_record*, int, short*) (system_catalog.c:1110)
==2007594==    by 0x58F2D08: catalog_add_representation(cubthread::entry*, db_identifier*, int, disk_representation*, db_identifier*, catalog_access_info*) (system_catalog.c:2980)
==2007594==    by 0x58F5C91: catalog_insert(cubthread::entry*, recdes*, db_identifier*, db_identifier*) (system_catalog.c:4373)
==2007594== 
==2007594== Conditional jump or move depends on uninitialised value(s)
==2007594==    at 0x59BBDFC: LZ4_compress_fast_extState (in local-path/libcubridsa.so.11.5)
==2007594==    by 0x5193698: cubcompress::lz4_compress(char const*, char*, int, int, int) (compressor.hpp:97)
==2007594==    by 0x5193A5A: int cubcompress::compress<cubcompress::LZ4>(void const*, int, void*, int, std::variant<cubcompress::lz4_options> const&) (compressor.hpp:143)
==2007594==    by 0x51938A9: int cubcompress::compress<cubcompress::LZ4>(void const*, int, void*, int) (compressor.hpp:158)
==2007594==    by 0x56D498D: log_zip(log_zip*, int, void const*) (log_compress.c:83)
==2007594==    by 0x56D1E46: prior_lsa_gen_undoredo_record_from_crumbs(cubthread::entry*, log_prior_node*, LOG_RCVINDEX, log_data_addr*, int, log_crumb const*, int, log_crumb const*) (log_append.cpp:796)
==2007594==    by 0x56D10ED: prior_lsa_alloc_and_copy_crumbs(cubthread::entry*, log_rectype, LOG_RCVINDEX, log_data_addr*, int, log_crumb const*, int, log_crumb const*) (log_append.cpp:447)
==2007594==    by 0x56D8D95: log_append_undoredo_crumbs(cubthread::entry*, LOG_RCVINDEX, log_data_addr*, int, int, log_crumb const*, log_crumb const*) (log_manager.c:2231)
==2007594==    by 0x56D9E9A: log_append_undoredo_recdes2(cubthread::entry*, LOG_RCVINDEX, vfid const*, char*, short, recdes const*, recdes const*) (log_manager.c:2616)
==2007594==    by 0x58EE844: catalog_put_record_into_page(cubthread::entry*, catalog_record*, int, short*) (system_catalog.c:1110)
==2007594==    by 0x58F2D08: catalog_add_representation(cubthread::entry*, db_identifier*, int, disk_representation*, db_identifier*, catalog_access_info*) (system_catalog.c:2980)
==2007594==    by 0x58F5C91: catalog_insert(cubthread::entry*, recdes*, db_identifier*, db_identifier*) (system_catalog.c:4373)
==2007594== 
==2007594== Use of uninitialised value of size 8
==2007594==    at 0x59BBE65: LZ4_compress_fast_extState (in local-path/libcubridsa.so.11.5)
==2007594==    by 0x5193698: cubcompress::lz4_compress(char const*, char*, int, int, int) (compressor.hpp:97)
==2007594==    by 0x5193A5A: int cubcompress::compress<cubcompress::LZ4>(void const*, int, void*, int, std::variant<cubcompress::lz4_options> const&) (compressor.hpp:143)
==2007594==    by 0x51938A9: int cubcompress::compress<cubcompress::LZ4>(void const*, int, void*, int) (compressor.hpp:158)
==2007594==    by 0x56D498D: log_zip(log_zip*, int, void const*) (log_compress.c:83)
==2007594==    by 0x56D1E46: prior_lsa_gen_undoredo_record_from_crumbs(cubthread::entry*, log_prior_node*, LOG_RCVINDEX, log_data_addr*, int, log_crumb const*, int, log_crumb const*) (log_append.cpp:796)
==2007594==    by 0x56D10ED: prior_lsa_alloc_and_copy_crumbs(cubthread::entry*, log_rectype, LOG_RCVINDEX, log_data_addr*, int, log_crumb const*, int, log_crumb const*) (log_append.cpp:447)
==2007594==    by 0x56D8D95: log_append_undoredo_crumbs(cubthread::entry*, LOG_RCVINDEX, log_data_addr*, int, int, log_crumb const*, log_crumb const*) (log_manager.c:2231)
==2007594==    by 0x56D9E9A: log_append_undoredo_recdes2(cubthread::entry*, LOG_RCVINDEX, vfid const*, char*, short, recdes const*, recdes const*) (log_manager.c:2616)
==2007594==    by 0x58EE844: catalog_put_record_into_page(cubthread::entry*, catalog_record*, int, short*) (system_catalog.c:1110)
==2007594==    by 0x58F2D08: catalog_add_representation(cubthread::entry*, db_identifier*, int, disk_representation*, db_identifier*, catalog_access_info*) (system_catalog.c:2980)
==2007594==    by 0x58F5C91: catalog_insert(cubthread::entry*, recdes*, db_identifier*, db_identifier*) (system_catalog.c:4373)
==2007594== 
==2007594== Use of uninitialised value of size 8
==2007594==    at 0x59BBE67: LZ4_compress_fast_extState (in local-path/libcubridsa.so.11.5)
==2007594==    by 0x5193698: cubcompress::lz4_compress(char const*, char*, int, int, int) (compressor.hpp:97)
==2007594==    by 0x5193A5A: int cubcompress::compress<cubcompress::LZ4>(void const*, int, void*, int, std::variant<cubcompress::lz4_options> const&) (compressor.hpp:143)
==2007594==    by 0x51938A9: int cubcompress::compress<cubcompress::LZ4>(void const*, int, void*, int) (compressor.hpp:158)
==2007594==    by 0x56D498D: log_zip(log_zip*, int, void const*) (log_compress.c:83)
==2007594==    by 0x56D1E46: prior_lsa_gen_undoredo_record_from_crumbs(cubthread::entry*, log_prior_node*, LOG_RCVINDEX, log_data_addr*, int, log_crumb const*, int, log_crumb const*) (log_append.cpp:796)
==2007594==    by 0x56D10ED: prior_lsa_alloc_and_copy_crumbs(cubthread::entry*, log_rectype, LOG_RCVINDEX, log_data_addr*, int, log_crumb const*, int, log_crumb const*) (log_append.cpp:447)
==2007594==    by 0x56D8D95: log_append_undoredo_crumbs(cubthread::entry*, LOG_RCVINDEX, log_data_addr*, int, int, log_crumb const*, log_crumb const*) (log_manager.c:2231)
==2007594==    by 0x56D9E9A: log_append_undoredo_recdes2(cubthread::entry*, LOG_RCVINDEX, vfid const*, char*, short, recdes const*, recdes const*) (log_manager.c:2616)
==2007594==    by 0x58EE844: catalog_put_record_into_page(cubthread::entry*, catalog_record*, int, short*) (system_catalog.c:1110)
==2007594==    by 0x58F2D08: catalog_add_representation(cubthread::entry*, db_identifier*, int, disk_representation*, db_identifier*, catalog_access_info*) (system_catalog.c:2980)
==2007594==    by 0x58F5C91: catalog_insert(cubthread::entry*, recdes*, db_identifier*, db_identifier*) (system_catalog.c:4373)
==2007594== 
==2007594== Use of uninitialised value of size 8
==2007594==    at 0x59BBE7F: LZ4_compress_fast_extState (in local-path/libcubridsa.so.11.5)
==2007594==    by 0x5193698: cubcompress::lz4_compress(char const*, char*, int, int, int) (compressor.hpp:97)
==2007594==    by 0x5193A5A: int cubcompress::compress<cubcompress::LZ4>(void const*, int, void*, int, std::variant<cubcompress::lz4_options> const&) (compressor.hpp:143)
==2007594==    by 0x51938A9: int cubcompress::compress<cubcompress::LZ4>(void const*, int, void*, int) (compressor.hpp:158)
==2007594==    by 0x56D498D: log_zip(log_zip*, int, void const*) (log_compress.c:83)
==2007594==    by 0x56D1E46: prior_lsa_gen_undoredo_record_from_crumbs(cubthread::entry*, log_prior_node*, LOG_RCVINDEX, log_data_addr*, int, log_crumb const*, int, log_crumb const*) (log_append.cpp:796)
==2007594==    by 0x56D10ED: prior_lsa_alloc_and_copy_crumbs(cubthread::entry*, log_rectype, LOG_RCVINDEX, log_data_addr*, int, log_crumb const*, int, log_crumb const*) (log_append.cpp:447)
==2007594==    by 0x56D8D95: log_append_undoredo_crumbs(cubthread::entry*, LOG_RCVINDEX, log_data_addr*, int, int, log_crumb const*, log_crumb const*) (log_manager.c:2231)
==2007594==    by 0x56D9E9A: log_append_undoredo_recdes2(cubthread::entry*, LOG_RCVINDEX, vfid const*, char*, short, recdes const*, recdes const*) (log_manager.c:2616)
==2007594==    by 0x58EE844: catalog_put_record_into_page(cubthread::entry*, catalog_record*, int, short*) (system_catalog.c:1110)
==2007594==    by 0x58F2D08: catalog_add_representation(cubthread::entry*, db_identifier*, int, disk_representation*, db_identifier*, catalog_access_info*) (system_catalog.c:2980)
==2007594==    by 0x58F5C91: catalog_insert(cubthread::entry*, recdes*, db_identifier*, db_identifier*) (system_catalog.c:4373)
==2007594== 
==2007594== Use of uninitialised value of size 8
==2007594==    at 0x59BBE82: LZ4_compress_fast_extState (in local-path/libcubridsa.so.11.5)
==2007594==    by 0x5193698: cubcompress::lz4_compress(char const*, char*, int, int, int) (compressor.hpp:97)
==2007594==    by 0x5193A5A: int cubcompress::compress<cubcompress::LZ4>(void const*, int, void*, int, std::variant<cubcompress::lz4_options> const&) (compressor.hpp:143)
==2007594==    by 0x51938A9: int cubcompress::compress<cubcompress::LZ4>(void const*, int, void*, int) (compressor.hpp:158)
==2007594==    by 0x56D498D: log_zip(log_zip*, int, void const*) (log_compress.c:83)
==2007594==    by 0x56D1E46: prior_lsa_gen_undoredo_record_from_crumbs(cubthread::entry*, log_prior_node*, LOG_RCVINDEX, log_data_addr*, int, log_crumb const*, int, log_crumb const*) (log_append.cpp:796)
==2007594==    by 0x56D10ED: prior_lsa_alloc_and_copy_crumbs(cubthread::entry*, log_rectype, LOG_RCVINDEX, log_data_addr*, int, log_crumb const*, int, log_crumb const*) (log_append.cpp:447)
==2007594==    by 0x56D8D95: log_append_undoredo_crumbs(cubthread::entry*, LOG_RCVINDEX, log_data_addr*, int, int, log_crumb const*, log_crumb const*) (log_manager.c:2231)
==2007594==    by 0x56D9E9A: log_append_undoredo_recdes2(cubthread::entry*, LOG_RCVINDEX, vfid const*, char*, short, recdes const*, recdes const*) (log_manager.c:2616)
==2007594==    by 0x58EE844: catalog_put_record_into_page(cubthread::entry*, catalog_record*, int, short*) (system_catalog.c:1110)
==2007594==    by 0x58F2D08: catalog_add_representation(cubthread::entry*, db_identifier*, int, disk_representation*, db_identifier*, catalog_access_info*) (system_catalog.c:2980)
==2007594==    by 0x58F5C91: catalog_insert(cubthread::entry*, recdes*, db_identifier*, db_identifier*) (system_catalog.c:4373)
==2007594== 
==2007594== Use of uninitialised value of size 8
==2007594==    at 0x59BD1A5: LZ4_compress_fast_extState (in local-path/libcubridsa.so.11.5)
==2007594==    by 0x5193698: cubcompress::lz4_compress(char const*, char*, int, int, int) (compressor.hpp:97)
==2007594==    by 0x5193A5A: int cubcompress::compress<cubcompress::LZ4>(void const*, int, void*, int, std::variant<cubcompress::lz4_options> const&) (compressor.hpp:143)
==2007594==    by 0x51938A9: int cubcompress::compress<cubcompress::LZ4>(void const*, int, void*, int) (compressor.hpp:158)
==2007594==    by 0x56D498D: log_zip(log_zip*, int, void const*) (log_compress.c:83)
==2007594==    by 0x56D1E46: prior_lsa_gen_undoredo_record_from_crumbs(cubthread::entry*, log_prior_node*, LOG_RCVINDEX, log_data_addr*, int, log_crumb const*, int, log_crumb const*) (log_append.cpp:796)
==2007594==    by 0x56D10ED: prior_lsa_alloc_and_copy_crumbs(cubthread::entry*, log_rectype, LOG_RCVINDEX, log_data_addr*, int, log_crumb const*, int, log_crumb const*) (log_append.cpp:447)
==2007594==    by 0x56D8D95: log_append_undoredo_crumbs(cubthread::entry*, LOG_RCVINDEX, log_data_addr*, int, int, log_crumb const*, log_crumb const*) (log_manager.c:2231)
==2007594==    by 0x56D9E9A: log_append_undoredo_recdes2(cubthread::entry*, LOG_RCVINDEX, vfid const*, char*, short, recdes const*, recdes const*) (log_manager.c:2616)
==2007594==    by 0x56D9D2F: log_append_undoredo_recdes(cubthread::entry*, LOG_RCVINDEX, log_data_addr*, recdes const*, recdes const*) (log_manager.c:2570)
==2007594==    by 0x588EB0E: heap_log_update_physical(cubthread::entry*, char*, vfid*, db_identifier*, recdes*, recdes*, LOG_RCVINDEX) (heap_file.c:24341)
==2007594==    by 0x588E0B7: heap_update_home(cubthread::entry*, heap_operation_context*, bool) (heap_file.c:24170)
==2007594== 
==2007594== Conditional jump or move depends on uninitialised value(s)
==2007594==    at 0x59BD1AF: LZ4_compress_fast_extState (in local-path/libcubridsa.so.11.5)
==2007594==    by 0x5193698: cubcompress::lz4_compress(char const*, char*, int, int, int) (compressor.hpp:97)
==2007594==    by 0x5193A5A: int cubcompress::compress<cubcompress::LZ4>(void const*, int, void*, int, std::variant<cubcompress::lz4_options> const&) (compressor.hpp:143)
==2007594==    by 0x51938A9: int cubcompress::compress<cubcompress::LZ4>(void const*, int, void*, int) (compressor.hpp:158)
==2007594==    by 0x56D498D: log_zip(log_zip*, int, void const*) (log_compress.c:83)
==2007594==    by 0x56D1E46: prior_lsa_gen_undoredo_record_from_crumbs(cubthread::entry*, log_prior_node*, LOG_RCVINDEX, log_data_addr*, int, log_crumb const*, int, log_crumb const*) (log_append.cpp:796)
==2007594==    by 0x56D10ED: prior_lsa_alloc_and_copy_crumbs(cubthread::entry*, log_rectype, LOG_RCVINDEX, log_data_addr*, int, log_crumb const*, int, log_crumb const*) (log_append.cpp:447)
==2007594==    by 0x56D8D95: log_append_undoredo_crumbs(cubthread::entry*, LOG_RCVINDEX, log_data_addr*, int, int, log_crumb const*, log_crumb const*) (log_manager.c:2231)
==2007594==    by 0x56D9E9A: log_append_undoredo_recdes2(cubthread::entry*, LOG_RCVINDEX, vfid const*, char*, short, recdes const*, recdes const*) (log_manager.c:2616)
==2007594==    by 0x56D9D2F: log_append_undoredo_recdes(cubthread::entry*, LOG_RCVINDEX, log_data_addr*, recdes const*, recdes const*) (log_manager.c:2570)
==2007594==    by 0x588EB0E: heap_log_update_physical(cubthread::entry*, char*, vfid*, db_identifier*, recdes*, recdes*, LOG_RCVINDEX) (heap_file.c:24341)
==2007594==    by 0x588E0B7: heap_update_home(cubthread::entry*, heap_operation_context*, bool) (heap_file.c:24170)
==2007594== 
==2007594== Use of uninitialised value of size 8
==2007594==    at 0x59BD807: LZ4_compress_fast_extState (in local-path/libcubridsa.so.11.5)
==2007594==    by 0x5193698: cubcompress::lz4_compress(char const*, char*, int, int, int) (compressor.hpp:97)
==2007594==    by 0x5193A5A: int cubcompress::compress<cubcompress::LZ4>(void const*, int, void*, int, std::variant<cubcompress::lz4_options> const&) (compressor.hpp:143)
==2007594==    by 0x51938A9: int cubcompress::compress<cubcompress::LZ4>(void const*, int, void*, int) (compressor.hpp:158)
==2007594==    by 0x56D498D: log_zip(log_zip*, int, void const*) (log_compress.c:83)
==2007594==    by 0x56D1E46: prior_lsa_gen_undoredo_record_from_crumbs(cubthread::entry*, log_prior_node*, LOG_RCVINDEX, log_data_addr*, int, log_crumb const*, int, log_crumb const*) (log_append.cpp:796)
==2007594==    by 0x56D10ED: prior_lsa_alloc_and_copy_crumbs(cubthread::entry*, log_rectype, LOG_RCVINDEX, log_data_addr*, int, log_crumb const*, int, log_crumb const*) (log_append.cpp:447)
==2007594==    by 0x56D8D95: log_append_undoredo_crumbs(cubthread::entry*, LOG_RCVINDEX, log_data_addr*, int, int, log_crumb const*, log_crumb const*) (log_manager.c:2231)
==2007594==    by 0x56D9E9A: log_append_undoredo_recdes2(cubthread::entry*, LOG_RCVINDEX, vfid const*, char*, short, recdes const*, recdes const*) (log_manager.c:2616)
==2007594==    by 0x56D9D2F: log_append_undoredo_recdes(cubthread::entry*, LOG_RCVINDEX, log_data_addr*, recdes const*, recdes const*) (log_manager.c:2570)
==2007594==    by 0x588EB0E: heap_log_update_physical(cubthread::entry*, char*, vfid*, db_identifier*, recdes*, recdes*, LOG_RCVINDEX) (heap_file.c:24341)
==2007594==    by 0x588E0B7: heap_update_home(cubthread::entry*, heap_operation_context*, bool) (heap_file.c:24170)
==2007594== 
==2007594== Use of uninitialised value of size 8
==2007594==    at 0x59BBD30: LZ4_compress_fast_extState (in local-path/libcubridsa.so.11.5)
==2007594==    by 0x5193698: cubcompress::lz4_compress(char const*, char*, int, int, int) (compressor.hpp:97)
==2007594==    by 0x5193A5A: int cubcompress::compress<cubcompress::LZ4>(void const*, int, void*, int, std::variant<cubcompress::lz4_options> const&) (compressor.hpp:143)
==2007594==    by 0x51938A9: int cubcompress::compress<cubcompress::LZ4>(void const*, int, void*, int) (compressor.hpp:158)
==2007594==    by 0x56D498D: log_zip(log_zip*, int, void const*) (log_compress.c:83)
==2007594==    by 0x56D1E46: prior_lsa_gen_undoredo_record_from_crumbs(cubthread::entry*, log_prior_node*, LOG_RCVINDEX, log_data_addr*, int, log_crumb const*, int, log_crumb const*) (log_append.cpp:796)
==2007594==    by 0x56D10ED: prior_lsa_alloc_and_copy_crumbs(cubthread::entry*, log_rectype, LOG_RCVINDEX, log_data_addr*, int, log_crumb const*, int, log_crumb const*) (log_append.cpp:447)
==2007594==    by 0x56D8D95: log_append_undoredo_crumbs(cubthread::entry*, LOG_RCVINDEX, log_data_addr*, int, int, log_crumb const*, log_crumb const*) (log_manager.c:2231)
==2007594==    by 0x56D9E9A: log_append_undoredo_recdes2(cubthread::entry*, LOG_RCVINDEX, vfid const*, char*, short, recdes const*, recdes const*) (log_manager.c:2616)
==2007594==    by 0x56D9D2F: log_append_undoredo_recdes(cubthread::entry*, LOG_RCVINDEX, log_data_addr*, recdes const*, recdes const*) (log_manager.c:2570)
==2007594==    by 0x588EB0E: heap_log_update_physical(cubthread::entry*, char*, vfid*, db_identifier*, recdes*, recdes*, LOG_RCVINDEX) (heap_file.c:24341)
==2007594==    by 0x588E0B7: heap_update_home(cubthread::entry*, heap_operation_context*, bool) (heap_file.c:24170)
==2007594== 
==2007594== Conditional jump or move depends on uninitialised value(s)
==2007594==    at 0x59BBD41: LZ4_compress_fast_extState (in local-path/libcubridsa.so.11.5)
==2007594==    by 0x5193698: cubcompress::lz4_compress(char const*, char*, int, int, int) (compressor.hpp:97)
==2007594==    by 0x5193A5A: int cubcompress::compress<cubcompress::LZ4>(void const*, int, void*, int, std::variant<cubcompress::lz4_options> const&) (compressor.hpp:143)
==2007594==    by 0x51938A9: int cubcompress::compress<cubcompress::LZ4>(void const*, int, void*, int) (compressor.hpp:158)
==2007594==    by 0x56D498D: log_zip(log_zip*, int, void const*) (log_compress.c:83)
==2007594==    by 0x56D1E46: prior_lsa_gen_undoredo_record_from_crumbs(cubthread::entry*, log_prior_node*, LOG_RCVINDEX, log_data_addr*, int, log_crumb const*, int, log_crumb const*) (log_append.cpp:796)
==2007594==    by 0x56D10ED: prior_lsa_alloc_and_copy_crumbs(cubthread::entry*, log_rectype, LOG_RCVINDEX, log_data_addr*, int, log_crumb const*, int, log_crumb const*) (log_append.cpp:447)
==2007594==    by 0x56D8D95: log_append_undoredo_crumbs(cubthread::entry*, LOG_RCVINDEX, log_data_addr*, int, int, log_crumb const*, log_crumb const*) (log_manager.c:2231)
==2007594==    by 0x56D9E9A: log_append_undoredo_recdes2(cubthread::entry*, LOG_RCVINDEX, vfid const*, char*, short, recdes const*, recdes const*) (log_manager.c:2616)
==2007594==    by 0x56D9D2F: log_append_undoredo_recdes(cubthread::entry*, LOG_RCVINDEX, log_data_addr*, recdes const*, recdes const*) (log_manager.c:2570)
==2007594==    by 0x588EB0E: heap_log_update_physical(cubthread::entry*, char*, vfid*, db_identifier*, recdes*, recdes*, LOG_RCVINDEX) (heap_file.c:24341)
==2007594==    by 0x588E0B7: heap_update_home(cubthread::entry*, heap_operation_context*, bool) (heap_file.c:24170)
==2007594== 
==2007594== Conditional jump or move depends on uninitialised value(s)
==2007594==    at 0x59BBD5B: LZ4_compress_fast_extState (in local-path/libcubridsa.so.11.5)
==2007594==    by 0x5193698: cubcompress::lz4_compress(char const*, char*, int, int, int) (compressor.hpp:97)
==2007594==    by 0x5193A5A: int cubcompress::compress<cubcompress::LZ4>(void const*, int, void*, int, std::variant<cubcompress::lz4_options> const&) (compressor.hpp:143)
==2007594==    by 0x51938A9: int cubcompress::compress<cubcompress::LZ4>(void const*, int, void*, int) (compressor.hpp:158)
==2007594==    by 0x56D498D: log_zip(log_zip*, int, void const*) (log_compress.c:83)
==2007594==    by 0x56D1E46: prior_lsa_gen_undoredo_record_from_crumbs(cubthread::entry*, log_prior_node*, LOG_RCVINDEX, log_data_addr*, int, log_crumb const*, int, log_crumb const*) (log_append.cpp:796)
==2007594==    by 0x56D10ED: prior_lsa_alloc_and_copy_crumbs(cubthread::entry*, log_rectype, LOG_RCVINDEX, log_data_addr*, int, log_crumb const*, int, log_crumb const*) (log_append.cpp:447)
==2007594==    by 0x56D8D95: log_append_undoredo_crumbs(cubthread::entry*, LOG_RCVINDEX, log_data_addr*, int, int, log_crumb const*, log_crumb const*) (log_manager.c:2231)
==2007594==    by 0x56D9E9A: log_append_undoredo_recdes2(cubthread::entry*, LOG_RCVINDEX, vfid const*, char*, short, recdes const*, recdes const*) (log_manager.c:2616)
==2007594==    by 0x56D9D2F: log_append_undoredo_recdes(cubthread::entry*, LOG_RCVINDEX, log_data_addr*, recdes const*, recdes const*) (log_manager.c:2570)
==2007594==    by 0x588EB0E: heap_log_update_physical(cubthread::entry*, char*, vfid*, db_identifier*, recdes*, recdes*, LOG_RCVINDEX) (heap_file.c:24341)
==2007594==    by 0x588E0B7: heap_update_home(cubthread::entry*, heap_operation_context*, bool) (heap_file.c:24170)
==2007594== 
==2007594== Use of uninitialised value of size 8
==2007594==    at 0x4851D10: memmove (vg_replace_strmem.c:1414)
==2007594==    by 0x56D1328: prior_lsa_copy_redo_data_to_node(log_prior_node*, int, char const*) (log_append.cpp:539)
==2007594==    by 0x56D26F8: prior_lsa_gen_undoredo_record_from_crumbs(cubthread::entry*, log_prior_node*, LOG_RCVINDEX, log_data_addr*, int, log_crumb const*, int, log_crumb const*) (log_append.cpp:1019)
==2007594==    by 0x56D10ED: prior_lsa_alloc_and_copy_crumbs(cubthread::entry*, log_rectype, LOG_RCVINDEX, log_data_addr*, int, log_crumb const*, int, log_crumb const*) (log_append.cpp:447)
==2007594==    by 0x56D8D95: log_append_undoredo_crumbs(cubthread::entry*, LOG_RCVINDEX, log_data_addr*, int, int, log_crumb const*, log_crumb const*) (log_manager.c:2231)
==2007594==    by 0x56D9E9A: log_append_undoredo_recdes2(cubthread::entry*, LOG_RCVINDEX, vfid const*, char*, short, recdes const*, recdes const*) (log_manager.c:2616)
==2007594==    by 0x56D9D2F: log_append_undoredo_recdes(cubthread::entry*, LOG_RCVINDEX, log_data_addr*, recdes const*, recdes const*) (log_manager.c:2570)
==2007594==    by 0x588EB0E: heap_log_update_physical(cubthread::entry*, char*, vfid*, db_identifier*, recdes*, recdes*, LOG_RCVINDEX) (heap_file.c:24341)
==2007594==    by 0x588E0B7: heap_update_home(cubthread::entry*, heap_operation_context*, bool) (heap_file.c:24170)
==2007594==    by 0x58911F3: heap_update_logical(cubthread::entry*, heap_operation_context*) (heap_file.c:25052)
==2007594==    by 0x57E5DD3: catcls_insert_instance(cubthread::entry*, or_value*, db_identifier*, db_identifier*, db_identifier*, hfid*, heap_scancache*) (catalog_class.c:3959)
==2007594==    by 0x57E7152: catcls_insert_catalog_classes(cubthread::entry*, recdes*) (catalog_class.c:4355)
==2007594== 
==2007594== Use of uninitialised value of size 8
==2007594==    at 0x4851D13: memmove (vg_replace_strmem.c:1414)
==2007594==    by 0x56D1328: prior_lsa_copy_redo_data_to_node(log_prior_node*, int, char const*) (log_append.cpp:539)
==2007594==    by 0x56D26F8: prior_lsa_gen_undoredo_record_from_crumbs(cubthread::entry*, log_prior_node*, LOG_RCVINDEX, log_data_addr*, int, log_crumb const*, int, log_crumb const*) (log_append.cpp:1019)
==2007594==    by 0x56D10ED: prior_lsa_alloc_and_copy_crumbs(cubthread::entry*, log_rectype, LOG_RCVINDEX, log_data_addr*, int, log_crumb const*, int, log_crumb const*) (log_append.cpp:447)
==2007594==    by 0x56D8D95: log_append_undoredo_crumbs(cubthread::entry*, LOG_RCVINDEX, log_data_addr*, int, int, log_crumb const*, log_crumb const*) (log_manager.c:2231)
==2007594==    by 0x56D9E9A: log_append_undoredo_recdes2(cubthread::entry*, LOG_RCVINDEX, vfid const*, char*, short, recdes const*, recdes const*) (log_manager.c:2616)
==2007594==    by 0x56D9D2F: log_append_undoredo_recdes(cubthread::entry*, LOG_RCVINDEX, log_data_addr*, recdes const*, recdes const*) (log_manager.c:2570)
==2007594==    by 0x588EB0E: heap_log_update_physical(cubthread::entry*, char*, vfid*, db_identifier*, recdes*, recdes*, LOG_RCVINDEX) (heap_file.c:24341)
==2007594==    by 0x588E0B7: heap_update_home(cubthread::entry*, heap_operation_context*, bool) (heap_file.c:24170)
==2007594==    by 0x58911F3: heap_update_logical(cubthread::entry*, heap_operation_context*) (heap_file.c:25052)
==2007594==    by 0x57E5DD3: catcls_insert_instance(cubthread::entry*, or_value*, db_identifier*, db_identifier*, db_identifier*, hfid*, heap_scancache*) (catalog_class.c:3959)
==2007594==    by 0x57E7152: catcls_insert_catalog_classes(cubthread::entry*, recdes*) (catalog_class.c:4355)
==2007594== 
==2007594== Conditional jump or move depends on uninitialised value(s)
==2007594==    at 0x4851D1D: memmove (vg_replace_strmem.c:1414)
==2007594==    by 0x56D1328: prior_lsa_copy_redo_data_to_node(log_prior_node*, int, char const*) (log_append.cpp:539)
==2007594==    by 0x56D26F8: prior_lsa_gen_undoredo_record_from_crumbs(cubthread::entry*, log_prior_node*, LOG_RCVINDEX, log_data_addr*, int, log_crumb const*, int, log_crumb const*) (log_append.cpp:1019)
==2007594==    by 0x56D10ED: prior_lsa_alloc_and_copy_crumbs(cubthread::entry*, log_rectype, LOG_RCVINDEX, log_data_addr*, int, log_crumb const*, int, log_crumb const*) (log_append.cpp:447)
==2007594==    by 0x56D8D95: log_append_undoredo_crumbs(cubthread::entry*, LOG_RCVINDEX, log_data_addr*, int, int, log_crumb const*, log_crumb const*) (log_manager.c:2231)
==2007594==    by 0x56D9E9A: log_append_undoredo_recdes2(cubthread::entry*, LOG_RCVINDEX, vfid const*, char*, short, recdes const*, recdes const*) (log_manager.c:2616)
==2007594==    by 0x56D9D2F: log_append_undoredo_recdes(cubthread::entry*, LOG_RCVINDEX, log_data_addr*, recdes const*, recdes const*) (log_manager.c:2570)
==2007594==    by 0x588EB0E: heap_log_update_physical(cubthread::entry*, char*, vfid*, db_identifier*, recdes*, recdes*, LOG_RCVINDEX) (heap_file.c:24341)
==2007594==    by 0x588E0B7: heap_update_home(cubthread::entry*, heap_operation_context*, bool) (heap_file.c:24170)
==2007594==    by 0x58911F3: heap_update_logical(cubthread::entry*, heap_operation_context*) (heap_file.c:25052)
==2007594==    by 0x57E5DD3: catcls_insert_instance(cubthread::entry*, or_value*, db_identifier*, db_identifier*, db_identifier*, hfid*, heap_scancache*) (catalog_class.c:3959)
==2007594==    by 0x57E7152: catcls_insert_catalog_classes(cubthread::entry*, recdes*) (catalog_class.c:4355)
==2007594== 
==2007594== Conditional jump or move depends on uninitialised value(s)
==2007594==    at 0x5702B6E: logpb_append_data(cubthread::entry*, int, char const*) (log_page_buffer.c:4301)
==2007594==    by 0x5700A2D: logpb_append_next_record(cubthread::entry*, log_prior_node*) (log_page_buffer.c:3023)
==2007594==    by 0x5700B49: logpb_append_prior_lsa_list(cubthread::entry*, log_prior_node*) (log_page_buffer.c:3059)
==2007594==    by 0x5700D4D: logpb_prior_lsa_append_all_list(cubthread::entry*) (log_page_buffer.c:3126)
==2007594==    by 0x57024BF: logpb_flush_pages_direct(cubthread::entry*) (log_page_buffer.c:3963)
==2007594==    by 0x5702543: logpb_force_flush_pages(cubthread::entry*) (log_page_buffer.c:4102)
==2007594==    by 0x585C5F3: heap_create_internal(cubthread::entry*, hfid*, db_identifier const*, bool) (heap_file.c:4977)
==2007594==    by 0x585D374: xheap_create(cubthread::entry*, hfid*, db_identifier const*, bool) (heap_file.c:5429)
==2007594==    by 0x505610F: heap_create(hfid*, db_identifier const*, bool) (network_interface_cl.c:1697)
==2007594==    by 0x56AAAB6: locator_create_heap_if_needed(db_object*, bool) (locator_cl.c:5561)
==2007594==    by 0x52D9200: do_create_entity(parser_context*, parser_node*) (execute_schema.c:10117)
==2007594==    by 0x52F1455: do_check_internal_statements(parser_context*, parser_node*, int (*)(parser_context*, parser_node*)) (execute_statement.c:4642)
==2007594== 
==2007594== Conditional jump or move depends on uninitialised value(s)
==2007594==    at 0x5702C19: logpb_append_data(cubthread::entry*, int, char const*) (log_page_buffer.c:4316)
==2007594==    by 0x5700A2D: logpb_append_next_record(cubthread::entry*, log_prior_node*) (log_page_buffer.c:3023)
==2007594==    by 0x5700B49: logpb_append_prior_lsa_list(cubthread::entry*, log_prior_node*) (log_page_buffer.c:3059)
==2007594==    by 0x5700D4D: logpb_prior_lsa_append_all_list(cubthread::entry*) (log_page_buffer.c:3126)
==2007594==    by 0x57024BF: logpb_flush_pages_direct(cubthread::entry*) (log_page_buffer.c:3963)
==2007594==    by 0x5702543: logpb_force_flush_pages(cubthread::entry*) (log_page_buffer.c:4102)
==2007594==    by 0x585C5F3: heap_create_internal(cubthread::entry*, hfid*, db_identifier const*, bool) (heap_file.c:4977)
==2007594==    by 0x585D374: xheap_create(cubthread::entry*, hfid*, db_identifier const*, bool) (heap_file.c:5429)
==2007594==    by 0x505610F: heap_create(hfid*, db_identifier const*, bool) (network_interface_cl.c:1697)
==2007594==    by 0x56AAAB6: locator_create_heap_if_needed(db_object*, bool) (locator_cl.c:5561)
==2007594==    by 0x52D9200: do_create_entity(parser_context*, parser_node*) (execute_schema.c:10117)
==2007594==    by 0x52F1455: do_check_internal_statements(parser_context*, parser_node*, int (*)(parser_context*, parser_node*)) (execute_statement.c:4642)
==2007594== 
==2007594== Conditional jump or move depends on uninitialised value(s)
==2007594==    at 0x4851B8A: memmove (vg_replace_strmem.c:1414)
==2007594==    by 0x5702D10: logpb_append_data(cubthread::entry*, int, char const*) (log_page_buffer.c:4347)
==2007594==    by 0x5700A2D: logpb_append_next_record(cubthread::entry*, log_prior_node*) (log_page_buffer.c:3023)
==2007594==    by 0x5700B49: logpb_append_prior_lsa_list(cubthread::entry*, log_prior_node*) (log_page_buffer.c:3059)
==2007594==    by 0x5700D4D: logpb_prior_lsa_append_all_list(cubthread::entry*) (log_page_buffer.c:3126)
==2007594==    by 0x57024BF: logpb_flush_pages_direct(cubthread::entry*) (log_page_buffer.c:3963)
==2007594==    by 0x5702543: logpb_force_flush_pages(cubthread::entry*) (log_page_buffer.c:4102)
==2007594==    by 0x585C5F3: heap_create_internal(cubthread::entry*, hfid*, db_identifier const*, bool) (heap_file.c:4977)
==2007594==    by 0x585D374: xheap_create(cubthread::entry*, hfid*, db_identifier const*, bool) (heap_file.c:5429)
==2007594==    by 0x505610F: heap_create(hfid*, db_identifier const*, bool) (network_interface_cl.c:1697)
==2007594==    by 0x56AAAB6: locator_create_heap_if_needed(db_object*, bool) (locator_cl.c:5561)
==2007594==    by 0x52D9200: do_create_entity(parser_context*, parser_node*) (execute_schema.c:10117)
==2007594== 
==2007594== Conditional jump or move depends on uninitialised value(s)
==2007594==    at 0x4851C0B: memmove (vg_replace_strmem.c:1414)
==2007594==    by 0x5702D10: logpb_append_data(cubthread::entry*, int, char const*) (log_page_buffer.c:4347)
==2007594==    by 0x5700A2D: logpb_append_next_record(cubthread::entry*, log_prior_node*) (log_page_buffer.c:3023)
==2007594==    by 0x5700B49: logpb_append_prior_lsa_list(cubthread::entry*, log_prior_node*) (log_page_buffer.c:3059)
==2007594==    by 0x5700D4D: logpb_prior_lsa_append_all_list(cubthread::entry*) (log_page_buffer.c:3126)
==2007594==    by 0x57024BF: logpb_flush_pages_direct(cubthread::entry*) (log_page_buffer.c:3963)
==2007594==    by 0x5702543: logpb_force_flush_pages(cubthread::entry*) (log_page_buffer.c:4102)
==2007594==    by 0x585C5F3: heap_create_internal(cubthread::entry*, hfid*, db_identifier const*, bool) (heap_file.c:4977)
==2007594==    by 0x585D374: xheap_create(cubthread::entry*, hfid*, db_identifier const*, bool) (heap_file.c:5429)
==2007594==    by 0x505610F: heap_create(hfid*, db_identifier const*, bool) (network_interface_cl.c:1697)
==2007594==    by 0x56AAAB6: locator_create_heap_if_needed(db_object*, bool) (locator_cl.c:5561)
==2007594==    by 0x52D9200: do_create_entity(parser_context*, parser_node*) (execute_schema.c:10117)
==2007594== 
==2007594== Conditional jump or move depends on uninitialised value(s)
==2007594==    at 0x4851C5D: memmove (vg_replace_strmem.c:1414)
==2007594==    by 0x5702D10: logpb_append_data(cubthread::entry*, int, char const*) (log_page_buffer.c:4347)
==2007594==    by 0x5700A2D: logpb_append_next_record(cubthread::entry*, log_prior_node*) (log_page_buffer.c:3023)
==2007594==    by 0x5700B49: logpb_append_prior_lsa_list(cubthread::entry*, log_prior_node*) (log_page_buffer.c:3059)
==2007594==    by 0x5700D4D: logpb_prior_lsa_append_all_list(cubthread::entry*) (log_page_buffer.c:3126)
==2007594==    by 0x57024BF: logpb_flush_pages_direct(cubthread::entry*) (log_page_buffer.c:3963)
==2007594==    by 0x5702543: logpb_force_flush_pages(cubthread::entry*) (log_page_buffer.c:4102)
==2007594==    by 0x585C5F3: heap_create_internal(cubthread::entry*, hfid*, db_identifier const*, bool) (heap_file.c:4977)
==2007594==    by 0x585D374: xheap_create(cubthread::entry*, hfid*, db_identifier const*, bool) (heap_file.c:5429)
==2007594==    by 0x505610F: heap_create(hfid*, db_identifier const*, bool) (network_interface_cl.c:1697)
==2007594==    by 0x56AAAB6: locator_create_heap_if_needed(db_object*, bool) (locator_cl.c:5561)
==2007594==    by 0x52D9200: do_create_entity(parser_context*, parser_node*) (execute_schema.c:10117)
==2007594== 
==2007594== Conditional jump or move depends on uninitialised value(s)
==2007594==    at 0x4851C73: memmove (vg_replace_strmem.c:1414)
==2007594==    by 0x5702D10: logpb_append_data(cubthread::entry*, int, char const*) (log_page_buffer.c:4347)
==2007594==    by 0x5700A2D: logpb_append_next_record(cubthread::entry*, log_prior_node*) (log_page_buffer.c:3023)
==2007594==    by 0x5700B49: logpb_append_prior_lsa_list(cubthread::entry*, log_prior_node*) (log_page_buffer.c:3059)
==2007594==    by 0x5700D4D: logpb_prior_lsa_append_all_list(cubthread::entry*) (log_page_buffer.c:3126)
==2007594==    by 0x57024BF: logpb_flush_pages_direct(cubthread::entry*) (log_page_buffer.c:3963)
==2007594==    by 0x5702543: logpb_force_flush_pages(cubthread::entry*) (log_page_buffer.c:4102)
==2007594==    by 0x585C5F3: heap_create_internal(cubthread::entry*, hfid*, db_identifier const*, bool) (heap_file.c:4977)
==2007594==    by 0x585D374: xheap_create(cubthread::entry*, hfid*, db_identifier const*, bool) (heap_file.c:5429)
==2007594==    by 0x505610F: heap_create(hfid*, db_identifier const*, bool) (network_interface_cl.c:1697)
==2007594==    by 0x56AAAB6: locator_create_heap_if_needed(db_object*, bool) (locator_cl.c:5561)
==2007594==    by 0x52D9200: do_create_entity(parser_context*, parser_node*) (execute_schema.c:10117)
==2007594== 
==2007594== Use of uninitialised value of size 8
==2007594==    at 0x4851C8D: memmove (vg_replace_strmem.c:1414)
==2007594==    by 0x5702D10: logpb_append_data(cubthread::entry*, int, char const*) (log_page_buffer.c:4347)
==2007594==    by 0x5700A2D: logpb_append_next_record(cubthread::entry*, log_prior_node*) (log_page_buffer.c:3023)
==2007594==    by 0x5700B49: logpb_append_prior_lsa_list(cubthread::entry*, log_prior_node*) (log_page_buffer.c:3059)
==2007594==    by 0x5700D4D: logpb_prior_lsa_append_all_list(cubthread::entry*) (log_page_buffer.c:3126)
==2007594==    by 0x57024BF: logpb_flush_pages_direct(cubthread::entry*) (log_page_buffer.c:3963)
==2007594==    by 0x5702543: logpb_force_flush_pages(cubthread::entry*) (log_page_buffer.c:4102)
==2007594==    by 0x585C5F3: heap_create_internal(cubthread::entry*, hfid*, db_identifier const*, bool) (heap_file.c:4977)
==2007594==    by 0x585D374: xheap_create(cubthread::entry*, hfid*, db_identifier const*, bool) (heap_file.c:5429)
==2007594==    by 0x505610F: heap_create(hfid*, db_identifier const*, bool) (network_interface_cl.c:1697)
==2007594==    by 0x56AAAB6: locator_create_heap_if_needed(db_object*, bool) (locator_cl.c:5561)
==2007594==    by 0x52D9200: do_create_entity(parser_context*, parser_node*) (execute_schema.c:10117)
==2007594== 
==2007594== Use of uninitialised value of size 8
==2007594==    at 0x4851C90: memmove (vg_replace_strmem.c:1414)
==2007594==    by 0x5702D10: logpb_append_data(cubthread::entry*, int, char const*) (log_page_buffer.c:4347)
==2007594==    by 0x5700A2D: logpb_append_next_record(cubthread::entry*, log_prior_node*) (log_page_buffer.c:3023)
==2007594==    by 0x5700B49: logpb_append_prior_lsa_list(cubthread::entry*, log_prior_node*) (log_page_buffer.c:3059)
==2007594==    by 0x5700D4D: logpb_prior_lsa_append_all_list(cubthread::entry*) (log_page_buffer.c:3126)
==2007594==    by 0x57024BF: logpb_flush_pages_direct(cubthread::entry*) (log_page_buffer.c:3963)
==2007594==    by 0x5702543: logpb_force_flush_pages(cubthread::entry*) (log_page_buffer.c:4102)
==2007594==    by 0x585C5F3: heap_create_internal(cubthread::entry*, hfid*, db_identifier const*, bool) (heap_file.c:4977)
==2007594==    by 0x585D374: xheap_create(cubthread::entry*, hfid*, db_identifier const*, bool) (heap_file.c:5429)
==2007594==    by 0x505610F: heap_create(hfid*, db_identifier const*, bool) (network_interface_cl.c:1697)
==2007594==    by 0x56AAAB6: locator_create_heap_if_needed(db_object*, bool) (locator_cl.c:5561)
==2007594==    by 0x52D9200: do_create_entity(parser_context*, parser_node*) (execute_schema.c:10117)
==2007594== 
==2007594== Conditional jump or move depends on uninitialised value(s)
==2007594==    at 0x4851C9B: memmove (vg_replace_strmem.c:1414)
==2007594==    by 0x5702D10: logpb_append_data(cubthread::entry*, int, char const*) (log_page_buffer.c:4347)
==2007594==    by 0x5700A2D: logpb_append_next_record(cubthread::entry*, log_prior_node*) (log_page_buffer.c:3023)
==2007594==    by 0x5700B49: logpb_append_prior_lsa_list(cubthread::entry*, log_prior_node*) (log_page_buffer.c:3059)
==2007594==    by 0x5700D4D: logpb_prior_lsa_append_all_list(cubthread::entry*) (log_page_buffer.c:3126)
==2007594==    by 0x57024BF: logpb_flush_pages_direct(cubthread::entry*) (log_page_buffer.c:3963)
==2007594==    by 0x5702543: logpb_force_flush_pages(cubthread::entry*) (log_page_buffer.c:4102)
==2007594==    by 0x585C5F3: heap_create_internal(cubthread::entry*, hfid*, db_identifier const*, bool) (heap_file.c:4977)
==2007594==    by 0x585D374: xheap_create(cubthread::entry*, hfid*, db_identifier const*, bool) (heap_file.c:5429)
==2007594==    by 0x505610F: heap_create(hfid*, db_identifier const*, bool) (network_interface_cl.c:1697)
==2007594==    by 0x56AAAB6: locator_create_heap_if_needed(db_object*, bool) (locator_cl.c:5561)
==2007594==    by 0x52D9200: do_create_entity(parser_context*, parser_node*) (execute_schema.c:10117)
==2007594== 
==2007594== Conditional jump or move depends on uninitialised value(s)
==2007594==    at 0x4851CB3: memmove (vg_replace_strmem.c:1414)
==2007594==    by 0x5702D10: logpb_append_data(cubthread::entry*, int, char const*) (log_page_buffer.c:4347)
==2007594==    by 0x5700A2D: logpb_append_next_record(cubthread::entry*, log_prior_node*) (log_page_buffer.c:3023)
==2007594==    by 0x5700B49: logpb_append_prior_lsa_list(cubthread::entry*, log_prior_node*) (log_page_buffer.c:3059)
==2007594==    by 0x5700D4D: logpb_prior_lsa_append_all_list(cubthread::entry*) (log_page_buffer.c:3126)
==2007594==    by 0x57024BF: logpb_flush_pages_direct(cubthread::entry*) (log_page_buffer.c:3963)
==2007594==    by 0x5702543: logpb_force_flush_pages(cubthread::entry*) (log_page_buffer.c:4102)
==2007594==    by 0x585C5F3: heap_create_internal(cubthread::entry*, hfid*, db_identifier const*, bool) (heap_file.c:4977)
==2007594==    by 0x585D374: xheap_create(cubthread::entry*, hfid*, db_identifier const*, bool) (heap_file.c:5429)
==2007594==    by 0x505610F: heap_create(hfid*, db_identifier const*, bool) (network_interface_cl.c:1697)
==2007594==    by 0x56AAAB6: locator_create_heap_if_needed(db_object*, bool) (locator_cl.c:5561)
==2007594==    by 0x52D9200: do_create_entity(parser_context*, parser_node*) (execute_schema.c:10117)
==2007594== 
==2007594== Conditional jump or move depends on uninitialised value(s)
==2007594==    at 0x4851CC4: memmove (vg_replace_strmem.c:1414)
==2007594==    by 0x5702D10: logpb_append_data(cubthread::entry*, int, char const*) (log_page_buffer.c:4347)
==2007594==    by 0x5700A2D: logpb_append_next_record(cubthread::entry*, log_prior_node*) (log_page_buffer.c:3023)
==2007594==    by 0x5700B49: logpb_append_prior_lsa_list(cubthread::entry*, log_prior_node*) (log_page_buffer.c:3059)
==2007594==    by 0x5700D4D: logpb_prior_lsa_append_all_list(cubthread::entry*) (log_page_buffer.c:3126)
==2007594==    by 0x57024BF: logpb_flush_pages_direct(cubthread::entry*) (log_page_buffer.c:3963)
==2007594==    by 0x5702543: logpb_force_flush_pages(cubthread::entry*) (log_page_buffer.c:4102)
==2007594==    by 0x585C5F3: heap_create_internal(cubthread::entry*, hfid*, db_identifier const*, bool) (heap_file.c:4977)
==2007594==    by 0x585D374: xheap_create(cubthread::entry*, hfid*, db_identifier const*, bool) (heap_file.c:5429)
==2007594==    by 0x505610F: heap_create(hfid*, db_identifier const*, bool) (network_interface_cl.c:1697)
==2007594==    by 0x56AAAB6: locator_create_heap_if_needed(db_object*, bool) (locator_cl.c:5561)
==2007594==    by 0x52D9200: do_create_entity(parser_context*, parser_node*) (execute_schema.c:10117)
==2007594== 
==2007594== Use of uninitialised value of size 8
==2007594==    at 0x4851CE0: memmove (vg_replace_strmem.c:1414)
==2007594==    by 0x5702D10: logpb_append_data(cubthread::entry*, int, char const*) (log_page_buffer.c:4347)
==2007594==    by 0x5700A2D: logpb_append_next_record(cubthread::entry*, log_prior_node*) (log_page_buffer.c:3023)
==2007594==    by 0x5700B49: logpb_append_prior_lsa_list(cubthread::entry*, log_prior_node*) (log_page_buffer.c:3059)
==2007594==    by 0x5700D4D: logpb_prior_lsa_append_all_list(cubthread::entry*) (log_page_buffer.c:3126)
==2007594==    by 0x57024BF: logpb_flush_pages_direct(cubthread::entry*) (log_page_buffer.c:3963)
==2007594==    by 0x5702543: logpb_force_flush_pages(cubthread::entry*) (log_page_buffer.c:4102)
==2007594==    by 0x585C5F3: heap_create_internal(cubthread::entry*, hfid*, db_identifier const*, bool) (heap_file.c:4977)
==2007594==    by 0x585D374: xheap_create(cubthread::entry*, hfid*, db_identifier const*, bool) (heap_file.c:5429)
==2007594==    by 0x505610F: heap_create(hfid*, db_identifier const*, bool) (network_interface_cl.c:1697)
==2007594==    by 0x56AAAB6: locator_create_heap_if_needed(db_object*, bool) (locator_cl.c:5561)
==2007594==    by 0x52D9200: do_create_entity(parser_context*, parser_node*) (execute_schema.c:10117)
==2007594== 
==2007594== Use of uninitialised value of size 8
==2007594==    at 0x4851CE3: memmove (vg_replace_strmem.c:1414)
==2007594==    by 0x5702D10: logpb_append_data(cubthread::entry*, int, char const*) (log_page_buffer.c:4347)
==2007594==    by 0x5700A2D: logpb_append_next_record(cubthread::entry*, log_prior_node*) (log_page_buffer.c:3023)
==2007594==    by 0x5700B49: logpb_append_prior_lsa_list(cubthread::entry*, log_prior_node*) (log_page_buffer.c:3059)
==2007594==    by 0x5700D4D: logpb_prior_lsa_append_all_list(cubthread::entry*) (log_page_buffer.c:3126)
==2007594==    by 0x57024BF: logpb_flush_pages_direct(cubthread::entry*) (log_page_buffer.c:3963)
==2007594==    by 0x5702543: logpb_force_flush_pages(cubthread::entry*) (log_page_buffer.c:4102)
==2007594==    by 0x585C5F3: heap_create_internal(cubthread::entry*, hfid*, db_identifier const*, bool) (heap_file.c:4977)
==2007594==    by 0x585D374: xheap_create(cubthread::entry*, hfid*, db_identifier const*, bool) (heap_file.c:5429)
==2007594==    by 0x505610F: heap_create(hfid*, db_identifier const*, bool) (network_interface_cl.c:1697)
==2007594==    by 0x56AAAB6: locator_create_heap_if_needed(db_object*, bool) (locator_cl.c:5561)
==2007594==    by 0x52D9200: do_create_entity(parser_context*, parser_node*) (execute_schema.c:10117)
==2007594== 
==2007594== Conditional jump or move depends on uninitialised value(s)
==2007594==    at 0x4851CEF: memmove (vg_replace_strmem.c:1414)
==2007594==    by 0x5702D10: logpb_append_data(cubthread::entry*, int, char const*) (log_page_buffer.c:4347)
==2007594==    by 0x5700A2D: logpb_append_next_record(cubthread::entry*, log_prior_node*) (log_page_buffer.c:3023)
==2007594==    by 0x5700B49: logpb_append_prior_lsa_list(cubthread::entry*, log_prior_node*) (log_page_buffer.c:3059)
==2007594==    by 0x5700D4D: logpb_prior_lsa_append_all_list(cubthread::entry*) (log_page_buffer.c:3126)
==2007594==    by 0x57024BF: logpb_flush_pages_direct(cubthread::entry*) (log_page_buffer.c:3963)
==2007594==    by 0x5702543: logpb_force_flush_pages(cubthread::entry*) (log_page_buffer.c:4102)
==2007594==    by 0x585C5F3: heap_create_internal(cubthread::entry*, hfid*, db_identifier const*, bool) (heap_file.c:4977)
==2007594==    by 0x585D374: xheap_create(cubthread::entry*, hfid*, db_identifier const*, bool) (heap_file.c:5429)
==2007594==    by 0x505610F: heap_create(hfid*, db_identifier const*, bool) (network_interface_cl.c:1697)
==2007594==    by 0x56AAAB6: locator_create_heap_if_needed(db_object*, bool) (locator_cl.c:5561)
==2007594==    by 0x52D9200: do_create_entity(parser_context*, parser_node*) (execute_schema.c:10117)
==2007594== 
==2007594== Conditional jump or move depends on uninitialised value(s)
==2007594==    at 0x4851D01: memmove (vg_replace_strmem.c:1414)
==2007594==    by 0x5702D10: logpb_append_data(cubthread::entry*, int, char const*) (log_page_buffer.c:4347)
==2007594==    by 0x5700A2D: logpb_append_next_record(cubthread::entry*, log_prior_node*) (log_page_buffer.c:3023)
==2007594==    by 0x5700B49: logpb_append_prior_lsa_list(cubthread::entry*, log_prior_node*) (log_page_buffer.c:3059)
==2007594==    by 0x5700D4D: logpb_prior_lsa_append_all_list(cubthread::entry*) (log_page_buffer.c:3126)
==2007594==    by 0x57024BF: logpb_flush_pages_direct(cubthread::entry*) (log_page_buffer.c:3963)
==2007594==    by 0x5702543: logpb_force_flush_pages(cubthread::entry*) (log_page_buffer.c:4102)
==2007594==    by 0x585C5F3: heap_create_internal(cubthread::entry*, hfid*, db_identifier const*, bool) (heap_file.c:4977)
==2007594==    by 0x585D374: xheap_create(cubthread::entry*, hfid*, db_identifier const*, bool) (heap_file.c:5429)
==2007594==    by 0x505610F: heap_create(hfid*, db_identifier const*, bool) (network_interface_cl.c:1697)
==2007594==    by 0x56AAAB6: locator_create_heap_if_needed(db_object*, bool) (locator_cl.c:5561)
==2007594==    by 0x52D9200: do_create_entity(parser_context*, parser_node*) (execute_schema.c:10117)
==2007594== 
==2007594== Conditional jump or move depends on uninitialised value(s)
==2007594==    at 0x5702D95: logpb_append_data(cubthread::entry*, int, char const*) (log_page_buffer.c:4355)
==2007594==    by 0x5700A2D: logpb_append_next_record(cubthread::entry*, log_prior_node*) (log_page_buffer.c:3023)
==2007594==    by 0x5700B49: logpb_append_prior_lsa_list(cubthread::entry*, log_prior_node*) (log_page_buffer.c:3059)
==2007594==    by 0x5700D4D: logpb_prior_lsa_append_all_list(cubthread::entry*) (log_page_buffer.c:3126)
==2007594==    by 0x57024BF: logpb_flush_pages_direct(cubthread::entry*) (log_page_buffer.c:3963)
==2007594==    by 0x5702543: logpb_force_flush_pages(cubthread::entry*) (log_page_buffer.c:4102)
==2007594==    by 0x585C5F3: heap_create_internal(cubthread::entry*, hfid*, db_identifier const*, bool) (heap_file.c:4977)
==2007594==    by 0x585D374: xheap_create(cubthread::entry*, hfid*, db_identifier const*, bool) (heap_file.c:5429)
==2007594==    by 0x505610F: heap_create(hfid*, db_identifier const*, bool) (network_interface_cl.c:1697)
==2007594==    by 0x56AAAB6: locator_create_heap_if_needed(db_object*, bool) (locator_cl.c:5561)
==2007594==    by 0x52D9200: do_create_entity(parser_context*, parser_node*) (execute_schema.c:10117)
==2007594==    by 0x52F1455: do_check_internal_statements(parser_context*, parser_node*, int (*)(parser_context*, parser_node*)) (execute_statement.c:4642)
==2007594== 
==2007594== Conditional jump or move depends on uninitialised value(s)
==2007594==    at 0x5703115: logpb_end_append(cubthread::entry*, log_rec_header*) (log_page_buffer.c:4462)
==2007594==    by 0x5700A40: logpb_append_next_record(cubthread::entry*, log_prior_node*) (log_page_buffer.c:3026)
==2007594==    by 0x5700B49: logpb_append_prior_lsa_list(cubthread::entry*, log_prior_node*) (log_page_buffer.c:3059)
==2007594==    by 0x5700D4D: logpb_prior_lsa_append_all_list(cubthread::entry*) (log_page_buffer.c:3126)
==2007594==    by 0x57024BF: logpb_flush_pages_direct(cubthread::entry*) (log_page_buffer.c:3963)
==2007594==    by 0x5702543: logpb_force_flush_pages(cubthread::entry*) (log_page_buffer.c:4102)
==2007594==    by 0x585C5F3: heap_create_internal(cubthread::entry*, hfid*, db_identifier const*, bool) (heap_file.c:4977)
==2007594==    by 0x585D374: xheap_create(cubthread::entry*, hfid*, db_identifier const*, bool) (heap_file.c:5429)
==2007594==    by 0x505610F: heap_create(hfid*, db_identifier const*, bool) (network_interface_cl.c:1697)
==2007594==    by 0x56AAAB6: locator_create_heap_if_needed(db_object*, bool) (locator_cl.c:5561)
==2007594==    by 0x52D9200: do_create_entity(parser_context*, parser_node*) (execute_schema.c:10117)
==2007594==    by 0x52F1455: do_check_internal_statements(parser_context*, parser_node*, int (*)(parser_context*, parser_node*)) (execute_statement.c:4642)
==2007594== 
==2007594== Conditional jump or move depends on uninitialised value(s)
==2007594==    at 0x570314A: logpb_end_append(cubthread::entry*, log_rec_header*) (log_page_buffer.c:4463)
==2007594==    by 0x5700A40: logpb_append_next_record(cubthread::entry*, log_prior_node*) (log_page_buffer.c:3026)
==2007594==    by 0x5700B49: logpb_append_prior_lsa_list(cubthread::entry*, log_prior_node*) (log_page_buffer.c:3059)
==2007594==    by 0x5700D4D: logpb_prior_lsa_append_all_list(cubthread::entry*) (log_page_buffer.c:3126)
==2007594==    by 0x57024BF: logpb_flush_pages_direct(cubthread::entry*) (log_page_buffer.c:3963)
==2007594==    by 0x5702543: logpb_force_flush_pages(cubthread::entry*) (log_page_buffer.c:4102)
==2007594==    by 0x585C5F3: heap_create_internal(cubthread::entry*, hfid*, db_identifier const*, bool) (heap_file.c:4977)
==2007594==    by 0x585D374: xheap_create(cubthread::entry*, hfid*, db_identifier const*, bool) (heap_file.c:5429)
==2007594==    by 0x505610F: heap_create(hfid*, db_identifier const*, bool) (network_interface_cl.c:1697)
==2007594==    by 0x56AAAB6: locator_create_heap_if_needed(db_object*, bool) (locator_cl.c:5561)
==2007594==    by 0x52D9200: do_create_entity(parser_context*, parser_node*) (execute_schema.c:10117)
==2007594==    by 0x52F1455: do_check_internal_statements(parser_context*, parser_node*, int (*)(parser_context*, parser_node*)) (execute_statement.c:4642)
==2007594== 
==2007594== Conditional jump or move depends on uninitialised value(s)
==2007594==    at 0x53E6B83: log_lsa::operator==(log_lsa const&) const (log_lsa.hpp:163)
==2007594==    by 0x53E6BEB: LSA_EQ(log_lsa const*, log_lsa const*) (log_lsa.hpp:224)
==2007594==    by 0x570317D: logpb_end_append(cubthread::entry*, log_rec_header*) (log_page_buffer.c:4473)
==2007594==    by 0x5700A40: logpb_append_next_record(cubthread::entry*, log_prior_node*) (log_page_buffer.c:3026)
==2007594==    by 0x5700B49: logpb_append_prior_lsa_list(cubthread::entry*, log_prior_node*) (log_page_buffer.c:3059)
==2007594==    by 0x5700D4D: logpb_prior_lsa_append_all_list(cubthread::entry*) (log_page_buffer.c:3126)
==2007594==    by 0x57024BF: logpb_flush_pages_direct(cubthread::entry*) (log_page_buffer.c:3963)
==2007594==    by 0x5702543: logpb_force_flush_pages(cubthread::entry*) (log_page_buffer.c:4102)
==2007594==    by 0x585C5F3: heap_create_internal(cubthread::entry*, hfid*, db_identifier const*, bool) (heap_file.c:4977)
==2007594==    by 0x585D374: xheap_create(cubthread::entry*, hfid*, db_identifier const*, bool) (heap_file.c:5429)
==2007594==    by 0x505610F: heap_create(hfid*, db_identifier const*, bool) (network_interface_cl.c:1697)
==2007594==    by 0x56AAAB6: locator_create_heap_if_needed(db_object*, bool) (locator_cl.c:5561)
==2007594== 
==2007594== Conditional jump or move depends on uninitialised value(s)
==2007594==    at 0x57027AA: logpb_start_append(cubthread::entry*, log_rec_header*) (log_page_buffer.c:4220)
==2007594==    by 0x5700972: logpb_append_next_record(cubthread::entry*, log_prior_node*) (log_page_buffer.c:3008)
==2007594==    by 0x5700B49: logpb_append_prior_lsa_list(cubthread::entry*, log_prior_node*) (log_page_buffer.c:3059)
==2007594==    by 0x5700D4D: logpb_prior_lsa_append_all_list(cubthread::entry*) (log_page_buffer.c:3126)
==2007594==    by 0x57024BF: logpb_flush_pages_direct(cubthread::entry*) (log_page_buffer.c:3963)
==2007594==    by 0x5702543: logpb_force_flush_pages(cubthread::entry*) (log_page_buffer.c:4102)
==2007594==    by 0x585C5F3: heap_create_internal(cubthread::entry*, hfid*, db_identifier const*, bool) (heap_file.c:4977)
==2007594==    by 0x585D374: xheap_create(cubthread::entry*, hfid*, db_identifier const*, bool) (heap_file.c:5429)
==2007594==    by 0x505610F: heap_create(hfid*, db_identifier const*, bool) (network_interface_cl.c:1697)
==2007594==    by 0x56AAAB6: locator_create_heap_if_needed(db_object*, bool) (locator_cl.c:5561)
==2007594==    by 0x52D9200: do_create_entity(parser_context*, parser_node*) (execute_schema.c:10117)
==2007594==    by 0x52F1455: do_check_internal_statements(parser_context*, parser_node*, int (*)(parser_context*, parser_node*)) (execute_statement.c:4642)
==2007594== 
==2007594== Use of uninitialised value of size 8
==2007594==    at 0x570293B: logpb_start_append(cubthread::entry*, log_rec_header*) (log_page_buffer.c:4244)
==2007594==    by 0x5700972: logpb_append_next_record(cubthread::entry*, log_prior_node*) (log_page_buffer.c:3008)
==2007594==    by 0x5700B49: logpb_append_prior_lsa_list(cubthread::entry*, log_prior_node*) (log_page_buffer.c:3059)
==2007594==    by 0x5700D4D: logpb_prior_lsa_append_all_list(cubthread::entry*) (log_page_buffer.c:3126)
==2007594==    by 0x57024BF: logpb_flush_pages_direct(cubthread::entry*) (log_page_buffer.c:3963)
==2007594==    by 0x5702543: logpb_force_flush_pages(cubthread::entry*) (log_page_buffer.c:4102)
==2007594==    by 0x585C5F3: heap_create_internal(cubthread::entry*, hfid*, db_identifier const*, bool) (heap_file.c:4977)
==2007594==    by 0x585D374: xheap_create(cubthread::entry*, hfid*, db_identifier const*, bool) (heap_file.c:5429)
==2007594==    by 0x505610F: heap_create(hfid*, db_identifier const*, bool) (network_interface_cl.c:1697)
==2007594==    by 0x56AAAB6: locator_create_heap_if_needed(db_object*, bool) (locator_cl.c:5561)
==2007594==    by 0x52D9200: do_create_entity(parser_context*, parser_node*) (execute_schema.c:10117)
==2007594==    by 0x52F1455: do_check_internal_statements(parser_context*, parser_node*, int (*)(parser_context*, parser_node*)) (execute_statement.c:4642)
==2007594== 
==2007594== Use of uninitialised value of size 8
==2007594==    at 0x5702988: logpb_start_append(cubthread::entry*, log_rec_header*) (log_page_buffer.c:4256)
==2007594==    by 0x5700972: logpb_append_next_record(cubthread::entry*, log_prior_node*) (log_page_buffer.c:3008)
==2007594==    by 0x5700B49: logpb_append_prior_lsa_list(cubthread::entry*, log_prior_node*) (log_page_buffer.c:3059)
==2007594==    by 0x5700D4D: logpb_prior_lsa_append_all_list(cubthread::entry*) (log_page_buffer.c:3126)
==2007594==    by 0x57024BF: logpb_flush_pages_direct(cubthread::entry*) (log_page_buffer.c:3963)
==2007594==    by 0x5702543: logpb_force_flush_pages(cubthread::entry*) (log_page_buffer.c:4102)
==2007594==    by 0x585C5F3: heap_create_internal(cubthread::entry*, hfid*, db_identifier const*, bool) (heap_file.c:4977)
==2007594==    by 0x585D374: xheap_create(cubthread::entry*, hfid*, db_identifier const*, bool) (heap_file.c:5429)
==2007594==    by 0x505610F: heap_create(hfid*, db_identifier const*, bool) (network_interface_cl.c:1697)
==2007594==    by 0x56AAAB6: locator_create_heap_if_needed(db_object*, bool) (locator_cl.c:5561)
==2007594==    by 0x52D9200: do_create_entity(parser_context*, parser_node*) (execute_schema.c:10117)
==2007594==    by 0x52F1455: do_check_internal_statements(parser_context*, parser_node*, int (*)(parser_context*, parser_node*)) (execute_statement.c:4642)
==2007594== 
==2007594== Conditional jump or move depends on uninitialised value(s)
==2007594==    at 0x5702AFB: logpb_start_append(cubthread::entry*, log_rec_header*) (log_page_buffer.c:4276)
==2007594==    by 0x5700972: logpb_append_next_record(cubthread::entry*, log_prior_node*) (log_page_buffer.c:3008)
==2007594==    by 0x5700B49: logpb_append_prior_lsa_list(cubthread::entry*, log_prior_node*) (log_page_buffer.c:3059)
==2007594==    by 0x5700D4D: logpb_prior_lsa_append_all_list(cubthread::entry*) (log_page_buffer.c:3126)
==2007594==    by 0x57024BF: logpb_flush_pages_direct(cubthread::entry*) (log_page_buffer.c:3963)
==2007594==    by 0x5702543: logpb_force_flush_pages(cubthread::entry*) (log_page_buffer.c:4102)
==2007594==    by 0x585C5F3: heap_create_internal(cubthread::entry*, hfid*, db_identifier const*, bool) (heap_file.c:4977)
==2007594==    by 0x585D374: xheap_create(cubthread::entry*, hfid*, db_identifier const*, bool) (heap_file.c:5429)
==2007594==    by 0x505610F: heap_create(hfid*, db_identifier const*, bool) (network_interface_cl.c:1697)
==2007594==    by 0x56AAAB6: locator_create_heap_if_needed(db_object*, bool) (locator_cl.c:5561)
==2007594==    by 0x52D9200: do_create_entity(parser_context*, parser_node*) (execute_schema.c:10117)
==2007594==    by 0x52F1455: do_check_internal_statements(parser_context*, parser_node*, int (*)(parser_context*, parser_node*)) (execute_statement.c:4642)
==2007594== 
==2007594== Conditional jump or move depends on uninitialised value(s)
==2007594==    at 0x57009AA: logpb_append_next_record(cubthread::entry*, log_prior_node*) (log_page_buffer.c:3012)
==2007594==    by 0x5700B49: logpb_append_prior_lsa_list(cubthread::entry*, log_prior_node*) (log_page_buffer.c:3059)
==2007594==    by 0x5700D4D: logpb_prior_lsa_append_all_list(cubthread::entry*) (log_page_buffer.c:3126)
==2007594==    by 0x57024BF: logpb_flush_pages_direct(cubthread::entry*) (log_page_buffer.c:3963)
==2007594==    by 0x5702543: logpb_force_flush_pages(cubthread::entry*) (log_page_buffer.c:4102)
==2007594==    by 0x585C5F3: heap_create_internal(cubthread::entry*, hfid*, db_identifier const*, bool) (heap_file.c:4977)
==2007594==    by 0x585D374: xheap_create(cubthread::entry*, hfid*, db_identifier const*, bool) (heap_file.c:5429)
==2007594==    by 0x505610F: heap_create(hfid*, db_identifier const*, bool) (network_interface_cl.c:1697)
==2007594==    by 0x56AAAB6: locator_create_heap_if_needed(db_object*, bool) (locator_cl.c:5561)
==2007594==    by 0x52D9200: do_create_entity(parser_context*, parser_node*) (execute_schema.c:10117)
==2007594==    by 0x52F1455: do_check_internal_statements(parser_context*, parser_node*, int (*)(parser_context*, parser_node*)) (execute_statement.c:4642)
==2007594==    by 0x52F0B2E: do_execute_statement(parser_context*, parser_node*) (execute_statement.c:4300)
==2007594== 
==2007594== Conditional jump or move depends on uninitialised value(s)
==2007594==    at 0x5702BC4: logpb_append_data(cubthread::entry*, int, char const*) (log_page_buffer.c:4310)
==2007594==    by 0x57009D9: logpb_append_next_record(cubthread::entry*, log_prior_node*) (log_page_buffer.c:3013)
==2007594==    by 0x5700B49: logpb_append_prior_lsa_list(cubthread::entry*, log_prior_node*) (log_page_buffer.c:3059)
==2007594==    by 0x5700D4D: logpb_prior_lsa_append_all_list(cubthread::entry*) (log_page_buffer.c:3126)
==2007594==    by 0x57024BF: logpb_flush_pages_direct(cubthread::entry*) (log_page_buffer.c:3963)
==2007594==    by 0x5702543: logpb_force_flush_pages(cubthread::entry*) (log_page_buffer.c:4102)
==2007594==    by 0x585C5F3: heap_create_internal(cubthread::entry*, hfid*, db_identifier const*, bool) (heap_file.c:4977)
==2007594==    by 0x585D374: xheap_create(cubthread::entry*, hfid*, db_identifier const*, bool) (heap_file.c:5429)
==2007594==    by 0x505610F: heap_create(hfid*, db_identifier const*, bool) (network_interface_cl.c:1697)
==2007594==    by 0x56AAAB6: locator_create_heap_if_needed(db_object*, bool) (locator_cl.c:5561)
==2007594==    by 0x52D9200: do_create_entity(parser_context*, parser_node*) (execute_schema.c:10117)
==2007594==    by 0x52F1455: do_check_internal_statements(parser_context*, parser_node*, int (*)(parser_context*, parser_node*)) (execute_statement.c:4642)
==2007594== 
==2007594== Conditional jump or move depends on uninitialised value(s)
==2007594==    at 0x5702C19: logpb_append_data(cubthread::entry*, int, char const*) (log_page_buffer.c:4316)
==2007594==    by 0x57009D9: logpb_append_next_record(cubthread::entry*, log_prior_node*) (log_page_buffer.c:3013)
==2007594==    by 0x5700B49: logpb_append_prior_lsa_list(cubthread::entry*, log_prior_node*) (log_page_buffer.c:3059)
==2007594==    by 0x5700D4D: logpb_prior_lsa_append_all_list(cubthread::entry*) (log_page_buffer.c:3126)
==2007594==    by 0x57024BF: logpb_flush_pages_direct(cubthread::entry*) (log_page_buffer.c:3963)
==2007594==    by 0x5702543: logpb_force_flush_pages(cubthread::entry*) (log_page_buffer.c:4102)
==2007594==    by 0x585C5F3: heap_create_internal(cubthread::entry*, hfid*, db_identifier const*, bool) (heap_file.c:4977)
==2007594==    by 0x585D374: xheap_create(cubthread::entry*, hfid*, db_identifier const*, bool) (heap_file.c:5429)
==2007594==    by 0x505610F: heap_create(hfid*, db_identifier const*, bool) (network_interface_cl.c:1697)
==2007594==    by 0x56AAAB6: locator_create_heap_if_needed(db_object*, bool) (locator_cl.c:5561)
==2007594==    by 0x52D9200: do_create_entity(parser_context*, parser_node*) (execute_schema.c:10117)
==2007594==    by 0x52F1455: do_check_internal_statements(parser_context*, parser_node*, int (*)(parser_context*, parser_node*)) (execute_statement.c:4642)
==2007594== 
==2007594== Conditional jump or move depends on uninitialised value(s)
==2007594==    at 0x4851B9C: memmove (vg_replace_strmem.c:1414)
==2007594==    by 0x5702D10: logpb_append_data(cubthread::entry*, int, char const*) (log_page_buffer.c:4347)
==2007594==    by 0x57009D9: logpb_append_next_record(cubthread::entry*, log_prior_node*) (log_page_buffer.c:3013)
==2007594==    by 0x5700B49: logpb_append_prior_lsa_list(cubthread::entry*, log_prior_node*) (log_page_buffer.c:3059)
==2007594==    by 0x5700D4D: logpb_prior_lsa_append_all_list(cubthread::entry*) (log_page_buffer.c:3126)
==2007594==    by 0x57024BF: logpb_flush_pages_direct(cubthread::entry*) (log_page_buffer.c:3963)
==2007594==    by 0x5702543: logpb_force_flush_pages(cubthread::entry*) (log_page_buffer.c:4102)
==2007594==    by 0x585C5F3: heap_create_internal(cubthread::entry*, hfid*, db_identifier const*, bool) (heap_file.c:4977)
==2007594==    by 0x585D374: xheap_create(cubthread::entry*, hfid*, db_identifier const*, bool) (heap_file.c:5429)
==2007594==    by 0x505610F: heap_create(hfid*, db_identifier const*, bool) (network_interface_cl.c:1697)
==2007594==    by 0x56AAAB6: locator_create_heap_if_needed(db_object*, bool) (locator_cl.c:5561)
==2007594==    by 0x52D9200: do_create_entity(parser_context*, parser_node*) (execute_schema.c:10117)
==2007594== 
==2007594== Conditional jump or move depends on uninitialised value(s)
==2007594==    at 0x5702D95: logpb_append_data(cubthread::entry*, int, char const*) (log_page_buffer.c:4355)
==2007594==    by 0x57009D9: logpb_append_next_record(cubthread::entry*, log_prior_node*) (log_page_buffer.c:3013)
==2007594==    by 0x5700B49: logpb_append_prior_lsa_list(cubthread::entry*, log_prior_node*) (log_page_buffer.c:3059)
==2007594==    by 0x5700D4D: logpb_prior_lsa_append_all_list(cubthread::entry*) (log_page_buffer.c:3126)
==2007594==    by 0x57024BF: logpb_flush_pages_direct(cubthread::entry*) (log_page_buffer.c:3963)
==2007594==    by 0x5702543: logpb_force_flush_pages(cubthread::entry*) (log_page_buffer.c:4102)
==2007594==    by 0x585C5F3: heap_create_internal(cubthread::entry*, hfid*, db_identifier const*, bool) (heap_file.c:4977)
==2007594==    by 0x585D374: xheap_create(cubthread::entry*, hfid*, db_identifier const*, bool) (heap_file.c:5429)
==2007594==    by 0x505610F: heap_create(hfid*, db_identifier const*, bool) (network_interface_cl.c:1697)
==2007594==    by 0x56AAAB6: locator_create_heap_if_needed(db_object*, bool) (locator_cl.c:5561)
==2007594==    by 0x52D9200: do_create_entity(parser_context*, parser_node*) (execute_schema.c:10117)
==2007594==    by 0x52F1455: do_check_internal_statements(parser_context*, parser_node*, int (*)(parser_context*, parser_node*)) (execute_statement.c:4642)
==2007594== 
==2007594== Conditional jump or move depends on uninitialised value(s)
==2007594==    at 0x5702BC4: logpb_append_data(cubthread::entry*, int, char const*) (log_page_buffer.c:4310)
==2007594==    by 0x5700A03: logpb_append_next_record(cubthread::entry*, log_prior_node*) (log_page_buffer.c:3018)
==2007594==    by 0x5700B49: logpb_append_prior_lsa_list(cubthread::entry*, log_prior_node*) (log_page_buffer.c:3059)
==2007594==    by 0x5700D4D: logpb_prior_lsa_append_all_list(cubthread::entry*) (log_page_buffer.c:3126)
==2007594==    by 0x57024BF: logpb_flush_pages_direct(cubthread::entry*) (log_page_buffer.c:3963)
==2007594==    by 0x5702543: logpb_force_flush_pages(cubthread::entry*) (log_page_buffer.c:4102)
==2007594==    by 0x585C5F3: heap_create_internal(cubthread::entry*, hfid*, db_identifier const*, bool) (heap_file.c:4977)
==2007594==    by 0x585D374: xheap_create(cubthread::entry*, hfid*, db_identifier const*, bool) (heap_file.c:5429)
==2007594==    by 0x505610F: heap_create(hfid*, db_identifier const*, bool) (network_interface_cl.c:1697)
==2007594==    by 0x56AAAB6: locator_create_heap_if_needed(db_object*, bool) (locator_cl.c:5561)
==2007594==    by 0x52D9200: do_create_entity(parser_context*, parser_node*) (execute_schema.c:10117)
==2007594==    by 0x52F1455: do_check_internal_statements(parser_context*, parser_node*, int (*)(parser_context*, parser_node*)) (execute_statement.c:4642)
==2007594== 
==2007594== Conditional jump or move depends on uninitialised value(s)
==2007594==    at 0x5702C19: logpb_append_data(cubthread::entry*, int, char const*) (log_page_buffer.c:4316)
==2007594==    by 0x5700A03: logpb_append_next_record(cubthread::entry*, log_prior_node*) (log_page_buffer.c:3018)
==2007594==    by 0x5700B49: logpb_append_prior_lsa_list(cubthread::entry*, log_prior_node*) (log_page_buffer.c:3059)
==2007594==    by 0x5700D4D: logpb_prior_lsa_append_all_list(cubthread::entry*) (log_page_buffer.c:3126)
==2007594==    by 0x57024BF: logpb_flush_pages_direct(cubthread::entry*) (log_page_buffer.c:3963)
==2007594==    by 0x5702543: logpb_force_flush_pages(cubthread::entry*) (log_page_buffer.c:4102)
==2007594==    by 0x585C5F3: heap_create_internal(cubthread::entry*, hfid*, db_identifier const*, bool) (heap_file.c:4977)
==2007594==    by 0x585D374: xheap_create(cubthread::entry*, hfid*, db_identifier const*, bool) (heap_file.c:5429)
==2007594==    by 0x505610F: heap_create(hfid*, db_identifier const*, bool) (network_interface_cl.c:1697)
==2007594==    by 0x56AAAB6: locator_create_heap_if_needed(db_object*, bool) (locator_cl.c:5561)
==2007594==    by 0x52D9200: do_create_entity(parser_context*, parser_node*) (execute_schema.c:10117)
==2007594==    by 0x52F1455: do_check_internal_statements(parser_context*, parser_node*, int (*)(parser_context*, parser_node*)) (execute_statement.c:4642)
==2007594== 
==2007594== Conditional jump or move depends on uninitialised value(s)
==2007594==    at 0x5702D95: logpb_append_data(cubthread::entry*, int, char const*) (log_page_buffer.c:4355)
==2007594==    by 0x5700A03: logpb_append_next_record(cubthread::entry*, log_prior_node*) (log_page_buffer.c:3018)
==2007594==    by 0x5700B49: logpb_append_prior_lsa_list(cubthread::entry*, log_prior_node*) (log_page_buffer.c:3059)
==2007594==    by 0x5700D4D: logpb_prior_lsa_append_all_list(cubthread::entry*) (log_page_buffer.c:3126)
==2007594==    by 0x57024BF: logpb_flush_pages_direct(cubthread::entry*) (log_page_buffer.c:3963)
==2007594==    by 0x5702543: logpb_force_flush_pages(cubthread::entry*) (log_page_buffer.c:4102)
==2007594==    by 0x585C5F3: heap_create_internal(cubthread::entry*, hfid*, db_identifier const*, bool) (heap_file.c:4977)
==2007594==    by 0x585D374: xheap_create(cubthread::entry*, hfid*, db_identifier const*, bool) (heap_file.c:5429)
==2007594==    by 0x505610F: heap_create(hfid*, db_identifier const*, bool) (network_interface_cl.c:1697)
==2007594==    by 0x56AAAB6: locator_create_heap_if_needed(db_object*, bool) (locator_cl.c:5561)
==2007594==    by 0x52D9200: do_create_entity(parser_context*, parser_node*) (execute_schema.c:10117)
==2007594==    by 0x52F1455: do_check_internal_statements(parser_context*, parser_node*, int (*)(parser_context*, parser_node*)) (execute_statement.c:4642)
==2007594== 
==2007594== Conditional jump or move depends on uninitialised value(s)
==2007594==    at 0x5702BC4: logpb_append_data(cubthread::entry*, int, char const*) (log_page_buffer.c:4310)
==2007594==    by 0x5700A2D: logpb_append_next_record(cubthread::entry*, log_prior_node*) (log_page_buffer.c:3023)
==2007594==    by 0x5700B49: logpb_append_prior_lsa_list(cubthread::entry*, log_prior_node*) (log_page_buffer.c:3059)
==2007594==    by 0x5700D4D: logpb_prior_lsa_append_all_list(cubthread::entry*) (log_page_buffer.c:3126)
==2007594==    by 0x57024BF: logpb_flush_pages_direct(cubthread::entry*) (log_page_buffer.c:3963)
==2007594==    by 0x5702543: logpb_force_flush_pages(cubthread::entry*) (log_page_buffer.c:4102)
==2007594==    by 0x585C5F3: heap_create_internal(cubthread::entry*, hfid*, db_identifier const*, bool) (heap_file.c:4977)
==2007594==    by 0x585D374: xheap_create(cubthread::entry*, hfid*, db_identifier const*, bool) (heap_file.c:5429)
==2007594==    by 0x505610F: heap_create(hfid*, db_identifier const*, bool) (network_interface_cl.c:1697)
==2007594==    by 0x56AAAB6: locator_create_heap_if_needed(db_object*, bool) (locator_cl.c:5561)
==2007594==    by 0x52D9200: do_create_entity(parser_context*, parser_node*) (execute_schema.c:10117)
==2007594==    by 0x52F1455: do_check_internal_statements(parser_context*, parser_node*, int (*)(parser_context*, parser_node*)) (execute_statement.c:4642)
==2007594== 
==2007594== Use of uninitialised value of size 8
==2007594==    at 0x4851C3B: memmove (vg_replace_strmem.c:1414)
==2007594==    by 0x5702D10: logpb_append_data(cubthread::entry*, int, char const*) (log_page_buffer.c:4347)
==2007594==    by 0x57009D9: logpb_append_next_record(cubthread::entry*, log_prior_node*) (log_page_buffer.c:3013)
==2007594==    by 0x5700B49: logpb_append_prior_lsa_list(cubthread::entry*, log_prior_node*) (log_page_buffer.c:3059)
==2007594==    by 0x5700D4D: logpb_prior_lsa_append_all_list(cubthread::entry*) (log_page_buffer.c:3126)
==2007594==    by 0x57024BF: logpb_flush_pages_direct(cubthread::entry*) (log_page_buffer.c:3963)
==2007594==    by 0x5702543: logpb_force_flush_pages(cubthread::entry*) (log_page_buffer.c:4102)
==2007594==    by 0x585C5F3: heap_create_internal(cubthread::entry*, hfid*, db_identifier const*, bool) (heap_file.c:4977)
==2007594==    by 0x585D374: xheap_create(cubthread::entry*, hfid*, db_identifier const*, bool) (heap_file.c:5429)
==2007594==    by 0x505610F: heap_create(hfid*, db_identifier const*, bool) (network_interface_cl.c:1697)
==2007594==    by 0x56AAAB6: locator_create_heap_if_needed(db_object*, bool) (locator_cl.c:5561)
==2007594==    by 0x52D9200: do_create_entity(parser_context*, parser_node*) (execute_schema.c:10117)
==2007594== 
==2007594== Use of uninitialised value of size 8
==2007594==    at 0x4851D13: memmove (vg_replace_strmem.c:1414)
==2007594==    by 0x5702D10: logpb_append_data(cubthread::entry*, int, char const*) (log_page_buffer.c:4347)
==2007594==    by 0x5700A03: logpb_append_next_record(cubthread::entry*, log_prior_node*) (log_page_buffer.c:3018)
==2007594==    by 0x5700B49: logpb_append_prior_lsa_list(cubthread::entry*, log_prior_node*) (log_page_buffer.c:3059)
==2007594==    by 0x5700D4D: logpb_prior_lsa_append_all_list(cubthread::entry*) (log_page_buffer.c:3126)
==2007594==    by 0x57024BF: logpb_flush_pages_direct(cubthread::entry*) (log_page_buffer.c:3963)
==2007594==    by 0x5702543: logpb_force_flush_pages(cubthread::entry*) (log_page_buffer.c:4102)
==2007594==    by 0x585C5F3: heap_create_internal(cubthread::entry*, hfid*, db_identifier const*, bool) (heap_file.c:4977)
==2007594==    by 0x585D374: xheap_create(cubthread::entry*, hfid*, db_identifier const*, bool) (heap_file.c:5429)
==2007594==    by 0x505610F: heap_create(hfid*, db_identifier const*, bool) (network_interface_cl.c:1697)
==2007594==    by 0x56AAAB6: locator_create_heap_if_needed(db_object*, bool) (locator_cl.c:5561)
==2007594==    by 0x52D9200: do_create_entity(parser_context*, parser_node*) (execute_schema.c:10117)
==2007594== 
==2007594== Conditional jump or move depends on uninitialised value(s)
==2007594==    at 0x4851BA9: is_overlap (vg_replace_strmem.c:144)
==2007594==    by 0x4851BA9: is_overlap (vg_replace_strmem.c:131)
==2007594==    by 0x4851BA9: memmove (vg_replace_strmem.c:1414)
==2007594==    by 0x5702D10: logpb_append_data(cubthread::entry*, int, char const*) (log_page_buffer.c:4347)
==2007594==    by 0x57009D9: logpb_append_next_record(cubthread::entry*, log_prior_node*) (log_page_buffer.c:3013)
==2007594==    by 0x5700B49: logpb_append_prior_lsa_list(cubthread::entry*, log_prior_node*) (log_page_buffer.c:3059)
==2007594==    by 0x5700D4D: logpb_prior_lsa_append_all_list(cubthread::entry*) (log_page_buffer.c:3126)
==2007594==    by 0x57024BF: logpb_flush_pages_direct(cubthread::entry*) (log_page_buffer.c:3963)
==2007594==    by 0x5702543: logpb_force_flush_pages(cubthread::entry*) (log_page_buffer.c:4102)
==2007594==    by 0x585C5F3: heap_create_internal(cubthread::entry*, hfid*, db_identifier const*, bool) (heap_file.c:4977)
==2007594==    by 0x585D374: xheap_create(cubthread::entry*, hfid*, db_identifier const*, bool) (heap_file.c:5429)
==2007594==    by 0x505610F: heap_create(hfid*, db_identifier const*, bool) (network_interface_cl.c:1697)
==2007594==    by 0x56AAAB6: locator_create_heap_if_needed(db_object*, bool) (locator_cl.c:5561)
==2007594==    by 0x52D9200: do_create_entity(parser_context*, parser_node*) (execute_schema.c:10117)
==2007594== 
==2007594== Conditional jump or move depends on uninitialised value(s)
==2007594==    at 0x4851D37: memmove (vg_replace_strmem.c:1414)
==2007594==    by 0x5702D10: logpb_append_data(cubthread::entry*, int, char const*) (log_page_buffer.c:4347)
==2007594==    by 0x57009D9: logpb_append_next_record(cubthread::entry*, log_prior_node*) (log_page_buffer.c:3013)
==2007594==    by 0x5700B49: logpb_append_prior_lsa_list(cubthread::entry*, log_prior_node*) (log_page_buffer.c:3059)
==2007594==    by 0x5700D4D: logpb_prior_lsa_append_all_list(cubthread::entry*) (log_page_buffer.c:3126)
==2007594==    by 0x57024BF: logpb_flush_pages_direct(cubthread::entry*) (log_page_buffer.c:3963)
==2007594==    by 0x5702543: logpb_force_flush_pages(cubthread::entry*) (log_page_buffer.c:4102)
==2007594==    by 0x585C5F3: heap_create_internal(cubthread::entry*, hfid*, db_identifier const*, bool) (heap_file.c:4977)
==2007594==    by 0x585D374: xheap_create(cubthread::entry*, hfid*, db_identifier const*, bool) (heap_file.c:5429)
==2007594==    by 0x505610F: heap_create(hfid*, db_identifier const*, bool) (network_interface_cl.c:1697)
==2007594==    by 0x56AAAB6: locator_create_heap_if_needed(db_object*, bool) (locator_cl.c:5561)
==2007594==    by 0x52D9200: do_create_entity(parser_context*, parser_node*) (execute_schema.c:10117)
==2007594== 
==2007594== Use of uninitialised value of size 8
==2007594==    at 0x4851D10: memmove (vg_replace_strmem.c:1414)
==2007594==    by 0x5702D10: logpb_append_data(cubthread::entry*, int, char const*) (log_page_buffer.c:4347)
==2007594==    by 0x5700A2D: logpb_append_next_record(cubthread::entry*, log_prior_node*) (log_page_buffer.c:3023)
==2007594==    by 0x5700B49: logpb_append_prior_lsa_list(cubthread::entry*, log_prior_node*) (log_page_buffer.c:3059)
==2007594==    by 0x5700D4D: logpb_prior_lsa_append_all_list(cubthread::entry*) (log_page_buffer.c:3126)
==2007594==    by 0x57024BF: logpb_flush_pages_direct(cubthread::entry*) (log_page_buffer.c:3963)
==2007594==    by 0x5702543: logpb_force_flush_pages(cubthread::entry*) (log_page_buffer.c:4102)
==2007594==    by 0x585C5F3: heap_create_internal(cubthread::entry*, hfid*, db_identifier const*, bool) (heap_file.c:4977)
==2007594==    by 0x585D374: xheap_create(cubthread::entry*, hfid*, db_identifier const*, bool) (heap_file.c:5429)
==2007594==    by 0x505610F: heap_create(hfid*, db_identifier const*, bool) (network_interface_cl.c:1697)
==2007594==    by 0x56AAAB6: locator_create_heap_if_needed(db_object*, bool) (locator_cl.c:5561)
==2007594==    by 0x52D9200: do_create_entity(parser_context*, parser_node*) (execute_schema.c:10117)
==2007594== 
==2007594== Conditional jump or move depends on uninitialised value(s)
==2007594==    at 0x4851D1D: memmove (vg_replace_strmem.c:1414)
==2007594==    by 0x5702D10: logpb_append_data(cubthread::entry*, int, char const*) (log_page_buffer.c:4347)
==2007594==    by 0x5700A2D: logpb_append_next_record(cubthread::entry*, log_prior_node*) (log_page_buffer.c:3023)
==2007594==    by 0x5700B49: logpb_append_prior_lsa_list(cubthread::entry*, log_prior_node*) (log_page_buffer.c:3059)
==2007594==    by 0x5700D4D: logpb_prior_lsa_append_all_list(cubthread::entry*) (log_page_buffer.c:3126)
==2007594==    by 0x57024BF: logpb_flush_pages_direct(cubthread::entry*) (log_page_buffer.c:3963)
==2007594==    by 0x5702543: logpb_force_flush_pages(cubthread::entry*) (log_page_buffer.c:4102)
==2007594==    by 0x585C5F3: heap_create_internal(cubthread::entry*, hfid*, db_identifier const*, bool) (heap_file.c:4977)
==2007594==    by 0x585D374: xheap_create(cubthread::entry*, hfid*, db_identifier const*, bool) (heap_file.c:5429)
==2007594==    by 0x505610F: heap_create(hfid*, db_identifier const*, bool) (network_interface_cl.c:1697)
==2007594==    by 0x56AAAB6: locator_create_heap_if_needed(db_object*, bool) (locator_cl.c:5561)
==2007594==    by 0x52D9200: do_create_entity(parser_context*, parser_node*) (execute_schema.c:10117)
==2007594== 
==2007594== Conditional jump or move depends on uninitialised value(s)
==2007594==    at 0x57027AA: logpb_start_append(cubthread::entry*, log_rec_header*) (log_page_buffer.c:4220)
==2007594==    by 0x57016FD: logpb_flush_all_append_pages(cubthread::entry*) (log_page_buffer.c:3458)
==2007594==    by 0x57024CB: logpb_flush_pages_direct(cubthread::entry*) (log_page_buffer.c:3964)
==2007594==    by 0x5702543: logpb_force_flush_pages(cubthread::entry*) (log_page_buffer.c:4102)
==2007594==    by 0x585C5F3: heap_create_internal(cubthread::entry*, hfid*, db_identifier const*, bool) (heap_file.c:4977)
==2007594==    by 0x585D374: xheap_create(cubthread::entry*, hfid*, db_identifier const*, bool) (heap_file.c:5429)
==2007594==    by 0x505610F: heap_create(hfid*, db_identifier const*, bool) (network_interface_cl.c:1697)
==2007594==    by 0x56AAAB6: locator_create_heap_if_needed(db_object*, bool) (locator_cl.c:5561)
==2007594==    by 0x52D9200: do_create_entity(parser_context*, parser_node*) (execute_schema.c:10117)
==2007594==    by 0x52F1455: do_check_internal_statements(parser_context*, parser_node*, int (*)(parser_context*, parser_node*)) (execute_statement.c:4642)
==2007594==    by 0x52F0B2E: do_execute_statement(parser_context*, parser_node*) (execute_statement.c:4300)
==2007594==    by 0x4F72B02: db_execute_and_keep_statement_local(db_session*, int, db_query_result**) (db_vdb.c:2276)
==2007594== 
==2007594== Use of uninitialised value of size 8
==2007594==    at 0x570293B: logpb_start_append(cubthread::entry*, log_rec_header*) (log_page_buffer.c:4244)
==2007594==    by 0x57016FD: logpb_flush_all_append_pages(cubthread::entry*) (log_page_buffer.c:3458)
==2007594==    by 0x57024CB: logpb_flush_pages_direct(cubthread::entry*) (log_page_buffer.c:3964)
==2007594==    by 0x5702543: logpb_force_flush_pages(cubthread::entry*) (log_page_buffer.c:4102)
==2007594==    by 0x585C5F3: heap_create_internal(cubthread::entry*, hfid*, db_identifier const*, bool) (heap_file.c:4977)
==2007594==    by 0x585D374: xheap_create(cubthread::entry*, hfid*, db_identifier const*, bool) (heap_file.c:5429)
==2007594==    by 0x505610F: heap_create(hfid*, db_identifier const*, bool) (network_interface_cl.c:1697)
==2007594==    by 0x56AAAB6: locator_create_heap_if_needed(db_object*, bool) (locator_cl.c:5561)
==2007594==    by 0x52D9200: do_create_entity(parser_context*, parser_node*) (execute_schema.c:10117)
==2007594==    by 0x52F1455: do_check_internal_statements(parser_context*, parser_node*, int (*)(parser_context*, parser_node*)) (execute_statement.c:4642)
==2007594==    by 0x52F0B2E: do_execute_statement(parser_context*, parser_node*) (execute_statement.c:4300)
==2007594==    by 0x4F72B02: db_execute_and_keep_statement_local(db_session*, int, db_query_result**) (db_vdb.c:2276)
==2007594== 
==2007594== Use of uninitialised value of size 8
==2007594==    at 0x5702988: logpb_start_append(cubthread::entry*, log_rec_header*) (log_page_buffer.c:4256)
==2007594==    by 0x57016FD: logpb_flush_all_append_pages(cubthread::entry*) (log_page_buffer.c:3458)
==2007594==    by 0x57024CB: logpb_flush_pages_direct(cubthread::entry*) (log_page_buffer.c:3964)
==2007594==    by 0x5702543: logpb_force_flush_pages(cubthread::entry*) (log_page_buffer.c:4102)
==2007594==    by 0x585C5F3: heap_create_internal(cubthread::entry*, hfid*, db_identifier const*, bool) (heap_file.c:4977)
==2007594==    by 0x585D374: xheap_create(cubthread::entry*, hfid*, db_identifier const*, bool) (heap_file.c:5429)
==2007594==    by 0x505610F: heap_create(hfid*, db_identifier const*, bool) (network_interface_cl.c:1697)
==2007594==    by 0x56AAAB6: locator_create_heap_if_needed(db_object*, bool) (locator_cl.c:5561)
==2007594==    by 0x52D9200: do_create_entity(parser_context*, parser_node*) (execute_schema.c:10117)
==2007594==    by 0x52F1455: do_check_internal_statements(parser_context*, parser_node*, int (*)(parser_context*, parser_node*)) (execute_statement.c:4642)
==2007594==    by 0x52F0B2E: do_execute_statement(parser_context*, parser_node*) (execute_statement.c:4300)
==2007594==    by 0x4F72B02: db_execute_and_keep_statement_local(db_session*, int, db_query_result**) (db_vdb.c:2276)
==2007594== 
==2007594== Conditional jump or move depends on uninitialised value(s)
==2007594==    at 0x52C115D: unsigned int CRC::CalculateRemainder<unsigned int, (unsigned short)32>(void const*, unsigned long, CRC::Parameters<unsigned int, (unsigned short)32> const&, unsigned int) (CRC.h:637)
==2007594==    by 0x52C0E86: unsigned int CRC::Calculate<unsigned int, (unsigned short)32>(void const*, unsigned long, CRC::Parameters<unsigned int, (unsigned short)32> const&) (CRC.h:438)
==2007594==    by 0x52BE01C: crypt_crc32(char const*, int, int*) (crypt_opfunc.c:681)
==2007594==    by 0x56FB576: logpb_compute_page_checksum(cubthread::entry*, log_page*, int*) (log_page_buffer.c:481)
==2007594==    by 0x56FB5E5: logpb_set_page_checksum(cubthread::entry*, log_page*) (log_page_buffer.c:504)
==2007594==    by 0x56FF17D: logpb_write_page_to_disk(cubthread::entry*, log_page*, long) (log_page_buffer.c:2290)
==2007594==    by 0x5701C91: logpb_flush_all_append_pages(cubthread::entry*) (log_page_buffer.c:3684)
==2007594==    by 0x57024CB: logpb_flush_pages_direct(cubthread::entry*) (log_page_buffer.c:3964)
==2007594==    by 0x5702543: logpb_force_flush_pages(cubthread::entry*) (log_page_buffer.c:4102)
==2007594==    by 0x585C5F3: heap_create_internal(cubthread::entry*, hfid*, db_identifier const*, bool) (heap_file.c:4977)
==2007594==    by 0x585D374: xheap_create(cubthread::entry*, hfid*, db_identifier const*, bool) (heap_file.c:5429)
==2007594==    by 0x505610F: heap_create(hfid*, db_identifier const*, bool) (network_interface_cl.c:1697)
==2007594== 
==2007594== Syscall param write(buf) points to uninitialised byte(s)
==2007594==    at 0x6988037: write (in /usr/lib64/libc.so.6)
==2007594==    by 0x58208EC: fileio_os_write(cubthread::entry*, int, void*, unsigned long, long) (file_io.c:4091)
==2007594==    by 0x582094A: fileio_write(cubthread::entry*, int, void*, int, unsigned long, FILEIO_WRITE_MODE) (file_io.c:4167)
==2007594==    by 0x56FF354: logpb_write_page_to_disk(cubthread::entry*, log_page*, long) (log_page_buffer.c:2324)
==2007594==    by 0x5701C91: logpb_flush_all_append_pages(cubthread::entry*) (log_page_buffer.c:3684)
==2007594==    by 0x57024CB: logpb_flush_pages_direct(cubthread::entry*) (log_page_buffer.c:3964)
==2007594==    by 0x5702543: logpb_force_flush_pages(cubthread::entry*) (log_page_buffer.c:4102)
==2007594==    by 0x585C5F3: heap_create_internal(cubthread::entry*, hfid*, db_identifier const*, bool) (heap_file.c:4977)
==2007594==    by 0x585D374: xheap_create(cubthread::entry*, hfid*, db_identifier const*, bool) (heap_file.c:5429)
==2007594==    by 0x505610F: heap_create(hfid*, db_identifier const*, bool) (network_interface_cl.c:1697)
==2007594==    by 0x56AAAB6: locator_create_heap_if_needed(db_object*, bool) (locator_cl.c:5561)
==2007594==    by 0x52D9200: do_create_entity(parser_context*, parser_node*) (execute_schema.c:10117)
==2007594==  Address 0xd1fa0ee is 2,871,470 bytes inside a block of size 16,777,216 alloc'd
==2007594==    at 0x484482F: malloc (vg_replace_malloc.c:446)
==2007594==    by 0x56FB8FA: logpb_initialize_pool(cubthread::entry*) (log_page_buffer.c:592)
==2007594==    by 0x56D7477: log_initialize_internal(cubthread::entry*, char const*, char const*, char const*, bool, bo_restart_arg*, bool) (log_manager.c:1164)
==2007594==    by 0x56D71B1: log_initialize(cubthread::entry*, char const*, char const*, char const*, int, bo_restart_arg*) (log_manager.c:1074)
==2007594==    by 0x56929E4: boot_restart_server(cubthread::entry*, bool, char const*, bool, check_args*, bo_restart_arg*, bool) (boot_sr.c:2427)
==2007594==    by 0x5693E9E: xboot_register_client(cubthread::entry*, boot_client_credential*, int, DB_TRAN_ISOLATION, TRAN_STATE*, boot_server_credential*) (boot_sr.c:3226)
==2007594==    by 0x5056BB3: boot_register_client(boot_client_credential*, int, DB_TRAN_ISOLATION, TRAN_STATE*, boot_server_credential*) (network_interface_cl.c:4036)
==2007594==    by 0x568EB9E: boot_restart_client(boot_client_credential*) (boot_cl.c:1232)
==2007594==    by 0x4EFDFB3: db_restart (db_admin.c:947)
==2007594==    by 0x1289BE: SqlServerEnv::SetUp() (test_oos_sql_common.hpp:62)
==2007594==    by 0x14DE74: testing::internal::SetUpEnvironment(testing::Environment*) (gtest.cc:5880)
==2007594==    by 0x16A22F: void (*std::for_each<__gnu_cxx::__normal_iterator<testing::Environment* const*, std::vector<testing::Environment*, std::allocator<testing::Environment*> > >, void (*)(testing::Environment*)>(__gnu_cxx::__normal_iterator<testing::Environment* const*, std::vector<testing::Environment*, std::allocator<testing::Environment*> > >, __gnu_cxx::__normal_iterator<testing::Environment* const*, std::vector<testing::Environment*, std::allocator<testing::Environment*> > >, void (*)(testing::Environment*)))(testing::Environment*) (stl_algo.h:3820)
==2007594== 
==2007594== Conditional jump or move depends on uninitialised value(s)
==2007594==    at 0x56D4995: log_zip(log_zip*, int, void const*) (log_compress.c:87)
==2007594==    by 0x56D1E1D: prior_lsa_gen_undoredo_record_from_crumbs(cubthread::entry*, log_prior_node*, LOG_RCVINDEX, log_data_addr*, int, log_crumb const*, int, log_crumb const*) (log_append.cpp:792)
==2007594==    by 0x56D10ED: prior_lsa_alloc_and_copy_crumbs(cubthread::entry*, log_rectype, LOG_RCVINDEX, log_data_addr*, int, log_crumb const*, int, log_crumb const*) (log_append.cpp:447)
==2007594==    by 0x56D8D95: log_append_undoredo_crumbs(cubthread::entry*, LOG_RCVINDEX, log_data_addr*, int, int, log_crumb const*, log_crumb const*) (log_manager.c:2231)
==2007594==    by 0x56D9E9A: log_append_undoredo_recdes2(cubthread::entry*, LOG_RCVINDEX, vfid const*, char*, short, recdes const*, recdes const*) (log_manager.c:2616)
==2007594==    by 0x58EF80B: catalog_drop_representation_helper(cubthread::entry*, char*, vpid*, short) (system_catalog.c:1617)
==2007594==    by 0x58EFB9F: catalog_drop_disk_representation_from_page(cubthread::entry*, vpid*, short) (system_catalog.c:1721)
==2007594==    by 0x58F3BAC: catalog_drop(cubthread::entry*, db_identifier*, int) (system_catalog.c:3331)
==2007594==    by 0x58F60BE: catalog_update(cubthread::entry*, recdes*, db_identifier*) (system_catalog.c:4480)
==2007594==    by 0x56B8279: locator_update_force(cubthread::entry*, hfid*, db_identifier*, db_identifier*, recdes*, recdes*, int, int*, int, int, heap_scancache*, int*, bool, REPL_INFO_TYPE, int, pruning_context*, cubquery::mvcc_reev_data*, update_inplace_style, bool) (locator_sr.c:5661)
==2007594==    by 0x56BB85C: xlocator_force(cubthread::entry*, lc_copy_area*, int, int*) (locator_sr.c:7350)
==2007594==    by 0x5055CAB: locator_force(lc_copy_area*, int, int*, int) (network_interface_cl.c:792)
==2007594== 
==2007594== Conditional jump or move depends on uninitialised value(s)
==2007594==    at 0x56D49B0: log_zip(log_zip*, int, void const*) (log_compress.c:91)
==2007594==    by 0x56D1E1D: prior_lsa_gen_undoredo_record_from_crumbs(cubthread::entry*, log_prior_node*, LOG_RCVINDEX, log_data_addr*, int, log_crumb const*, int, log_crumb const*) (log_append.cpp:792)
==2007594==    by 0x56D10ED: prior_lsa_alloc_and_copy_crumbs(cubthread::entry*, log_rectype, LOG_RCVINDEX, log_data_addr*, int, log_crumb const*, int, log_crumb const*) (log_append.cpp:447)
==2007594==    by 0x56D8D95: log_append_undoredo_crumbs(cubthread::entry*, LOG_RCVINDEX, log_data_addr*, int, int, log_crumb const*, log_crumb const*) (log_manager.c:2231)
==2007594==    by 0x56D9E9A: log_append_undoredo_recdes2(cubthread::entry*, LOG_RCVINDEX, vfid const*, char*, short, recdes const*, recdes const*) (log_manager.c:2616)
==2007594==    by 0x58EF80B: catalog_drop_representation_helper(cubthread::entry*, char*, vpid*, short) (system_catalog.c:1617)
==2007594==    by 0x58EFB9F: catalog_drop_disk_representation_from_page(cubthread::entry*, vpid*, short) (system_catalog.c:1721)
==2007594==    by 0x58F3BAC: catalog_drop(cubthread::entry*, db_identifier*, int) (system_catalog.c:3331)
==2007594==    by 0x58F60BE: catalog_update(cubthread::entry*, recdes*, db_identifier*) (system_catalog.c:4480)
==2007594==    by 0x56B8279: locator_update_force(cubthread::entry*, hfid*, db_identifier*, db_identifier*, recdes*, recdes*, int, int*, int, int, heap_scancache*, int*, bool, REPL_INFO_TYPE, int, pruning_context*, cubquery::mvcc_reev_data*, update_inplace_style, bool) (locator_sr.c:5661)
==2007594==    by 0x56BB85C: xlocator_force(cubthread::entry*, lc_copy_area*, int, int*) (locator_sr.c:7350)
==2007594==    by 0x5055CAB: locator_force(lc_copy_area*, int, int*, int) (network_interface_cl.c:792)
==2007594== 
==2007594== Conditional jump or move depends on uninitialised value(s)
==2007594==    at 0x56D11E7: prior_lsa_copy_undo_data_to_node(log_prior_node*, int, char const*) (log_append.cpp:496)
==2007594==    by 0x56D261E: prior_lsa_gen_undoredo_record_from_crumbs(cubthread::entry*, log_prior_node*, LOG_RCVINDEX, log_data_addr*, int, log_crumb const*, int, log_crumb const*) (log_append.cpp:1004)
==2007594==    by 0x56D10ED: prior_lsa_alloc_and_copy_crumbs(cubthread::entry*, log_rectype, LOG_RCVINDEX, log_data_addr*, int, log_crumb const*, int, log_crumb const*) (log_append.cpp:447)
==2007594==    by 0x56D8D95: log_append_undoredo_crumbs(cubthread::entry*, LOG_RCVINDEX, log_data_addr*, int, int, log_crumb const*, log_crumb const*) (log_manager.c:2231)
==2007594==    by 0x56D9E9A: log_append_undoredo_recdes2(cubthread::entry*, LOG_RCVINDEX, vfid const*, char*, short, recdes const*, recdes const*) (log_manager.c:2616)
==2007594==    by 0x58EF80B: catalog_drop_representation_helper(cubthread::entry*, char*, vpid*, short) (system_catalog.c:1617)
==2007594==    by 0x58EFB9F: catalog_drop_disk_representation_from_page(cubthread::entry*, vpid*, short) (system_catalog.c:1721)
==2007594==    by 0x58F3BAC: catalog_drop(cubthread::entry*, db_identifier*, int) (system_catalog.c:3331)
==2007594==    by 0x58F60BE: catalog_update(cubthread::entry*, recdes*, db_identifier*) (system_catalog.c:4480)
==2007594==    by 0x56B8279: locator_update_force(cubthread::entry*, hfid*, db_identifier*, db_identifier*, recdes*, recdes*, int, int*, int, int, heap_scancache*, int*, bool, REPL_INFO_TYPE, int, pruning_context*, cubquery::mvcc_reev_data*, update_inplace_style, bool) (locator_sr.c:5661)
==2007594==    by 0x56BB85C: xlocator_force(cubthread::entry*, lc_copy_area*, int, int*) (locator_sr.c:7350)
==2007594==    by 0x5055CAB: locator_force(lc_copy_area*, int, int*, int) (network_interface_cl.c:792)
==2007594== 
==2007594== Conditional jump or move depends on uninitialised value(s)
==2007594==    at 0x48447D9: malloc (vg_replace_malloc.c:446)
==2007594==    by 0x56D1206: prior_lsa_copy_undo_data_to_node(log_prior_node*, int, char const*) (log_append.cpp:501)
==2007594==    by 0x56D261E: prior_lsa_gen_undoredo_record_from_crumbs(cubthread::entry*, log_prior_node*, LOG_RCVINDEX, log_data_addr*, int, log_crumb const*, int, log_crumb const*) (log_append.cpp:1004)
==2007594==    by 0x56D10ED: prior_lsa_alloc_and_copy_crumbs(cubthread::entry*, log_rectype, LOG_RCVINDEX, log_data_addr*, int, log_crumb const*, int, log_crumb const*) (log_append.cpp:447)
==2007594==    by 0x56D8D95: log_append_undoredo_crumbs(cubthread::entry*, LOG_RCVINDEX, log_data_addr*, int, int, log_crumb const*, log_crumb const*) (log_manager.c:2231)
==2007594==    by 0x56D9E9A: log_append_undoredo_recdes2(cubthread::entry*, LOG_RCVINDEX, vfid const*, char*, short, recdes const*, recdes const*) (log_manager.c:2616)
==2007594==    by 0x58EF80B: catalog_drop_representation_helper(cubthread::entry*, char*, vpid*, short) (system_catalog.c:1617)
==2007594==    by 0x58EFB9F: catalog_drop_disk_representation_from_page(cubthread::entry*, vpid*, short) (system_catalog.c:1721)
==2007594==    by 0x58F3BAC: catalog_drop(cubthread::entry*, db_identifier*, int) (system_catalog.c:3331)
==2007594==    by 0x58F60BE: catalog_update(cubthread::entry*, recdes*, db_identifier*) (system_catalog.c:4480)
==2007594==    by 0x56B8279: locator_update_force(cubthread::entry*, hfid*, db_identifier*, db_identifier*, recdes*, recdes*, int, int*, int, int, heap_scancache*, int*, bool, REPL_INFO_TYPE, int, pruning_context*, cubquery::mvcc_reev_data*, update_inplace_style, bool) (locator_sr.c:5661)
==2007594==    by 0x56BB85C: xlocator_force(cubthread::entry*, lc_copy_area*, int, int*) (locator_sr.c:7350)
==2007594== 
==2007594== Conditional jump or move depends on uninitialised value(s)
==2007594==    at 0x4851B8A: memmove (vg_replace_strmem.c:1414)
==2007594==    by 0x56D1273: prior_lsa_copy_undo_data_to_node(log_prior_node*, int, char const*) (log_append.cpp:508)
==2007594==    by 0x56D261E: prior_lsa_gen_undoredo_record_from_crumbs(cubthread::entry*, log_prior_node*, LOG_RCVINDEX, log_data_addr*, int, log_crumb const*, int, log_crumb const*) (log_append.cpp:1004)
==2007594==    by 0x56D10ED: prior_lsa_alloc_and_copy_crumbs(cubthread::entry*, log_rectype, LOG_RCVINDEX, log_data_addr*, int, log_crumb const*, int, log_crumb const*) (log_append.cpp:447)
==2007594==    by 0x56D8D95: log_append_undoredo_crumbs(cubthread::entry*, LOG_RCVINDEX, log_data_addr*, int, int, log_crumb const*, log_crumb const*) (log_manager.c:2231)
==2007594==    by 0x56D9E9A: log_append_undoredo_recdes2(cubthread::entry*, LOG_RCVINDEX, vfid const*, char*, short, recdes const*, recdes const*) (log_manager.c:2616)
==2007594==    by 0x58EF80B: catalog_drop_representation_helper(cubthread::entry*, char*, vpid*, short) (system_catalog.c:1617)
==2007594==    by 0x58EFB9F: catalog_drop_disk_representation_from_page(cubthread::entry*, vpid*, short) (system_catalog.c:1721)
==2007594==    by 0x58F3BAC: catalog_drop(cubthread::entry*, db_identifier*, int) (system_catalog.c:3331)
==2007594==    by 0x58F60BE: catalog_update(cubthread::entry*, recdes*, db_identifier*) (system_catalog.c:4480)
==2007594==    by 0x56B8279: locator_update_force(cubthread::entry*, hfid*, db_identifier*, db_identifier*, recdes*, recdes*, int, int*, int, int, heap_scancache*, int*, bool, REPL_INFO_TYPE, int, pruning_context*, cubquery::mvcc_reev_data*, update_inplace_style, bool) (locator_sr.c:5661)
==2007594==    by 0x56BB85C: xlocator_force(cubthread::entry*, lc_copy_area*, int, int*) (locator_sr.c:7350)
==2007594== 
==2007594== Conditional jump or move depends on uninitialised value(s)
==2007594==    at 0x4851D37: memmove (vg_replace_strmem.c:1414)
==2007594==    by 0x56D1273: prior_lsa_copy_undo_data_to_node(log_prior_node*, int, char const*) (log_append.cpp:508)
==2007594==    by 0x56D261E: prior_lsa_gen_undoredo_record_from_crumbs(cubthread::entry*, log_prior_node*, LOG_RCVINDEX, log_data_addr*, int, log_crumb const*, int, log_crumb const*) (log_append.cpp:1004)
==2007594==    by 0x56D10ED: prior_lsa_alloc_and_copy_crumbs(cubthread::entry*, log_rectype, LOG_RCVINDEX, log_data_addr*, int, log_crumb const*, int, log_crumb const*) (log_append.cpp:447)
==2007594==    by 0x56D8D95: log_append_undoredo_crumbs(cubthread::entry*, LOG_RCVINDEX, log_data_addr*, int, int, log_crumb const*, log_crumb const*) (log_manager.c:2231)
==2007594==    by 0x56D9E9A: log_append_undoredo_recdes2(cubthread::entry*, LOG_RCVINDEX, vfid const*, char*, short, recdes const*, recdes const*) (log_manager.c:2616)
==2007594==    by 0x58EF80B: catalog_drop_representation_helper(cubthread::entry*, char*, vpid*, short) (system_catalog.c:1617)
==2007594==    by 0x58EFB9F: catalog_drop_disk_representation_from_page(cubthread::entry*, vpid*, short) (system_catalog.c:1721)
==2007594==    by 0x58F3BAC: catalog_drop(cubthread::entry*, db_identifier*, int) (system_catalog.c:3331)
==2007594==    by 0x58F60BE: catalog_update(cubthread::entry*, recdes*, db_identifier*) (system_catalog.c:4480)
==2007594==    by 0x56B8279: locator_update_force(cubthread::entry*, hfid*, db_identifier*, db_identifier*, recdes*, recdes*, int, int*, int, int, heap_scancache*, int*, bool, REPL_INFO_TYPE, int, pruning_context*, cubquery::mvcc_reev_data*, update_inplace_style, bool) (locator_sr.c:5661)
==2007594==    by 0x56BB85C: xlocator_force(cubthread::entry*, lc_copy_area*, int, int*) (locator_sr.c:7350)
==2007594== 
==2007594== Conditional jump or move depends on uninitialised value(s)
==2007594==    at 0x4851C0B: memmove (vg_replace_strmem.c:1414)
==2007594==    by 0x56D1273: prior_lsa_copy_undo_data_to_node(log_prior_node*, int, char const*) (log_append.cpp:508)
==2007594==    by 0x56D261E: prior_lsa_gen_undoredo_record_from_crumbs(cubthread::entry*, log_prior_node*, LOG_RCVINDEX, log_data_addr*, int, log_crumb const*, int, log_crumb const*) (log_append.cpp:1004)
==2007594==    by 0x56D10ED: prior_lsa_alloc_and_copy_crumbs(cubthread::entry*, log_rectype, LOG_RCVINDEX, log_data_addr*, int, log_crumb const*, int, log_crumb const*) (log_append.cpp:447)
==2007594==    by 0x56D8D95: log_append_undoredo_crumbs(cubthread::entry*, LOG_RCVINDEX, log_data_addr*, int, int, log_crumb const*, log_crumb const*) (log_manager.c:2231)
==2007594==    by 0x56D9E9A: log_append_undoredo_recdes2(cubthread::entry*, LOG_RCVINDEX, vfid const*, char*, short, recdes const*, recdes const*) (log_manager.c:2616)
==2007594==    by 0x58EF80B: catalog_drop_representation_helper(cubthread::entry*, char*, vpid*, short) (system_catalog.c:1617)
==2007594==    by 0x58EFB9F: catalog_drop_disk_representation_from_page(cubthread::entry*, vpid*, short) (system_catalog.c:1721)
==2007594==    by 0x58F3BAC: catalog_drop(cubthread::entry*, db_identifier*, int) (system_catalog.c:3331)
==2007594==    by 0x58F60BE: catalog_update(cubthread::entry*, recdes*, db_identifier*) (system_catalog.c:4480)
==2007594==    by 0x56B8279: locator_update_force(cubthread::entry*, hfid*, db_identifier*, db_identifier*, recdes*, recdes*, int, int*, int, int, heap_scancache*, int*, bool, REPL_INFO_TYPE, int, pruning_context*, cubquery::mvcc_reev_data*, update_inplace_style, bool) (locator_sr.c:5661)
==2007594==    by 0x56BB85C: xlocator_force(cubthread::entry*, lc_copy_area*, int, int*) (locator_sr.c:7350)
==2007594== 
==2007594== Conditional jump or move depends on uninitialised value(s)
==2007594==    at 0x4851C5D: memmove (vg_replace_strmem.c:1414)
==2007594==    by 0x56D1273: prior_lsa_copy_undo_data_to_node(log_prior_node*, int, char const*) (log_append.cpp:508)
==2007594==    by 0x56D261E: prior_lsa_gen_undoredo_record_from_crumbs(cubthread::entry*, log_prior_node*, LOG_RCVINDEX, log_data_addr*, int, log_crumb const*, int, log_crumb const*) (log_append.cpp:1004)
==2007594==    by 0x56D10ED: prior_lsa_alloc_and_copy_crumbs(cubthread::entry*, log_rectype, LOG_RCVINDEX, log_data_addr*, int, log_crumb const*, int, log_crumb const*) (log_append.cpp:447)
==2007594==    by 0x56D8D95: log_append_undoredo_crumbs(cubthread::entry*, LOG_RCVINDEX, log_data_addr*, int, int, log_crumb const*, log_crumb const*) (log_manager.c:2231)
==2007594==    by 0x56D9E9A: log_append_undoredo_recdes2(cubthread::entry*, LOG_RCVINDEX, vfid const*, char*, short, recdes const*, recdes const*) (log_manager.c:2616)
==2007594==    by 0x58EF80B: catalog_drop_representation_helper(cubthread::entry*, char*, vpid*, short) (system_catalog.c:1617)
==2007594==    by 0x58EFB9F: catalog_drop_disk_representation_from_page(cubthread::entry*, vpid*, short) (system_catalog.c:1721)
==2007594==    by 0x58F3BAC: catalog_drop(cubthread::entry*, db_identifier*, int) (system_catalog.c:3331)
==2007594==    by 0x58F60BE: catalog_update(cubthread::entry*, recdes*, db_identifier*) (system_catalog.c:4480)
==2007594==    by 0x56B8279: locator_update_force(cubthread::entry*, hfid*, db_identifier*, db_identifier*, recdes*, recdes*, int, int*, int, int, heap_scancache*, int*, bool, REPL_INFO_TYPE, int, pruning_context*, cubquery::mvcc_reev_data*, update_inplace_style, bool) (locator_sr.c:5661)
==2007594==    by 0x56BB85C: xlocator_force(cubthread::entry*, lc_copy_area*, int, int*) (locator_sr.c:7350)
==2007594== 
==2007594== Conditional jump or move depends on uninitialised value(s)
==2007594==    at 0x4851C73: memmove (vg_replace_strmem.c:1414)
==2007594==    by 0x56D1273: prior_lsa_copy_undo_data_to_node(log_prior_node*, int, char const*) (log_append.cpp:508)
==2007594==    by 0x56D261E: prior_lsa_gen_undoredo_record_from_crumbs(cubthread::entry*, log_prior_node*, LOG_RCVINDEX, log_data_addr*, int, log_crumb const*, int, log_crumb const*) (log_append.cpp:1004)
==2007594==    by 0x56D10ED: prior_lsa_alloc_and_copy_crumbs(cubthread::entry*, log_rectype, LOG_RCVINDEX, log_data_addr*, int, log_crumb const*, int, log_crumb const*) (log_append.cpp:447)
==2007594==    by 0x56D8D95: log_append_undoredo_crumbs(cubthread::entry*, LOG_RCVINDEX, log_data_addr*, int, int, log_crumb const*, log_crumb const*) (log_manager.c:2231)
==2007594==    by 0x56D9E9A: log_append_undoredo_recdes2(cubthread::entry*, LOG_RCVINDEX, vfid const*, char*, short, recdes const*, recdes const*) (log_manager.c:2616)
==2007594==    by 0x58EF80B: catalog_drop_representation_helper(cubthread::entry*, char*, vpid*, short) (system_catalog.c:1617)
==2007594==    by 0x58EFB9F: catalog_drop_disk_representation_from_page(cubthread::entry*, vpid*, short) (system_catalog.c:1721)
==2007594==    by 0x58F3BAC: catalog_drop(cubthread::entry*, db_identifier*, int) (system_catalog.c:3331)
==2007594==    by 0x58F60BE: catalog_update(cubthread::entry*, recdes*, db_identifier*) (system_catalog.c:4480)
==2007594==    by 0x56B8279: locator_update_force(cubthread::entry*, hfid*, db_identifier*, db_identifier*, recdes*, recdes*, int, int*, int, int, heap_scancache*, int*, bool, REPL_INFO_TYPE, int, pruning_context*, cubquery::mvcc_reev_data*, update_inplace_style, bool) (locator_sr.c:5661)
==2007594==    by 0x56BB85C: xlocator_force(cubthread::entry*, lc_copy_area*, int, int*) (locator_sr.c:7350)
==2007594== 
==2007594== Use of uninitialised value of size 8
==2007594==    at 0x4851C8D: memmove (vg_replace_strmem.c:1414)
==2007594==    by 0x56D1273: prior_lsa_copy_undo_data_to_node(log_prior_node*, int, char const*) (log_append.cpp:508)
==2007594==    by 0x56D261E: prior_lsa_gen_undoredo_record_from_crumbs(cubthread::entry*, log_prior_node*, LOG_RCVINDEX, log_data_addr*, int, log_crumb const*, int, log_crumb const*) (log_append.cpp:1004)
==2007594==    by 0x56D10ED: prior_lsa_alloc_and_copy_crumbs(cubthread::entry*, log_rectype, LOG_RCVINDEX, log_data_addr*, int, log_crumb const*, int, log_crumb const*) (log_append.cpp:447)
==2007594==    by 0x56D8D95: log_append_undoredo_crumbs(cubthread::entry*, LOG_RCVINDEX, log_data_addr*, int, int, log_crumb const*, log_crumb const*) (log_manager.c:2231)
==2007594==    by 0x56D9E9A: log_append_undoredo_recdes2(cubthread::entry*, LOG_RCVINDEX, vfid const*, char*, short, recdes const*, recdes const*) (log_manager.c:2616)
==2007594==    by 0x58EF80B: catalog_drop_representation_helper(cubthread::entry*, char*, vpid*, short) (system_catalog.c:1617)
==2007594==    by 0x58EFB9F: catalog_drop_disk_representation_from_page(cubthread::entry*, vpid*, short) (system_catalog.c:1721)
==2007594==    by 0x58F3BAC: catalog_drop(cubthread::entry*, db_identifier*, int) (system_catalog.c:3331)
==2007594==    by 0x58F60BE: catalog_update(cubthread::entry*, recdes*, db_identifier*) (system_catalog.c:4480)
==2007594==    by 0x56B8279: locator_update_force(cubthread::entry*, hfid*, db_identifier*, db_identifier*, recdes*, recdes*, int, int*, int, int, heap_scancache*, int*, bool, REPL_INFO_TYPE, int, pruning_context*, cubquery::mvcc_reev_data*, update_inplace_style, bool) (locator_sr.c:5661)
==2007594==    by 0x56BB85C: xlocator_force(cubthread::entry*, lc_copy_area*, int, int*) (locator_sr.c:7350)
==2007594== 
==2007594== Use of uninitialised value of size 8
==2007594==    at 0x4851C90: memmove (vg_replace_strmem.c:1414)
==2007594==    by 0x56D1273: prior_lsa_copy_undo_data_to_node(log_prior_node*, int, char const*) (log_append.cpp:508)
==2007594==    by 0x56D261E: prior_lsa_gen_undoredo_record_from_crumbs(cubthread::entry*, log_prior_node*, LOG_RCVINDEX, log_data_addr*, int, log_crumb const*, int, log_crumb const*) (log_append.cpp:1004)
==2007594==    by 0x56D10ED: prior_lsa_alloc_and_copy_crumbs(cubthread::entry*, log_rectype, LOG_RCVINDEX, log_data_addr*, int, log_crumb const*, int, log_crumb const*) (log_append.cpp:447)
==2007594==    by 0x56D8D95: log_append_undoredo_crumbs(cubthread::entry*, LOG_RCVINDEX, log_data_addr*, int, int, log_crumb const*, log_crumb const*) (log_manager.c:2231)
==2007594==    by 0x56D9E9A: log_append_undoredo_recdes2(cubthread::entry*, LOG_RCVINDEX, vfid const*, char*, short, recdes const*, recdes const*) (log_manager.c:2616)
==2007594==    by 0x58EF80B: catalog_drop_representation_helper(cubthread::entry*, char*, vpid*, short) (system_catalog.c:1617)
==2007594==    by 0x58EFB9F: catalog_drop_disk_representation_from_page(cubthread::entry*, vpid*, short) (system_catalog.c:1721)
==2007594==    by 0x58F3BAC: catalog_drop(cubthread::entry*, db_identifier*, int) (system_catalog.c:3331)
==2007594==    by 0x58F60BE: catalog_update(cubthread::entry*, recdes*, db_identifier*) (system_catalog.c:4480)
==2007594==    by 0x56B8279: locator_update_force(cubthread::entry*, hfid*, db_identifier*, db_identifier*, recdes*, recdes*, int, int*, int, int, heap_scancache*, int*, bool, REPL_INFO_TYPE, int, pruning_context*, cubquery::mvcc_reev_data*, update_inplace_style, bool) (locator_sr.c:5661)
==2007594==    by 0x56BB85C: xlocator_force(cubthread::entry*, lc_copy_area*, int, int*) (locator_sr.c:7350)
==2007594== 
==2007594== Conditional jump or move depends on uninitialised value(s)
==2007594==    at 0x4851C9B: memmove (vg_replace_strmem.c:1414)
==2007594==    by 0x56D1273: prior_lsa_copy_undo_data_to_node(log_prior_node*, int, char const*) (log_append.cpp:508)
==2007594==    by 0x56D261E: prior_lsa_gen_undoredo_record_from_crumbs(cubthread::entry*, log_prior_node*, LOG_RCVINDEX, log_data_addr*, int, log_crumb const*, int, log_crumb const*) (log_append.cpp:1004)
==2007594==    by 0x56D10ED: prior_lsa_alloc_and_copy_crumbs(cubthread::entry*, log_rectype, LOG_RCVINDEX, log_data_addr*, int, log_crumb const*, int, log_crumb const*) (log_append.cpp:447)
==2007594==    by 0x56D8D95: log_append_undoredo_crumbs(cubthread::entry*, LOG_RCVINDEX, log_data_addr*, int, int, log_crumb const*, log_crumb const*) (log_manager.c:2231)
==2007594==    by 0x56D9E9A: log_append_undoredo_recdes2(cubthread::entry*, LOG_RCVINDEX, vfid const*, char*, short, recdes const*, recdes const*) (log_manager.c:2616)
==2007594==    by 0x58EF80B: catalog_drop_representation_helper(cubthread::entry*, char*, vpid*, short) (system_catalog.c:1617)
==2007594==    by 0x58EFB9F: catalog_drop_disk_representation_from_page(cubthread::entry*, vpid*, short) (system_catalog.c:1721)
==2007594==    by 0x58F3BAC: catalog_drop(cubthread::entry*, db_identifier*, int) (system_catalog.c:3331)
==2007594==    by 0x58F60BE: catalog_update(cubthread::entry*, recdes*, db_identifier*) (system_catalog.c:4480)
==2007594==    by 0x56B8279: locator_update_force(cubthread::entry*, hfid*, db_identifier*, db_identifier*, recdes*, recdes*, int, int*, int, int, heap_scancache*, int*, bool, REPL_INFO_TYPE, int, pruning_context*, cubquery::mvcc_reev_data*, update_inplace_style, bool) (locator_sr.c:5661)
==2007594==    by 0x56BB85C: xlocator_force(cubthread::entry*, lc_copy_area*, int, int*) (locator_sr.c:7350)
==2007594== 
==2007594== Conditional jump or move depends on uninitialised value(s)
==2007594==    at 0x4851CB3: memmove (vg_replace_strmem.c:1414)
==2007594==    by 0x56D1273: prior_lsa_copy_undo_data_to_node(log_prior_node*, int, char const*) (log_append.cpp:508)
==2007594==    by 0x56D261E: prior_lsa_gen_undoredo_record_from_crumbs(cubthread::entry*, log_prior_node*, LOG_RCVINDEX, log_data_addr*, int, log_crumb const*, int, log_crumb const*) (log_append.cpp:1004)
==2007594==    by 0x56D10ED: prior_lsa_alloc_and_copy_crumbs(cubthread::entry*, log_rectype, LOG_RCVINDEX, log_data_addr*, int, log_crumb const*, int, log_crumb const*) (log_append.cpp:447)
==2007594==    by 0x56D8D95: log_append_undoredo_crumbs(cubthread::entry*, LOG_RCVINDEX, log_data_addr*, int, int, log_crumb const*, log_crumb const*) (log_manager.c:2231)
==2007594==    by 0x56D9E9A: log_append_undoredo_recdes2(cubthread::entry*, LOG_RCVINDEX, vfid const*, char*, short, recdes const*, recdes const*) (log_manager.c:2616)
==2007594==    by 0x58EF80B: catalog_drop_representation_helper(cubthread::entry*, char*, vpid*, short) (system_catalog.c:1617)
==2007594==    by 0x58EFB9F: catalog_drop_disk_representation_from_page(cubthread::entry*, vpid*, short) (system_catalog.c:1721)
==2007594==    by 0x58F3BAC: catalog_drop(cubthread::entry*, db_identifier*, int) (system_catalog.c:3331)
==2007594==    by 0x58F60BE: catalog_update(cubthread::entry*, recdes*, db_identifier*) (system_catalog.c:4480)
==2007594==    by 0x56B8279: locator_update_force(cubthread::entry*, hfid*, db_identifier*, db_identifier*, recdes*, recdes*, int, int*, int, int, heap_scancache*, int*, bool, REPL_INFO_TYPE, int, pruning_context*, cubquery::mvcc_reev_data*, update_inplace_style, bool) (locator_sr.c:5661)
==2007594==    by 0x56BB85C: xlocator_force(cubthread::entry*, lc_copy_area*, int, int*) (locator_sr.c:7350)
==2007594== 
==2007594== Conditional jump or move depends on uninitialised value(s)
==2007594==    at 0x4851CC4: memmove (vg_replace_strmem.c:1414)
==2007594==    by 0x56D1273: prior_lsa_copy_undo_data_to_node(log_prior_node*, int, char const*) (log_append.cpp:508)
==2007594==    by 0x56D261E: prior_lsa_gen_undoredo_record_from_crumbs(cubthread::entry*, log_prior_node*, LOG_RCVINDEX, log_data_addr*, int, log_crumb const*, int, log_crumb const*) (log_append.cpp:1004)
==2007594==    by 0x56D10ED: prior_lsa_alloc_and_copy_crumbs(cubthread::entry*, log_rectype, LOG_RCVINDEX, log_data_addr*, int, log_crumb const*, int, log_crumb const*) (log_append.cpp:447)
==2007594==    by 0x56D8D95: log_append_undoredo_crumbs(cubthread::entry*, LOG_RCVINDEX, log_data_addr*, int, int, log_crumb const*, log_crumb const*) (log_manager.c:2231)
==2007594==    by 0x56D9E9A: log_append_undoredo_recdes2(cubthread::entry*, LOG_RCVINDEX, vfid const*, char*, short, recdes const*, recdes const*) (log_manager.c:2616)
==2007594==    by 0x58EF80B: catalog_drop_representation_helper(cubthread::entry*, char*, vpid*, short) (system_catalog.c:1617)
==2007594==    by 0x58EFB9F: catalog_drop_disk_representation_from_page(cubthread::entry*, vpid*, short) (system_catalog.c:1721)
==2007594==    by 0x58F3BAC: catalog_drop(cubthread::entry*, db_identifier*, int) (system_catalog.c:3331)
==2007594==    by 0x58F60BE: catalog_update(cubthread::entry*, recdes*, db_identifier*) (system_catalog.c:4480)
==2007594==    by 0x56B8279: locator_update_force(cubthread::entry*, hfid*, db_identifier*, db_identifier*, recdes*, recdes*, int, int*, int, int, heap_scancache*, int*, bool, REPL_INFO_TYPE, int, pruning_context*, cubquery::mvcc_reev_data*, update_inplace_style, bool) (locator_sr.c:5661)
==2007594==    by 0x56BB85C: xlocator_force(cubthread::entry*, lc_copy_area*, int, int*) (locator_sr.c:7350)
==2007594== 
==2007594== Use of uninitialised value of size 8
==2007594==    at 0x4851CE0: memmove (vg_replace_strmem.c:1414)
==2007594==    by 0x56D1273: prior_lsa_copy_undo_data_to_node(log_prior_node*, int, char const*) (log_append.cpp:508)
==2007594==    by 0x56D261E: prior_lsa_gen_undoredo_record_from_crumbs(cubthread::entry*, log_prior_node*, LOG_RCVINDEX, log_data_addr*, int, log_crumb const*, int, log_crumb const*) (log_append.cpp:1004)
==2007594==    by 0x56D10ED: prior_lsa_alloc_and_copy_crumbs(cubthread::entry*, log_rectype, LOG_RCVINDEX, log_data_addr*, int, log_crumb const*, int, log_crumb const*) (log_append.cpp:447)
==2007594==    by 0x56D8D95: log_append_undoredo_crumbs(cubthread::entry*, LOG_RCVINDEX, log_data_addr*, int, int, log_crumb const*, log_crumb const*) (log_manager.c:2231)
==2007594==    by 0x56D9E9A: log_append_undoredo_recdes2(cubthread::entry*, LOG_RCVINDEX, vfid const*, char*, short, recdes const*, recdes const*) (log_manager.c:2616)
==2007594==    by 0x58EF80B: catalog_drop_representation_helper(cubthread::entry*, char*, vpid*, short) (system_catalog.c:1617)
==2007594==    by 0x58EFB9F: catalog_drop_disk_representation_from_page(cubthread::entry*, vpid*, short) (system_catalog.c:1721)
==2007594==    by 0x58F3BAC: catalog_drop(cubthread::entry*, db_identifier*, int) (system_catalog.c:3331)
==2007594==    by 0x58F60BE: catalog_update(cubthread::entry*, recdes*, db_identifier*) (system_catalog.c:4480)
==2007594==    by 0x56B8279: locator_update_force(cubthread::entry*, hfid*, db_identifier*, db_identifier*, recdes*, recdes*, int, int*, int, int, heap_scancache*, int*, bool, REPL_INFO_TYPE, int, pruning_context*, cubquery::mvcc_reev_data*, update_inplace_style, bool) (locator_sr.c:5661)
==2007594==    by 0x56BB85C: xlocator_force(cubthread::entry*, lc_copy_area*, int, int*) (locator_sr.c:7350)
==2007594== 
==2007594== Use of uninitialised value of size 8
==2007594==    at 0x4851CE3: memmove (vg_replace_strmem.c:1414)
==2007594==    by 0x56D1273: prior_lsa_copy_undo_data_to_node(log_prior_node*, int, char const*) (log_append.cpp:508)
==2007594==    by 0x56D261E: prior_lsa_gen_undoredo_record_from_crumbs(cubthread::entry*, log_prior_node*, LOG_RCVINDEX, log_data_addr*, int, log_crumb const*, int, log_crumb const*) (log_append.cpp:1004)
==2007594==    by 0x56D10ED: prior_lsa_alloc_and_copy_crumbs(cubthread::entry*, log_rectype, LOG_RCVINDEX, log_data_addr*, int, log_crumb const*, int, log_crumb const*) (log_append.cpp:447)
==2007594==    by 0x56D8D95: log_append_undoredo_crumbs(cubthread::entry*, LOG_RCVINDEX, log_data_addr*, int, int, log_crumb const*, log_crumb const*) (log_manager.c:2231)
==2007594==    by 0x56D9E9A: log_append_undoredo_recdes2(cubthread::entry*, LOG_RCVINDEX, vfid const*, char*, short, recdes const*, recdes const*) (log_manager.c:2616)
==2007594==    by 0x58EF80B: catalog_drop_representation_helper(cubthread::entry*, char*, vpid*, short) (system_catalog.c:1617)
==2007594==    by 0x58EFB9F: catalog_drop_disk_representation_from_page(cubthread::entry*, vpid*, short) (system_catalog.c:1721)
==2007594==    by 0x58F3BAC: catalog_drop(cubthread::entry*, db_identifier*, int) (system_catalog.c:3331)
==2007594==    by 0x58F60BE: catalog_update(cubthread::entry*, recdes*, db_identifier*) (system_catalog.c:4480)
==2007594==    by 0x56B8279: locator_update_force(cubthread::entry*, hfid*, db_identifier*, db_identifier*, recdes*, recdes*, int, int*, int, int, heap_scancache*, int*, bool, REPL_INFO_TYPE, int, pruning_context*, cubquery::mvcc_reev_data*, update_inplace_style, bool) (locator_sr.c:5661)
==2007594==    by 0x56BB85C: xlocator_force(cubthread::entry*, lc_copy_area*, int, int*) (locator_sr.c:7350)
==2007594== 
==2007594== Conditional jump or move depends on uninitialised value(s)
==2007594==    at 0x4851CEF: memmove (vg_replace_strmem.c:1414)
==2007594==    by 0x56D1273: prior_lsa_copy_undo_data_to_node(log_prior_node*, int, char const*) (log_append.cpp:508)
==2007594==    by 0x56D261E: prior_lsa_gen_undoredo_record_from_crumbs(cubthread::entry*, log_prior_node*, LOG_RCVINDEX, log_data_addr*, int, log_crumb const*, int, log_crumb const*) (log_append.cpp:1004)
==2007594==    by 0x56D10ED: prior_lsa_alloc_and_copy_crumbs(cubthread::entry*, log_rectype, LOG_RCVINDEX, log_data_addr*, int, log_crumb const*, int, log_crumb const*) (log_append.cpp:447)
==2007594==    by 0x56D8D95: log_append_undoredo_crumbs(cubthread::entry*, LOG_RCVINDEX, log_data_addr*, int, int, log_crumb const*, log_crumb const*) (log_manager.c:2231)
==2007594==    by 0x56D9E9A: log_append_undoredo_recdes2(cubthread::entry*, LOG_RCVINDEX, vfid const*, char*, short, recdes const*, recdes const*) (log_manager.c:2616)
==2007594==    by 0x58EF80B: catalog_drop_representation_helper(cubthread::entry*, char*, vpid*, short) (system_catalog.c:1617)
==2007594==    by 0x58EFB9F: catalog_drop_disk_representation_from_page(cubthread::entry*, vpid*, short) (system_catalog.c:1721)
==2007594==    by 0x58F3BAC: catalog_drop(cubthread::entry*, db_identifier*, int) (system_catalog.c:3331)
==2007594==    by 0x58F60BE: catalog_update(cubthread::entry*, recdes*, db_identifier*) (system_catalog.c:4480)
==2007594==    by 0x56B8279: locator_update_force(cubthread::entry*, hfid*, db_identifier*, db_identifier*, recdes*, recdes*, int, int*, int, int, heap_scancache*, int*, bool, REPL_INFO_TYPE, int, pruning_context*, cubquery::mvcc_reev_data*, update_inplace_style, bool) (locator_sr.c:5661)
==2007594==    by 0x56BB85C: xlocator_force(cubthread::entry*, lc_copy_area*, int, int*) (locator_sr.c:7350)
==2007594== 
==2007594== Conditional jump or move depends on uninitialised value(s)
==2007594==    at 0x4851D01: memmove (vg_replace_strmem.c:1414)
==2007594==    by 0x56D1273: prior_lsa_copy_undo_data_to_node(log_prior_node*, int, char const*) (log_append.cpp:508)
==2007594==    by 0x56D261E: prior_lsa_gen_undoredo_record_from_crumbs(cubthread::entry*, log_prior_node*, LOG_RCVINDEX, log_data_addr*, int, log_crumb const*, int, log_crumb const*) (log_append.cpp:1004)
==2007594==    by 0x56D10ED: prior_lsa_alloc_and_copy_crumbs(cubthread::entry*, log_rectype, LOG_RCVINDEX, log_data_addr*, int, log_crumb const*, int, log_crumb const*) (log_append.cpp:447)
==2007594==    by 0x56D8D95: log_append_undoredo_crumbs(cubthread::entry*, LOG_RCVINDEX, log_data_addr*, int, int, log_crumb const*, log_crumb const*) (log_manager.c:2231)
==2007594==    by 0x56D9E9A: log_append_undoredo_recdes2(cubthread::entry*, LOG_RCVINDEX, vfid const*, char*, short, recdes const*, recdes const*) (log_manager.c:2616)
==2007594==    by 0x58EF80B: catalog_drop_representation_helper(cubthread::entry*, char*, vpid*, short) (system_catalog.c:1617)
==2007594==    by 0x58EFB9F: catalog_drop_disk_representation_from_page(cubthread::entry*, vpid*, short) (system_catalog.c:1721)
==2007594==    by 0x58F3BAC: catalog_drop(cubthread::entry*, db_identifier*, int) (system_catalog.c:3331)
==2007594==    by 0x58F60BE: catalog_update(cubthread::entry*, recdes*, db_identifier*) (system_catalog.c:4480)
==2007594==    by 0x56B8279: locator_update_force(cubthread::entry*, hfid*, db_identifier*, db_identifier*, recdes*, recdes*, int, int*, int, int, heap_scancache*, int*, bool, REPL_INFO_TYPE, int, pruning_context*, cubquery::mvcc_reev_data*, update_inplace_style, bool) (locator_sr.c:5661)
==2007594==    by 0x56BB85C: xlocator_force(cubthread::entry*, lc_copy_area*, int, int*) (locator_sr.c:7350)
==2007594== 
==2007594== Conditional jump or move depends on uninitialised value(s)
==2007594==    at 0x56D3673: prior_lsa_next_record_internal(cubthread::entry*, log_prior_node*, log_tdes*, int) (log_append.cpp:1493)
==2007594==    by 0x56D37FE: prior_lsa_next_record(cubthread::entry*, log_prior_node*, log_tdes*) (log_append.cpp:1557)
==2007594==    by 0x56D8F48: log_append_undoredo_crumbs(cubthread::entry*, LOG_RCVINDEX, log_data_addr*, int, int, log_crumb const*, log_crumb const*) (log_manager.c:2250)
==2007594==    by 0x56D9E9A: log_append_undoredo_recdes2(cubthread::entry*, LOG_RCVINDEX, vfid const*, char*, short, recdes const*, recdes const*) (log_manager.c:2616)
==2007594==    by 0x58EF80B: catalog_drop_representation_helper(cubthread::entry*, char*, vpid*, short) (system_catalog.c:1617)
==2007594==    by 0x58EFB9F: catalog_drop_disk_representation_from_page(cubthread::entry*, vpid*, short) (system_catalog.c:1721)
==2007594==    by 0x58F3BAC: catalog_drop(cubthread::entry*, db_identifier*, int) (system_catalog.c:3331)
==2007594==    by 0x58F60BE: catalog_update(cubthread::entry*, recdes*, db_identifier*) (system_catalog.c:4480)
==2007594==    by 0x56B8279: locator_update_force(cubthread::entry*, hfid*, db_identifier*, db_identifier*, recdes*, recdes*, int, int*, int, int, heap_scancache*, int*, bool, REPL_INFO_TYPE, int, pruning_context*, cubquery::mvcc_reev_data*, update_inplace_style, bool) (locator_sr.c:5661)
==2007594==    by 0x56BB85C: xlocator_force(cubthread::entry*, lc_copy_area*, int, int*) (locator_sr.c:7350)
==2007594==    by 0x5055CAB: locator_force(lc_copy_area*, int, int*, int) (network_interface_cl.c:792)
==2007594==    by 0x56A8802: locator_mflush_force(locator_mflush_cache*) (locator_cl.c:4081)
==2007594== 
==2007594== Conditional jump or move depends on uninitialised value(s)
==2007594==    at 0x56D3ACC: prior_lsa_append_data(int) (log_append.cpp:1669)
==2007594==    by 0x56D3682: prior_lsa_next_record_internal(cubthread::entry*, log_prior_node*, log_tdes*, int) (log_append.cpp:1495)
==2007594==    by 0x56D37FE: prior_lsa_next_record(cubthread::entry*, log_prior_node*, log_tdes*) (log_append.cpp:1557)
==2007594==    by 0x56D8F48: log_append_undoredo_crumbs(cubthread::entry*, LOG_RCVINDEX, log_data_addr*, int, int, log_crumb const*, log_crumb const*) (log_manager.c:2250)
==2007594==    by 0x56D9E9A: log_append_undoredo_recdes2(cubthread::entry*, LOG_RCVINDEX, vfid const*, char*, short, recdes const*, recdes const*) (log_manager.c:2616)
==2007594==    by 0x58EF80B: catalog_drop_representation_helper(cubthread::entry*, char*, vpid*, short) (system_catalog.c:1617)
==2007594==    by 0x58EFB9F: catalog_drop_disk_representation_from_page(cubthread::entry*, vpid*, short) (system_catalog.c:1721)
==2007594==    by 0x58F3BAC: catalog_drop(cubthread::entry*, db_identifier*, int) (system_catalog.c:3331)
==2007594==    by 0x58F60BE: catalog_update(cubthread::entry*, recdes*, db_identifier*) (system_catalog.c:4480)
==2007594==    by 0x56B8279: locator_update_force(cubthread::entry*, hfid*, db_identifier*, db_identifier*, recdes*, recdes*, int, int*, int, int, heap_scancache*, int*, bool, REPL_INFO_TYPE, int, pruning_context*, cubquery::mvcc_reev_data*, update_inplace_style, bool) (locator_sr.c:5661)
==2007594==    by 0x56BB85C: xlocator_force(cubthread::entry*, lc_copy_area*, int, int*) (locator_sr.c:7350)
==2007594==    by 0x5055CAB: locator_force(lc_copy_area*, int, int*, int) (network_interface_cl.c:792)
==2007594== 
==2007594== Conditional jump or move depends on uninitialised value(s)
==2007594==    at 0x56D4995: log_zip(log_zip*, int, void const*) (log_compress.c:87)
==2007594==    by 0x56D1DCD: prior_lsa_gen_undoredo_record_from_crumbs(cubthread::entry*, log_prior_node*, LOG_RCVINDEX, log_data_addr*, int, log_crumb const*, int, log_crumb const*) (log_append.cpp:780)
==2007594==    by 0x56D10ED: prior_lsa_alloc_and_copy_crumbs(cubthread::entry*, log_rectype, LOG_RCVINDEX, log_data_addr*, int, log_crumb const*, int, log_crumb const*) (log_append.cpp:447)
==2007594==    by 0x56D8D95: log_append_undoredo_crumbs(cubthread::entry*, LOG_RCVINDEX, log_data_addr*, int, int, log_crumb const*, log_crumb const*) (log_manager.c:2231)
==2007594==    by 0x56D9E9A: log_append_undoredo_recdes2(cubthread::entry*, LOG_RCVINDEX, vfid const*, char*, short, recdes const*, recdes const*) (log_manager.c:2616)
==2007594==    by 0x56D9D2F: log_append_undoredo_recdes(cubthread::entry*, LOG_RCVINDEX, log_data_addr*, recdes const*, recdes const*) (log_manager.c:2570)
==2007594==    by 0x588EB0E: heap_log_update_physical(cubthread::entry*, char*, vfid*, db_identifier*, recdes*, recdes*, LOG_RCVINDEX) (heap_file.c:24341)
==2007594==    by 0x588E0B7: heap_update_home(cubthread::entry*, heap_operation_context*, bool) (heap_file.c:24170)
==2007594==    by 0x58911F3: heap_update_logical(cubthread::entry*, heap_operation_context*) (heap_file.c:25052)
==2007594==    by 0x57E6F97: catcls_update_instance(cubthread::entry*, or_value*, db_identifier*, db_identifier*, hfid*, heap_scancache*, update_inplace_style) (catalog_class.c:4289)
==2007594==    by 0x57E7A27: catcls_update_catalog_classes(cubthread::entry*, char const*, recdes*, db_identifier*, update_inplace_style) (catalog_class.c:4633)
==2007594==    by 0x56B7E48: locator_update_force(cubthread::entry*, hfid*, db_identifier*, db_identifier*, recdes*, recdes*, int, int*, int, int, heap_scancache*, int*, bool, REPL_INFO_TYPE, int, pruning_context*, cubquery::mvcc_reev_data*, update_inplace_style, bool) (locator_sr.c:5557)
==2007594== 
==2007594== Conditional jump or move depends on uninitialised value(s)
==2007594==    at 0x56D49B0: log_zip(log_zip*, int, void const*) (log_compress.c:91)
==2007594==    by 0x56D1DCD: prior_lsa_gen_undoredo_record_from_crumbs(cubthread::entry*, log_prior_node*, LOG_RCVINDEX, log_data_addr*, int, log_crumb const*, int, log_crumb const*) (log_append.cpp:780)
==2007594==    by 0x56D10ED: prior_lsa_alloc_and_copy_crumbs(cubthread::entry*, log_rectype, LOG_RCVINDEX, log_data_addr*, int, log_crumb const*, int, log_crumb const*) (log_append.cpp:447)
==2007594==    by 0x56D8D95: log_append_undoredo_crumbs(cubthread::entry*, LOG_RCVINDEX, log_data_addr*, int, int, log_crumb const*, log_crumb const*) (log_manager.c:2231)
==2007594==    by 0x56D9E9A: log_append_undoredo_recdes2(cubthread::entry*, LOG_RCVINDEX, vfid const*, char*, short, recdes const*, recdes const*) (log_manager.c:2616)
==2007594==    by 0x56D9D2F: log_append_undoredo_recdes(cubthread::entry*, LOG_RCVINDEX, log_data_addr*, recdes const*, recdes const*) (log_manager.c:2570)
==2007594==    by 0x588EB0E: heap_log_update_physical(cubthread::entry*, char*, vfid*, db_identifier*, recdes*, recdes*, LOG_RCVINDEX) (heap_file.c:24341)
==2007594==    by 0x588E0B7: heap_update_home(cubthread::entry*, heap_operation_context*, bool) (heap_file.c:24170)
==2007594==    by 0x58911F3: heap_update_logical(cubthread::entry*, heap_operation_context*) (heap_file.c:25052)
==2007594==    by 0x57E6F97: catcls_update_instance(cubthread::entry*, or_value*, db_identifier*, db_identifier*, hfid*, heap_scancache*, update_inplace_style) (catalog_class.c:4289)
==2007594==    by 0x57E7A27: catcls_update_catalog_classes(cubthread::entry*, char const*, recdes*, db_identifier*, update_inplace_style) (catalog_class.c:4633)
==2007594==    by 0x56B7E48: locator_update_force(cubthread::entry*, hfid*, db_identifier*, db_identifier*, recdes*, recdes*, int, int*, int, int, heap_scancache*, int*, bool, REPL_INFO_TYPE, int, pruning_context*, cubquery::mvcc_reev_data*, update_inplace_style, bool) (locator_sr.c:5557)
==2007594== 
==2007594== Conditional jump or move depends on uninitialised value(s)
==2007594==    at 0x59BBE47: LZ4_compress_fast_extState (in local-path/libcubridsa.so.11.5)
==2007594==    by 0x5193698: cubcompress::lz4_compress(char const*, char*, int, int, int) (compressor.hpp:97)
==2007594==    by 0x5193A5A: int cubcompress::compress<cubcompress::LZ4>(void const*, int, void*, int, std::variant<cubcompress::lz4_options> const&) (compressor.hpp:143)
==2007594==    by 0x51938A9: int cubcompress::compress<cubcompress::LZ4>(void const*, int, void*, int) (compressor.hpp:158)
==2007594==    by 0x56D498D: log_zip(log_zip*, int, void const*) (log_compress.c:83)
==2007594==    by 0x56D1DE8: prior_lsa_gen_undoredo_record_from_crumbs(cubthread::entry*, log_prior_node*, LOG_RCVINDEX, log_data_addr*, int, log_crumb const*, int, log_crumb const*) (log_append.cpp:781)
==2007594==    by 0x56D10ED: prior_lsa_alloc_and_copy_crumbs(cubthread::entry*, log_rectype, LOG_RCVINDEX, log_data_addr*, int, log_crumb const*, int, log_crumb const*) (log_append.cpp:447)
==2007594==    by 0x56D8D95: log_append_undoredo_crumbs(cubthread::entry*, LOG_RCVINDEX, log_data_addr*, int, int, log_crumb const*, log_crumb const*) (log_manager.c:2231)
==2007594==    by 0x56D9E9A: log_append_undoredo_recdes2(cubthread::entry*, LOG_RCVINDEX, vfid const*, char*, short, recdes const*, recdes const*) (log_manager.c:2616)
==2007594==    by 0x56D9D2F: log_append_undoredo_recdes(cubthread::entry*, LOG_RCVINDEX, log_data_addr*, recdes const*, recdes const*) (log_manager.c:2570)
==2007594==    by 0x588EB0E: heap_log_update_physical(cubthread::entry*, char*, vfid*, db_identifier*, recdes*, recdes*, LOG_RCVINDEX) (heap_file.c:24341)
==2007594==    by 0x588E0B7: heap_update_home(cubthread::entry*, heap_operation_context*, bool) (heap_file.c:24170)
==2007594== 
==2007594== Use of uninitialised value of size 8
==2007594==    at 0x4851D10: memmove (vg_replace_strmem.c:1414)
==2007594==    by 0x56D1273: prior_lsa_copy_undo_data_to_node(log_prior_node*, int, char const*) (log_append.cpp:508)
==2007594==    by 0x56D261E: prior_lsa_gen_undoredo_record_from_crumbs(cubthread::entry*, log_prior_node*, LOG_RCVINDEX, log_data_addr*, int, log_crumb const*, int, log_crumb const*) (log_append.cpp:1004)
==2007594==    by 0x56D10ED: prior_lsa_alloc_and_copy_crumbs(cubthread::entry*, log_rectype, LOG_RCVINDEX, log_data_addr*, int, log_crumb const*, int, log_crumb const*) (log_append.cpp:447)
==2007594==    by 0x56D8D95: log_append_undoredo_crumbs(cubthread::entry*, LOG_RCVINDEX, log_data_addr*, int, int, log_crumb const*, log_crumb const*) (log_manager.c:2231)
==2007594==    by 0x56D9E9A: log_append_undoredo_recdes2(cubthread::entry*, LOG_RCVINDEX, vfid const*, char*, short, recdes const*, recdes const*) (log_manager.c:2616)
==2007594==    by 0x56D9D2F: log_append_undoredo_recdes(cubthread::entry*, LOG_RCVINDEX, log_data_addr*, recdes const*, recdes const*) (log_manager.c:2570)
==2007594==    by 0x588EB0E: heap_log_update_physical(cubthread::entry*, char*, vfid*, db_identifier*, recdes*, recdes*, LOG_RCVINDEX) (heap_file.c:24341)
==2007594==    by 0x588E0B7: heap_update_home(cubthread::entry*, heap_operation_context*, bool) (heap_file.c:24170)
==2007594==    by 0x58911F3: heap_update_logical(cubthread::entry*, heap_operation_context*) (heap_file.c:25052)
==2007594==    by 0x57E6F97: catcls_update_instance(cubthread::entry*, or_value*, db_identifier*, db_identifier*, hfid*, heap_scancache*, update_inplace_style) (catalog_class.c:4289)
==2007594==    by 0x57E7A27: catcls_update_catalog_classes(cubthread::entry*, char const*, recdes*, db_identifier*, update_inplace_style) (catalog_class.c:4633)
==2007594== 
==2007594== Use of uninitialised value of size 8
==2007594==    at 0x4851D13: memmove (vg_replace_strmem.c:1414)
==2007594==    by 0x56D1273: prior_lsa_copy_undo_data_to_node(log_prior_node*, int, char const*) (log_append.cpp:508)
==2007594==    by 0x56D261E: prior_lsa_gen_undoredo_record_from_crumbs(cubthread::entry*, log_prior_node*, LOG_RCVINDEX, log_data_addr*, int, log_crumb const*, int, log_crumb const*) (log_append.cpp:1004)
==2007594==    by 0x56D10ED: prior_lsa_alloc_and_copy_crumbs(cubthread::entry*, log_rectype, LOG_RCVINDEX, log_data_addr*, int, log_crumb const*, int, log_crumb const*) (log_append.cpp:447)
==2007594==    by 0x56D8D95: log_append_undoredo_crumbs(cubthread::entry*, LOG_RCVINDEX, log_data_addr*, int, int, log_crumb const*, log_crumb const*) (log_manager.c:2231)
==2007594==    by 0x56D9E9A: log_append_undoredo_recdes2(cubthread::entry*, LOG_RCVINDEX, vfid const*, char*, short, recdes const*, recdes const*) (log_manager.c:2616)
==2007594==    by 0x56D9D2F: log_append_undoredo_recdes(cubthread::entry*, LOG_RCVINDEX, log_data_addr*, recdes const*, recdes const*) (log_manager.c:2570)
==2007594==    by 0x588EB0E: heap_log_update_physical(cubthread::entry*, char*, vfid*, db_identifier*, recdes*, recdes*, LOG_RCVINDEX) (heap_file.c:24341)
==2007594==    by 0x588E0B7: heap_update_home(cubthread::entry*, heap_operation_context*, bool) (heap_file.c:24170)
==2007594==    by 0x58911F3: heap_update_logical(cubthread::entry*, heap_operation_context*) (heap_file.c:25052)
==2007594==    by 0x57E6F97: catcls_update_instance(cubthread::entry*, or_value*, db_identifier*, db_identifier*, hfid*, heap_scancache*, update_inplace_style) (catalog_class.c:4289)
==2007594==    by 0x57E7A27: catcls_update_catalog_classes(cubthread::entry*, char const*, recdes*, db_identifier*, update_inplace_style) (catalog_class.c:4633)
==2007594== 
==2007594== Conditional jump or move depends on uninitialised value(s)
==2007594==    at 0x4851D1D: memmove (vg_replace_strmem.c:1414)
==2007594==    by 0x56D1273: prior_lsa_copy_undo_data_to_node(log_prior_node*, int, char const*) (log_append.cpp:508)
==2007594==    by 0x56D261E: prior_lsa_gen_undoredo_record_from_crumbs(cubthread::entry*, log_prior_node*, LOG_RCVINDEX, log_data_addr*, int, log_crumb const*, int, log_crumb const*) (log_append.cpp:1004)
==2007594==    by 0x56D10ED: prior_lsa_alloc_and_copy_crumbs(cubthread::entry*, log_rectype, LOG_RCVINDEX, log_data_addr*, int, log_crumb const*, int, log_crumb const*) (log_append.cpp:447)
==2007594==    by 0x56D8D95: log_append_undoredo_crumbs(cubthread::entry*, LOG_RCVINDEX, log_data_addr*, int, int, log_crumb const*, log_crumb const*) (log_manager.c:2231)
==2007594==    by 0x56D9E9A: log_append_undoredo_recdes2(cubthread::entry*, LOG_RCVINDEX, vfid const*, char*, short, recdes const*, recdes const*) (log_manager.c:2616)
==2007594==    by 0x56D9D2F: log_append_undoredo_recdes(cubthread::entry*, LOG_RCVINDEX, log_data_addr*, recdes const*, recdes const*) (log_manager.c:2570)
==2007594==    by 0x588EB0E: heap_log_update_physical(cubthread::entry*, char*, vfid*, db_identifier*, recdes*, recdes*, LOG_RCVINDEX) (heap_file.c:24341)
==2007594==    by 0x588E0B7: heap_update_home(cubthread::entry*, heap_operation_context*, bool) (heap_file.c:24170)
==2007594==    by 0x58911F3: heap_update_logical(cubthread::entry*, heap_operation_context*) (heap_file.c:25052)
==2007594==    by 0x57E6F97: catcls_update_instance(cubthread::entry*, or_value*, db_identifier*, db_identifier*, hfid*, heap_scancache*, update_inplace_style) (catalog_class.c:4289)
==2007594==    by 0x57E7A27: catcls_update_catalog_classes(cubthread::entry*, char const*, recdes*, db_identifier*, update_inplace_style) (catalog_class.c:4633)
==2007594== 
==2007594== Conditional jump or move depends on uninitialised value(s)
==2007594==    at 0x56D3BC0: prior_lsa_append_data(int) (log_append.cpp:1686)
==2007594==    by 0x56D369B: prior_lsa_next_record_internal(cubthread::entry*, log_prior_node*, log_tdes*, int) (log_append.cpp:1500)
==2007594==    by 0x56D37FE: prior_lsa_next_record(cubthread::entry*, log_prior_node*, log_tdes*) (log_append.cpp:1557)
==2007594==    by 0x56D8F48: log_append_undoredo_crumbs(cubthread::entry*, LOG_RCVINDEX, log_data_addr*, int, int, log_crumb const*, log_crumb const*) (log_manager.c:2250)
==2007594==    by 0x56D9E9A: log_append_undoredo_recdes2(cubthread::entry*, LOG_RCVINDEX, vfid const*, char*, short, recdes const*, recdes const*) (log_manager.c:2616)
==2007594==    by 0x58EE844: catalog_put_record_into_page(cubthread::entry*, catalog_record*, int, short*) (system_catalog.c:1110)
==2007594==    by 0x58F2D08: catalog_add_representation(cubthread::entry*, db_identifier*, int, disk_representation*, db_identifier*, catalog_access_info*) (system_catalog.c:2980)
==2007594==    by 0x58F612F: catalog_update(cubthread::entry*, recdes*, db_identifier*) (system_catalog.c:4490)
==2007594==    by 0x56B8279: locator_update_force(cubthread::entry*, hfid*, db_identifier*, db_identifier*, recdes*, recdes*, int, int*, int, int, heap_scancache*, int*, bool, REPL_INFO_TYPE, int, pruning_context*, cubquery::mvcc_reev_data*, update_inplace_style, bool) (locator_sr.c:5661)
==2007594==    by 0x56BB85C: xlocator_force(cubthread::entry*, lc_copy_area*, int, int*) (locator_sr.c:7350)
==2007594==    by 0x5055CAB: locator_force(lc_copy_area*, int, int*, int) (network_interface_cl.c:792)
==2007594==    by 0x56A8802: locator_mflush_force(locator_mflush_cache*) (locator_cl.c:4081)
==2007594== 
==2007594== Conditional jump or move depends on uninitialised value(s)
==2007594==    at 0x56D3B0A: prior_lsa_append_data(int) (log_append.cpp:1688)
==2007594==    by 0x56D369B: prior_lsa_next_record_internal(cubthread::entry*, log_prior_node*, log_tdes*, int) (log_append.cpp:1500)
==2007594==    by 0x56D37FE: prior_lsa_next_record(cubthread::entry*, log_prior_node*, log_tdes*) (log_append.cpp:1557)
==2007594==    by 0x56D8F48: log_append_undoredo_crumbs(cubthread::entry*, LOG_RCVINDEX, log_data_addr*, int, int, log_crumb const*, log_crumb const*) (log_manager.c:2250)
==2007594==    by 0x56D9E9A: log_append_undoredo_recdes2(cubthread::entry*, LOG_RCVINDEX, vfid const*, char*, short, recdes const*, recdes const*) (log_manager.c:2616)
==2007594==    by 0x58EE844: catalog_put_record_into_page(cubthread::entry*, catalog_record*, int, short*) (system_catalog.c:1110)
==2007594==    by 0x58F2D08: catalog_add_representation(cubthread::entry*, db_identifier*, int, disk_representation*, db_identifier*, catalog_access_info*) (system_catalog.c:2980)
==2007594==    by 0x58F612F: catalog_update(cubthread::entry*, recdes*, db_identifier*) (system_catalog.c:4490)
==2007594==    by 0x56B8279: locator_update_force(cubthread::entry*, hfid*, db_identifier*, db_identifier*, recdes*, recdes*, int, int*, int, int, heap_scancache*, int*, bool, REPL_INFO_TYPE, int, pruning_context*, cubquery::mvcc_reev_data*, update_inplace_style, bool) (locator_sr.c:5661)
==2007594==    by 0x56BB85C: xlocator_force(cubthread::entry*, lc_copy_area*, int, int*) (locator_sr.c:7350)
==2007594==    by 0x5055CAB: locator_force(lc_copy_area*, int, int*, int) (network_interface_cl.c:792)
==2007594==    by 0x56A8802: locator_mflush_force(locator_mflush_cache*) (locator_cl.c:4081)
==2007594== 
==2007594== Conditional jump or move depends on uninitialised value(s)
==2007594==    at 0x56D3B7E: prior_lsa_append_data(int) (log_append.cpp:1700)
==2007594==    by 0x56D369B: prior_lsa_next_record_internal(cubthread::entry*, log_prior_node*, log_tdes*, int) (log_append.cpp:1500)
==2007594==    by 0x56D37FE: prior_lsa_next_record(cubthread::entry*, log_prior_node*, log_tdes*) (log_append.cpp:1557)
==2007594==    by 0x56D8F48: log_append_undoredo_crumbs(cubthread::entry*, LOG_RCVINDEX, log_data_addr*, int, int, log_crumb const*, log_crumb const*) (log_manager.c:2250)
==2007594==    by 0x56D9E9A: log_append_undoredo_recdes2(cubthread::entry*, LOG_RCVINDEX, vfid const*, char*, short, recdes const*, recdes const*) (log_manager.c:2616)
==2007594==    by 0x58EE844: catalog_put_record_into_page(cubthread::entry*, catalog_record*, int, short*) (system_catalog.c:1110)
==2007594==    by 0x58F2D08: catalog_add_representation(cubthread::entry*, db_identifier*, int, disk_representation*, db_identifier*, catalog_access_info*) (system_catalog.c:2980)
==2007594==    by 0x58F612F: catalog_update(cubthread::entry*, recdes*, db_identifier*) (system_catalog.c:4490)
==2007594==    by 0x56B8279: locator_update_force(cubthread::entry*, hfid*, db_identifier*, db_identifier*, recdes*, recdes*, int, int*, int, int, heap_scancache*, int*, bool, REPL_INFO_TYPE, int, pruning_context*, cubquery::mvcc_reev_data*, update_inplace_style, bool) (locator_sr.c:5661)
==2007594==    by 0x56BB85C: xlocator_force(cubthread::entry*, lc_copy_area*, int, int*) (locator_sr.c:7350)
==2007594==    by 0x5055CAB: locator_force(lc_copy_area*, int, int*, int) (network_interface_cl.c:792)
==2007594==    by 0x56A8802: locator_mflush_force(locator_mflush_cache*) (locator_cl.c:4081)
==2007594== 
==2007594== Conditional jump or move depends on uninitialised value(s)
==2007594==    at 0x5702B6E: logpb_append_data(cubthread::entry*, int, char const*) (log_page_buffer.c:4301)
==2007594==    by 0x5700A03: logpb_append_next_record(cubthread::entry*, log_prior_node*) (log_page_buffer.c:3018)
==2007594==    by 0x5700B49: logpb_append_prior_lsa_list(cubthread::entry*, log_prior_node*) (log_page_buffer.c:3059)
==2007594==    by 0x5700D4D: logpb_prior_lsa_append_all_list(cubthread::entry*) (log_page_buffer.c:3126)
==2007594==    by 0x57024BF: logpb_flush_pages_direct(cubthread::entry*) (log_page_buffer.c:3963)
==2007594==    by 0x5702510: logpb_flush_pages(cubthread::entry*, log_lsa*) (log_page_buffer.c:3987)
==2007594==    by 0x56DDE0F: log_change_tran_as_completed(cubthread::entry*, log_tdes*, log_rectype, log_lsa*) (log_manager.c:4807)
==2007594==    by 0x56DEBF2: log_commit_local(cubthread::entry*, log_tdes*, bool, bool) (log_manager.c:5307)
==2007594==    by 0x56DEFEF: log_commit(cubthread::entry*, int, bool) (log_manager.c:5498)
==2007594==    by 0x5741824: xtran_server_commit(cubthread::entry*, bool) (transaction_sr.c:95)
==2007594==    by 0x5056661: tran_server_commit(bool) (network_interface_cl.c:2994)
==2007594==    by 0x574068F: tran_commit(bool) (transaction_cl.c:319)
==2007594== 
==2007594== Conditional jump or move depends on uninitialised value(s)
==2007594==    at 0x5702CF0: logpb_append_data(cubthread::entry*, int, char const*) (log_page_buffer.c:4318)
==2007594==    by 0x5700A2D: logpb_append_next_record(cubthread::entry*, log_prior_node*) (log_page_buffer.c:3023)
==2007594==    by 0x5700B49: logpb_append_prior_lsa_list(cubthread::entry*, log_prior_node*) (log_page_buffer.c:3059)
==2007594==    by 0x5700D4D: logpb_prior_lsa_append_all_list(cubthread::entry*) (log_page_buffer.c:3126)
==2007594==    by 0x57024BF: logpb_flush_pages_direct(cubthread::entry*) (log_page_buffer.c:3963)
==2007594==    by 0x5702510: logpb_flush_pages(cubthread::entry*, log_lsa*) (log_page_buffer.c:3987)
==2007594==    by 0x56DDE0F: log_change_tran_as_completed(cubthread::entry*, log_tdes*, log_rectype, log_lsa*) (log_manager.c:4807)
==2007594==    by 0x56DEBF2: log_commit_local(cubthread::entry*, log_tdes*, bool, bool) (log_manager.c:5307)
==2007594==    by 0x56DEFEF: log_commit(cubthread::entry*, int, bool) (log_manager.c:5498)
==2007594==    by 0x5741824: xtran_server_commit(cubthread::entry*, bool) (transaction_sr.c:95)
==2007594==    by 0x5056661: tran_server_commit(bool) (network_interface_cl.c:2994)
==2007594==    by 0x574068F: tran_commit(bool) (transaction_cl.c:319)
==2007594== 
==2007594== Conditional jump or move depends on uninitialised value(s)
==2007594==    at 0x5702C2C: logpb_append_data(cubthread::entry*, int, char const*) (log_page_buffer.c:4320)
==2007594==    by 0x5700A2D: logpb_append_next_record(cubthread::entry*, log_prior_node*) (log_page_buffer.c:3023)
==2007594==    by 0x5700B49: logpb_append_prior_lsa_list(cubthread::entry*, log_prior_node*) (log_page_buffer.c:3059)
==2007594==    by 0x5700D4D: logpb_prior_lsa_append_all_list(cubthread::entry*) (log_page_buffer.c:3126)
==2007594==    by 0x57024BF: logpb_flush_pages_direct(cubthread::entry*) (log_page_buffer.c:3963)
==2007594==    by 0x5702510: logpb_flush_pages(cubthread::entry*, log_lsa*) (log_page_buffer.c:3987)
==2007594==    by 0x56DDE0F: log_change_tran_as_completed(cubthread::entry*, log_tdes*, log_rectype, log_lsa*) (log_manager.c:4807)
==2007594==    by 0x56DEBF2: log_commit_local(cubthread::entry*, log_tdes*, bool, bool) (log_manager.c:5307)
==2007594==    by 0x56DEFEF: log_commit(cubthread::entry*, int, bool) (log_manager.c:5498)
==2007594==    by 0x5741824: xtran_server_commit(cubthread::entry*, bool) (transaction_sr.c:95)
==2007594==    by 0x5056661: tran_server_commit(bool) (network_interface_cl.c:2994)
==2007594==    by 0x574068F: tran_commit(bool) (transaction_cl.c:319)
==2007594== 
==2007594== Conditional jump or move depends on uninitialised value(s)
==2007594==    at 0x5702C81: logpb_append_data(cubthread::entry*, int, char const*) (log_page_buffer.c:4330)
==2007594==    by 0x5700A2D: logpb_append_next_record(cubthread::entry*, log_prior_node*) (log_page_buffer.c:3023)
==2007594==    by 0x5700B49: logpb_append_prior_lsa_list(cubthread::entry*, log_prior_node*) (log_page_buffer.c:3059)
==2007594==    by 0x5700D4D: logpb_prior_lsa_append_all_list(cubthread::entry*) (log_page_buffer.c:3126)
==2007594==    by 0x57024BF: logpb_flush_pages_direct(cubthread::entry*) (log_page_buffer.c:3963)
==2007594==    by 0x5702510: logpb_flush_pages(cubthread::entry*, log_lsa*) (log_page_buffer.c:3987)
==2007594==    by 0x56DDE0F: log_change_tran_as_completed(cubthread::entry*, log_tdes*, log_rectype, log_lsa*) (log_manager.c:4807)
==2007594==    by 0x56DEBF2: log_commit_local(cubthread::entry*, log_tdes*, bool, bool) (log_manager.c:5307)
==2007594==    by 0x56DEFEF: log_commit(cubthread::entry*, int, bool) (log_manager.c:5498)
==2007594==    by 0x5741824: xtran_server_commit(cubthread::entry*, bool) (transaction_sr.c:95)
==2007594==    by 0x5056661: tran_server_commit(bool) (network_interface_cl.c:2994)
==2007594==    by 0x574068F: tran_commit(bool) (transaction_cl.c:319)
==2007594== 
==2007594== Conditional jump or move depends on uninitialised value(s)
==2007594==    at 0x4851B8A: memmove (vg_replace_strmem.c:1414)
==2007594==    by 0x5702CAE: logpb_append_data(cubthread::entry*, int, char const*) (log_page_buffer.c:4338)
==2007594==    by 0x5700A2D: logpb_append_next_record(cubthread::entry*, log_prior_node*) (log_page_buffer.c:3023)
==2007594==    by 0x5700B49: logpb_append_prior_lsa_list(cubthread::entry*, log_prior_node*) (log_page_buffer.c:3059)
==2007594==    by 0x5700D4D: logpb_prior_lsa_append_all_list(cubthread::entry*) (log_page_buffer.c:3126)
==2007594==    by 0x57024BF: logpb_flush_pages_direct(cubthread::entry*) (log_page_buffer.c:3963)
==2007594==    by 0x5702510: logpb_flush_pages(cubthread::entry*, log_lsa*) (log_page_buffer.c:3987)
==2007594==    by 0x56DDE0F: log_change_tran_as_completed(cubthread::entry*, log_tdes*, log_rectype, log_lsa*) (log_manager.c:4807)
==2007594==    by 0x56DEBF2: log_commit_local(cubthread::entry*, log_tdes*, bool, bool) (log_manager.c:5307)
==2007594==    by 0x56DEFEF: log_commit(cubthread::entry*, int, bool) (log_manager.c:5498)
==2007594==    by 0x5741824: xtran_server_commit(cubthread::entry*, bool) (transaction_sr.c:95)
==2007594==    by 0x5056661: tran_server_commit(bool) (network_interface_cl.c:2994)
==2007594== 
==2007594== Conditional jump or move depends on uninitialised value(s)
==2007594==    at 0x4851B9C: memmove (vg_replace_strmem.c:1414)
==2007594==    by 0x5702CAE: logpb_append_data(cubthread::entry*, int, char const*) (log_page_buffer.c:4338)
==2007594==    by 0x5700A2D: logpb_append_next_record(cubthread::entry*, log_prior_node*) (log_page_buffer.c:3023)
==2007594==    by 0x5700B49: logpb_append_prior_lsa_list(cubthread::entry*, log_prior_node*) (log_page_buffer.c:3059)
==2007594==    by 0x5700D4D: logpb_prior_lsa_append_all_list(cubthread::entry*) (log_page_buffer.c:3126)
==2007594==    by 0x57024BF: logpb_flush_pages_direct(cubthread::entry*) (log_page_buffer.c:3963)
==2007594==    by 0x5702510: logpb_flush_pages(cubthread::entry*, log_lsa*) (log_page_buffer.c:3987)
==2007594==    by 0x56DDE0F: log_change_tran_as_completed(cubthread::entry*, log_tdes*, log_rectype, log_lsa*) (log_manager.c:4807)
==2007594==    by 0x56DEBF2: log_commit_local(cubthread::entry*, log_tdes*, bool, bool) (log_manager.c:5307)
==2007594==    by 0x56DEFEF: log_commit(cubthread::entry*, int, bool) (log_manager.c:5498)
==2007594==    by 0x5741824: xtran_server_commit(cubthread::entry*, bool) (transaction_sr.c:95)
==2007594==    by 0x5056661: tran_server_commit(bool) (network_interface_cl.c:2994)
==2007594== 
==2007594== Conditional jump or move depends on uninitialised value(s)
==2007594==    at 0x4851BA9: is_overlap (vg_replace_strmem.c:144)
==2007594==    by 0x4851BA9: is_overlap (vg_replace_strmem.c:131)
==2007594==    by 0x4851BA9: memmove (vg_replace_strmem.c:1414)
==2007594==    by 0x5702CAE: logpb_append_data(cubthread::entry*, int, char const*) (log_page_buffer.c:4338)
==2007594==    by 0x5700A2D: logpb_append_next_record(cubthread::entry*, log_prior_node*) (log_page_buffer.c:3023)
==2007594==    by 0x5700B49: logpb_append_prior_lsa_list(cubthread::entry*, log_prior_node*) (log_page_buffer.c:3059)
==2007594==    by 0x5700D4D: logpb_prior_lsa_append_all_list(cubthread::entry*) (log_page_buffer.c:3126)
==2007594==    by 0x57024BF: logpb_flush_pages_direct(cubthread::entry*) (log_page_buffer.c:3963)
==2007594==    by 0x5702510: logpb_flush_pages(cubthread::entry*, log_lsa*) (log_page_buffer.c:3987)
==2007594==    by 0x56DDE0F: log_change_tran_as_completed(cubthread::entry*, log_tdes*, log_rectype, log_lsa*) (log_manager.c:4807)
==2007594==    by 0x56DEBF2: log_commit_local(cubthread::entry*, log_tdes*, bool, bool) (log_manager.c:5307)
==2007594==    by 0x56DEFEF: log_commit(cubthread::entry*, int, bool) (log_manager.c:5498)
==2007594==    by 0x5741824: xtran_server_commit(cubthread::entry*, bool) (transaction_sr.c:95)
==2007594==    by 0x5056661: tran_server_commit(bool) (network_interface_cl.c:2994)
==2007594== 
==2007594== Conditional jump or move depends on uninitialised value(s)
==2007594==    at 0x4851D37: memmove (vg_replace_strmem.c:1414)
==2007594==    by 0x5702CAE: logpb_append_data(cubthread::entry*, int, char const*) (log_page_buffer.c:4338)
==2007594==    by 0x5700A2D: logpb_append_next_record(cubthread::entry*, log_prior_node*) (log_page_buffer.c:3023)
==2007594==    by 0x5700B49: logpb_append_prior_lsa_list(cubthread::entry*, log_prior_node*) (log_page_buffer.c:3059)
==2007594==    by 0x5700D4D: logpb_prior_lsa_append_all_list(cubthread::entry*) (log_page_buffer.c:3126)
==2007594==    by 0x57024BF: logpb_flush_pages_direct(cubthread::entry*) (log_page_buffer.c:3963)
==2007594==    by 0x5702510: logpb_flush_pages(cubthread::entry*, log_lsa*) (log_page_buffer.c:3987)
==2007594==    by 0x56DDE0F: log_change_tran_as_completed(cubthread::entry*, log_tdes*, log_rectype, log_lsa*) (log_manager.c:4807)
==2007594==    by 0x56DEBF2: log_commit_local(cubthread::entry*, log_tdes*, bool, bool) (log_manager.c:5307)
==2007594==    by 0x56DEFEF: log_commit(cubthread::entry*, int, bool) (log_manager.c:5498)
==2007594==    by 0x5741824: xtran_server_commit(cubthread::entry*, bool) (transaction_sr.c:95)
==2007594==    by 0x5056661: tran_server_commit(bool) (network_interface_cl.c:2994)
==2007594== 
==2007594== Conditional jump or move depends on uninitialised value(s)
==2007594==    at 0x4851C0B: memmove (vg_replace_strmem.c:1414)
==2007594==    by 0x5702CAE: logpb_append_data(cubthread::entry*, int, char const*) (log_page_buffer.c:4338)
==2007594==    by 0x5700A2D: logpb_append_next_record(cubthread::entry*, log_prior_node*) (log_page_buffer.c:3023)
==2007594==    by 0x5700B49: logpb_append_prior_lsa_list(cubthread::entry*, log_prior_node*) (log_page_buffer.c:3059)
==2007594==    by 0x5700D4D: logpb_prior_lsa_append_all_list(cubthread::entry*) (log_page_buffer.c:3126)
==2007594==    by 0x57024BF: logpb_flush_pages_direct(cubthread::entry*) (log_page_buffer.c:3963)
==2007594==    by 0x5702510: logpb_flush_pages(cubthread::entry*, log_lsa*) (log_page_buffer.c:3987)
==2007594==    by 0x56DDE0F: log_change_tran_as_completed(cubthread::entry*, log_tdes*, log_rectype, log_lsa*) (log_manager.c:4807)
==2007594==    by 0x56DEBF2: log_commit_local(cubthread::entry*, log_tdes*, bool, bool) (log_manager.c:5307)
==2007594==    by 0x56DEFEF: log_commit(cubthread::entry*, int, bool) (log_manager.c:5498)
==2007594==    by 0x5741824: xtran_server_commit(cubthread::entry*, bool) (transaction_sr.c:95)
==2007594==    by 0x5056661: tran_server_commit(bool) (network_interface_cl.c:2994)
==2007594== 
==2007594== Use of uninitialised value of size 8
==2007594==    at 0x4851C3B: memmove (vg_replace_strmem.c:1414)
==2007594==    by 0x5702CAE: logpb_append_data(cubthread::entry*, int, char const*) (log_page_buffer.c:4338)
==2007594==    by 0x5700A2D: logpb_append_next_record(cubthread::entry*, log_prior_node*) (log_page_buffer.c:3023)
==2007594==    by 0x5700B49: logpb_append_prior_lsa_list(cubthread::entry*, log_prior_node*) (log_page_buffer.c:3059)
==2007594==    by 0x5700D4D: logpb_prior_lsa_append_all_list(cubthread::entry*) (log_page_buffer.c:3126)
==2007594==    by 0x57024BF: logpb_flush_pages_direct(cubthread::entry*) (log_page_buffer.c:3963)
==2007594==    by 0x5702510: logpb_flush_pages(cubthread::entry*, log_lsa*) (log_page_buffer.c:3987)
==2007594==    by 0x56DDE0F: log_change_tran_as_completed(cubthread::entry*, log_tdes*, log_rectype, log_lsa*) (log_manager.c:4807)
==2007594==    by 0x56DEBF2: log_commit_local(cubthread::entry*, log_tdes*, bool, bool) (log_manager.c:5307)
==2007594==    by 0x56DEFEF: log_commit(cubthread::entry*, int, bool) (log_manager.c:5498)
==2007594==    by 0x5741824: xtran_server_commit(cubthread::entry*, bool) (transaction_sr.c:95)
==2007594==    by 0x5056661: tran_server_commit(bool) (network_interface_cl.c:2994)
==2007594== 
==2007594== Conditional jump or move depends on uninitialised value(s)
==2007594==    at 0x4851C5D: memmove (vg_replace_strmem.c:1414)
==2007594==    by 0x5702CAE: logpb_append_data(cubthread::entry*, int, char const*) (log_page_buffer.c:4338)
==2007594==    by 0x5700A2D: logpb_append_next_record(cubthread::entry*, log_prior_node*) (log_page_buffer.c:3023)
==2007594==    by 0x5700B49: logpb_append_prior_lsa_list(cubthread::entry*, log_prior_node*) (log_page_buffer.c:3059)
==2007594==    by 0x5700D4D: logpb_prior_lsa_append_all_list(cubthread::entry*) (log_page_buffer.c:3126)
==2007594==    by 0x57024BF: logpb_flush_pages_direct(cubthread::entry*) (log_page_buffer.c:3963)
==2007594==    by 0x5702510: logpb_flush_pages(cubthread::entry*, log_lsa*) (log_page_buffer.c:3987)
==2007594==    by 0x56DDE0F: log_change_tran_as_completed(cubthread::entry*, log_tdes*, log_rectype, log_lsa*) (log_manager.c:4807)
==2007594==    by 0x56DEBF2: log_commit_local(cubthread::entry*, log_tdes*, bool, bool) (log_manager.c:5307)
==2007594==    by 0x56DEFEF: log_commit(cubthread::entry*, int, bool) (log_manager.c:5498)
==2007594==    by 0x5741824: xtran_server_commit(cubthread::entry*, bool) (transaction_sr.c:95)
==2007594==    by 0x5056661: tran_server_commit(bool) (network_interface_cl.c:2994)
==2007594== 
==2007594== Conditional jump or move depends on uninitialised value(s)
==2007594==    at 0x4851C73: memmove (vg_replace_strmem.c:1414)
==2007594==    by 0x5702CAE: logpb_append_data(cubthread::entry*, int, char const*) (log_page_buffer.c:4338)
==2007594==    by 0x5700A2D: logpb_append_next_record(cubthread::entry*, log_prior_node*) (log_page_buffer.c:3023)
==2007594==    by 0x5700B49: logpb_append_prior_lsa_list(cubthread::entry*, log_prior_node*) (log_page_buffer.c:3059)
==2007594==    by 0x5700D4D: logpb_prior_lsa_append_all_list(cubthread::entry*) (log_page_buffer.c:3126)
==2007594==    by 0x57024BF: logpb_flush_pages_direct(cubthread::entry*) (log_page_buffer.c:3963)
==2007594==    by 0x5702510: logpb_flush_pages(cubthread::entry*, log_lsa*) (log_page_buffer.c:3987)
==2007594==    by 0x56DDE0F: log_change_tran_as_completed(cubthread::entry*, log_tdes*, log_rectype, log_lsa*) (log_manager.c:4807)
==2007594==    by 0x56DEBF2: log_commit_local(cubthread::entry*, log_tdes*, bool, bool) (log_manager.c:5307)
==2007594==    by 0x56DEFEF: log_commit(cubthread::entry*, int, bool) (log_manager.c:5498)
==2007594==    by 0x5741824: xtran_server_commit(cubthread::entry*, bool) (transaction_sr.c:95)
==2007594==    by 0x5056661: tran_server_commit(bool) (network_interface_cl.c:2994)
==2007594== 
==2007594== Conditional jump or move depends on uninitialised value(s)
==2007594==    at 0x4851CB3: memmove (vg_replace_strmem.c:1414)
==2007594==    by 0x5702CAE: logpb_append_data(cubthread::entry*, int, char const*) (log_page_buffer.c:4338)
==2007594==    by 0x5700A2D: logpb_append_next_record(cubthread::entry*, log_prior_node*) (log_page_buffer.c:3023)
==2007594==    by 0x5700B49: logpb_append_prior_lsa_list(cubthread::entry*, log_prior_node*) (log_page_buffer.c:3059)
==2007594==    by 0x5700D4D: logpb_prior_lsa_append_all_list(cubthread::entry*) (log_page_buffer.c:3126)
==2007594==    by 0x57024BF: logpb_flush_pages_direct(cubthread::entry*) (log_page_buffer.c:3963)
==2007594==    by 0x5702510: logpb_flush_pages(cubthread::entry*, log_lsa*) (log_page_buffer.c:3987)
==2007594==    by 0x56DDE0F: log_change_tran_as_completed(cubthread::entry*, log_tdes*, log_rectype, log_lsa*) (log_manager.c:4807)
==2007594==    by 0x56DEBF2: log_commit_local(cubthread::entry*, log_tdes*, bool, bool) (log_manager.c:5307)
==2007594==    by 0x56DEFEF: log_commit(cubthread::entry*, int, bool) (log_manager.c:5498)
==2007594==    by 0x5741824: xtran_server_commit(cubthread::entry*, bool) (transaction_sr.c:95)
==2007594==    by 0x5056661: tran_server_commit(bool) (network_interface_cl.c:2994)
==2007594== 
==2007594== Use of uninitialised value of size 8
==2007594==    at 0x4851C8D: memmove (vg_replace_strmem.c:1414)
==2007594==    by 0x5702CAE: logpb_append_data(cubthread::entry*, int, char const*) (log_page_buffer.c:4338)
==2007594==    by 0x5700A2D: logpb_append_next_record(cubthread::entry*, log_prior_node*) (log_page_buffer.c:3023)
==2007594==    by 0x5700B49: logpb_append_prior_lsa_list(cubthread::entry*, log_prior_node*) (log_page_buffer.c:3059)
==2007594==    by 0x5700D4D: logpb_prior_lsa_append_all_list(cubthread::entry*) (log_page_buffer.c:3126)
==2007594==    by 0x57024BF: logpb_flush_pages_direct(cubthread::entry*) (log_page_buffer.c:3963)
==2007594==    by 0x5702510: logpb_flush_pages(cubthread::entry*, log_lsa*) (log_page_buffer.c:3987)
==2007594==    by 0x56DDE0F: log_change_tran_as_completed(cubthread::entry*, log_tdes*, log_rectype, log_lsa*) (log_manager.c:4807)
==2007594==    by 0x56DEBF2: log_commit_local(cubthread::entry*, log_tdes*, bool, bool) (log_manager.c:5307)
==2007594==    by 0x56DEFEF: log_commit(cubthread::entry*, int, bool) (log_manager.c:5498)
==2007594==    by 0x5741824: xtran_server_commit(cubthread::entry*, bool) (transaction_sr.c:95)
==2007594==    by 0x5056661: tran_server_commit(bool) (network_interface_cl.c:2994)
==2007594== 
==2007594== Use of uninitialised value of size 8
==2007594==    at 0x4851C90: memmove (vg_replace_strmem.c:1414)
==2007594==    by 0x5702CAE: logpb_append_data(cubthread::entry*, int, char const*) (log_page_buffer.c:4338)
==2007594==    by 0x5700A2D: logpb_append_next_record(cubthread::entry*, log_prior_node*) (log_page_buffer.c:3023)
==2007594==    by 0x5700B49: logpb_append_prior_lsa_list(cubthread::entry*, log_prior_node*) (log_page_buffer.c:3059)
==2007594==    by 0x5700D4D: logpb_prior_lsa_append_all_list(cubthread::entry*) (log_page_buffer.c:3126)
==2007594==    by 0x57024BF: logpb_flush_pages_direct(cubthread::entry*) (log_page_buffer.c:3963)
==2007594==    by 0x5702510: logpb_flush_pages(cubthread::entry*, log_lsa*) (log_page_buffer.c:3987)
==2007594==    by 0x56DDE0F: log_change_tran_as_completed(cubthread::entry*, log_tdes*, log_rectype, log_lsa*) (log_manager.c:4807)
==2007594==    by 0x56DEBF2: log_commit_local(cubthread::entry*, log_tdes*, bool, bool) (log_manager.c:5307)
==2007594==    by 0x56DEFEF: log_commit(cubthread::entry*, int, bool) (log_manager.c:5498)
==2007594==    by 0x5741824: xtran_server_commit(cubthread::entry*, bool) (transaction_sr.c:95)
==2007594==    by 0x5056661: tran_server_commit(bool) (network_interface_cl.c:2994)
==2007594== 
==2007594== Conditional jump or move depends on uninitialised value(s)
==2007594==    at 0x4851C9B: memmove (vg_replace_strmem.c:1414)
==2007594==    by 0x5702CAE: logpb_append_data(cubthread::entry*, int, char const*) (log_page_buffer.c:4338)
==2007594==    by 0x5700A2D: logpb_append_next_record(cubthread::entry*, log_prior_node*) (log_page_buffer.c:3023)
==2007594==    by 0x5700B49: logpb_append_prior_lsa_list(cubthread::entry*, log_prior_node*) (log_page_buffer.c:3059)
==2007594==    by 0x5700D4D: logpb_prior_lsa_append_all_list(cubthread::entry*) (log_page_buffer.c:3126)
==2007594==    by 0x57024BF: logpb_flush_pages_direct(cubthread::entry*) (log_page_buffer.c:3963)
==2007594==    by 0x5702510: logpb_flush_pages(cubthread::entry*, log_lsa*) (log_page_buffer.c:3987)
==2007594==    by 0x56DDE0F: log_change_tran_as_completed(cubthread::entry*, log_tdes*, log_rectype, log_lsa*) (log_manager.c:4807)
==2007594==    by 0x56DEBF2: log_commit_local(cubthread::entry*, log_tdes*, bool, bool) (log_manager.c:5307)
==2007594==    by 0x56DEFEF: log_commit(cubthread::entry*, int, bool) (log_manager.c:5498)
==2007594==    by 0x5741824: xtran_server_commit(cubthread::entry*, bool) (transaction_sr.c:95)
==2007594==    by 0x5056661: tran_server_commit(bool) (network_interface_cl.c:2994)
==2007594== 
==2007594== Conditional jump or move depends on uninitialised value(s)
==2007594==    at 0x4851CC4: memmove (vg_replace_strmem.c:1414)
==2007594==    by 0x5702CAE: logpb_append_data(cubthread::entry*, int, char const*) (log_page_buffer.c:4338)
==2007594==    by 0x5700A2D: logpb_append_next_record(cubthread::entry*, log_prior_node*) (log_page_buffer.c:3023)
==2007594==    by 0x5700B49: logpb_append_prior_lsa_list(cubthread::entry*, log_prior_node*) (log_page_buffer.c:3059)
==2007594==    by 0x5700D4D: logpb_prior_lsa_append_all_list(cubthread::entry*) (log_page_buffer.c:3126)
==2007594==    by 0x57024BF: logpb_flush_pages_direct(cubthread::entry*) (log_page_buffer.c:3963)
==2007594==    by 0x5702510: logpb_flush_pages(cubthread::entry*, log_lsa*) (log_page_buffer.c:3987)
==2007594==    by 0x56DDE0F: log_change_tran_as_completed(cubthread::entry*, log_tdes*, log_rectype, log_lsa*) (log_manager.c:4807)
==2007594==    by 0x56DEBF2: log_commit_local(cubthread::entry*, log_tdes*, bool, bool) (log_manager.c:5307)
==2007594==    by 0x56DEFEF: log_commit(cubthread::entry*, int, bool) (log_manager.c:5498)
==2007594==    by 0x5741824: xtran_server_commit(cubthread::entry*, bool) (transaction_sr.c:95)
==2007594==    by 0x5056661: tran_server_commit(bool) (network_interface_cl.c:2994)
==2007594== 
==2007594== Use of uninitialised value of size 8
==2007594==    at 0x4851CE0: memmove (vg_replace_strmem.c:1414)
==2007594==    by 0x5702CAE: logpb_append_data(cubthread::entry*, int, char const*) (log_page_buffer.c:4338)
==2007594==    by 0x5700A2D: logpb_append_next_record(cubthread::entry*, log_prior_node*) (log_page_buffer.c:3023)
==2007594==    by 0x5700B49: logpb_append_prior_lsa_list(cubthread::entry*, log_prior_node*) (log_page_buffer.c:3059)
==2007594==    by 0x5700D4D: logpb_prior_lsa_append_all_list(cubthread::entry*) (log_page_buffer.c:3126)
==2007594==    by 0x57024BF: logpb_flush_pages_direct(cubthread::entry*) (log_page_buffer.c:3963)
==2007594==    by 0x5702510: logpb_flush_pages(cubthread::entry*, log_lsa*) (log_page_buffer.c:3987)
==2007594==    by 0x56DDE0F: log_change_tran_as_completed(cubthread::entry*, log_tdes*, log_rectype, log_lsa*) (log_manager.c:4807)
==2007594==    by 0x56DEBF2: log_commit_local(cubthread::entry*, log_tdes*, bool, bool) (log_manager.c:5307)
==2007594==    by 0x56DEFEF: log_commit(cubthread::entry*, int, bool) (log_manager.c:5498)
==2007594==    by 0x5741824: xtran_server_commit(cubthread::entry*, bool) (transaction_sr.c:95)
==2007594==    by 0x5056661: tran_server_commit(bool) (network_interface_cl.c:2994)
==2007594== 
==2007594== Use of uninitialised value of size 8
==2007594==    at 0x4851CE3: memmove (vg_replace_strmem.c:1414)
==2007594==    by 0x5702CAE: logpb_append_data(cubthread::entry*, int, char const*) (log_page_buffer.c:4338)
==2007594==    by 0x5700A2D: logpb_append_next_record(cubthread::entry*, log_prior_node*) (log_page_buffer.c:3023)
==2007594==    by 0x5700B49: logpb_append_prior_lsa_list(cubthread::entry*, log_prior_node*) (log_page_buffer.c:3059)
==2007594==    by 0x5700D4D: logpb_prior_lsa_append_all_list(cubthread::entry*) (log_page_buffer.c:3126)
==2007594==    by 0x57024BF: logpb_flush_pages_direct(cubthread::entry*) (log_page_buffer.c:3963)
==2007594==    by 0x5702510: logpb_flush_pages(cubthread::entry*, log_lsa*) (log_page_buffer.c:3987)
==2007594==    by 0x56DDE0F: log_change_tran_as_completed(cubthread::entry*, log_tdes*, log_rectype, log_lsa*) (log_manager.c:4807)
==2007594==    by 0x56DEBF2: log_commit_local(cubthread::entry*, log_tdes*, bool, bool) (log_manager.c:5307)
==2007594==    by 0x56DEFEF: log_commit(cubthread::entry*, int, bool) (log_manager.c:5498)
==2007594==    by 0x5741824: xtran_server_commit(cubthread::entry*, bool) (transaction_sr.c:95)
==2007594==    by 0x5056661: tran_server_commit(bool) (network_interface_cl.c:2994)
==2007594== 
==2007594== Conditional jump or move depends on uninitialised value(s)
==2007594==    at 0x4851CEF: memmove (vg_replace_strmem.c:1414)
==2007594==    by 0x5702CAE: logpb_append_data(cubthread::entry*, int, char const*) (log_page_buffer.c:4338)
==2007594==    by 0x5700A2D: logpb_append_next_record(cubthread::entry*, log_prior_node*) (log_page_buffer.c:3023)
==2007594==    by 0x5700B49: logpb_append_prior_lsa_list(cubthread::entry*, log_prior_node*) (log_page_buffer.c:3059)
==2007594==    by 0x5700D4D: logpb_prior_lsa_append_all_list(cubthread::entry*) (log_page_buffer.c:3126)
==2007594==    by 0x57024BF: logpb_flush_pages_direct(cubthread::entry*) (log_page_buffer.c:3963)
==2007594==    by 0x5702510: logpb_flush_pages(cubthread::entry*, log_lsa*) (log_page_buffer.c:3987)
==2007594==    by 0x56DDE0F: log_change_tran_as_completed(cubthread::entry*, log_tdes*, log_rectype, log_lsa*) (log_manager.c:4807)
==2007594==    by 0x56DEBF2: log_commit_local(cubthread::entry*, log_tdes*, bool, bool) (log_manager.c:5307)
==2007594==    by 0x56DEFEF: log_commit(cubthread::entry*, int, bool) (log_manager.c:5498)
==2007594==    by 0x5741824: xtran_server_commit(cubthread::entry*, bool) (transaction_sr.c:95)
==2007594==    by 0x5056661: tran_server_commit(bool) (network_interface_cl.c:2994)
==2007594== 
==2007594== Conditional jump or move depends on uninitialised value(s)
==2007594==    at 0x4851D01: memmove (vg_replace_strmem.c:1414)
==2007594==    by 0x5702CAE: logpb_append_data(cubthread::entry*, int, char const*) (log_page_buffer.c:4338)
==2007594==    by 0x5700A2D: logpb_append_next_record(cubthread::entry*, log_prior_node*) (log_page_buffer.c:3023)
==2007594==    by 0x5700B49: logpb_append_prior_lsa_list(cubthread::entry*, log_prior_node*) (log_page_buffer.c:3059)
==2007594==    by 0x5700D4D: logpb_prior_lsa_append_all_list(cubthread::entry*) (log_page_buffer.c:3126)
==2007594==    by 0x57024BF: logpb_flush_pages_direct(cubthread::entry*) (log_page_buffer.c:3963)
==2007594==    by 0x5702510: logpb_flush_pages(cubthread::entry*, log_lsa*) (log_page_buffer.c:3987)
==2007594==    by 0x56DDE0F: log_change_tran_as_completed(cubthread::entry*, log_tdes*, log_rectype, log_lsa*) (log_manager.c:4807)
==2007594==    by 0x56DEBF2: log_commit_local(cubthread::entry*, log_tdes*, bool, bool) (log_manager.c:5307)
==2007594==    by 0x56DEFEF: log_commit(cubthread::entry*, int, bool) (log_manager.c:5498)
==2007594==    by 0x5741824: xtran_server_commit(cubthread::entry*, bool) (transaction_sr.c:95)
==2007594==    by 0x5056661: tran_server_commit(bool) (network_interface_cl.c:2994)
==2007594== 
==2007594== Conditional jump or move depends on uninitialised value(s)
==2007594==    at 0x53E6B83: log_lsa::operator==(log_lsa const&) const (log_lsa.hpp:163)
==2007594==    by 0x5712294: log_postpone_cache::do_postpone(cubthread::entry&, log_lsa const&) (log_postpone_cache.cpp:181)
==2007594==    by 0x56E5333: log_tran_do_postpone(cubthread::entry*, log_tdes*) (log_manager.c:8259)
==2007594==    by 0x56DEB01: log_commit_local(cubthread::entry*, log_tdes*, bool, bool) (log_manager.c:5270)
==2007594==    by 0x56DEFEF: log_commit(cubthread::entry*, int, bool) (log_manager.c:5498)
==2007594==    by 0x5741824: xtran_server_commit(cubthread::entry*, bool) (transaction_sr.c:95)
==2007594==    by 0x5056661: tran_server_commit(bool) (network_interface_cl.c:2994)
==2007594==    by 0x574068F: tran_commit(bool) (transaction_cl.c:319)
==2007594==    by 0x4EFE45B: db_commit_transaction (db_admin.c:1179)
==2007594==    by 0x128AEF: OosSqlShow::TearDown() (test_oos_sql_show.cpp:175)
==2007594==    by 0x168812: void testing::internal::HandleSehExceptionsInMethodIfSupported<testing::Test, void>(testing::Test*, void (testing::Test::*)(), char const*) (gtest.cc:2664)
==2007594==    by 0x161674: void testing::internal::HandleExceptionsInMethodIfSupported<testing::Test, void>(testing::Test*, void (testing::Test::*)(), char const*) (gtest.cc:2700)
==2007594== 
==2007594== Use of uninitialised value of size 8
==2007594==    at 0x59BBE97: LZ4_compress_fast_extState (in local-path/libcubridsa.so.11.5)
==2007594==    by 0x5193698: cubcompress::lz4_compress(char const*, char*, int, int, int) (compressor.hpp:97)
==2007594==    by 0x5193A5A: int cubcompress::compress<cubcompress::LZ4>(void const*, int, void*, int, std::variant<cubcompress::lz4_options> const&) (compressor.hpp:143)
==2007594==    by 0x51938A9: int cubcompress::compress<cubcompress::LZ4>(void const*, int, void*, int) (compressor.hpp:158)
==2007594==    by 0x56D498D: log_zip(log_zip*, int, void const*) (log_compress.c:83)
==2007594==    by 0x56D1E46: prior_lsa_gen_undoredo_record_from_crumbs(cubthread::entry*, log_prior_node*, LOG_RCVINDEX, log_data_addr*, int, log_crumb const*, int, log_crumb const*) (log_append.cpp:796)
==2007594==    by 0x56D10ED: prior_lsa_alloc_and_copy_crumbs(cubthread::entry*, log_rectype, LOG_RCVINDEX, log_data_addr*, int, log_crumb const*, int, log_crumb const*) (log_append.cpp:447)
==2007594==    by 0x56D9906: log_append_redo_crumbs(cubthread::entry*, LOG_RCVINDEX, log_data_addr*, int, log_crumb const*) (log_manager.c:2499)
==2007594==    by 0x56D8A3C: log_append_redo_data(cubthread::entry*, LOG_RCVINDEX, log_data_addr*, int, void const*) (log_manager.c:2114)
==2007594==    by 0x586CC22: heap_oos_find_vfid(cubthread::entry*, hfid const*, vfid*, bool) (heap_file.c:12483)
==2007594==    by 0x58A3B63: heap_oos_insert_serialized_values(cubthread::entry*, db_identifier const*, cubbase::span<oos_insert_request>) (heap_oos.cpp:648)
==2007594==    by 0x586D522: heap_attrinfo_insert_to_oos(cubthread::entry*, heap_cache_attrinfo*, int, std::vector<heap_oos_column_plan, std::allocator<heap_oos_column_plan> >*) (heap_file.c:12727)
==2007594== 
==2007594== Use of uninitialised value of size 8
==2007594==    at 0x59BBE9A: LZ4_compress_fast_extState (in local-path/libcubridsa.so.11.5)
==2007594==    by 0x5193698: cubcompress::lz4_compress(char const*, char*, int, int, int) (compressor.hpp:97)
==2007594==    by 0x5193A5A: int cubcompress::compress<cubcompress::LZ4>(void const*, int, void*, int, std::variant<cubcompress::lz4_options> const&) (compressor.hpp:143)
==2007594==    by 0x51938A9: int cubcompress::compress<cubcompress::LZ4>(void const*, int, void*, int) (compressor.hpp:158)
==2007594==    by 0x56D498D: log_zip(log_zip*, int, void const*) (log_compress.c:83)
==2007594==    by 0x56D1E46: prior_lsa_gen_undoredo_record_from_crumbs(cubthread::entry*, log_prior_node*, LOG_RCVINDEX, log_data_addr*, int, log_crumb const*, int, log_crumb const*) (log_append.cpp:796)
==2007594==    by 0x56D10ED: prior_lsa_alloc_and_copy_crumbs(cubthread::entry*, log_rectype, LOG_RCVINDEX, log_data_addr*, int, log_crumb const*, int, log_crumb const*) (log_append.cpp:447)
==2007594==    by 0x56D9906: log_append_redo_crumbs(cubthread::entry*, LOG_RCVINDEX, log_data_addr*, int, log_crumb const*) (log_manager.c:2499)
==2007594==    by 0x56D8A3C: log_append_redo_data(cubthread::entry*, LOG_RCVINDEX, log_data_addr*, int, void const*) (log_manager.c:2114)
==2007594==    by 0x586CC22: heap_oos_find_vfid(cubthread::entry*, hfid const*, vfid*, bool) (heap_file.c:12483)
==2007594==    by 0x58A3B63: heap_oos_insert_serialized_values(cubthread::entry*, db_identifier const*, cubbase::span<oos_insert_request>) (heap_oos.cpp:648)
==2007594==    by 0x586D522: heap_attrinfo_insert_to_oos(cubthread::entry*, heap_cache_attrinfo*, int, std::vector<heap_oos_column_plan, std::allocator<heap_oos_column_plan> >*) (heap_file.c:12727)
==2007594== 
==2007594== Conditional jump or move depends on uninitialised value(s)
==2007594==    at 0x56D3B0A: prior_lsa_append_data(int) (log_append.cpp:1688)
==2007594==    by 0x56D3682: prior_lsa_next_record_internal(cubthread::entry*, log_prior_node*, log_tdes*, int) (log_append.cpp:1495)
==2007594==    by 0x56D37FE: prior_lsa_next_record(cubthread::entry*, log_prior_node*, log_tdes*) (log_append.cpp:1557)
==2007594==    by 0x56D8F48: log_append_undoredo_crumbs(cubthread::entry*, LOG_RCVINDEX, log_data_addr*, int, int, log_crumb const*, log_crumb const*) (log_manager.c:2250)
==2007594==    by 0x56D9E9A: log_append_undoredo_recdes2(cubthread::entry*, LOG_RCVINDEX, vfid const*, char*, short, recdes const*, recdes const*) (log_manager.c:2616)
==2007594==    by 0x56D9D2F: log_append_undoredo_recdes(cubthread::entry*, LOG_RCVINDEX, log_data_addr*, recdes const*, recdes const*) (log_manager.c:2570)
==2007594==    by 0x588EB0E: heap_log_update_physical(cubthread::entry*, char*, vfid*, db_identifier*, recdes*, recdes*, LOG_RCVINDEX) (heap_file.c:24341)
==2007594==    by 0x588E0B7: heap_update_home(cubthread::entry*, heap_operation_context*, bool) (heap_file.c:24170)
==2007594==    by 0x58911F3: heap_update_logical(cubthread::entry*, heap_operation_context*) (heap_file.c:25052)
==2007594==    by 0x56B7FE5: locator_update_force(cubthread::entry*, hfid*, db_identifier*, db_identifier*, recdes*, recdes*, int, int*, int, int, heap_scancache*, int*, bool, REPL_INFO_TYPE, int, pruning_context*, cubquery::mvcc_reev_data*, update_inplace_style, bool) (locator_sr.c:5606)
==2007594==    by 0x56BB85C: xlocator_force(cubthread::entry*, lc_copy_area*, int, int*) (locator_sr.c:7350)
==2007594==    by 0x5055CAB: locator_force(lc_copy_area*, int, int*, int) (network_interface_cl.c:792)
==2007594== 
==2007594== Conditional jump or move depends on uninitialised value(s)
==2007594==    at 0x56D3B7E: prior_lsa_append_data(int) (log_append.cpp:1700)
==2007594==    by 0x56D3682: prior_lsa_next_record_internal(cubthread::entry*, log_prior_node*, log_tdes*, int) (log_append.cpp:1495)
==2007594==    by 0x56D37FE: prior_lsa_next_record(cubthread::entry*, log_prior_node*, log_tdes*) (log_append.cpp:1557)
==2007594==    by 0x56D8F48: log_append_undoredo_crumbs(cubthread::entry*, LOG_RCVINDEX, log_data_addr*, int, int, log_crumb const*, log_crumb const*) (log_manager.c:2250)
==2007594==    by 0x56D9E9A: log_append_undoredo_recdes2(cubthread::entry*, LOG_RCVINDEX, vfid const*, char*, short, recdes const*, recdes const*) (log_manager.c:2616)
==2007594==    by 0x56D9D2F: log_append_undoredo_recdes(cubthread::entry*, LOG_RCVINDEX, log_data_addr*, recdes const*, recdes const*) (log_manager.c:2570)
==2007594==    by 0x588EB0E: heap_log_update_physical(cubthread::entry*, char*, vfid*, db_identifier*, recdes*, recdes*, LOG_RCVINDEX) (heap_file.c:24341)
==2007594==    by 0x588E0B7: heap_update_home(cubthread::entry*, heap_operation_context*, bool) (heap_file.c:24170)
==2007594==    by 0x58911F3: heap_update_logical(cubthread::entry*, heap_operation_context*) (heap_file.c:25052)
==2007594==    by 0x56B7FE5: locator_update_force(cubthread::entry*, hfid*, db_identifier*, db_identifier*, recdes*, recdes*, int, int*, int, int, heap_scancache*, int*, bool, REPL_INFO_TYPE, int, pruning_context*, cubquery::mvcc_reev_data*, update_inplace_style, bool) (locator_sr.c:5606)
==2007594==    by 0x56BB85C: xlocator_force(cubthread::entry*, lc_copy_area*, int, int*) (locator_sr.c:7350)
==2007594==    by 0x5055CAB: locator_force(lc_copy_area*, int, int*, int) (network_interface_cl.c:792)
==2007594== 
==2007594== Conditional jump or move depends on uninitialised value(s)
==2007594==    at 0x56D3BC0: prior_lsa_append_data(int) (log_append.cpp:1686)
==2007594==    by 0x56D3682: prior_lsa_next_record_internal(cubthread::entry*, log_prior_node*, log_tdes*, int) (log_append.cpp:1495)
==2007594==    by 0x56D37FE: prior_lsa_next_record(cubthread::entry*, log_prior_node*, log_tdes*) (log_append.cpp:1557)
==2007594==    by 0x56D8F48: log_append_undoredo_crumbs(cubthread::entry*, LOG_RCVINDEX, log_data_addr*, int, int, log_crumb const*, log_crumb const*) (log_manager.c:2250)
==2007594==    by 0x56D9E9A: log_append_undoredo_recdes2(cubthread::entry*, LOG_RCVINDEX, vfid const*, char*, short, recdes const*, recdes const*) (log_manager.c:2616)
==2007594==    by 0x56D9D2F: log_append_undoredo_recdes(cubthread::entry*, LOG_RCVINDEX, log_data_addr*, recdes const*, recdes const*) (log_manager.c:2570)
==2007594==    by 0x588EB0E: heap_log_update_physical(cubthread::entry*, char*, vfid*, db_identifier*, recdes*, recdes*, LOG_RCVINDEX) (heap_file.c:24341)
==2007594==    by 0x588E0B7: heap_update_home(cubthread::entry*, heap_operation_context*, bool) (heap_file.c:24170)
==2007594==    by 0x58911F3: heap_update_logical(cubthread::entry*, heap_operation_context*) (heap_file.c:25052)
==2007594==    by 0x56B7FE5: locator_update_force(cubthread::entry*, hfid*, db_identifier*, db_identifier*, recdes*, recdes*, int, int*, int, int, heap_scancache*, int*, bool, REPL_INFO_TYPE, int, pruning_context*, cubquery::mvcc_reev_data*, update_inplace_style, bool) (locator_sr.c:5606)
==2007594==    by 0x56BB85C: xlocator_force(cubthread::entry*, lc_copy_area*, int, int*) (locator_sr.c:7350)
==2007594==    by 0x5055CAB: locator_force(lc_copy_area*, int, int*, int) (network_interface_cl.c:792)
==2007594== 
==2007594== Conditional jump or move depends on uninitialised value(s)
==2007594==    at 0x5702C2C: logpb_append_data(cubthread::entry*, int, char const*) (log_page_buffer.c:4320)
==2007594==    by 0x5700A03: logpb_append_next_record(cubthread::entry*, log_prior_node*) (log_page_buffer.c:3018)
==2007594==    by 0x5700B49: logpb_append_prior_lsa_list(cubthread::entry*, log_prior_node*) (log_page_buffer.c:3059)
==2007594==    by 0x5700D4D: logpb_prior_lsa_append_all_list(cubthread::entry*) (log_page_buffer.c:3126)
==2007594==    by 0x57024BF: logpb_flush_pages_direct(cubthread::entry*) (log_page_buffer.c:3963)
==2007594==    by 0x5702543: logpb_force_flush_pages(cubthread::entry*) (log_page_buffer.c:4102)
==2007594==    by 0x585C5F3: heap_create_internal(cubthread::entry*, hfid*, db_identifier const*, bool) (heap_file.c:4977)
==2007594==    by 0x585D374: xheap_create(cubthread::entry*, hfid*, db_identifier const*, bool) (heap_file.c:5429)
==2007594==    by 0x505610F: heap_create(hfid*, db_identifier const*, bool) (network_interface_cl.c:1697)
==2007594==    by 0x56AAAB6: locator_create_heap_if_needed(db_object*, bool) (locator_cl.c:5561)
==2007594==    by 0x52D9200: do_create_entity(parser_context*, parser_node*) (execute_schema.c:10117)
==2007594==    by 0x52F1455: do_check_internal_statements(parser_context*, parser_node*, int (*)(parser_context*, parser_node*)) (execute_statement.c:4642)
==2007594== 
==2007594== Conditional jump or move depends on uninitialised value(s)
==2007594==    at 0x5702C81: logpb_append_data(cubthread::entry*, int, char const*) (log_page_buffer.c:4330)
==2007594==    by 0x5700A03: logpb_append_next_record(cubthread::entry*, log_prior_node*) (log_page_buffer.c:3018)
==2007594==    by 0x5700B49: logpb_append_prior_lsa_list(cubthread::entry*, log_prior_node*) (log_page_buffer.c:3059)
==2007594==    by 0x5700D4D: logpb_prior_lsa_append_all_list(cubthread::entry*) (log_page_buffer.c:3126)
==2007594==    by 0x57024BF: logpb_flush_pages_direct(cubthread::entry*) (log_page_buffer.c:3963)
==2007594==    by 0x5702543: logpb_force_flush_pages(cubthread::entry*) (log_page_buffer.c:4102)
==2007594==    by 0x585C5F3: heap_create_internal(cubthread::entry*, hfid*, db_identifier const*, bool) (heap_file.c:4977)
==2007594==    by 0x585D374: xheap_create(cubthread::entry*, hfid*, db_identifier const*, bool) (heap_file.c:5429)
==2007594==    by 0x505610F: heap_create(hfid*, db_identifier const*, bool) (network_interface_cl.c:1697)
==2007594==    by 0x56AAAB6: locator_create_heap_if_needed(db_object*, bool) (locator_cl.c:5561)
==2007594==    by 0x52D9200: do_create_entity(parser_context*, parser_node*) (execute_schema.c:10117)
==2007594==    by 0x52F1455: do_check_internal_statements(parser_context*, parser_node*, int (*)(parser_context*, parser_node*)) (execute_statement.c:4642)
==2007594== 
==2007594== Conditional jump or move depends on uninitialised value(s)
==2007594==    at 0x5702CF0: logpb_append_data(cubthread::entry*, int, char const*) (log_page_buffer.c:4318)
==2007594==    by 0x5700A03: logpb_append_next_record(cubthread::entry*, log_prior_node*) (log_page_buffer.c:3018)
==2007594==    by 0x5700B49: logpb_append_prior_lsa_list(cubthread::entry*, log_prior_node*) (log_page_buffer.c:3059)
==2007594==    by 0x5700D4D: logpb_prior_lsa_append_all_list(cubthread::entry*) (log_page_buffer.c:3126)
==2007594==    by 0x57024BF: logpb_flush_pages_direct(cubthread::entry*) (log_page_buffer.c:3963)
==2007594==    by 0x5702543: logpb_force_flush_pages(cubthread::entry*) (log_page_buffer.c:4102)
==2007594==    by 0x585C5F3: heap_create_internal(cubthread::entry*, hfid*, db_identifier const*, bool) (heap_file.c:4977)
==2007594==    by 0x585D374: xheap_create(cubthread::entry*, hfid*, db_identifier const*, bool) (heap_file.c:5429)
==2007594==    by 0x505610F: heap_create(hfid*, db_identifier const*, bool) (network_interface_cl.c:1697)
==2007594==    by 0x56AAAB6: locator_create_heap_if_needed(db_object*, bool) (locator_cl.c:5561)
==2007594==    by 0x52D9200: do_create_entity(parser_context*, parser_node*) (execute_schema.c:10117)
==2007594==    by 0x52F1455: do_check_internal_statements(parser_context*, parser_node*, int (*)(parser_context*, parser_node*)) (execute_statement.c:4642)
==2007594== 
==2007594== Use of uninitialised value of size 8
==2007594==    at 0x4851C25: memmove (vg_replace_strmem.c:1414)
==2007594==    by 0x5702CAE: logpb_append_data(cubthread::entry*, int, char const*) (log_page_buffer.c:4338)
==2007594==    by 0x5700A03: logpb_append_next_record(cubthread::entry*, log_prior_node*) (log_page_buffer.c:3018)
==2007594==    by 0x5700B49: logpb_append_prior_lsa_list(cubthread::entry*, log_prior_node*) (log_page_buffer.c:3059)
==2007594==    by 0x5700D4D: logpb_prior_lsa_append_all_list(cubthread::entry*) (log_page_buffer.c:3126)
==2007594==    by 0x57024BF: logpb_flush_pages_direct(cubthread::entry*) (log_page_buffer.c:3963)
==2007594==    by 0x5702543: logpb_force_flush_pages(cubthread::entry*) (log_page_buffer.c:4102)
==2007594==    by 0x585C5F3: heap_create_internal(cubthread::entry*, hfid*, db_identifier const*, bool) (heap_file.c:4977)
==2007594==    by 0x585D374: xheap_create(cubthread::entry*, hfid*, db_identifier const*, bool) (heap_file.c:5429)
==2007594==    by 0x505610F: heap_create(hfid*, db_identifier const*, bool) (network_interface_cl.c:1697)
==2007594==    by 0x56AAAB6: locator_create_heap_if_needed(db_object*, bool) (locator_cl.c:5561)
==2007594==    by 0x52D9200: do_create_entity(parser_context*, parser_node*) (execute_schema.c:10117)
==2007594== 
==2007594== Use of uninitialised value of size 8
==2007594==    at 0x4851C34: memmove (vg_replace_strmem.c:1414)
==2007594==    by 0x5702CAE: logpb_append_data(cubthread::entry*, int, char const*) (log_page_buffer.c:4338)
==2007594==    by 0x5700A03: logpb_append_next_record(cubthread::entry*, log_prior_node*) (log_page_buffer.c:3018)
==2007594==    by 0x5700B49: logpb_append_prior_lsa_list(cubthread::entry*, log_prior_node*) (log_page_buffer.c:3059)
==2007594==    by 0x5700D4D: logpb_prior_lsa_append_all_list(cubthread::entry*) (log_page_buffer.c:3126)
==2007594==    by 0x57024BF: logpb_flush_pages_direct(cubthread::entry*) (log_page_buffer.c:3963)
==2007594==    by 0x5702543: logpb_force_flush_pages(cubthread::entry*) (log_page_buffer.c:4102)
==2007594==    by 0x585C5F3: heap_create_internal(cubthread::entry*, hfid*, db_identifier const*, bool) (heap_file.c:4977)
==2007594==    by 0x585D374: xheap_create(cubthread::entry*, hfid*, db_identifier const*, bool) (heap_file.c:5429)
==2007594==    by 0x505610F: heap_create(hfid*, db_identifier const*, bool) (network_interface_cl.c:1697)
==2007594==    by 0x56AAAB6: locator_create_heap_if_needed(db_object*, bool) (locator_cl.c:5561)
==2007594==    by 0x52D9200: do_create_entity(parser_context*, parser_node*) (execute_schema.c:10117)
==2007594== 
==2007594== Use of uninitialised value of size 8
==2007594==    at 0x4851D10: memmove (vg_replace_strmem.c:1414)
==2007594==    by 0x5702CAE: logpb_append_data(cubthread::entry*, int, char const*) (log_page_buffer.c:4338)
==2007594==    by 0x5700A03: logpb_append_next_record(cubthread::entry*, log_prior_node*) (log_page_buffer.c:3018)
==2007594==    by 0x5700B49: logpb_append_prior_lsa_list(cubthread::entry*, log_prior_node*) (log_page_buffer.c:3059)
==2007594==    by 0x5700D4D: logpb_prior_lsa_append_all_list(cubthread::entry*) (log_page_buffer.c:3126)
==2007594==    by 0x57024BF: logpb_flush_pages_direct(cubthread::entry*) (log_page_buffer.c:3963)
==2007594==    by 0x5702543: logpb_force_flush_pages(cubthread::entry*) (log_page_buffer.c:4102)
==2007594==    by 0x585C5F3: heap_create_internal(cubthread::entry*, hfid*, db_identifier const*, bool) (heap_file.c:4977)
==2007594==    by 0x585D374: xheap_create(cubthread::entry*, hfid*, db_identifier const*, bool) (heap_file.c:5429)
==2007594==    by 0x505610F: heap_create(hfid*, db_identifier const*, bool) (network_interface_cl.c:1697)
==2007594==    by 0x56AAAB6: locator_create_heap_if_needed(db_object*, bool) (locator_cl.c:5561)
==2007594==    by 0x52D9200: do_create_entity(parser_context*, parser_node*) (execute_schema.c:10117)
==2007594== 
==2007594== Use of uninitialised value of size 8
==2007594==    at 0x4851D13: memmove (vg_replace_strmem.c:1414)
==2007594==    by 0x5702CAE: logpb_append_data(cubthread::entry*, int, char const*) (log_page_buffer.c:4338)
==2007594==    by 0x5700A03: logpb_append_next_record(cubthread::entry*, log_prior_node*) (log_page_buffer.c:3018)
==2007594==    by 0x5700B49: logpb_append_prior_lsa_list(cubthread::entry*, log_prior_node*) (log_page_buffer.c:3059)
==2007594==    by 0x5700D4D: logpb_prior_lsa_append_all_list(cubthread::entry*) (log_page_buffer.c:3126)
==2007594==    by 0x57024BF: logpb_flush_pages_direct(cubthread::entry*) (log_page_buffer.c:3963)
==2007594==    by 0x5702543: logpb_force_flush_pages(cubthread::entry*) (log_page_buffer.c:4102)
==2007594==    by 0x585C5F3: heap_create_internal(cubthread::entry*, hfid*, db_identifier const*, bool) (heap_file.c:4977)
==2007594==    by 0x585D374: xheap_create(cubthread::entry*, hfid*, db_identifier const*, bool) (heap_file.c:5429)
==2007594==    by 0x505610F: heap_create(hfid*, db_identifier const*, bool) (network_interface_cl.c:1697)
==2007594==    by 0x56AAAB6: locator_create_heap_if_needed(db_object*, bool) (locator_cl.c:5561)
==2007594==    by 0x52D9200: do_create_entity(parser_context*, parser_node*) (execute_schema.c:10117)
==2007594== 
==2007594== Conditional jump or move depends on uninitialised value(s)
==2007594==    at 0x4851D1D: memmove (vg_replace_strmem.c:1414)
==2007594==    by 0x5702CAE: logpb_append_data(cubthread::entry*, int, char const*) (log_page_buffer.c:4338)
==2007594==    by 0x5700A03: logpb_append_next_record(cubthread::entry*, log_prior_node*) (log_page_buffer.c:3018)
==2007594==    by 0x5700B49: logpb_append_prior_lsa_list(cubthread::entry*, log_prior_node*) (log_page_buffer.c:3059)
==2007594==    by 0x5700D4D: logpb_prior_lsa_append_all_list(cubthread::entry*) (log_page_buffer.c:3126)
==2007594==    by 0x57024BF: logpb_flush_pages_direct(cubthread::entry*) (log_page_buffer.c:3963)
==2007594==    by 0x5702543: logpb_force_flush_pages(cubthread::entry*) (log_page_buffer.c:4102)
==2007594==    by 0x585C5F3: heap_create_internal(cubthread::entry*, hfid*, db_identifier const*, bool) (heap_file.c:4977)
==2007594==    by 0x585D374: xheap_create(cubthread::entry*, hfid*, db_identifier const*, bool) (heap_file.c:5429)
==2007594==    by 0x505610F: heap_create(hfid*, db_identifier const*, bool) (network_interface_cl.c:1697)
==2007594==    by 0x56AAAB6: locator_create_heap_if_needed(db_object*, bool) (locator_cl.c:5561)
==2007594==    by 0x52D9200: do_create_entity(parser_context*, parser_node*) (execute_schema.c:10117)
==2007594== 
==2007594== Use of uninitialised value of size 8
==2007594==    at 0x59BBD5D: LZ4_compress_fast_extState (in local-path/libcubridsa.so.11.5)
==2007594==    by 0x5193698: cubcompress::lz4_compress(char const*, char*, int, int, int) (compressor.hpp:97)
==2007594==    by 0x5193A5A: int cubcompress::compress<cubcompress::LZ4>(void const*, int, void*, int, std::variant<cubcompress::lz4_options> const&) (compressor.hpp:143)
==2007594==    by 0x51938A9: int cubcompress::compress<cubcompress::LZ4>(void const*, int, void*, int) (compressor.hpp:158)
==2007594==    by 0x56D498D: log_zip(log_zip*, int, void const*) (log_compress.c:83)
==2007594==    by 0x56D1E46: prior_lsa_gen_undoredo_record_from_crumbs(cubthread::entry*, log_prior_node*, LOG_RCVINDEX, log_data_addr*, int, log_crumb const*, int, log_crumb const*) (log_append.cpp:796)
==2007594==    by 0x56D10ED: prior_lsa_alloc_and_copy_crumbs(cubthread::entry*, log_rectype, LOG_RCVINDEX, log_data_addr*, int, log_crumb const*, int, log_crumb const*) (log_append.cpp:447)
==2007594==    by 0x56D8D95: log_append_undoredo_crumbs(cubthread::entry*, LOG_RCVINDEX, log_data_addr*, int, int, log_crumb const*, log_crumb const*) (log_manager.c:2231)
==2007594==    by 0x56D9E9A: log_append_undoredo_recdes2(cubthread::entry*, LOG_RCVINDEX, vfid const*, char*, short, recdes const*, recdes const*) (log_manager.c:2616)
==2007594==    by 0x56D9D2F: log_append_undoredo_recdes(cubthread::entry*, LOG_RCVINDEX, log_data_addr*, recdes const*, recdes const*) (log_manager.c:2570)
==2007594==    by 0x588EB0E: heap_log_update_physical(cubthread::entry*, char*, vfid*, db_identifier*, recdes*, recdes*, LOG_RCVINDEX) (heap_file.c:24341)
==2007594==    by 0x588E0B7: heap_update_home(cubthread::entry*, heap_operation_context*, bool) (heap_file.c:24170)
==2007594== 
==2007594== Use of uninitialised value of size 8
==2007594==    at 0x59BBD60: LZ4_compress_fast_extState (in local-path/libcubridsa.so.11.5)
==2007594==    by 0x5193698: cubcompress::lz4_compress(char const*, char*, int, int, int) (compressor.hpp:97)
==2007594==    by 0x5193A5A: int cubcompress::compress<cubcompress::LZ4>(void const*, int, void*, int, std::variant<cubcompress::lz4_options> const&) (compressor.hpp:143)
==2007594==    by 0x51938A9: int cubcompress::compress<cubcompress::LZ4>(void const*, int, void*, int) (compressor.hpp:158)
==2007594==    by 0x56D498D: log_zip(log_zip*, int, void const*) (log_compress.c:83)
==2007594==    by 0x56D1E46: prior_lsa_gen_undoredo_record_from_crumbs(cubthread::entry*, log_prior_node*, LOG_RCVINDEX, log_data_addr*, int, log_crumb const*, int, log_crumb const*) (log_append.cpp:796)
==2007594==    by 0x56D10ED: prior_lsa_alloc_and_copy_crumbs(cubthread::entry*, log_rectype, LOG_RCVINDEX, log_data_addr*, int, log_crumb const*, int, log_crumb const*) (log_append.cpp:447)
==2007594==    by 0x56D8D95: log_append_undoredo_crumbs(cubthread::entry*, LOG_RCVINDEX, log_data_addr*, int, int, log_crumb const*, log_crumb const*) (log_manager.c:2231)
==2007594==    by 0x56D9E9A: log_append_undoredo_recdes2(cubthread::entry*, LOG_RCVINDEX, vfid const*, char*, short, recdes const*, recdes const*) (log_manager.c:2616)
==2007594==    by 0x56D9D2F: log_append_undoredo_recdes(cubthread::entry*, LOG_RCVINDEX, log_data_addr*, recdes const*, recdes const*) (log_manager.c:2570)
==2007594==    by 0x588EB0E: heap_log_update_physical(cubthread::entry*, char*, vfid*, db_identifier*, recdes*, recdes*, LOG_RCVINDEX) (heap_file.c:24341)
==2007594==    by 0x588E0B7: heap_update_home(cubthread::entry*, heap_operation_context*, bool) (heap_file.c:24170)
==2007594== 
==2007594== Conditional jump or move depends on uninitialised value(s)
==2007594==    at 0x4851BDF: memmove (vg_replace_strmem.c:1414)
==2007594==    by 0x59BBC71: LZ4_compress_fast_extState (in local-path/libcubridsa.so.11.5)
==2007594==    by 0x5193698: cubcompress::lz4_compress(char const*, char*, int, int, int) (compressor.hpp:97)
==2007594==    by 0x5193A5A: int cubcompress::compress<cubcompress::LZ4>(void const*, int, void*, int, std::variant<cubcompress::lz4_options> const&) (compressor.hpp:143)
==2007594==    by 0x51938A9: int cubcompress::compress<cubcompress::LZ4>(void const*, int, void*, int) (compressor.hpp:158)
==2007594==    by 0x56D498D: log_zip(log_zip*, int, void const*) (log_compress.c:83)
==2007594==    by 0x56D1E46: prior_lsa_gen_undoredo_record_from_crumbs(cubthread::entry*, log_prior_node*, LOG_RCVINDEX, log_data_addr*, int, log_crumb const*, int, log_crumb const*) (log_append.cpp:796)
==2007594==    by 0x56D10ED: prior_lsa_alloc_and_copy_crumbs(cubthread::entry*, log_rectype, LOG_RCVINDEX, log_data_addr*, int, log_crumb const*, int, log_crumb const*) (log_append.cpp:447)
==2007594==    by 0x56D8D95: log_append_undoredo_crumbs(cubthread::entry*, LOG_RCVINDEX, log_data_addr*, int, int, log_crumb const*, log_crumb const*) (log_manager.c:2231)
==2007594==    by 0x56D9E9A: log_append_undoredo_recdes2(cubthread::entry*, LOG_RCVINDEX, vfid const*, char*, short, recdes const*, recdes const*) (log_manager.c:2616)
==2007594==    by 0x56D9D2F: log_append_undoredo_recdes(cubthread::entry*, LOG_RCVINDEX, log_data_addr*, recdes const*, recdes const*) (log_manager.c:2570)
==2007594==    by 0x588EB0E: heap_log_update_physical(cubthread::entry*, char*, vfid*, db_identifier*, recdes*, recdes*, LOG_RCVINDEX) (heap_file.c:24341)
==2007594== 
==2007594== Use of uninitialised value of size 8
==2007594==    at 0x4851BF1: memmove (vg_replace_strmem.c:1414)
==2007594==    by 0x59BBC71: LZ4_compress_fast_extState (in local-path/libcubridsa.so.11.5)
==2007594==    by 0x5193698: cubcompress::lz4_compress(char const*, char*, int, int, int) (compressor.hpp:97)
==2007594==    by 0x5193A5A: int cubcompress::compress<cubcompress::LZ4>(void const*, int, void*, int, std::variant<cubcompress::lz4_options> const&) (compressor.hpp:143)
==2007594==    by 0x51938A9: int cubcompress::compress<cubcompress::LZ4>(void const*, int, void*, int) (compressor.hpp:158)
==2007594==    by 0x56D498D: log_zip(log_zip*, int, void const*) (log_compress.c:83)
==2007594==    by 0x56D1E46: prior_lsa_gen_undoredo_record_from_crumbs(cubthread::entry*, log_prior_node*, LOG_RCVINDEX, log_data_addr*, int, log_crumb const*, int, log_crumb const*) (log_append.cpp:796)
==2007594==    by 0x56D10ED: prior_lsa_alloc_and_copy_crumbs(cubthread::entry*, log_rectype, LOG_RCVINDEX, log_data_addr*, int, log_crumb const*, int, log_crumb const*) (log_append.cpp:447)
==2007594==    by 0x56D8D95: log_append_undoredo_crumbs(cubthread::entry*, LOG_RCVINDEX, log_data_addr*, int, int, log_crumb const*, log_crumb const*) (log_manager.c:2231)
==2007594==    by 0x56D9E9A: log_append_undoredo_recdes2(cubthread::entry*, LOG_RCVINDEX, vfid const*, char*, short, recdes const*, recdes const*) (log_manager.c:2616)
==2007594==    by 0x56D9D2F: log_append_undoredo_recdes(cubthread::entry*, LOG_RCVINDEX, log_data_addr*, recdes const*, recdes const*) (log_manager.c:2570)
==2007594==    by 0x588EB0E: heap_log_update_physical(cubthread::entry*, char*, vfid*, db_identifier*, recdes*, recdes*, LOG_RCVINDEX) (heap_file.c:24341)
==2007594== 
==2007594== Use of uninitialised value of size 8
==2007594==    at 0x4851C00: memmove (vg_replace_strmem.c:1414)
==2007594==    by 0x59BBC71: LZ4_compress_fast_extState (in local-path/libcubridsa.so.11.5)
==2007594==    by 0x5193698: cubcompress::lz4_compress(char const*, char*, int, int, int) (compressor.hpp:97)
==2007594==    by 0x5193A5A: int cubcompress::compress<cubcompress::LZ4>(void const*, int, void*, int, std::variant<cubcompress::lz4_options> const&) (compressor.hpp:143)
==2007594==    by 0x51938A9: int cubcompress::compress<cubcompress::LZ4>(void const*, int, void*, int) (compressor.hpp:158)
==2007594==    by 0x56D498D: log_zip(log_zip*, int, void const*) (log_compress.c:83)
==2007594==    by 0x56D1E46: prior_lsa_gen_undoredo_record_from_crumbs(cubthread::entry*, log_prior_node*, LOG_RCVINDEX, log_data_addr*, int, log_crumb const*, int, log_crumb const*) (log_append.cpp:796)
==2007594==    by 0x56D10ED: prior_lsa_alloc_and_copy_crumbs(cubthread::entry*, log_rectype, LOG_RCVINDEX, log_data_addr*, int, log_crumb const*, int, log_crumb const*) (log_append.cpp:447)
==2007594==    by 0x56D8D95: log_append_undoredo_crumbs(cubthread::entry*, LOG_RCVINDEX, log_data_addr*, int, int, log_crumb const*, log_crumb const*) (log_manager.c:2231)
==2007594==    by 0x56D9E9A: log_append_undoredo_recdes2(cubthread::entry*, LOG_RCVINDEX, vfid const*, char*, short, recdes const*, recdes const*) (log_manager.c:2616)
==2007594==    by 0x56D9D2F: log_append_undoredo_recdes(cubthread::entry*, LOG_RCVINDEX, log_data_addr*, recdes const*, recdes const*) (log_manager.c:2570)
==2007594==    by 0x588EB0E: heap_log_update_physical(cubthread::entry*, char*, vfid*, db_identifier*, recdes*, recdes*, LOG_RCVINDEX) (heap_file.c:24341)
==2007594== 
==2007594== Conditional jump or move depends on uninitialised value(s)
==2007594==    at 0x4851BEB: memmove (vg_replace_strmem.c:1414)
==2007594==    by 0x59BBC71: LZ4_compress_fast_extState (in local-path/libcubridsa.so.11.5)
==2007594==    by 0x5193698: cubcompress::lz4_compress(char const*, char*, int, int, int) (compressor.hpp:97)
==2007594==    by 0x5193A5A: int cubcompress::compress<cubcompress::LZ4>(void const*, int, void*, int, std::variant<cubcompress::lz4_options> const&) (compressor.hpp:143)
==2007594==    by 0x51938A9: int cubcompress::compress<cubcompress::LZ4>(void const*, int, void*, int) (compressor.hpp:158)
==2007594==    by 0x56D498D: log_zip(log_zip*, int, void const*) (log_compress.c:83)
==2007594==    by 0x56D1E46: prior_lsa_gen_undoredo_record_from_crumbs(cubthread::entry*, log_prior_node*, LOG_RCVINDEX, log_data_addr*, int, log_crumb const*, int, log_crumb const*) (log_append.cpp:796)
==2007594==    by 0x56D10ED: prior_lsa_alloc_and_copy_crumbs(cubthread::entry*, log_rectype, LOG_RCVINDEX, log_data_addr*, int, log_crumb const*, int, log_crumb const*) (log_append.cpp:447)
==2007594==    by 0x56D8D95: log_append_undoredo_crumbs(cubthread::entry*, LOG_RCVINDEX, log_data_addr*, int, int, log_crumb const*, log_crumb const*) (log_manager.c:2231)
==2007594==    by 0x56D9E9A: log_append_undoredo_recdes2(cubthread::entry*, LOG_RCVINDEX, vfid const*, char*, short, recdes const*, recdes const*) (log_manager.c:2616)
==2007594==    by 0x56D9D2F: log_append_undoredo_recdes(cubthread::entry*, LOG_RCVINDEX, log_data_addr*, recdes const*, recdes const*) (log_manager.c:2570)
==2007594==    by 0x588EB0E: heap_log_update_physical(cubthread::entry*, char*, vfid*, db_identifier*, recdes*, recdes*, LOG_RCVINDEX) (heap_file.c:24341)
==2007594== 
==2007594== Use of uninitialised value of size 8
==2007594==    at 0x59BBD41: LZ4_compress_fast_extState (in local-path/libcubridsa.so.11.5)
==2007594==    by 0x5193698: cubcompress::lz4_compress(char const*, char*, int, int, int) (compressor.hpp:97)
==2007594==    by 0x5193A5A: int cubcompress::compress<cubcompress::LZ4>(void const*, int, void*, int, std::variant<cubcompress::lz4_options> const&) (compressor.hpp:143)
==2007594==    by 0x51938A9: int cubcompress::compress<cubcompress::LZ4>(void const*, int, void*, int) (compressor.hpp:158)
==2007594==    by 0x56D498D: log_zip(log_zip*, int, void const*) (log_compress.c:83)
==2007594==    by 0x56D1DE8: prior_lsa_gen_undoredo_record_from_crumbs(cubthread::entry*, log_prior_node*, LOG_RCVINDEX, log_data_addr*, int, log_crumb const*, int, log_crumb const*) (log_append.cpp:781)
==2007594==    by 0x56D10ED: prior_lsa_alloc_and_copy_crumbs(cubthread::entry*, log_rectype, LOG_RCVINDEX, log_data_addr*, int, log_crumb const*, int, log_crumb const*) (log_append.cpp:447)
==2007594==    by 0x56D8D95: log_append_undoredo_crumbs(cubthread::entry*, LOG_RCVINDEX, log_data_addr*, int, int, log_crumb const*, log_crumb const*) (log_manager.c:2231)
==2007594==    by 0x56D9E9A: log_append_undoredo_recdes2(cubthread::entry*, LOG_RCVINDEX, vfid const*, char*, short, recdes const*, recdes const*) (log_manager.c:2616)
==2007594==    by 0x56D9D2F: log_append_undoredo_recdes(cubthread::entry*, LOG_RCVINDEX, log_data_addr*, recdes const*, recdes const*) (log_manager.c:2570)
==2007594==    by 0x588EB0E: heap_log_update_physical(cubthread::entry*, char*, vfid*, db_identifier*, recdes*, recdes*, LOG_RCVINDEX) (heap_file.c:24341)
==2007594==    by 0x588E0B7: heap_update_home(cubthread::entry*, heap_operation_context*, bool) (heap_file.c:24170)
==2007594== 
==2007594== Conditional jump or move depends on uninitialised value(s)
==2007594==    at 0x56D4995: log_zip(log_zip*, int, void const*) (log_compress.c:87)
==2007594==    by 0x56D1DE8: prior_lsa_gen_undoredo_record_from_crumbs(cubthread::entry*, log_prior_node*, LOG_RCVINDEX, log_data_addr*, int, log_crumb const*, int, log_crumb const*) (log_append.cpp:781)
==2007594==    by 0x56D10ED: prior_lsa_alloc_and_copy_crumbs(cubthread::entry*, log_rectype, LOG_RCVINDEX, log_data_addr*, int, log_crumb const*, int, log_crumb const*) (log_append.cpp:447)
==2007594==    by 0x56D8D95: log_append_undoredo_crumbs(cubthread::entry*, LOG_RCVINDEX, log_data_addr*, int, int, log_crumb const*, log_crumb const*) (log_manager.c:2231)
==2007594==    by 0x56D9E9A: log_append_undoredo_recdes2(cubthread::entry*, LOG_RCVINDEX, vfid const*, char*, short, recdes const*, recdes const*) (log_manager.c:2616)
==2007594==    by 0x56D9D2F: log_append_undoredo_recdes(cubthread::entry*, LOG_RCVINDEX, log_data_addr*, recdes const*, recdes const*) (log_manager.c:2570)
==2007594==    by 0x588EB0E: heap_log_update_physical(cubthread::entry*, char*, vfid*, db_identifier*, recdes*, recdes*, LOG_RCVINDEX) (heap_file.c:24341)
==2007594==    by 0x588E0B7: heap_update_home(cubthread::entry*, heap_operation_context*, bool) (heap_file.c:24170)
==2007594==    by 0x58911F3: heap_update_logical(cubthread::entry*, heap_operation_context*) (heap_file.c:25052)
==2007594==    by 0x57E6F97: catcls_update_instance(cubthread::entry*, or_value*, db_identifier*, db_identifier*, hfid*, heap_scancache*, update_inplace_style) (catalog_class.c:4289)
==2007594==    by 0x57E7A27: catcls_update_catalog_classes(cubthread::entry*, char const*, recdes*, db_identifier*, update_inplace_style) (catalog_class.c:4633)
==2007594==    by 0x56B7E48: locator_update_force(cubthread::entry*, hfid*, db_identifier*, db_identifier*, recdes*, recdes*, int, int*, int, int, heap_scancache*, int*, bool, REPL_INFO_TYPE, int, pruning_context*, cubquery::mvcc_reev_data*, update_inplace_style, bool) (locator_sr.c:5557)
==2007594== 
==2007594== Conditional jump or move depends on uninitialised value(s)
==2007594==    at 0x56D49B0: log_zip(log_zip*, int, void const*) (log_compress.c:91)
==2007594==    by 0x56D1DE8: prior_lsa_gen_undoredo_record_from_crumbs(cubthread::entry*, log_prior_node*, LOG_RCVINDEX, log_data_addr*, int, log_crumb const*, int, log_crumb const*) (log_append.cpp:781)
==2007594==    by 0x56D10ED: prior_lsa_alloc_and_copy_crumbs(cubthread::entry*, log_rectype, LOG_RCVINDEX, log_data_addr*, int, log_crumb const*, int, log_crumb const*) (log_append.cpp:447)
==2007594==    by 0x56D8D95: log_append_undoredo_crumbs(cubthread::entry*, LOG_RCVINDEX, log_data_addr*, int, int, log_crumb const*, log_crumb const*) (log_manager.c:2231)
==2007594==    by 0x56D9E9A: log_append_undoredo_recdes2(cubthread::entry*, LOG_RCVINDEX, vfid const*, char*, short, recdes const*, recdes const*) (log_manager.c:2616)
==2007594==    by 0x56D9D2F: log_append_undoredo_recdes(cubthread::entry*, LOG_RCVINDEX, log_data_addr*, recdes const*, recdes const*) (log_manager.c:2570)
==2007594==    by 0x588EB0E: heap_log_update_physical(cubthread::entry*, char*, vfid*, db_identifier*, recdes*, recdes*, LOG_RCVINDEX) (heap_file.c:24341)
==2007594==    by 0x588E0B7: heap_update_home(cubthread::entry*, heap_operation_context*, bool) (heap_file.c:24170)
==2007594==    by 0x58911F3: heap_update_logical(cubthread::entry*, heap_operation_context*) (heap_file.c:25052)
==2007594==    by 0x57E6F97: catcls_update_instance(cubthread::entry*, or_value*, db_identifier*, db_identifier*, hfid*, heap_scancache*, update_inplace_style) (catalog_class.c:4289)
==2007594==    by 0x57E7A27: catcls_update_catalog_classes(cubthread::entry*, char const*, recdes*, db_identifier*, update_inplace_style) (catalog_class.c:4633)
==2007594==    by 0x56B7E48: locator_update_force(cubthread::entry*, hfid*, db_identifier*, db_identifier*, recdes*, recdes*, int, int*, int, int, heap_scancache*, int*, bool, REPL_INFO_TYPE, int, pruning_context*, cubquery::mvcc_reev_data*, update_inplace_style, bool) (locator_sr.c:5557)
==2007594== 
==2007594== 
==2007594== HEAP SUMMARY:
==2007594==     in use at exit: 177,140 bytes in 201 blocks
==2007594==   total heap usage: 37,691 allocs, 37,490 frees, 239,021,994 bytes allocated
==2007594== 
==2007594== LEAK SUMMARY:
==2007594==    definitely lost: 0 bytes in 0 blocks
==2007594==    indirectly lost: 0 bytes in 0 blocks
==2007594==      possibly lost: 0 bytes in 0 blocks
==2007594==    still reachable: 177,140 bytes in 201 blocks
==2007594==         suppressed: 0 bytes in 0 blocks
==2007594== Reachable blocks (those to which a pointer was found) are not shown.
==2007594== To see them, rerun with: --leak-check=full --show-leak-kinds=all
==2007594== 
==2007594== Use --track-origins=yes to see where uninitialised values come from
==2007594== For lists of detected and suppressed errors, rerun with: -s
==2007594== ERROR SUMMARY: 153963 errors from 241 contexts (suppressed: 0 from 0)
