[0mdirenv: loading ~/gh/cb/pr7925-02-record-owner/.envrc
cub-workenv: build-only; build and install, then run cub-workenv init explicitly.
Preset Mode: debug_gcc
Install Dir: /home/vimkim/.cub/install/pr7925-02-record-owner/debug_gcc
Runtime: build-only
Build Dir: /home/vimkim/gh/cb/pr7925-02-record-owner/build_preset_debug_gcc
[0mdirenv: loading ~/gh/cb/pr7925-02-record-owner/.envrc
cub-workenv: build-only; build and install, then run cub-workenv init explicitly.
Preset Mode: debug_gcc
Install Dir: /home/vimkim/.cub/install/pr7925-02-record-owner/debug_gcc
Runtime: build-only
Build Dir: /home/vimkim/gh/cb/pr7925-02-record-owner/build_preset_debug_gcc
[0mdirenv: loading ~/gh/cb/pr7925-02-record-owner/.envrc
cub-workenv: build-only; build and install, then run cub-workenv init explicitly.
Preset Mode: debug_gcc
Install Dir: /home/vimkim/.cub/install/pr7925-02-record-owner/debug_gcc
Runtime: build-only
Build Dir: /home/vimkim/gh/cb/pr7925-02-record-owner/build_preset_debug_gcc
Using JAVA_HOME JDK: /home/vimkim/.local/share/mise/installs/java/temurin-8.0.462+8
[0mdirenv: loading ~/gh/cb/pr7925-02-record-owner/.envrc
cub-workenv: build-only; build and install, then run cub-workenv init explicitly.
Preset Mode: debug_gcc
Install Dir: /home/vimkim/.cub/install/pr7925-02-record-owner/debug_gcc
Runtime: build-only
Build Dir: /home/vimkim/gh/cb/pr7925-02-record-owner/build_preset_debug_gcc
Logging build output to: /home/vimkim/gh/cb/pr7925-02-record-owner/build_preset_debug_gcc/build.log
[0mdirenv: loading ~/gh/cb/pr7925-02-record-owner/.envrc
cub-workenv: build-only; build and install, then run cub-workenv init explicitly.
Preset Mode: debug_gcc
Install Dir: /home/vimkim/.cub/install/pr7925-02-record-owner/debug_gcc
Runtime: build-only
Build Dir: /home/vimkim/gh/cb/pr7925-02-record-owner/build_preset_debug_gcc
[0/2] Re-checking globbed directories...
[1/1456] [FLEX][loader_lexer] Building scanner with flex
/home/vimkim/gh/cb/pr7925-02-record-owner/src/loaddb/load_lexer.l:276: warning, rule cannot be matched
/home/vimkim/gh/cb/pr7925-02-record-owner/src/loaddb/load_lexer.l:282: warning, rule cannot be matched
/home/vimkim/gh/cb/pr7925-02-record-owner/src/loaddb/load_lexer.l:583: warning, rule cannot be matched
/home/vimkim/gh/cb/pr7925-02-record-owner/src/loaddb/load_lexer.l:625: warning, -s option given but default rule can be matched
[2/1456] Generating csql_grammar.yy
[3/1456] Creating directories for 're2'
[4/1456] Creating directories for 'libexpat'
[5/1456] Creating directories for 'libedit'
[6/1456] Creating directories for 'lz4'
[7/1456] Creating directories for 'libopenssl'
[8/1456] Creating directories for 'libodbc'
[9/1456] Creating directories for 'rapidjson'
[10/1456] Creating directories for 'libtbb'
[11/1456] Running utility command for pl_install_jdk
[INFO] Install JDK 8
[12/1456] Creating directories for 'catch2'
[13/1456] [FLEX][csql_lexer] Building scanner with flex
[14/1456] [BISON][loader_grammar] Building parser with bison
[15/1456] Generating probes.h, probes.o
[16/1456] Building C object util/CMakeFiles/gencat.dir/__/src/executables/gencat.c.o
[17/1456] Building CXX object util/CMakeFiles/gencat.dir/__/src/base/porting.c.o
[18/1456] Linking CXX executable bin/gencat
[19/1456] Conversion csql.msg in ko_KR.euckr
[20/1456] Conversion utils.msg in ko_KR.euckr
[21/1456] Conversion cubrid.msg in ko_KR.euckr
[22/1456] Copy csql.msg in en_US.utf8
[23/1456] Copy csql.msg in en_US
[24/1456] Copy cubrid.msg in en_US.utf8
[25/1456] Copy utils.msg in en_US.utf8
[26/1456] Copy cubrid.msg in en_US
[27/1456] Copy utils.msg in en_US
[28/1456] Copy cubrid.msg in ko_KR.utf8
[29/1456] Copy utils.msg in ko_KR.utf8
[30/1456] Copy csql.msg in ko_KR.utf8
[31/1456] Generating csql.cat for ko_KR.euckr
[32/1456] Generating utils.cat for ko_KR.euckr
[33/1456] Generating csql.cat for en_US.utf8
[34/1456] Generating csql.cat for en_US
[35/1456] Generating utils.cat for en_US.utf8
[36/1456] Generating csql.cat for ko_KR.utf8
[37/1456] Building CXX object unit_tests/common/CMakeFiles/test_common.dir/test_string_collection.cpp.o
[38/1456] Generating utils.cat for en_US
[39/1456] Generating utils.cat for ko_KR.utf8
[40/1456] Generating cubrid.cat for ko_KR.euckr
[41/1456] Generating cubrid.cat for en_US.utf8
[42/1456] Generating cubrid.cat for en_US
[43/1456] Generating cubrid.cat for ko_KR.utf8
[44/1456] Performing download step (download, verify and extract) for 'lz4'
-- Downloading...
   dst='/home/vimkim/gh/cb/pr7925-02-record-owner/build_preset_debug_gcc/3rdparty/Download/lz4/lz4-1.10.0.tar.gz'
   timeout='600 seconds'
   inactivity timeout='none'
-- Using src='https://github.com/CUBRID/3rdparty/raw/develop/lz4/lz4-1.10.0.tar.gz'
-- verifying file...
       file='/home/vimkim/gh/cb/pr7925-02-record-owner/build_preset_debug_gcc/3rdparty/Download/lz4/lz4-1.10.0.tar.gz'
-- Downloading... done
-- extracting...
     src='/home/vimkim/gh/cb/pr7925-02-record-owner/build_preset_debug_gcc/3rdparty/Download/lz4/lz4-1.10.0.tar.gz'
     dst='/home/vimkim/gh/cb/pr7925-02-record-owner/build_preset_debug_gcc/3rdparty/Source/lz4'
-- extracting... [tar xfz]
-- extracting... [analysis]
-- extracting... [rename]
-- extracting... [clean up]
-- extracting... done
[45/1456] No update step for 'lz4'
[46/1456] No patch step for 'lz4'
[47/1456] No configure step for 'lz4'
[48/1456] Building CXX object unit_tests/common/CMakeFiles/test_common.dir/test_output.cpp.o
[49/1456] Building CXX object unit_tests/common/CMakeFiles/test_common.dir/test_perf_compare.cpp.o
[50/1456] Linking CXX static library unit_tests/common/libtest_common.a
[51/1456] [BISON][csql_grammar] Building parser with bison
/home/vimkim/gh/cb/pr7925-02-record-owner/build_preset_debug_gcc/csql_grammar.yy: warning: 839 shift/reduce conflicts [-Wconflicts-sr]
/home/vimkim/gh/cb/pr7925-02-record-owner/build_preset_debug_gcc/csql_grammar.yy: warning: 1534 reduce/reduce conflicts [-Wconflicts-rr]
[52/1456] Performing download step (download, verify and extract) for 'rapidjson'
-- Downloading...
   dst='/home/vimkim/gh/cb/pr7925-02-record-owner/build_preset_debug_gcc/3rdparty/Download/rapidjson/v1.1.0-250205.tar.gz'
   timeout='600 seconds'
   inactivity timeout='none'
-- Using src='https://github.com/CUBRID/3rdparty/raw/develop/rapidjson/v1.1.0-250205.tar.gz'
-- verifying file...
       file='/home/vimkim/gh/cb/pr7925-02-record-owner/build_preset_debug_gcc/3rdparty/Download/rapidjson/v1.1.0-250205.tar.gz'
-- Downloading... done
-- extracting...
     src='/home/vimkim/gh/cb/pr7925-02-record-owner/build_preset_debug_gcc/3rdparty/Download/rapidjson/v1.1.0-250205.tar.gz'
     dst='/home/vimkim/gh/cb/pr7925-02-record-owner/build_preset_debug_gcc/3rdparty/Source/rapidjson'
-- extracting... [tar xfz]
-- extracting... [analysis]
-- extracting... [rename]
-- extracting... [clean up]
-- extracting... done
[53/1456] No update step for 'rapidjson'
[54/1456] No patch step for 'rapidjson'
[55/1456] Performing configure step for 'rapidjson'
[56/1456] Performing build step for 'rapidjson'
[57/1456] No install step for 'rapidjson'
[58/1456] Completed 'rapidjson'
[59/1456] Performing download step (download, verify and extract) for 're2'
-- Downloading...
   dst='/home/vimkim/gh/cb/pr7925-02-record-owner/build_preset_debug_gcc/3rdparty/Download/re2/2023-03-01.tar.gz'
   timeout='600 seconds'
   inactivity timeout='none'
-- Using src='https://github.com/CUBRID/3rdparty/raw/develop/re2/2023-03-01.tar.gz'
-- verifying file...
       file='/home/vimkim/gh/cb/pr7925-02-record-owner/build_preset_debug_gcc/3rdparty/Download/re2/2023-03-01.tar.gz'
-- Downloading... done
-- extracting...
     src='/home/vimkim/gh/cb/pr7925-02-record-owner/build_preset_debug_gcc/3rdparty/Download/re2/2023-03-01.tar.gz'
     dst='/home/vimkim/gh/cb/pr7925-02-record-owner/build_preset_debug_gcc/3rdparty/Source/re2'
-- extracting... [tar xfz]
-- extracting... [analysis]
-- extracting... [rename]
-- extracting... [clean up]
-- extracting... done
[60/1456] No update step for 're2'
[61/1456] No patch step for 're2'
[62/1456] No configure step for 're2'
[63/1456] Building CXX object _deps/googletest-build/googletest/CMakeFiles/gtest_main.dir/src/gtest_main.cc.o
[64/1456] Performing download step (download, verify and extract) for 'libexpat'
-- Downloading...
   dst='/home/vimkim/gh/cb/pr7925-02-record-owner/build_preset_debug_gcc/3rdparty/Download/libexpat/expat-2.8.2.tar.gz'
   timeout='600 seconds'
   inactivity timeout='none'
-- Using src='https://github.com/CUBRID/3rdparty/raw/develop/expat/expat-2.8.2.tar.gz'
-- verifying file...
       file='/home/vimkim/gh/cb/pr7925-02-record-owner/build_preset_debug_gcc/3rdparty/Download/libexpat/expat-2.8.2.tar.gz'
-- Downloading... done
-- extracting...
     src='/home/vimkim/gh/cb/pr7925-02-record-owner/build_preset_debug_gcc/3rdparty/Download/libexpat/expat-2.8.2.tar.gz'
     dst='/home/vimkim/gh/cb/pr7925-02-record-owner/build_preset_debug_gcc/3rdparty/Source/libexpat'
-- extracting... [tar xfz]
-- extracting... [analysis]
-- extracting... [rename]
-- extracting... [clean up]
-- extracting... done
[65/1456] Performing build step for 're2'
[66/1456] No update step for 'libexpat'
[67/1456] No install step for 're2'
[68/1456] No patch step for 'libexpat'
[69/1456] Completed 're2'
[70/1456] Performing download step (download, verify and extract) for 'libedit'
-- Downloading...
   dst='/home/vimkim/gh/cb/pr7925-02-record-owner/build_preset_debug_gcc/3rdparty/Download/libedit/csql_v1.2.tar.gz'
   timeout='600 seconds'
   inactivity timeout='none'
-- Using src='https://github.com/CUBRID/libedit/archive/refs/tags/csql_v1.2.tar.gz'
-- verifying file...
       file='/home/vimkim/gh/cb/pr7925-02-record-owner/build_preset_debug_gcc/3rdparty/Download/libedit/csql_v1.2.tar.gz'
-- Downloading... done
-- extracting...
     src='/home/vimkim/gh/cb/pr7925-02-record-owner/build_preset_debug_gcc/3rdparty/Download/libedit/csql_v1.2.tar.gz'
     dst='/home/vimkim/gh/cb/pr7925-02-record-owner/build_preset_debug_gcc/3rdparty/Source/libedit'
-- extracting... [tar xfz]
-- extracting... [analysis]
-- extracting... [rename]
-- extracting... [clean up]
-- extracting... done
[71/1456] No update step for 'libedit'
[72/1456] Performing download step (download, verify and extract) for 'libodbc'
-- Downloading...
   dst='/home/vimkim/gh/cb/pr7925-02-record-owner/build_preset_debug_gcc/3rdparty/Download/libodbc/unixODBC-2.3.14.tar.gz'
   timeout='600 seconds'
   inactivity timeout='none'
-- Using src='https://github.com/CUBRID/3rdparty/raw/develop/unixODBC/unixODBC-2.3.14.tar.gz'
-- verifying file...
       file='/home/vimkim/gh/cb/pr7925-02-record-owner/build_preset_debug_gcc/3rdparty/Download/libodbc/unixODBC-2.3.14.tar.gz'
-- Downloading... done
-- extracting...
     src='/home/vimkim/gh/cb/pr7925-02-record-owner/build_preset_debug_gcc/3rdparty/Download/libodbc/unixODBC-2.3.14.tar.gz'
     dst='/home/vimkim/gh/cb/pr7925-02-record-owner/build_preset_debug_gcc/3rdparty/Source/libodbc'
-- extracting... [tar xfz]
-- extracting... [analysis]
-- extracting... [rename]
-- extracting... [clean up]
-- extracting... done
[73/1456] No patch step for 'libedit'
[74/1456] No update step for 'libodbc'
[75/1456] No patch step for 'libodbc'
[76/1456] Performing download step (download, verify and extract) for 'libtbb'
-- Downloading...
   dst='/home/vimkim/gh/cb/pr7925-02-record-owner/build_preset_debug_gcc/3rdparty/Download/libtbb/v2021.11.0.tar.gz'
   timeout='600 seconds'
   inactivity timeout='none'
-- Using src='https://github.com/CUBRID/3rdparty/raw/develop/tbb/v2021.11.0.tar.gz'
-- verifying file...
       file='/home/vimkim/gh/cb/pr7925-02-record-owner/build_preset_debug_gcc/3rdparty/Download/libtbb/v2021.11.0.tar.gz'
-- Downloading... done
-- extracting...
     src='/home/vimkim/gh/cb/pr7925-02-record-owner/build_preset_debug_gcc/3rdparty/Download/libtbb/v2021.11.0.tar.gz'
     dst='/home/vimkim/gh/cb/pr7925-02-record-owner/build_preset_debug_gcc/3rdparty/Source/libtbb'
-- extracting... [tar xfz]
-- extracting... [analysis]
-- extracting... [rename]
-- extracting... [clean up]
-- extracting... done
[77/1456] No update step for 'libtbb'
[78/1456] No patch step for 'libtbb'
[79/1456] Building CXX object _deps/googletest-build/googlemock/CMakeFiles/gmock_main.dir/src/gmock_main.cc.o
[80/1456] Performing configure step for 'libtbb'
[81/1456] Building CXX object _deps/googletest-build/googlemock/CMakeFiles/gmock.dir/src/gmock-all.cc.o
[82/1456] Building CXX object _deps/googletest-build/googletest/CMakeFiles/gtest.dir/src/gtest-all.cc.o
[83/1456] Linking CXX static library lib/libgtest.a
[84/1456] Linking CXX static library lib/libgtest_main.a
[85/1456] Linking CXX static library lib/libgmock.a
[86/1456] Linking CXX static library lib/libgmock_main.a
[87/1456] Performing configure step for 'libexpat'
[88/1456] Performing build step for 'libtbb'
[89/1456] Performing configure step for 'libedit'
checking for gcc... gcc -std=gnu17
checking whether the C compiler works... yes
checking for C compiler default output file name... a.out
checking for suffix of executables... 
checking whether we are cross compiling... no
checking for suffix of object files... o
checking whether we are using the GNU C compiler... yes
checking whether gcc -std=gnu17 accepts -g... yes
checking for gcc -std=gnu17 option to accept ISO C89... none needed
checking whether gcc -std=gnu17 understands -c and -o together... yes
checking how to run the C preprocessor... gcc -std=gnu17 -E
checking for grep that handles long lines and -e... /usr/bin/grep
checking for egrep... /usr/bin/grep -E
checking for ANSI C header files... yes
checking for sys/types.h... yes
checking for sys/stat.h... yes
checking for stdlib.h... yes
checking for string.h... yes
checking for memory.h... yes
checking for strings.h... yes
checking for inttypes.h... yes
checking for stdint.h... yes
checking for unistd.h... yes
checking minix/config.h usability... no
checking minix/config.h presence... no
checking for minix/config.h... no
checking whether it is safe to define __EXTENSIONS__... yes
checking for a BSD-compatible install... /usr/bin/install -c
checking whether build environment is sane... yes
checking for a thread-safe mkdir -p... /usr/bin/mkdir -p
checking for gawk... gawk
checking whether make sets $(MAKE)... yes
checking for style of include used by make... GNU
checking whether make supports nested variables... yes
checking dependency style of gcc -std=gnu17... gcc3
checking build system type... x86_64-unknown-linux-gnu
checking host system type... x86_64-unknown-linux-gnu
checking how to print strings... printf
checking for a sed that does not truncate output... /usr/bin/sed
checking for fgrep... /usr/bin/grep -F
checking for ld used by gcc -std=gnu17... /home/linuxbrew/.linuxbrew/bin/ld
checking if the linker (/home/linuxbrew/.linuxbrew/bin/ld) is GNU ld... yes
checking for BSD- or MS-compatible name lister (nm)... /home/linuxbrew/.linuxbrew/bin/nm -B
checking the name lister (/home/linuxbrew/.linuxbrew/bin/nm -B) interface... BSD nm
checking whether ln -s works... yes
checking the maximum length of command line arguments... 1572864
checking how to convert x86_64-unknown-linux-gnu file names to x86_64-unknown-linux-gnu format... func_convert_file_noop
checking how to convert x86_64-unknown-linux-gnu file names to toolchain format... func_convert_file_noop
checking for /home/linuxbrew/.linuxbrew/bin/ld option to reload object files... -r
checking for objdump... objdump
checking how to recognize dependent libraries... pass_all
checking for dlltool... dlltool
checking how to associate runtime and link libraries... printf %s\n
checking for ar... ar
checking for archiver @FILE support... @
checking for strip... strip
checking for ranlib... ranlib
checking command to parse /home/linuxbrew/.linuxbrew/bin/nm -B output from gcc -std=gnu17 object... ok
checking for sysroot... no
checking for a working dd... /usr/bin/dd
checking how to truncate binary pipes... /usr/bin/dd bs=4096 count=1
checking for mt... no
checking if : is a manifest tool... no
checking for dlfcn.h... yes
checking for objdir... .libs
checking if gcc -std=gnu17 supports -fno-rtti -fno-exceptions... yes
checking for gcc -std=gnu17 option to produce PIC... -fPIC -DPIC
checking if gcc -std=gnu17 PIC flag -fPIC -DPIC works... yes
checking if gcc -std=gnu17 static flag -static works... yes
checking if gcc -std=gnu17 supports -c -o file.o... yes
checking if gcc -std=gnu17 supports -c -o file.o... (cached) yes
checking whether the gcc -std=gnu17 linker (/home/linuxbrew/.linuxbrew/bin/ld -m elf_x86_64) supports shared libraries... yes
checking dynamic linker characteristics... GNU/Linux ld.so
checking how to hardcode library paths into programs... immediate
checking whether stripping libraries is possible... yes
checking if libtool supports shared libraries... yes
checking whether to build shared libraries... no
checking whether to build static libraries... yes
checking whether make supports nested variables... (cached) yes
checking for gcc -std=gnu17 option to accept ISO C99... none needed
checking whether ln -s works... yes
checking for gawk... (cached) gawk
checking for nroff... /usr/bin/nroff
checking for tgetent in -lncurses... yes
checking if you want wide-character code... no
configure: WARNING: --enable-widec is deprecated, wide-character/UTF-8 is always enabled
checking for dirent.h that defines DIR... yes
checking for library containing opendir... none required
checking for ANSI C header files... (cached) yes
checking for sys/wait.h that is POSIX.1 compatible... yes
checking fcntl.h usability... yes
checking fcntl.h presence... yes
checking for fcntl.h... yes
checking limits.h usability... yes
checking limits.h presence... yes
checking for limits.h... yes
checking malloc.h usability... yes
checking malloc.h presence... yes
checking for malloc.h... yes
checking for stdlib.h... (cached) yes
checking for string.h... (cached) yes
checking sys/ioctl.h usability... yes
checking sys/ioctl.h presence... yes
checking for sys/ioctl.h... yes
checking sys/param.h usability... yes
checking sys/param.h presence... yes
checking for sys/param.h... yes
checking for unistd.h... (cached) yes
checking curses.h usability... yes
checking curses.h presence... yes
checking for curses.h... yes
checking ncurses.h usability... yes
checking ncurses.h presence... yes
checking for ncurses.h... yes
checking sys/cdefs.h usability... yes
checking sys/cdefs.h presence... yes
checking for sys/cdefs.h... yes
checking termcap.h usability... yes
checking termcap.h presence... yes
checking for termcap.h... yes
checking for ncurses.h... (cached) yes
checking termios.h usability... yes
checking termios.h presence... yes
checking for termios.h... yes
checking for term.h... yes
checking for struct dirent.d_namlen... no
checking for an ANSI C-conforming const... yes
checking for pid_t... yes
checking for size_t... yes
checking for u_int32_t... yes
checking whether closedir returns void... no
checking vfork.h usability... no
checking vfork.h presence... no
checking for vfork.h... no
checking for fork... yes
checking for vfork... yes
checking for working fork... yes
checking for working vfork... (cached) yes
checking whether gcc -std=gnu17 needs -traditional... no
checking return type of signal handlers... void
checking whether lstat correctly handles trailing slash... yes
checking whether stat accepts an empty string... no
checking for endpwent... yes
checking for isascii... yes
checking for memchr... yes
checking for memset... yes
checking for re_comp... yes
checking for regcomp... yes
checking for strcasecmp... yes
checking for strchr... yes
checking for strcspn... yes
checking for strdup... yes
checking for strerror... yes
checking for strrchr... yes
checking for strstr... yes
checking for strtol... yes
checking for issetugid... no
checking for wcsdup... yes
checking for strlcpy... no
checking for strlcat... no
checking for getline... yes
checking for vis... no
checking for strvis... no
checking for strunvis... no
checking for __secure_getenv... no
checking for secure_getenv... yes
checking for strlcpy... (cached) no
checking for strlcat... (cached) no
checking for vis... (cached) no
checking for unvis... no
checking whether getpwnam_r and getpwuid_r are posix like... yes
checking whether getpwnam_r and getpwuid_r are posix _draft_ like... no
checking that generated files are newer than configure... done
configure: creating ./config.status
config.status: creating Makefile
config.status: creating libedit.pc
config.status: creating src/Makefile
config.status: creating doc/Makefile
config.status: creating examples/Makefile
config.status: creating config.h
config.status: executing depfiles commands
config.status: executing libtool commands
[90/1456] Performing install step for 'libtbb'
[91/1456] Completed 'libtbb'
[92/1456] Performing build step for 'lz4'
[93/1456] No install step for 'lz4'
[94/1456] Completed 'lz4'
[95/1456] Performing build step for 'libedit'
[96/1456] Running utility command for pl_build
> Task :pl_server:generateGrammarSource

> Task :pl_server:compileJava
Note: Some input files use or override a deprecated API.
Note: Recompile with -Xlint:deprecation for details.
Note: Some input files use unchecked or unsafe operations.
Note: Recompile with -Xlint:unchecked for details.

> Task :pl_server:processResources
> Task :pl_server:classes
> Task :pl_server:jar
> Task :pl_server:startScripts
> Task :pl_server:distTar
> Task :pl_server:distZip
> Task :pl_server:assemble
> Task :pl_server:check
> Task :pl_server:build

BUILD SUCCESSFUL in 9s
7 actionable tasks: 7 executed
[97/1456] Performing install step for 'libedit'
[98/1456] Completed 'libedit'
[99/1456] Performing build step for 'libexpat'
[100/1456] Performing install step for 'libexpat'
[101/1456] Completed 'libexpat'
[102/1456] Performing download step (git clone) for 'catch2'
Cloning into 'catch2'...
HEAD is now at 255aa5f2 v2.11.3
[103/1456] Performing update step for 'catch2'
[104/1456] No patch step for 'catch2'
[105/1456] Performing configure step for 'catch2'
loading initial cache file /home/vimkim/gh/cb/pr7925-02-record-owner/build_preset_debug_gcc/unit_tests/catch2-prefix/tmp/catch2-cache-Debug.cmake
-- The CXX compiler identification is GNU 11.5.0
-- Detecting CXX compiler ABI info
-- Detecting CXX compiler ABI info - done
-- Check for working CXX compiler: /usr/lib64/ccache/g++ - skipped
-- Detecting CXX compile features
-- Detecting CXX compile features - done
-- Configuring done (0.2s)
-- Generating done (0.0s)
-- Build files have been written to: /home/vimkim/gh/cb/pr7925-02-record-owner/build_preset_debug_gcc/unit_tests/catch2-prefix/src/catch2-build
[106/1456] Performing build step for 'catch2'
ninja: no work to do.
[107/1456] No install step for 'catch2'
[108/1456] Completed 'catch2'
[109/1456] Performing configure step for 'libodbc'
[110/1456] Performing download step (download, verify and extract) for 'libopenssl'
-- Downloading...
   dst='/home/vimkim/gh/cb/pr7925-02-record-owner/build_preset_debug_gcc/3rdparty/Download/libopenssl/openssl-3.5.7.tar.gz'
   timeout='1800 seconds'
   inactivity timeout='60 seconds'
-- Using src='https://github.com/CUBRID/3rdparty/raw/develop/openssl/openssl-3.5.7.tar.gz'
-- verifying file...
       file='/home/vimkim/gh/cb/pr7925-02-record-owner/build_preset_debug_gcc/3rdparty/Download/libopenssl/openssl-3.5.7.tar.gz'
-- Downloading... done
-- extracting...
     src='/home/vimkim/gh/cb/pr7925-02-record-owner/build_preset_debug_gcc/3rdparty/Download/libopenssl/openssl-3.5.7.tar.gz'
     dst='/home/vimkim/gh/cb/pr7925-02-record-owner/build_preset_debug_gcc/3rdparty/Source/libopenssl'
-- extracting... [tar xfz]
-- extracting... [analysis]
-- extracting... [rename]
-- extracting... [clean up]
-- extracting... done
[111/1456] No update step for 'libopenssl'
[112/1456] Checking Perl prerequisites for the OpenSSL build
[113/1456] No patch step for 'libopenssl'
[114/1456] Performing build step for 'libodbc'
[115/1456] Performing install step for 'libodbc'
[116/1456] Completed 'libodbc'
[117/1456] Performing configure step for 'libopenssl'
[118/1456] Performing build step for 'libopenssl'
[119/1456] Performing install step for 'libopenssl'
[120/1456] Completed 'libopenssl'
[121/1456] Building CXX object sa/CMakeFiles/cubridsa.dir/__/src/base/dynamic_array.c.o
[122/1456] Building CXX object sa/CMakeFiles/cubridsa.dir/__/src/compat/db_function.cpp.o
[123/1456] Building CXX object sa/CMakeFiles/cubridsa.dir/__/src/base/chartype.c.o
[124/1456] Building CXX object sa/CMakeFiles/cubridsa.dir/__/src/base/get_clock_freq.c.o
[125/1456] Building CXX object sa/CMakeFiles/cubridsa.dir/__/src/sp/pl_file.c.o
[126/1456] Building CXX object sa/CMakeFiles/cubridsa.dir/__/src/base/sha1.c.o
[127/1456] Building CXX object sa/CMakeFiles/cubridsa.dir/__/src/base/process_util.c.o
[128/1456] Building CXX object sa/CMakeFiles/cubridsa.dir/__/src/base/dtoa.c.o
[129/1456] Building CXX object sa/CMakeFiles/cubridsa.dir/__/src/base/porting.c.o
[130/1456] Building CXX object sa/CMakeFiles/cubridsa.dir/__/src/base/bit.c.o
[131/1456] Building CXX object sa/CMakeFiles/cubridsa.dir/__/src/base/release_string.c.o
[132/1456] Building CXX object sa/CMakeFiles/cubridsa.dir/__/src/base/hide_password.cpp.o
[133/1456] Building CXX object sa/CMakeFiles/cubridsa.dir/__/src/base/mprec.c.o
[134/1456] Building CXX object sa/CMakeFiles/cubridsa.dir/__/src/base/ini_parser.c.o
[135/1456] Building CXX object sa/CMakeFiles/cubridsa.dir/__/src/base/message_catalog.c.o
[136/1456] Building CXX object sa/CMakeFiles/cubridsa.dir/__/src/base/pinning.cpp.o
[137/1456] Building CXX object sa/CMakeFiles/cubridsa.dir/__/src/base/cubrid_getopt_long.c.o
[138/1456] Building CXX object sa/CMakeFiles/cubridsa.dir/__/src/base/xml_parser.c.o
[139/1456] Building CXX object sa/CMakeFiles/cubridsa.dir/__/src/base/variable_string.c.o
[140/1456] Building CXX object sa/CMakeFiles/cubridsa.dir/__/src/base/environment_variable.c.o
[141/1456] Building CXX object sa/CMakeFiles/cubridsa.dir/__/src/base/misc_string.c.o
[142/1456] Building CXX object sa/CMakeFiles/cubridsa.dir/__/src/base/tsc_timer.c.o
[143/1456] Building CXX object sa/CMakeFiles/cubridsa.dir/__/src/base/unicode_support.c.o
[144/1456] Building CXX object sa/CMakeFiles/cubridsa.dir/__/src/base/perf.cpp.o
[145/1456] Building CXX object sa/CMakeFiles/cubridsa.dir/__/src/base/fixed_alloc.c.o
[146/1456] Building CXX object sa/CMakeFiles/cubridsa.dir/__/src/base/memory_private_allocator.cpp.o
[147/1456] Building CXX object sa/CMakeFiles/cubridsa.dir/__/src/base/printer.cpp.o
[148/1456] Building CXX object sa/CMakeFiles/cubridsa.dir/__/src/base/uca_support.c.o
[149/1456] Building CXX object sa/CMakeFiles/cubridsa.dir/__/src/base/util_func.c.o
[150/1456] Building CXX object sa/CMakeFiles/cubridsa.dir/__/src/base/mem_block.cpp.o
[151/1456] Building CXX object sa/CMakeFiles/cubridsa.dir/__/src/base/error_context.cpp.o
[152/1456] Building CXX object sa/CMakeFiles/cubridsa.dir/__/src/base/lockfree_transaction_system.cpp.o
[153/1456] Building C object sa/CMakeFiles/cubridsa.dir/__/src/compat/dbtype_function.c.o
[154/1456] Building CXX object sa/CMakeFiles/cubridsa.dir/__/src/base/intl_support.c.o
[155/1456] Building CXX object sa/CMakeFiles/cubridsa.dir/__/src/base/filesys_temp.cpp.o
[156/1456] Building CXX object sa/CMakeFiles/cubridsa.dir/__/src/base/pinnable_buffer.cpp.o
[157/1456] Building CXX object sa/CMakeFiles/cubridsa.dir/__/src/base/stack_dump.c.o
[158/1456] Building CXX object sa/CMakeFiles/cubridsa.dir/__/src/compat/cnv.c.o
[159/1456] Building CXX object sa/CMakeFiles/cubridsa.dir/__/src/executables/extract_schema.cpp.o
[160/1456] Building CXX object sa/CMakeFiles/cubridsa.dir/__/src/base/base64.c.o
[161/1456] Building CXX object sa/CMakeFiles/cubridsa.dir/__/src/compat/db_json_types_internal.cpp.o
[162/1456] Building CXX object sa/CMakeFiles/cubridsa.dir/__/src/base/encryption.c.o
[163/1456] Building CXX object sa/CMakeFiles/cubridsa.dir/__/src/base/string_buffer.cpp.o
[164/1456] Building CXX object sa/CMakeFiles/cubridsa.dir/__/src/base/databases_file.c.o
[165/1456] Building CXX object sa/CMakeFiles/cubridsa.dir/__/src/base/packer.cpp.o
[166/1456] Building CXX object sa/CMakeFiles/cubridsa.dir/__/src/sp/pl_comm.c.o
[167/1456] Building CXX object sa/CMakeFiles/cubridsa.dir/__/src/base/binaryheap.c.o
[168/1456] Building CXX object sa/CMakeFiles/cubridsa.dir/__/src/executables/csql_result.c.o
[169/1456] Building CXX object sa/CMakeFiles/cubridsa.dir/__/src/executables/file_hash.c.o
[170/1456] Building CXX object sa/CMakeFiles/cubridsa.dir/__/src/base/lockfree_transaction_descriptor.cpp.o
[171/1456] Building CXX object sa/CMakeFiles/cubridsa.dir/__/src/base/locale_helper.cpp.o
[172/1456] Building CXX object sa/CMakeFiles/cubridsa.dir/__/src/base/perf_monitor_trackers.cpp.o
[173/1456] Building CXX object sa/CMakeFiles/cubridsa.dir/__/src/base/lockfree_transaction_table.cpp.o
[174/1456] Building CXX object sa/CMakeFiles/cubridsa.dir/__/src/base/error_manager.c.o
[175/1456] Building CXX object sa/CMakeFiles/cubridsa.dir/__/src/base/fileline_location.cpp.o
[176/1456] Building CXX object sa/CMakeFiles/cubridsa.dir/__/src/base/lock_free.c.o
[177/1456] Building CXX object sa/CMakeFiles/cubridsa.dir/__/src/base/lockfree_bitmap.cpp.o
[178/1456] Building CXX object sa/CMakeFiles/cubridsa.dir/__/src/base/fault_injection.c.o
[179/1456] Building CXX object sa/CMakeFiles/cubridsa.dir/__/src/compat/db_json_allocator.cpp.o
[180/1456] Building CXX object sa/CMakeFiles/cubridsa.dir/__/src/base/ifsys.cpp.o
[181/1456] Building CXX object sa/CMakeFiles/cubridsa.dir/__/src/base/resource_tracker.cpp.o
[182/1456] Building CXX object sa/CMakeFiles/cubridsa.dir/__/src/heaplayers/lea_heap.c.o
[183/1456] Building CXX object sa/CMakeFiles/cubridsa.dir/__/src/storage/overflow_file.c.o
[184/1456] Building CXX object sa/CMakeFiles/cubridsa.dir/__/src/base/dynamic_load.c.o
[185/1456] Building CXX object sa/CMakeFiles/cubridsa.dir/__/src/base/locale_support.c.o
[186/1456] Building CXX object cs/CMakeFiles/cubridcs.dir/__/src/compat/cnv.c.o
[187/1456] Building CXX object sa/CMakeFiles/cubridsa.dir/__/src/connection/connection_less.cpp.o
[188/1456] Building CXX object sa/CMakeFiles/cubridsa.dir/__/src/heaplayers/customheaps.cpp.o
[189/1456] Building CXX object sa/CMakeFiles/cubridsa.dir/__/src/base/lockfree_hashmap.cpp.o
[190/1456] Building CXX object sa/CMakeFiles/cubridsa.dir/__/src/base/json_builder.cpp.o
[191/1456] Building CXX object sa/CMakeFiles/cubridsa.dir/__/src/connection/connection_list_cl.cpp.o
[192/1456] Building CXX object sa/CMakeFiles/cubridsa.dir/__/src/compat/db_elo.c.o
[193/1456] Building CXX object sa/CMakeFiles/cubridsa.dir/__/src/base/area_alloc.c.o
[194/1456] Building CXX object sa/CMakeFiles/cubridsa.dir/__/src/base/filesys_parser.cpp.o
[195/1456] Building CXX object sa/CMakeFiles/cubridsa.dir/__/src/connection/host_lookup.c.o
[196/1456] Building CXX object sa/CMakeFiles/cubridsa.dir/__/src/connection/tcp.c.o
[197/1456] Building CXX object sa/CMakeFiles/cubridsa.dir/__/src/base/memory_alloc.c.o
[198/1456] Building CXX object sa/CMakeFiles/cubridsa.dir/__/src/sp/pl_signature.cpp.o
[199/1456] Building CXX object sa/CMakeFiles/cubridsa.dir/__/src/connection/connection_globals.c.o
[200/1456] Building CXX object sa/CMakeFiles/cubridsa.dir/__/src/compat/db_macro.c.o
[201/1456] Building CXX object sa/CMakeFiles/cubridsa.dir/__/src/executables/csql_result_format.c.o
[202/1456] Building CXX object sa/CMakeFiles/cubridsa.dir/__/src/base/memory_hash.c.o
[203/1456] Building CXX object sa/CMakeFiles/cubridsa.dir/__/src/compat/db_set.c.o
[204/1456] Building CXX object sa/CMakeFiles/cubridsa.dir/__/src/communication/network_histogram.cpp.o
[205/1456] Building CXX object sa/CMakeFiles/cubridsa.dir/__/src/executables/csql_support.c.o
[206/1456] Building C object sa/CMakeFiles/cubridsa.dir/__/csql_lexer.c.o
[207/1456] Building CXX object sa/CMakeFiles/cubridsa.dir/__/src/compat/db_date.c.o
[208/1456] Building CXX object sa/CMakeFiles/cubridsa.dir/__/src/base/cgroup.cpp.o
[209/1456] Building CXX object sa/CMakeFiles/cubridsa.dir/__/src/compat/db_old.c.o
[210/1456] Building CXX object sa/CMakeFiles/cubridsa.dir/__/src/executables/util_common.c.o
[211/1456] Building CXX object sa/CMakeFiles/cubridsa.dir/__/src/monitor/monitor_statistic.cpp.o
[212/1456] Building CXX object sa/CMakeFiles/cubridsa.dir/__/src/compat/db_value_printer.cpp.o
[213/1456] Building CXX object sa/CMakeFiles/cubridsa.dir/__/src/connection/connection_cl.cpp.o
[214/1456] Building CXX object sa/CMakeFiles/cubridsa.dir/__/src/communication/network_callback_sr.cpp.o
[215/1456] Building CXX object sa/CMakeFiles/cubridsa.dir/__/src/base/ddl_log.c.o
[216/1456] Building CXX object sa/CMakeFiles/cubridsa.dir/__/src/compat/db_temp.c.o
[217/1456] Building CXX object sa/CMakeFiles/cubridsa.dir/__/src/compat/db_obj.c.o
[218/1456] Building CXX object sa/CMakeFiles/cubridsa.dir/__/src/method/method_struct_query.cpp.o
[219/1456] Building CXX object sa/CMakeFiles/cubridsa.dir/__/src/compat/db_virt.c.o
[220/1456] Building CXX object sa/CMakeFiles/cubridsa.dir/__/src/base/resources.cpp.o
[221/1456] Building CXX object sa/CMakeFiles/cubridsa.dir/__/src/executables/unloaddb.c.o
[222/1456] Building CXX object sa/CMakeFiles/cubridsa.dir/__/src/executables/compactdb_common.c.o
[223/1456] Building CXX object sa/CMakeFiles/cubridsa.dir/__/src/method/method_struct_parameter_info.cpp.o
[224/1456] Building CXX object sa/CMakeFiles/cubridsa.dir/__/src/compat/db_class.c.o
[225/1456] Building CXX object sa/CMakeFiles/cubridsa.dir/__/src/method/method_error.cpp.o
[226/1456] Building CXX object sa/CMakeFiles/cubridsa.dir/__/src/sp/pl_compile_handler.cpp.o
[227/1456] Building CXX object sa/CMakeFiles/cubridsa.dir/__/src/base/language_support.c.o
[228/1456] Building CXX object sa/CMakeFiles/cubridsa.dir/__/src/compat/db_method_static.cpp.o
[229/1456] Building CXX object sa/CMakeFiles/cubridsa.dir/__/src/compat/db_info.c.o
[230/1456] Building CXX object sa/CMakeFiles/cubridsa.dir/__/src/connection/connection_support.cpp.o
[231/1456] Building CXX object sa/CMakeFiles/cubridsa.dir/__/src/executables/unload_object_file.c.o
[232/1456] Building CXX object sa/CMakeFiles/cubridsa.dir/__/src/sp/pl_connection.cpp.o
[233/1456] Building CXX object sa/CMakeFiles/cubridsa.dir/__/src/executables/csql_session.c.o
[234/1456] Building CXX object sa/CMakeFiles/cubridsa.dir/__/src/compat/db_query.c.o
[235/1456] Building CXX object sa/CMakeFiles/cubridsa.dir/__/src/compat/db_json_path.cpp.o
[236/1456] Building CXX object sa/CMakeFiles/cubridsa.dir/__/src/executables/unload_object.c.o
[237/1456] Building CXX object sa/CMakeFiles/cubridsa.dir/__/src/sp/pl_sr.cpp.o
[238/1456] Building CXX object sa/CMakeFiles/cubridsa.dir/__/src/executables/csql.c.o
[239/1456] Building CXX object sa/CMakeFiles/cubridsa.dir/__/src/method/method_struct_invoke.cpp.o
[240/1456] Building CXX object sa/CMakeFiles/cubridsa.dir/__/src/sp/pl_struct_compile.cpp.o
[241/1456] Building CXX object sa/CMakeFiles/cubridsa.dir/__/src/executables/compactdb.c.o
[242/1456] Building CXX object sa/CMakeFiles/cubridsa.dir/__/src/monitor/monitor_registration.cpp.o
[243/1456] Building CXX object sa/CMakeFiles/cubridsa.dir/__/src/base/perf_monitor.c.o
[244/1456] Building CXX object sa/CMakeFiles/cubridsa.dir/__/src/method/method_struct_oid_info.cpp.o
[245/1456] Building CXX object sa/CMakeFiles/cubridsa.dir/__/src/parser/double_byte_support.c.o
[246/1456] Building CXX object sa/CMakeFiles/cubridsa.dir/__/src/compat/db_vdb.c.o
[247/1456] Building CXX object sa/CMakeFiles/cubridsa.dir/__/src/executables/util_cs.c.o
[248/1456] Building CXX object sa/CMakeFiles/cubridsa.dir/__/src/base/object_representation_sr.c.o
[249/1456] Building CXX object sa/CMakeFiles/cubridsa.dir/__/src/communication/network_callback_cl.cpp.o
[250/1456] Building CXX object sa/CMakeFiles/cubridsa.dir/__/src/method/method_query_util.cpp.o
[251/1456] Building CXX object sa/CMakeFiles/cubridsa.dir/__/src/object/lob_locator.cpp.o
[252/1456] Building CXX object sa/CMakeFiles/cubridsa.dir/__/src/method/method_oid_handler.cpp.o
[253/1456] Building CXX object sa/CMakeFiles/cubridsa.dir/__/src/monitor/monitor_collect.cpp.o
[254/1456] Building CXX object sa/CMakeFiles/cubridsa.dir/__/src/compat/db_admin.c.o
[255/1456] Building CXX object sa/CMakeFiles/cubridsa.dir/__/src/connection/client_support.cpp.o
[256/1456] Building CXX object sa/CMakeFiles/cubridsa.dir/__/src/object/object_print_util.cpp.o
[257/1456] Building CXX object sa/CMakeFiles/cubridsa.dir/__/src/base/system_parameter.c.o
[258/1456] Building CXX object sa/CMakeFiles/cubridsa.dir/__/src/object/identifier_store.cpp.o
[259/1456] Building CXX object sa/CMakeFiles/cubridsa.dir/__/src/object/quick_fit.c.o
[260/1456] Building CXX object sa/CMakeFiles/cubridsa.dir/__/src/executables/unload_schema.c.o
[261/1456] Building CXX object sa/CMakeFiles/cubridsa.dir/__/src/monitor/monitor_transaction.cpp.o
[262/1456] Building CXX object sa/CMakeFiles/cubridsa.dir/__/src/base/tz_compile.c.o
[263/1456] Building CXX object sa/CMakeFiles/cubridsa.dir/__/src/object/elo.c.o
[264/1456] Building CXX object sa/CMakeFiles/cubridsa.dir/__/src/executables/util_sa.c.o
[265/1456] Building CXX object sa/CMakeFiles/cubridsa.dir/__/src/object/schema_information_schema.cpp.o
[266/1456] Building CXX object sa/CMakeFiles/cubridsa.dir/__/src/parser/compile.c.o
[267/1456] Building CXX object sa/CMakeFiles/cubridsa.dir/__/src/sp/pl_query_cursor.cpp.o
[268/1456] Building CXX object sa/CMakeFiles/cubridsa.dir/__/src/query/dblink_2pc_daemon.c.o
[269/1456] Building CXX object sa/CMakeFiles/cubridsa.dir/__/src/optimizer/query_bitset.c.o
[270/1456] Building CXX object sa/CMakeFiles/cubridsa.dir/__/src/base/tz_support.c.o
[271/1456] Building CXX object sa/CMakeFiles/cubridsa.dir/__/src/sp/jsp_cl.cpp.o
[272/1456] Building CXX object sa/CMakeFiles/cubridsa.dir/__/src/sp/method_invoke_group.cpp.o
[273/1456] Building CXX object sa/CMakeFiles/cubridsa.dir/__/src/query/parallel/px_scan/px_scan_instnum.cpp.o
[274/1456] Building CXX object sa/CMakeFiles/cubridsa.dir/__/src/query/dblink_global_tran_catalog.c.o
[275/1456] Building CXX object sa/CMakeFiles/cubridsa.dir/__/src/method/method_struct_value.cpp.o
[276/1456] Building CXX object sa/CMakeFiles/cubridsa.dir/__/src/sp/sp_code.cpp.o
[277/1456] Building CXX object sa/CMakeFiles/cubridsa.dir/__/src/object/schema_information_schema_definition.cpp.o
[278/1456] Building CXX object sa/CMakeFiles/cubridsa.dir/__/src/query/parallel/px_scan/px_scan_checker.cpp.o
[279/1456] Building CXX object sa/CMakeFiles/cubridsa.dir/__/src/sp/pl_execution_stack_context.cpp.o
[280/1456] Building CXX object sa/CMakeFiles/cubridsa.dir/__/src/object/transform.c.o
[281/1456] Building CXX object sa/CMakeFiles/cubridsa.dir/__/src/method/method_query_handler.cpp.o
[282/1456] Building CXX object sa/CMakeFiles/cubridsa.dir/__/src/communication/network_interface_cl.c.o
[283/1456] Building CXX object sa/CMakeFiles/cubridsa.dir/__/src/method/method_scan.cpp.o
[284/1456] Building CXX object sa/CMakeFiles/cubridsa.dir/__/src/object/authenticate_password.cpp.o
[285/1456] Building CXX object sa/CMakeFiles/cubridsa.dir/__/src/object/authenticate_owner.cpp.o
[286/1456] Building CXX object sa/CMakeFiles/cubridsa.dir/__/src/query/parallel/px_query_execute/px_query_checker.cpp.o
[287/1456] Building CXX object sa/CMakeFiles/cubridsa.dir/__/src/object/authenticate_access_class.cpp.o
[288/1456] Building CXX object sa/CMakeFiles/cubridsa.dir/__/src/object/authenticate_cache.cpp.o
[289/1456] Building CXX object sa/CMakeFiles/cubridsa.dir/__/src/object/authenticate_access_auth.cpp.o
[290/1456] Building CXX object sa/CMakeFiles/cubridsa.dir/__/src/object/authenticate.c.o
[291/1456] Building CXX object sa/CMakeFiles/cubridsa.dir/__/src/object/authenticate_migration.cpp.o
[292/1456] Building CXX object sa/CMakeFiles/cubridsa.dir/__/src/sp/pl_executor.cpp.o
[293/1456] Building CXX object sa/CMakeFiles/cubridsa.dir/__/src/object/authenticate_access_user.cpp.o
[294/1456] Building CXX object sa/CMakeFiles/cubridsa.dir/__/src/object/class_description.cpp.o
[295/1456] Building CXX object sa/CMakeFiles/cubridsa.dir/__/src/object/authenticate_context.cpp.o
[296/1456] Building CXX object sa/CMakeFiles/cubridsa.dir/__/src/object/authenticate_grant.cpp.o
[297/1456] Building CXX object sa/CMakeFiles/cubridsa.dir/__/src/object/deduplicate_key.c.o
[298/1456] Building CXX object sa/CMakeFiles/cubridsa.dir/__/src/sp/pl_session.cpp.o
[299/1456] Building CXX object sa/CMakeFiles/cubridsa.dir/__/src/object/schema_system_catalog_definition.cpp.o
[300/1456] Building CXX object sa/CMakeFiles/cubridsa.dir/__/src/object/schema_system_catalog_install_query_spec.cpp.o
[301/1456] Building CXX object sa/CMakeFiles/cubridsa.dir/__/src/query/crypt_opfunc.c.o
[302/1456] Building CXX object sa/CMakeFiles/cubridsa.dir/__/src/object/object_description.cpp.o
[303/1456] Building CXX object sa/CMakeFiles/cubridsa.dir/__/src/object/object_printer.cpp.o
[304/1456] Building CXX object sa/CMakeFiles/cubridsa.dir/__/src/method/query_method.cpp.o
[305/1456] Building CXX object sa/CMakeFiles/cubridsa.dir/__/src/object/schema_system_catalog.cpp.o
[306/1456] Building CXX object sa/CMakeFiles/cubridsa.dir/__/src/compat/db_json.cpp.o
[307/1456] Building CXX object sa/CMakeFiles/cubridsa.dir/__/src/object/object_representation.c.o
[308/1456] Building CXX object sa/CMakeFiles/cubridsa.dir/__/src/object/schema_system_catalog_builder.cpp.o
[309/1456] Building CXX object sa/CMakeFiles/cubridsa.dir/__/src/method/method_callback.cpp.o
[310/1456] Building CXX object sa/CMakeFiles/cubridsa.dir/__/src/object/schema_information_schema_install_query_spec.cpp.o
[311/1456] Building CXX object sa/CMakeFiles/cubridsa.dir/__/src/object/trigger_description.cpp.o
[312/1456] Building CXX object sa/CMakeFiles/cubridsa.dir/__/src/object/object_print.c.o
[313/1456] Building CXX object sa/CMakeFiles/cubridsa.dir/__/src/object/class_object.c.o
[314/1456] Building CXX object sa/CMakeFiles/cubridsa.dir/__/src/object/schema_information_schema_builder.cpp.o
[315/1456] Building CXX object sa/CMakeFiles/cubridsa.dir/__/src/optimizer/rewriter/query_rewrite_auto_parameterize.c.o
[316/1456] Building CXX object sa/CMakeFiles/cubridsa.dir/__/src/object/object_template.c.o
[317/1456] Building CXX object sa/CMakeFiles/cubridsa.dir/__/src/object/schema_template.c.o
[318/1456] Building CXX object sa/CMakeFiles/cubridsa.dir/__/src/object/object_accessor.c.o
[319/1456] Building CXX object sa/CMakeFiles/cubridsa.dir/__/src/object/schema_class_truncator.cpp.o
[320/1456] Building CXX object sa/CMakeFiles/cubridsa.dir/__/src/object/virtual_object.c.o
[321/1456] Building CXX object sa/CMakeFiles/cubridsa.dir/__/src/optimizer/rewriter/query_rewrite_subquery.c.o
[322/1456] Building CXX object sa/CMakeFiles/cubridsa.dir/__/src/object/transform_cl.c.o
[323/1456] Building CXX object sa/CMakeFiles/cubridsa.dir/__/src/optimizer/rewriter/query_rewrite.c.o
[324/1456] Building CXX object sa/CMakeFiles/cubridsa.dir/__/src/optimizer/rewriter/query_rewrite_set.c.o
[325/1456] Building CXX object sa/CMakeFiles/cubridsa.dir/__/src/object/set_object.c.o
[326/1456] Building CXX object sa/CMakeFiles/cubridsa.dir/__/src/optimizer/rewriter/query_rewrite_select.c.o
[327/1456] Building CXX object sa/CMakeFiles/cubridsa.dir/__/src/object/work_space.c.o
[328/1456] Building CXX object sa/CMakeFiles/cubridsa.dir/__/src/query/qfile_tuple_layout.c.o
[329/1456] Building CXX object sa/CMakeFiles/cubridsa.dir/__/src/object/trigger_manager.c.o
[330/1456] Building CXX object sa/CMakeFiles/cubridsa.dir/__/src/optimizer/rewriter/query_rewrite_term.c.o
[331/1456] Building CXX object sa/CMakeFiles/cubridsa.dir/__/src/query/numeric_opfunc.c.o
[332/1456] Building CXX object sa/CMakeFiles/cubridsa.dir/__/src/object/object_domain.c.o
[333/1456] Building CXX object sa/CMakeFiles/cubridsa.dir/__/src/query/cursor.c.o
[334/1456] Building CXX object sa/CMakeFiles/cubridsa.dir/__/src/object/schema_manager.c.o
[335/1456] Building CXX object sa/CMakeFiles/cubridsa.dir/__/src/object/schema_information_schema_install.cpp.o
[336/1456] Building CXX object sa/CMakeFiles/cubridsa.dir/__/src/object/object_primitive.c.o
[337/1456] Building CXX object sa/CMakeFiles/cubridsa.dir/__/src/query/dblink_2pc.c.o
[338/1456] Building CXX object sa/CMakeFiles/cubridsa.dir/__/src/query/string_regex_re2.cpp.o
[339/1456] Building CXX object sa/CMakeFiles/cubridsa.dir/__/src/transaction/lock_table.c.o
[340/1456] Building CXX object sa/CMakeFiles/cubridsa.dir/__/src/thread/critical_section_tracker.cpp.o
[341/1456] Building CXX object sa/CMakeFiles/cubridsa.dir/__/src/sp/sp_catalog.cpp.o
[342/1456] Building CXX object sa/CMakeFiles/cubridsa.dir/__/src/query/arithmetic.c.o
[343/1456] Building CXX object sa/CMakeFiles/cubridsa.dir/__/src/object/schema_system_catalog_install.cpp.o
[344/1456] Building CXX object sa/CMakeFiles/cubridsa.dir/__/src/optimizer/plan_generation.c.o
[345/1456] Building CXX object sa/CMakeFiles/cubridsa.dir/__/src/transaction/client_credentials.cpp.o
[346/1456] Building CXX object sa/CMakeFiles/cubridsa.dir/__/src/query/vacuum_oos.cpp.o
[347/1456] Building CXX object sa/CMakeFiles/cubridsa.dir/__/src/transaction/log_lsa.cpp.o
[348/1456] Building CXX object sa/CMakeFiles/cubridsa.dir/__/src/query/dblink_scan.c.o
[349/1456] Building CXX object sa/CMakeFiles/cubridsa.dir/__/src/query/regu_var.cpp.o
[350/1456] Building CXX object sa/CMakeFiles/cubridsa.dir/__/src/query/filter_pred_cache.c.o
[351/1456] Building CXX object sa/CMakeFiles/cubridsa.dir/__/src/optimizer/query_graph.c.o
[352/1456] Building CXX object sa/CMakeFiles/cubridsa.dir/__/src/transaction/locator.c.o
[353/1456] Building CXX object sa/CMakeFiles/cubridsa.dir/__/src/optimizer/query_planner.c.o
[354/1456] Building CXX object sa/CMakeFiles/cubridsa.dir/__/src/query/query_cl.c.o
[355/1456] Building CXX object sa/CMakeFiles/cubridsa.dir/__/src/query/query_reevaluation.cpp.o
[356/1456] Building CXX object sa/CMakeFiles/cubridsa.dir/__/src/query/query_dump.c.o
[357/1456] Building CXX object sa/CMakeFiles/cubridsa.dir/__/src/query/query_hash_join.c.o
[358/1456] Building CXX object sa/CMakeFiles/cubridsa.dir/__/src/query/fetch.c.o
[359/1456] Building CXX object sa/CMakeFiles/cubridsa.dir/__/src/query/string_regex.cpp.o
[360/1456] Building CXX object sa/CMakeFiles/cubridsa.dir/__/src/query/partition.c.o
[361/1456] Building CXX object sa/CMakeFiles/cubridsa.dir/__/src/query/list_file.c.o
[362/1456] Building CXX object sa/CMakeFiles/cubridsa.dir/__/src/query/query_analytic.cpp.o
[363/1456] Building CXX object sa/CMakeFiles/cubridsa.dir/__/src/query/query_hash_scan.c.o
[364/1456] Building CXX object sa/CMakeFiles/cubridsa.dir/__/src/query/query_aggregate.cpp.o
[365/1456] Building CXX object sa/CMakeFiles/cubridsa.dir/__/src/transaction/wait_for_graph.c.o
[366/1456] Building CXX object sa/CMakeFiles/cubridsa.dir/__/src/query/query_evaluator.c.o
[367/1456] Building CXX object sa/CMakeFiles/cubridsa.dir/__/src/transaction/mvcc.c.o
[368/1456] Building CXX object sa/CMakeFiles/cubridsa.dir/__/src/transaction/log_recovery_redo.cpp.o
[369/1456] Building CXX object sa/CMakeFiles/cubridsa.dir/__/src/parser/cnf.c.o
[370/1456] Building CXX object sa/CMakeFiles/cubridsa.dir/__/src/thread/thread_entry_task.cpp.o
[371/1456] Building CXX object sa/CMakeFiles/cubridsa.dir/__/src/query/scan_json_table.cpp.o
[372/1456] Building CXX object sa/CMakeFiles/cubridsa.dir/__/src/parser/keyword.c.o
[373/1456] Building CXX object sa/CMakeFiles/cubridsa.dir/__/src/parser/parser_allocator.cpp.o
[374/1456] Building CXX object sa/CMakeFiles/cubridsa.dir/__/src/transaction/log_comm.c.o
[375/1456] Building CXX object sa/CMakeFiles/cubridsa.dir/__/src/parser/parse_tree.c.o
[376/1456] Building CXX object sa/CMakeFiles/cubridsa.dir/__/src/parser/parse_type.cpp.o
[377/1456] Building CXX object sa/CMakeFiles/cubridsa.dir/__/src/query/set_scan.c.o
[378/1456] Building CXX object sa/CMakeFiles/cubridsa.dir/__/src/thread/thread_manager.cpp.o
[379/1456] Building CXX object sa/CMakeFiles/cubridsa.dir/__/src/parser/method_transform.c.o
[380/1456] Building CXX object sa/CMakeFiles/cubridsa.dir/__/src/query/query_manager.c.o
[381/1456] Building CXX object sa/CMakeFiles/cubridsa.dir/__/src/thread/thread_lockfree_hash_map.cpp.o
[382/1456] Building CXX object sa/CMakeFiles/cubridsa.dir/__/src/query/subquery_cache.c.o
[383/1456] Building CXX object sa/CMakeFiles/cubridsa.dir/__/src/storage/byte_order.c.o
[384/1456] Building CXX object sa/CMakeFiles/cubridsa.dir/__/src/query/show_scan.c.o
[385/1456] Building CXX object sa/CMakeFiles/cubridsa.dir/__/src/query/execute_schema.c.o
[386/1456] Building CXX object sa/CMakeFiles/cubridsa.dir/__/src/storage/es_owfs.c.o
[387/1456] Building CXX object sa/CMakeFiles/cubridsa.dir/__/src/parser/show_meta.c.o
[388/1456] Building CXX object sa/CMakeFiles/cubridsa.dir/__/src/transaction/log_append.cpp.o
[389/1456] Building CXX object sa/CMakeFiles/cubridsa.dir/__/src/transaction/log_2pc.c.o
[390/1456] Building CXX object sa/CMakeFiles/cubridsa.dir/__/src/parser/scanner_support.c.o
[391/1456] Building CXX object sa/CMakeFiles/cubridsa.dir/__/src/transaction/log_global.c.o
[392/1456] Building CXX object sa/CMakeFiles/cubridsa.dir/__/src/parser/func_type.cpp.o
[393/1456] Building CXX object sa/CMakeFiles/cubridsa.dir/__/src/transaction/log_compress.c.o
[394/1456] Building CXX object sa/CMakeFiles/cubridsa.dir/__/src/parser/parse_evaluate.c.o
[395/1456] Building CXX object sa/CMakeFiles/cubridsa.dir/__/src/transaction/flashback.c.o
[396/1456] Building CXX object sa/CMakeFiles/cubridsa.dir/__/src/parser/xasl_regu_alloc.cpp.o
[397/1456] Building CXX object sa/CMakeFiles/cubridsa.dir/__/src/storage/es_posix.c.o
[398/1456] Building CXX object cs/CMakeFiles/cubridcs.dir/__/src/executables/extract_schema.cpp.o
[399/1456] Building CXX object sa/CMakeFiles/cubridsa.dir/__/src/query/xasl_to_stream.c.o
[400/1456] Building CXX object sa/CMakeFiles/cubridsa.dir/__/src/query/scan_manager.c.o
[401/1456] Building CXX object sa/CMakeFiles/cubridsa.dir/__/src/query/serial.c.o
[402/1456] Building CXX object sa/CMakeFiles/cubridsa.dir/__/src/query/stream_to_xasl.c.o
[403/1456] Building CXX object sa/CMakeFiles/cubridsa.dir/__/src/storage/es_common.c.o
[404/1456] Building CXX object sa/CMakeFiles/cubridsa.dir/__/src/query/query_opfunc.c.o
[405/1456] Building CXX object sa/CMakeFiles/cubridsa.dir/__/src/transaction/log_postpone_cache.cpp.o
[406/1456] Building CXX object sa/CMakeFiles/cubridsa.dir/__/src/query/memoize.cpp.o
[407/1456] Building CXX object cs/CMakeFiles/cubridcs.dir/__/src/executables/file_hash.c.o
[408/1456] Building CXX object sa/CMakeFiles/cubridsa.dir/__/src/storage/btree_unique.cpp.o
[409/1456] Building CXX object sa/CMakeFiles/cubridsa.dir/__/src/storage/oid.c.o
[410/1456] Building CXX object sa/CMakeFiles/cubridsa.dir/__/src/query/execute_statement.c.o
[411/1456] Building CXX object sa/CMakeFiles/cubridsa.dir/__/src/storage/statistics_ndv.c.o
[412/1456] Building CXX object sa/CMakeFiles/cubridsa.dir/__/src/transaction/log_system_tran.cpp.o
[413/1456] Building CXX object sa/CMakeFiles/cubridsa.dir/__/src/parser/parse_dbi.c.o
[414/1456] Building CXX object sa/CMakeFiles/cubridsa.dir/__/src/transaction/mvcc_active_tran.cpp.o
[415/1456] Building CXX object sa/CMakeFiles/cubridsa.dir/__/src/transaction/mvcc_table.cpp.o
[416/1456] Building CXX object sa/CMakeFiles/cubridsa.dir/__/src/parser/query_result.c.o
[417/1456] Building CXX object sa/CMakeFiles/cubridsa.dir/__/src/thread/thread_entry.cpp.o
[418/1456] Building CXX object sa/CMakeFiles/cubridsa.dir/__/src/parser/name_resolution.c.o
[419/1456] Building CXX object sa/CMakeFiles/cubridsa.dir/__/src/storage/oos_util.cpp.o
[420/1456] Building CXX object sa/CMakeFiles/cubridsa.dir/__/src/query/xasl_cache.c.o
[421/1456] Building CXX object sa/CMakeFiles/cubridsa.dir/__/src/storage/heap_pending_record.cpp.o
[422/1456] Building CXX object sa/CMakeFiles/cubridsa.dir/__/src/transaction/log_prior_inflight.cpp.o
[423/1456] Building CXX object sa/CMakeFiles/cubridsa.dir/__/src/transaction/replication.c.o
[424/1456] Building CXX object sa/CMakeFiles/cubridsa.dir/__/src/transaction/boot_cl.c.o
[425/1456] Building CXX object sa/CMakeFiles/cubridsa.dir/__/src/transaction/transaction_transient.cpp.o
[426/1456] Building CXX object sa/CMakeFiles/cubridsa.dir/__/src/query/vacuum.c.o
[427/1456] Building CXX object sa/CMakeFiles/cubridsa.dir/__/src/query/string_opfunc.c.o
[428/1456] Building CXX object sa/CMakeFiles/cubridsa.dir/__/src/xasl/xasl_unpack_info.cpp.o
[429/1456] Building CXX object sa/CMakeFiles/cubridsa.dir/__/src/storage/storage_common.c.o
[430/1456] Building CXX object sa/CMakeFiles/cubridsa.dir/__/src/parser/view_transform.c.o
[431/1456] Building CXX object sa/CMakeFiles/cubridsa.dir/__/src/parser/parser_support.c.o
[432/1456] Building CXX object sa/CMakeFiles/cubridsa.dir/__/src/query/string_regex_std.cpp.o
[433/1456] Building CXX object sa/CMakeFiles/cubridsa.dir/__/src/transaction/locator_cl.c.o
[434/1456] Building CXX object sa/CMakeFiles/cubridsa.dir/__/src/transaction/lock_manager.c.o
[435/1456] Building CXX object sa/CMakeFiles/cubridsa.dir/__/src/xasl/access_json_table.cpp.o
[436/1456] Building CXX object sa/CMakeFiles/cubridsa.dir/__/src/storage/record_descriptor.cpp.o
[437/1456] Building CXX object sa/CMakeFiles/cubridsa.dir/__/src/storage/ftab_set.cpp.o
[438/1456] Building CXX object sa/CMakeFiles/cubridsa.dir/__/src/transaction/log_recovery.c.o
[439/1456] Building CXX object sa/CMakeFiles/cubridsa.dir/__/src/transaction/boot_sr.c.o
[440/1456] Building CXX object sa/CMakeFiles/cubridsa.dir/__/src/transaction/log_writer.c.o
[441/1456] Building CXX object cs/CMakeFiles/cubridcs.dir/__/src/compat/db_function.cpp.o
[442/1456] Building CXX object sa/CMakeFiles/cubridsa.dir/__/src/loaddb/load_common.cpp.o
[443/1456] Building CXX object sa/CMakeFiles/cubridsa.dir/__/src/parser/semantic_check.c.o
[444/1456] Building CXX object sa/CMakeFiles/cubridsa.dir/__/load_lexer.cpp.o
[445/1456] Building CXX object sa/CMakeFiles/cubridsa.dir/__/src/transaction/transaction_cl.c.o
[446/1456] Building CXX object sa/CMakeFiles/cubridsa.dir/__/src/loaddb/load_driver.cpp.o
[447/1456] Building CXX object sa/CMakeFiles/cubridsa.dir/__/src/loaddb/load_semantic_helper.cpp.o
[448/1456] Building CXX object sa/CMakeFiles/cubridsa.dir/__/src/transaction/recovery.c.o
[449/1456] Building CXX object sa/CMakeFiles/cubridsa.dir/__/src/storage/es.c.o
[450/1456] Building CXX object sa/CMakeFiles/cubridsa.dir/__/src/transaction/transaction_sr.c.o
[451/1456] Building CXX object sa/CMakeFiles/cubridsa.dir/__/src/optimizer/histogram/histogram_reader.cpp.o
[452/1456] Building CXX object sa/CMakeFiles/cubridsa.dir/__/src/storage/double_write_buffer.cpp.o
[453/1456] Building CXX object sa/CMakeFiles/cubridsa.dir/__/src/optimizer/histogram/histogram_builder.cpp.o
[454/1456] Building CXX object cs/CMakeFiles/cubridcs.dir/__/src/executables/unload_object.c.o
[455/1456] Building C object sa/CMakeFiles/cubridsa.dir/__/csql_grammar.c.o
/home/vimkim/gh/cb/pr7925-02-record-owner/build_preset_debug_gcc/csql_grammar.c: In function ‘yyuserAction’:
/home/vimkim/gh/cb/pr7925-02-record-owner/build_preset_debug_gcc/csql_grammar.c:42611:80: warning: implicit conversion from ‘enum pt_currency_types’ to ‘DB_CURRENCY’ [-Wenum-conversion]
42611 |                             pt_value_set_monetary (this_parser, val, str, txt, PT_CURRENCY_YEN);
      |                                                                                ^~~~~~~~~~~~~~~
/home/vimkim/gh/cb/pr7925-02-record-owner/build_preset_debug_gcc/csql_grammar.c:42631:80: warning: implicit conversion from ‘enum pt_currency_types’ to ‘DB_CURRENCY’ [-Wenum-conversion]
42631 |                             pt_value_set_monetary (this_parser, val, str, txt, PT_CURRENCY_DOLLAR);
      |                                                                                ^~~~~~~~~~~~~~~~~~
/home/vimkim/gh/cb/pr7925-02-record-owner/build_preset_debug_gcc/csql_grammar.c:42651:80: warning: implicit conversion from ‘enum pt_currency_types’ to ‘DB_CURRENCY’ [-Wenum-conversion]
42651 |                             pt_value_set_monetary (this_parser, val, str, txt, PT_CURRENCY_WON);
      |                                                                                ^~~~~~~~~~~~~~~
/home/vimkim/gh/cb/pr7925-02-record-owner/build_preset_debug_gcc/csql_grammar.c:42671:80: warning: implicit conversion from ‘enum pt_currency_types’ to ‘DB_CURRENCY’ [-Wenum-conversion]
42671 |                             pt_value_set_monetary (this_parser, val, str, txt, PT_CURRENCY_TL);
      |                                                                                ^~~~~~~~~~~~~~
/home/vimkim/gh/cb/pr7925-02-record-owner/build_preset_debug_gcc/csql_grammar.c:42691:80: warning: implicit conversion from ‘enum pt_currency_types’ to ‘DB_CURRENCY’ [-Wenum-conversion]
42691 |                             pt_value_set_monetary (this_parser, val, str, txt, PT_CURRENCY_BRITISH_POUND);
      |                                                                                ^~~~~~~~~~~~~~~~~~~~~~~~~
/home/vimkim/gh/cb/pr7925-02-record-owner/build_preset_debug_gcc/csql_grammar.c:42710:80: warning: implicit conversion from ‘enum pt_currency_types’ to ‘DB_CURRENCY’ [-Wenum-conversion]
42710 |                             pt_value_set_monetary (this_parser, val, str, txt, PT_CURRENCY_CAMBODIAN_RIEL);
      |                                                                                ^~~~~~~~~~~~~~~~~~~~~~~~~~
/home/vimkim/gh/cb/pr7925-02-record-owner/build_preset_debug_gcc/csql_grammar.c:42729:80: warning: implicit conversion from ‘enum pt_currency_types’ to ‘DB_CURRENCY’ [-Wenum-conversion]
42729 |                             pt_value_set_monetary (this_parser, val, str, txt, PT_CURRENCY_CHINESE_RENMINBI);
      |                                                                                ^~~~~~~~~~~~~~~~~~~~~~~~~~~~
/home/vimkim/gh/cb/pr7925-02-record-owner/build_preset_debug_gcc/csql_grammar.c:42748:80: warning: implicit conversion from ‘enum pt_currency_types’ to ‘DB_CURRENCY’ [-Wenum-conversion]
42748 |                             pt_value_set_monetary (this_parser, val, str, txt, PT_CURRENCY_INDIAN_RUPEE);
      |                                                                                ^~~~~~~~~~~~~~~~~~~~~~~~
/home/vimkim/gh/cb/pr7925-02-record-owner/build_preset_debug_gcc/csql_grammar.c:42767:80: warning: implicit conversion from ‘enum pt_currency_types’ to ‘DB_CURRENCY’ [-Wenum-conversion]
42767 |                             pt_value_set_monetary (this_parser, val, str, txt, PT_CURRENCY_RUSSIAN_RUBLE);
      |                                                                                ^~~~~~~~~~~~~~~~~~~~~~~~~
/home/vimkim/gh/cb/pr7925-02-record-owner/build_preset_debug_gcc/csql_grammar.c:42786:80: warning: implicit conversion from ‘enum pt_currency_types’ to ‘DB_CURRENCY’ [-Wenum-conversion]
42786 |                             pt_value_set_monetary (this_parser, val, str, txt, PT_CURRENCY_AUSTRALIAN_DOLLAR);
      |                                                                                ^~~~~~~~~~~~~~~~~~~~~~~~~~~~~
/home/vimkim/gh/cb/pr7925-02-record-owner/build_preset_debug_gcc/csql_grammar.c:42805:80: warning: implicit conversion from ‘enum pt_currency_types’ to ‘DB_CURRENCY’ [-Wenum-conversion]
42805 |                             pt_value_set_monetary (this_parser, val, str, txt, PT_CURRENCY_CANADIAN_DOLLAR);
      |                                                                                ^~~~~~~~~~~~~~~~~~~~~~~~~~~
/home/vimkim/gh/cb/pr7925-02-record-owner/build_preset_debug_gcc/csql_grammar.c:42824:80: warning: implicit conversion from ‘enum pt_currency_types’ to ‘DB_CURRENCY’ [-Wenum-conversion]
42824 |                             pt_value_set_monetary (this_parser, val, str, txt, PT_CURRENCY_BRASILIAN_REAL);
      |                                                                                ^~~~~~~~~~~~~~~~~~~~~~~~~~
/home/vimkim/gh/cb/pr7925-02-record-owner/build_preset_debug_gcc/csql_grammar.c:42843:80: warning: implicit conversion from ‘enum pt_currency_types’ to ‘DB_CURRENCY’ [-Wenum-conversion]
42843 |                             pt_value_set_monetary (this_parser, val, str, txt, PT_CURRENCY_ROMANIAN_LEU);
      |                                                                                ^~~~~~~~~~~~~~~~~~~~~~~~
/home/vimkim/gh/cb/pr7925-02-record-owner/build_preset_debug_gcc/csql_grammar.c:42862:80: warning: implicit conversion from ‘enum pt_currency_types’ to ‘DB_CURRENCY’ [-Wenum-conversion]
42862 |                             pt_value_set_monetary (this_parser, val, str, txt, PT_CURRENCY_EURO);
      |                                                                                ^~~~~~~~~~~~~~~~
/home/vimkim/gh/cb/pr7925-02-record-owner/build_preset_debug_gcc/csql_grammar.c:42881:80: warning: implicit conversion from ‘enum pt_currency_types’ to ‘DB_CURRENCY’ [-Wenum-conversion]
42881 |                             pt_value_set_monetary (this_parser, val, str, txt, PT_CURRENCY_SWISS_FRANC);
      |                                                                                ^~~~~~~~~~~~~~~~~~~~~~~
/home/vimkim/gh/cb/pr7925-02-record-owner/build_preset_debug_gcc/csql_grammar.c:42900:80: warning: implicit conversion from ‘enum pt_currency_types’ to ‘DB_CURRENCY’ [-Wenum-conversion]
42900 |                             pt_value_set_monetary (this_parser, val, str, txt, PT_CURRENCY_DANISH_KRONE);
      |                                                                                ^~~~~~~~~~~~~~~~~~~~~~~~
/home/vimkim/gh/cb/pr7925-02-record-owner/build_preset_debug_gcc/csql_grammar.c:42919:80: warning: implicit conversion from ‘enum pt_currency_types’ to ‘DB_CURRENCY’ [-Wenum-conversion]
42919 |                             pt_value_set_monetary (this_parser, val, str, txt, PT_CURRENCY_NORWEGIAN_KRONE);
      |                                                                                ^~~~~~~~~~~~~~~~~~~~~~~~~~~
/home/vimkim/gh/cb/pr7925-02-record-owner/build_preset_debug_gcc/csql_grammar.c:42938:80: warning: implicit conversion from ‘enum pt_currency_types’ to ‘DB_CURRENCY’ [-Wenum-conversion]
42938 |                             pt_value_set_monetary (this_parser, val, str, txt, PT_CURRENCY_BULGARIAN_LEV);
      |                                                                                ^~~~~~~~~~~~~~~~~~~~~~~~~
/home/vimkim/gh/cb/pr7925-02-record-owner/build_preset_debug_gcc/csql_grammar.c:42957:80: warning: implicit conversion from ‘enum pt_currency_types’ to ‘DB_CURRENCY’ [-Wenum-conversion]
42957 |                             pt_value_set_monetary (this_parser, val, str, txt, PT_CURRENCY_VIETNAMESE_DONG);
      |                                                                                ^~~~~~~~~~~~~~~~~~~~~~~~~~~
/home/vimkim/gh/cb/pr7925-02-record-owner/build_preset_debug_gcc/csql_grammar.c:42976:80: warning: implicit conversion from ‘enum pt_currency_types’ to ‘DB_CURRENCY’ [-Wenum-conversion]
42976 |                             pt_value_set_monetary (this_parser, val, str, txt, PT_CURRENCY_CZECH_KORUNA);
      |                                                                                ^~~~~~~~~~~~~~~~~~~~~~~~
/home/vimkim/gh/cb/pr7925-02-record-owner/build_preset_debug_gcc/csql_grammar.c:42995:80: warning: implicit conversion from ‘enum pt_currency_types’ to ‘DB_CURRENCY’ [-Wenum-conversion]
42995 |                             pt_value_set_monetary (this_parser, val, str, txt, PT_CURRENCY_POLISH_ZLOTY);
      |                                                                                ^~~~~~~~~~~~~~~~~~~~~~~~
/home/vimkim/gh/cb/pr7925-02-record-owner/build_preset_debug_gcc/csql_grammar.c:43014:80: warning: implicit conversion from ‘enum pt_currency_types’ to ‘DB_CURRENCY’ [-Wenum-conversion]
43014 |                             pt_value_set_monetary (this_parser, val, str, txt, PT_CURRENCY_SWEDISH_KRONA);
      |                                                                                ^~~~~~~~~~~~~~~~~~~~~~~~~
/home/vimkim/gh/cb/pr7925-02-record-owner/build_preset_debug_gcc/csql_grammar.c:43033:80: warning: implicit conversion from ‘enum pt_currency_types’ to ‘DB_CURRENCY’ [-Wenum-conversion]
43033 |                             pt_value_set_monetary (this_parser, val, str, txt, PT_CURRENCY_CROATIAN_KUNA);
      |                                                                                ^~~~~~~~~~~~~~~~~~~~~~~~~
/home/vimkim/gh/cb/pr7925-02-record-owner/build_preset_debug_gcc/csql_grammar.c:43052:80: warning: implicit conversion from ‘enum pt_currency_types’ to ‘DB_CURRENCY’ [-Wenum-conversion]
43052 |                             pt_value_set_monetary (this_parser, val, str, txt, PT_CURRENCY_SERBIAN_DINAR);
      |                                                                                ^~~~~~~~~~~~~~~~~~~~~~~~~
/home/vimkim/gh/cb/pr7925-02-record-owner/build_preset_debug_gcc/csql_grammar.c: In function ‘pt_value_set_monetary’:
/home/vimkim/gh/cb/pr7925-02-record-owner/build_preset_debug_gcc/csql_grammar.c:49108:42: warning: implicit conversion from ‘DB_CURRENCY’ to ‘PT_CURRENCY’ {aka ‘enum pt_currency_types’} [-Wenum-conversion]
49108 |   node->info.value.data_value.money.type = type;
      |                                          ^
[456/1456] Building CXX object sa/CMakeFiles/cubridsa.dir/__/load_grammar.cpp.o
[457/1456] Building CXX object cs/CMakeFiles/cubridcs.dir/__/src/executables/csql_result.c.o
[458/1456] Building CXX object sa/CMakeFiles/cubridsa.dir/__/src/loaddb/load_error_handler.cpp.o
[459/1456] Building CXX object sa/CMakeFiles/cubridsa.dir/__/src/parser/parse_tree_cl.c.o
[460/1456] Building CXX object sa/CMakeFiles/cubridsa.dir/__/src/query/query_executor.c.o
[461/1456] Building CXX object sa/CMakeFiles/cubridsa.dir/__/src/storage/btree_sort.c.o
[462/1456] Building CXX object sa/CMakeFiles/cubridsa.dir/__/src/session/session_sr.c.o
[463/1456] Building CXX object sa/CMakeFiles/cubridsa.dir/__/src/storage/compactdb_sr.c.o
[464/1456] Building CXX object sa/CMakeFiles/cubridsa.dir/__/src/transaction/locator_sr.c.o
[465/1456] Building CXX object cs/CMakeFiles/cubridcs.dir/__/src/base/chartype.c.o
[466/1456] Building CXX object cs/CMakeFiles/cubridcs.dir/__/src/base/dynamic_array.c.o
[467/1456] Building CXX object sa/CMakeFiles/cubridsa.dir/__/src/storage/bestspace.cpp.o
[468/1456] Building CXX object cs/CMakeFiles/cubridcs.dir/__/src/base/dtoa.c.o
[469/1456] Building CXX object sa/CMakeFiles/cubridsa.dir/__/src/xasl/xasl_analytic.cpp.o
[470/1456] Building CXX object sa/CMakeFiles/cubridsa.dir/__/src/xasl/xasl_predicate.cpp.o
[471/1456] Building CXX object cs/CMakeFiles/cubridcs.dir/__/src/base/fault_injection.c.o
[472/1456] Building CXX object cubrid/CMakeFiles/cubrid.dir/__/src/transaction/log_recovery_redo.cpp.o
[473/1456] Building CXX object cs/CMakeFiles/cubridcs.dir/__/src/base/environment_variable.c.o
[474/1456] Building CXX object sa/CMakeFiles/cubridsa.dir/__/src/storage/statistics_cl.c.o
[475/1456] Building CXX object sa/CMakeFiles/cubridsa.dir/__/src/storage/external_sort.c.o
[476/1456] Building CXX object sa/CMakeFiles/cubridsa.dir/__/src/storage/catalog_class.c.o
[477/1456] Building CXX object sa/CMakeFiles/cubridsa.dir/__/src/storage/disk_manager.c.o
[478/1456] Building CXX object sa/CMakeFiles/cubridsa.dir/__/src/storage/slotted_page.c.o
[479/1456] Building CXX object sa/CMakeFiles/cubridsa.dir/__/src/transaction/log_page_buffer.c.o
[480/1456] Building CXX object sa/CMakeFiles/cubridsa.dir/__/src/storage/extendible_hash.c.o
[481/1456] Building CXX object sa/CMakeFiles/cubridsa.dir/__/src/parser/xasl_generation.c.o
[482/1456] Building CXX object sa/CMakeFiles/cubridsa.dir/__/src/transaction/log_tran_table.c.o
[483/1456] Building CXX object cs/CMakeFiles/cubridcs.dir/__/src/base/locale_support.c.o
[484/1456] Building CXX object cs/CMakeFiles/cubridcs.dir/__/src/base/cubrid_getopt_long.c.o
[485/1456] Building CXX object cs/CMakeFiles/cubridcs.dir/__/src/compat/db_json_types_internal.cpp.o
[486/1456] Building CXX object sa/CMakeFiles/cubridsa.dir/__/src/parser/type_checking.c.o
[487/1456] Building CXX object sa/CMakeFiles/cubridsa.dir/__/src/storage/heap_oos.cpp.o
[488/1456] Building CXX object cs/CMakeFiles/cubridcs.dir/__/src/base/ini_parser.c.o
[489/1456] Building CXX object sa/CMakeFiles/cubridsa.dir/__/src/transaction/log_manager.c.o
[490/1456] Building CXX object sa/CMakeFiles/cubridsa.dir/__/src/xasl/xasl_stream.cpp.o
[491/1456] Building CXX object cs/CMakeFiles/cubridcs.dir/__/src/compat/db_json_allocator.cpp.o
[492/1456] Building C object cs/CMakeFiles/cubridcs.dir/__/src/compat/dbtype_function.c.o
[493/1456] Building CXX object cs/CMakeFiles/cubridcs.dir/__/src/base/lockfree_bitmap.cpp.o
[494/1456] Building CXX object cs/CMakeFiles/cubridcs.dir/__/src/base/encryption.c.o
[495/1456] Building CXX object sa/CMakeFiles/cubridsa.dir/__/src/storage/statistics_sr.c.o
[496/1456] Building CXX object cs/CMakeFiles/cubridcs.dir/__/src/base/fileline_location.cpp.o
[497/1456] Building CXX object sa/CMakeFiles/cubridsa.dir/__/src/loaddb/load_object_table.c.o
[498/1456] Building CXX object cs/CMakeFiles/cubridcs.dir/__/src/base/base64.c.o
[499/1456] Building CXX object cs/CMakeFiles/cubridcs.dir/__/src/base/mprec.c.o
[500/1456] Building CXX object cs/CMakeFiles/cubridcs.dir/__/src/base/misc_string.c.o
[501/1456] Building CXX object cs/CMakeFiles/cubridcs.dir/__/src/base/get_clock_freq.c.o
[502/1456] Building CXX object cs/CMakeFiles/cubridcs.dir/__/src/base/fixed_alloc.c.o
[503/1456] Building CXX object cs/CMakeFiles/cubridcs.dir/__/src/base/message_catalog.c.o
[504/1456] Building CXX object cs/CMakeFiles/cubridcs.dir/__/src/base/error_context.cpp.o
[505/1456] Building CXX object sa/CMakeFiles/cubridsa.dir/__/src/session/session.c.o
[506/1456] Building CXX object cs/CMakeFiles/cubridcs.dir/__/src/base/databases_file.c.o
[507/1456] Building CXX object cs/CMakeFiles/cubridcs.dir/__/src/base/hide_password.cpp.o
[508/1456] Building CXX object sa/CMakeFiles/cubridsa.dir/__/src/storage/btree_load.c.o
[509/1456] Building CXX object cs/CMakeFiles/cubridcs.dir/__/src/base/process_util.c.o
[510/1456] Building CXX object cs/CMakeFiles/cubridcs.dir/__/src/base/sha1.c.o
[511/1456] Building CXX object sa/CMakeFiles/cubridsa.dir/__/src/storage/tde.c.o
[512/1456] Building CXX object cs/CMakeFiles/cubridcs.dir/__/src/base/intl_support.c.o
[513/1456] Building CXX object cs/CMakeFiles/cubridcs.dir/__/src/base/release_string.c.o
[514/1456] Building CXX object cs/CMakeFiles/cubridcs.dir/__/src/base/porting.c.o
[515/1456] Building CXX object sa/CMakeFiles/cubridsa.dir/__/src/storage/file_io.c.o
[516/1456] Building CXX object cs/CMakeFiles/cubridcs.dir/__/src/base/tsc_timer.c.o
[517/1456] Building CXX object sa/CMakeFiles/cubridsa.dir/__/src/xasl/xasl_iteration.cpp.o
[518/1456] Building CXX object cs/CMakeFiles/cubridcs.dir/__/src/executables/csql_session.c.o
[519/1456] Building CXX object cs/CMakeFiles/cubridcs.dir/__/src/base/pinning.cpp.o
[520/1456] Building CXX object cs/CMakeFiles/cubridcs.dir/__/src/compat/db_class.c.o
[521/1456] Building CXX object cs/CMakeFiles/cubridcs.dir/__/src/executables/csql_result_format.c.o
[522/1456] Building CXX object cs/CMakeFiles/cubridcs.dir/__/src/base/memory_private_allocator.cpp.o
[523/1456] Building CXX object cs/CMakeFiles/cubridcs.dir/__/src/base/area_alloc.c.o
[524/1456] Building CXX object sa/CMakeFiles/cubridsa.dir/__/src/loaddb/load_object.c.o
[525/1456] Building CXX object cs/CMakeFiles/cubridcs.dir/__/src/executables/csql_support.c.o
[526/1456] Building CXX object cs/CMakeFiles/cubridcs.dir/__/src/executables/unload_object_file.c.o
[527/1456] Building CXX object cs/CMakeFiles/cubridcs.dir/__/src/base/filesys_temp.cpp.o
[528/1456] Building CXX object cs/CMakeFiles/cubridcs.dir/__/src/executables/compactdb_cl.c.o
[529/1456] Building CXX object cs/CMakeFiles/cubridcs.dir/__/src/compat/db_elo.c.o
[530/1456] Building CXX object cs/CMakeFiles/cubridcs.dir/__/src/base/memory_monitor_cl.cpp.o
[531/1456] Building CXX object cs/CMakeFiles/cubridcs.dir/__/src/base/locale_helper.cpp.o
[532/1456] Building CXX object cs/CMakeFiles/cubridcs.dir/__/src/base/string_buffer.cpp.o
[533/1456] Building CXX object cs/CMakeFiles/cubridcs.dir/__/src/base/variable_string.c.o
[534/1456] Building CXX object cs/CMakeFiles/cubridcs.dir/__/src/executables/compactdb_common.c.o
[535/1456] Building CXX object cs/CMakeFiles/cubridcs.dir/__/src/executables/util_common.c.o
[536/1456] Building CXX object cs/CMakeFiles/cubridcs.dir/__/src/base/perf.cpp.o
[537/1456] Building CXX object cs/CMakeFiles/cubridcs.dir/__/src/executables/unloaddb.c.o
[538/1456] Building CXX object cs/CMakeFiles/cubridcs.dir/__/src/base/mem_block.cpp.o
[539/1456] Building CXX object cs/CMakeFiles/cubridcs.dir/__/src/base/error_manager.c.o
[540/1456] Building CXX object sa/CMakeFiles/cubridsa.dir/__/src/storage/oos_file.cpp.o
[541/1456] Building CXX object cs/CMakeFiles/cubridcs.dir/__/src/compat/db_date.c.o
[542/1456] Building CXX object sa/CMakeFiles/cubridsa.dir/__/src/storage/file_manager.c.o
[543/1456] Building CXX object cs/CMakeFiles/cubridcs.dir/__/src/base/resource_tracker.cpp.o
[544/1456] Building CXX object cs/CMakeFiles/cubridcs.dir/__/src/base/uca_support.c.o
[545/1456] Building CXX object sa/CMakeFiles/cubridsa.dir/__/src/storage/page_buffer.c.o
[546/1456] Building CXX object cs/CMakeFiles/cubridcs.dir/__/src/base/unicode_support.c.o
[547/1456] Building CXX object cs/CMakeFiles/cubridcs.dir/__/src/base/printer.cpp.o
[548/1456] Building CXX object sa/CMakeFiles/cubridsa.dir/__/src/loaddb/load_db.c.o
[549/1456] Building CXX object cs/CMakeFiles/cubridcs.dir/__/src/executables/csql.c.o
[550/1456] Building CXX object cs/CMakeFiles/cubridcs.dir/__/src/base/xml_parser.c.o
[551/1456] Building CXX object cs/CMakeFiles/cubridcs.dir/__/src/base/util_func.c.o
[552/1456] Building CXX object cs/CMakeFiles/cubridcs.dir/__/src/base/packer.cpp.o
[553/1456] Building CXX object cs/CMakeFiles/cubridcs.dir/__/src/base/pinnable_buffer.cpp.o
[554/1456] Building CXX object cs/CMakeFiles/cubridcs.dir/__/src/compat/db_admin.c.o
[555/1456] Building CXX object cs/CMakeFiles/cubridcs.dir/__/src/executables/checksumdb.c.o
[556/1456] Building CXX object cs/CMakeFiles/cubridcs.dir/__/src/compat/db_info.c.o
[557/1456] Building CXX object sa/CMakeFiles/cubridsa.dir/__/src/storage/system_catalog.c.o
[558/1456] Building CXX object cs/CMakeFiles/cubridcs.dir/__/src/base/stack_dump.c.o
[559/1456] Building CXX object cs/CMakeFiles/cubridcs.dir/__/src/heaplayers/lea_heap.c.o
[560/1456] Building CXX object sa/CMakeFiles/cubridsa.dir/__/src/loaddb/load_sa_loader.cpp.o
[561/1456] Building CXX object cs/CMakeFiles/cubridcs.dir/__/src/communication/network_common.cpp.o
[562/1456] Building CXX object cs/CMakeFiles/cubridcs.dir/__/src/compat/db_macro.c.o
[563/1456] Building CXX object cs/CMakeFiles/cubridcs.dir/__/src/compat/db_old.c.o
[564/1456] Building CXX object cs/CMakeFiles/cubridcs.dir/__/src/compat/db_obj.c.o
[565/1456] Building CXX object cs/CMakeFiles/cubridcs.dir/__/src/executables/util_cs.c.o
[566/1456] Building CXX object cs/CMakeFiles/cubridcs.dir/__/src/compat/db_value_printer.cpp.o
[567/1456] Building CXX object cs/CMakeFiles/cubridcs.dir/__/src/optimizer/query_bitset.c.o
[568/1456] Building CXX object cs/CMakeFiles/cubridcs.dir/__/src/base/ifsys.cpp.o
[569/1456] Building CXX object cs/CMakeFiles/cubridcs.dir/__/src/communication/network_histogram.cpp.o
[570/1456] Building CXX object cs/CMakeFiles/cubridcs.dir/__/src/heaplayers/customheaps.cpp.o
[571/1456] Building CXX object cs/CMakeFiles/cubridcs.dir/__/src/connection/connection_globals.c.o
[572/1456] Building CXX object cs/CMakeFiles/cubridcs.dir/__/src/compat/db_virt.c.o
[573/1456] Building CXX object cs/CMakeFiles/cubridcs.dir/__/src/connection/connection_less.cpp.o
[574/1456] Building CXX object cs/CMakeFiles/cubridcs.dir/__/src/compat/db_set.c.o
[575/1456] Building CXX object cs/CMakeFiles/cubridcs.dir/__/src/compat/db_method_static.cpp.o
[576/1456] Building CXX object cs/CMakeFiles/cubridcs.dir/__/src/base/dynamic_load.c.o
[577/1456] Building CXX object sa/CMakeFiles/cubridsa.dir/__/src/optimizer/histogram/histogram_cl.cpp.o
[578/1456] Building CXX object cs/CMakeFiles/cubridcs.dir/__/src/connection/connection_list_cl.cpp.o
[579/1456] Building CXX object cs/CMakeFiles/cubridcs.dir/__/src/compat/db_temp.c.o
[580/1456] Building CXX object cs/CMakeFiles/cubridcs.dir/__/src/compat/db_query.c.o
[581/1456] Building CXX object cubrid/CMakeFiles/cubrid.dir/__/src/query/serial.c.o
[582/1456] Building CXX object cs/CMakeFiles/cubridcs.dir/__/src/connection/tcp.c.o
[583/1456] Building CXX object cs/CMakeFiles/cubridcs.dir/__/src/base/json_builder.cpp.o
[584/1456] Building CXX object cs/CMakeFiles/cubridcs.dir/__/src/executables/unload_schema.c.o
[585/1456] Building CXX object cs/CMakeFiles/cubridcs.dir/__/src/base/filesys_parser.cpp.o
[586/1456] Building CXX object cs/CMakeFiles/cubridcs.dir/__/src/connection/host_lookup.c.o
[587/1456] Building CXX object cs/CMakeFiles/cubridcs.dir/__/src/object/quick_fit.c.o
[588/1456] Building CXX object cs/CMakeFiles/cubridcs.dir/__/src/object/object_print_util.cpp.o
[589/1456] Building CXX object cs/CMakeFiles/cubridcs.dir/__/src/connection/heartbeat.c.o
[590/1456] Building CXX object cs/CMakeFiles/cubridcs.dir/__/src/connection/connection_cl.cpp.o
[591/1456] Building CXX object cs/CMakeFiles/cubridcs.dir/__/src/object/identifier_store.cpp.o
[592/1456] Building CXX object cs/CMakeFiles/cubridcs.dir/__/src/compat/db_json_path.cpp.o
[593/1456] Building CXX object cs/CMakeFiles/cubridcs.dir/__/src/object/elo.c.o
[594/1456] Building CXX object cs/CMakeFiles/cubridcs.dir/__/src/compat/db_vdb.c.o
[595/1456] Building CXX object cs/CMakeFiles/cubridcs.dir/__/src/object/transform.c.o
[596/1456] Building CXX object cs/CMakeFiles/cubridcs.dir/__/src/base/memory_alloc.c.o
[597/1456] Building CXX object cs/CMakeFiles/cubridcs.dir/__/src/base/cgroup.cpp.o
[598/1456] Building CXX object cs/CMakeFiles/cubridcs.dir/__/src/object/schema_information_schema.cpp.o
[599/1456] Building CXX object cs/CMakeFiles/cubridcs.dir/__/src/base/memory_hash.c.o
[600/1456] Building CXX object cs/CMakeFiles/cubridcs.dir/__/src/base/resources.cpp.o
[601/1456] Building CXX object cs/CMakeFiles/cubridcs.dir/__/src/object/schema_information_schema_definition.cpp.o
[602/1456] Building CXX object cs/CMakeFiles/cubridcs.dir/__/src/base/perf_monitor.c.o
[603/1456] Building CXX object cs/CMakeFiles/cubridcs.dir/__/src/base/system_parameter.c.o
[604/1456] Building CXX object sa/CMakeFiles/cubridsa.dir/__/src/storage/btree.c.o
[605/1456] Building CXX object cs/CMakeFiles/cubridcs.dir/__/src/base/language_support.c.o
[606/1456] Building C object cs/CMakeFiles/cubridcs.dir/__/csql_lexer.c.o
[607/1456] Building CXX object cs/CMakeFiles/cubridcs.dir/__/src/connection/client_support.cpp.o
[608/1456] Building CXX object cs/CMakeFiles/cubridcs.dir/__/src/object/deduplicate_key.c.o
[609/1456] Building CXX object cs/CMakeFiles/cubridcs.dir/__/src/communication/network_callback_cl.cpp.o
[610/1456] Building CXX object cs/CMakeFiles/cubridcs.dir/__/src/base/ddl_log.c.o
[611/1456] Building CXX object cs/CMakeFiles/cubridcs.dir/__/src/object/authenticate_owner.cpp.o
[612/1456] Building CXX object cs/CMakeFiles/cubridcs.dir/__/src/object/authenticate.c.o
[613/1456] Building CXX object cs/CMakeFiles/cubridcs.dir/__/src/object/authenticate_grant.cpp.o
[614/1456] Building CXX object cs/CMakeFiles/cubridcs.dir/__/src/object/authenticate_access_class.cpp.o
[615/1456] Building CXX object cs/CMakeFiles/cubridcs.dir/__/src/object/authenticate_password.cpp.o
[616/1456] Building CXX object cs/CMakeFiles/cubridcs.dir/__/src/object/class_description.cpp.o
[617/1456] Building CXX object cs/CMakeFiles/cubridcs.dir/__/src/base/tz_support.c.o
[618/1456] Building CXX object cs/CMakeFiles/cubridcs.dir/__/src/connection/connection_support.cpp.o
[619/1456] Building CXX object cs/CMakeFiles/cubridcs.dir/__/src/object/lob_locator.cpp.o
[620/1456] Building CXX object cs/CMakeFiles/cubridcs.dir/__/src/object/object_description.cpp.o
[621/1456] Building CXX object cs/CMakeFiles/cubridcs.dir/__/src/object/authenticate_access_user.cpp.o
[622/1456] Building CXX object cs/CMakeFiles/cubridcs.dir/__/src/communication/network_cl.c.o
[623/1456] Building CXX object cs/CMakeFiles/cubridcs.dir/__/src/object/authenticate_cache.cpp.o
[624/1456] Building CXX object cs/CMakeFiles/cubridcs.dir/__/src/object/authenticate_access_auth.cpp.o
[625/1456] Building CXX object cs/CMakeFiles/cubridcs.dir/__/src/object/authenticate_context.cpp.o
[626/1456] Building CXX object cs/CMakeFiles/cubridcs.dir/__/src/object/authenticate_migration.cpp.o
[627/1456] Building CXX object sa/CMakeFiles/cubridsa.dir/__/src/storage/heap_file.c.o
[628/1456] Building CXX object cs/CMakeFiles/cubridcs.dir/__/src/object/schema_system_catalog.cpp.o
[629/1456] Building CXX object sa/CMakeFiles/cubridsa.dir/__/src/optimizer/histogram/histogram_sampler_sr.cpp.o
[630/1456] Building CXX object cs/CMakeFiles/cubridcs.dir/__/src/object/object_print.c.o
[631/1456] Building CXX object cs/CMakeFiles/cubridcs.dir/__/src/object/object_printer.cpp.o
[632/1456] Building CXX object cs/CMakeFiles/cubridcs.dir/__/src/object/object_accessor.c.o
[633/1456] Building CXX object cs/CMakeFiles/cubridcs.dir/__/src/loaddb/load_object.c.o
[634/1456] Building CXX object cs/CMakeFiles/cubridcs.dir/__/src/object/schema_system_catalog_definition.cpp.o
[635/1456] Building CXX object cs/CMakeFiles/cubridcs.dir/__/src/object/object_representation.c.o
[636/1456] Building CXX object cs/CMakeFiles/cubridcs.dir/__/src/object/object_template.c.o
[637/1456] Building CXX object cs/CMakeFiles/cubridcs.dir/__/src/object/schema_system_catalog_builder.cpp.o
[638/1456] Building CXX object cs/CMakeFiles/cubridcs.dir/__/src/object/schema_system_catalog_install_query_spec.cpp.o
[639/1456] Building CXX object cs/CMakeFiles/cubridcs.dir/__/src/method/method_query_result.cpp.o
[640/1456] Building CXX object cs/CMakeFiles/cubridcs.dir/__/src/object/class_object.c.o
[641/1456] Building CXX object cs/CMakeFiles/cubridcs.dir/__/src/object/schema_information_schema_install_query_spec.cpp.o
[642/1456] Building CXX object cs/CMakeFiles/cubridcs.dir/__/src/object/schema_information_schema_builder.cpp.o
[643/1456] Building CXX object cs/CMakeFiles/cubridcs.dir/__/src/object/virtual_object.c.o
[644/1456] Building CXX object cs/CMakeFiles/cubridcs.dir/__/src/optimizer/rewriter/query_rewrite_auto_parameterize.c.o
[645/1456] Building CXX object cs/CMakeFiles/cubridcs.dir/__/src/optimizer/query_graph.c.o
[646/1456] Building CXX object cs/CMakeFiles/cubridcs.dir/__/src/optimizer/rewriter/query_rewrite_subquery.c.o
[647/1456] Building CXX object cs/CMakeFiles/cubridcs.dir/__/src/object/set_object.c.o
[648/1456] Building CXX object cs/CMakeFiles/cubridcs.dir/__/src/object/schema_template.c.o
[649/1456] Building CXX object cs/CMakeFiles/cubridcs.dir/__/src/object/trigger_description.cpp.o
[650/1456] Building CXX object cs/CMakeFiles/cubridcs.dir/__/src/communication/network_interface_cl.c.o
/home/vimkim/gh/cb/pr7925-02-record-owner/src/communication/network_interface_cl.c: In function ‘int heap_create(HFID*, const OID*, bool)’:
/home/vimkim/gh/cb/pr7925-02-record-owner/src/communication/network_interface_cl.c:1677:22: warning: ‘request’ may be used uninitialized [-Wmaybe-uninitialized]
 1677 |   ptr = or_pack_hfid (request, hfid);
      |         ~~~~~~~~~~~~~^~~~~~~~~~~~~~~
In file included from /home/vimkim/gh/cb/pr7925-02-record-owner/src/communication/network_interface_cl.c:56:
/home/vimkim/gh/cb/pr7925-02-record-owner/src/base/object_representation.h:1154:14: note: by argument 1 of type ‘const char*’ to ‘char* or_pack_hfid(const char*, const HFID*)’ declared here
 1154 | extern char *or_pack_hfid (const char *ptr, const HFID * hfid);
      |              ^~~~~~~~~~~~
/home/vimkim/gh/cb/pr7925-02-record-owner/src/communication/network_interface_cl.c:1669:61: note: ‘a_request’ declared here
 1669 |   OR_ALIGNED_BUF (OR_HFID_SIZE + OR_OID_SIZE + OR_INT_SIZE) a_request;
      |                                                             ^~~~~~~~~
/home/vimkim/gh/cb/pr7925-02-record-owner/src/communication/network_interface_cl.c: In function ‘int heap_destroy_newly_created(const HFID*, const OID*, bool)’:
/home/vimkim/gh/cb/pr7925-02-record-owner/src/communication/network_interface_cl.c:1777:22: warning: ‘request’ may be used uninitialized [-Wmaybe-uninitialized]
 1777 |   ptr = or_pack_hfid (request, hfid);
      |         ~~~~~~~~~~~~~^~~~~~~~~~~~~~~
In file included from /home/vimkim/gh/cb/pr7925-02-record-owner/src/communication/network_interface_cl.c:56:
/home/vimkim/gh/cb/pr7925-02-record-owner/src/base/object_representation.h:1154:14: note: by argument 1 of type ‘const char*’ to ‘char* or_pack_hfid(const char*, const HFID*)’ declared here
 1154 | extern char *or_pack_hfid (const char *ptr, const HFID * hfid);
      |              ^~~~~~~~~~~~
/home/vimkim/gh/cb/pr7925-02-record-owner/src/communication/network_interface_cl.c:1769:61: note: ‘a_request’ declared here
 1769 |   OR_ALIGNED_BUF (OR_HFID_SIZE + OR_OID_SIZE + OR_INT_SIZE) a_request;
      |                                                             ^~~~~~~~~
/home/vimkim/gh/cb/pr7925-02-record-owner/src/communication/network_interface_cl.c: In function ‘int heap_get_class_num_objects_pages(HFID*, int, int*, int*)’:
/home/vimkim/gh/cb/pr7925-02-record-owner/src/communication/network_interface_cl.c:1829:22: warning: ‘request’ may be used uninitialized [-Wmaybe-uninitialized]
 1829 |   ptr = or_pack_hfid (request, hfid);
      |         ~~~~~~~~~~~~~^~~~~~~~~~~~~~~
In file included from /home/vimkim/gh/cb/pr7925-02-record-owner/src/communication/network_interface_cl.c:56:
/home/vimkim/gh/cb/pr7925-02-record-owner/src/base/object_representation.h:1154:14: note: by argument 1 of type ‘const char*’ to ‘char* or_pack_hfid(const char*, const HFID*)’ declared here
 1154 | extern char *or_pack_hfid (const char *ptr, const HFID * hfid);
      |              ^~~~~~~~~~~~
/home/vimkim/gh/cb/pr7925-02-record-owner/src/communication/network_interface_cl.c:1820:47: note: ‘a_request’ declared here
 1820 |   OR_ALIGNED_BUF (OR_HFID_SIZE + OR_INT_SIZE) a_request;
      |                                               ^~~~~~~~~
/home/vimkim/gh/cb/pr7925-02-record-owner/src/communication/network_interface_cl.c: In function ‘int heap_has_instance(HFID*, OID*, int)’:
/home/vimkim/gh/cb/pr7925-02-record-owner/src/communication/network_interface_cl.c:1883:22: warning: ‘request’ may be used uninitialized [-Wmaybe-uninitialized]
 1883 |   ptr = or_pack_hfid (request, hfid);
      |         ~~~~~~~~~~~~~^~~~~~~~~~~~~~~
In file included from /home/vimkim/gh/cb/pr7925-02-record-owner/src/communication/network_interface_cl.c:56:
/home/vimkim/gh/cb/pr7925-02-record-owner/src/base/object_representation.h:1154:14: note: by argument 1 of type ‘const char*’ to ‘char* or_pack_hfid(const char*, const HFID*)’ declared here
 1154 | extern char *or_pack_hfid (const char *ptr, const HFID * hfid);
      |              ^~~~~~~~~~~~
/home/vimkim/gh/cb/pr7925-02-record-owner/src/communication/network_interface_cl.c:1874:61: note: ‘a_request’ declared here
 1874 |   OR_ALIGNED_BUF (OR_HFID_SIZE + OR_OID_SIZE + OR_INT_SIZE) a_request;
      |                                                             ^~~~~~~~~
/home/vimkim/gh/cb/pr7925-02-record-owner/src/communication/network_interface_cl.c: In function ‘int heap_reclaim_addresses(const HFID*)’:
/home/vimkim/gh/cb/pr7925-02-record-owner/src/communication/network_interface_cl.c:1932:22: warning: ‘request’ may be used uninitialized [-Wmaybe-uninitialized]
 1932 |   ptr = or_pack_hfid (request, hfid);
      |         ~~~~~~~~~~~~~^~~~~~~~~~~~~~~
In file included from /home/vimkim/gh/cb/pr7925-02-record-owner/src/communication/network_interface_cl.c:56:
/home/vimkim/gh/cb/pr7925-02-record-owner/src/base/object_representation.h:1154:14: note: by argument 1 of type ‘const char*’ to ‘char* or_pack_hfid(const char*, const HFID*)’ declared here
 1154 | extern char *or_pack_hfid (const char *ptr, const HFID * hfid);
      |              ^~~~~~~~~~~~
/home/vimkim/gh/cb/pr7925-02-record-owner/src/communication/network_interface_cl.c:1924:47: note: ‘a_request’ declared here
 1924 |   OR_ALIGNED_BUF (OR_HFID_SIZE + OR_INT_SIZE) a_request;
      |                                               ^~~~~~~~~
/home/vimkim/gh/cb/pr7925-02-record-owner/src/communication/network_interface_cl.c: In function ‘int lob_remove_dir(HFID*, int)’:
/home/vimkim/gh/cb/pr7925-02-record-owner/src/communication/network_interface_cl.c:11939:22: warning: ‘request’ may be used uninitialized [-Wmaybe-uninitialized]
11939 |   ptr = or_pack_hfid (request, hfid);
      |         ~~~~~~~~~~~~~^~~~~~~~~~~~~~~
In file included from /home/vimkim/gh/cb/pr7925-02-record-owner/src/communication/network_interface_cl.c:56:
/home/vimkim/gh/cb/pr7925-02-record-owner/src/base/object_representation.h:1154:14: note: by argument 1 of type ‘const char*’ to ‘char* or_pack_hfid(const char*, const HFID*)’ declared here
 1154 | extern char *or_pack_hfid (const char *ptr, const HFID * hfid);
      |              ^~~~~~~~~~~~
/home/vimkim/gh/cb/pr7925-02-record-owner/src/communication/network_interface_cl.c:11928:47: note: ‘a_request’ declared here
11928 |   OR_ALIGNED_BUF (OR_HFID_SIZE + OR_INT_SIZE) a_request;
      |                                               ^~~~~~~~~
At global scope:
cc1plus: note: unrecognized command-line option ‘-Wno-template-body’ may have been intended to silence earlier diagnostics
[651/1456] Building CXX object cs/CMakeFiles/cubridcs.dir/__/src/optimizer/rewriter/query_rewrite_set.c.o
[652/1456] Building CXX object cs/CMakeFiles/cubridcs.dir/__/src/parser/double_byte_support.c.o
[653/1456] Building CXX object cs/CMakeFiles/cubridcs.dir/__/src/parser/cnf.c.o
[654/1456] Building CXX object cs/CMakeFiles/cubridcs.dir/__/src/object/schema_class_truncator.cpp.o
[655/1456] Building CXX object cs/CMakeFiles/cubridcs.dir/__/src/optimizer/rewriter/query_rewrite_select.c.o
[656/1456] Building CXX object cs/CMakeFiles/cubridcs.dir/__/src/optimizer/rewriter/query_rewrite.c.o
[657/1456] Building CXX object cs/CMakeFiles/cubridcs.dir/__/src/parser/xasl_regu_alloc.cpp.o
[658/1456] Building CXX object cs/CMakeFiles/cubridcs.dir/__/src/object/transform_cl.c.o
[659/1456] Building CXX object cs/CMakeFiles/cubridcs.dir/__/src/parser/keyword.c.o
[660/1456] Building CXX object cs/CMakeFiles/cubridcs.dir/__/src/transaction/lock_table.c.o
[661/1456] Building CXX object cs/CMakeFiles/cubridcs.dir/__/src/object/object_domain.c.o
[662/1456] Building CXX object cs/CMakeFiles/cubridcs.dir/__/src/optimizer/rewriter/query_rewrite_term.c.o
[663/1456] Building CXX object cs/CMakeFiles/cubridcs.dir/__/src/parser/compile.c.o
[664/1456] Building CXX object cs/CMakeFiles/cubridcs.dir/__/src/object/trigger_manager.c.o
[665/1456] Building CXX object cs/CMakeFiles/cubridcs.dir/__/src/object/work_space.c.o
[666/1456] Building CXX object cs/CMakeFiles/cubridcs.dir/__/src/parser/method_transform.c.o
[667/1456] Building CXX object cs/CMakeFiles/cubridcs.dir/__/src/transaction/log_lsa.cpp.o
[668/1456] Building CXX object cs/CMakeFiles/cubridcs.dir/__/src/parser/parse_dbi.c.o
[669/1456] Building CXX object cs/CMakeFiles/cubridcs.dir/__/src/method/method_error.cpp.o
[670/1456] Building CXX object cs/CMakeFiles/cubridcs.dir/__/src/compat/db_json.cpp.o
[671/1456] Building CXX object cs/CMakeFiles/cubridcs.dir/__/src/sp/pl_signature.cpp.o
[672/1456] Building CXX object cs/CMakeFiles/cubridcs.dir/__/src/storage/es_posix.c.o
[673/1456] Building CXX object cs/CMakeFiles/cubridcs.dir/__/src/storage/byte_order.c.o
[674/1456] Building CXX object cs/CMakeFiles/cubridcs.dir/__/src/method/method_struct_parameter_info.cpp.o
[675/1456] Building CXX object cs/CMakeFiles/cubridcs.dir/__/src/object/schema_manager.c.o
[676/1456] Building CXX object cs/CMakeFiles/cubridcs.dir/__/src/object/object_primitive.c.o
[677/1456] Building CXX object cs/CMakeFiles/cubridcs.dir/__/src/optimizer/plan_generation.c.o
[678/1456] Building CXX object cs/CMakeFiles/cubridcs.dir/__/src/parser/parse_tree.c.o
[679/1456] Building CXX object cs/CMakeFiles/cubridcs.dir/__/src/parser/parse_evaluate.c.o
[680/1456] Building CXX object cs/CMakeFiles/cubridcs.dir/__/src/parser/parse_type.cpp.o
[681/1456] Building CXX object cs/CMakeFiles/cubridcs.dir/__/src/query/crypt_opfunc.c.o
[682/1456] Building CXX object cs/CMakeFiles/cubridcs.dir/__/src/parser/func_type.cpp.o
[683/1456] Building CXX object cs/CMakeFiles/cubridcs.dir/__/src/storage/es_owfs.c.o
[684/1456] Building CXX object cs/CMakeFiles/cubridcs.dir/__/src/object/schema_information_schema_install.cpp.o
[685/1456] Building CXX object cs/CMakeFiles/cubridcs.dir/__/src/method/method_struct_invoke.cpp.o
[686/1456] Building CXX object cs/CMakeFiles/cubridcs.dir/__/src/transaction/client_credentials.cpp.o
[687/1456] Building CXX object cs/CMakeFiles/cubridcs.dir/__/src/parser/parser_allocator.cpp.o
[688/1456] Building CXX object cs/CMakeFiles/cubridcs.dir/__/src/storage/es_common.c.o
[689/1456] Building CXX object cs/CMakeFiles/cubridcs.dir/__/src/method/method_oid_handler.cpp.o
[690/1456] Building CXX object cs/CMakeFiles/cubridcs.dir/__/src/storage/oid.c.o
[691/1456] Building CXX object cs/CMakeFiles/cubridcs.dir/__/src/transaction/log_compress.c.o
[692/1456] Building CXX object cs/CMakeFiles/cubridcs.dir/__/src/method/method_query_util.cpp.o
[693/1456] Building CXX object cs/CMakeFiles/cubridcs.dir/__/src/transaction/locator.c.o
[694/1456] Building CXX object cs/CMakeFiles/cubridcs.dir/__/src/method/method_struct_schema_info.cpp.o
[695/1456] Building CXX object cs/CMakeFiles/cubridcs.dir/__/src/query/string_regex_re2.cpp.o
[696/1456] Building CXX object cs/CMakeFiles/cubridcs.dir/__/src/method/method_struct_oid_info.cpp.o
[697/1456] Building CXX object cs/CMakeFiles/cubridcs.dir/__/src/sp/pl_struct_compile.cpp.o
[698/1456] Building CXX object cs/CMakeFiles/cubridcs.dir/__/src/parser/name_resolution.c.o
[699/1456] Building CXX object cs/CMakeFiles/cubridcs.dir/__/src/parser/scanner_support.c.o
[700/1456] Building CXX object cs/CMakeFiles/cubridcs.dir/__/src/optimizer/query_planner.c.o
[701/1456] Building CXX object cs/CMakeFiles/cubridcs.dir/__/src/storage/storage_common.c.o
[702/1456] Building CXX object cs/CMakeFiles/cubridcs.dir/__/src/parser/query_result.c.o
[703/1456] Building CXX object cs/CMakeFiles/cubridcs.dir/__/src/xasl/xasl_unpack_info.cpp.o
[704/1456] Building CXX object cs/CMakeFiles/cubridcs.dir/__/src/query/numeric_opfunc.c.o
[705/1456] Building CXX object cs/CMakeFiles/cubridcs.dir/__/src/method/method_struct_query.cpp.o
[706/1456] Building CXX object cs/CMakeFiles/cubridcs.dir/__/src/parser/show_meta.c.o
[707/1456] Building CXX object cs/CMakeFiles/cubridcs.dir/__/src/query/string_regex.cpp.o
[708/1456] Building CXX object cs/CMakeFiles/cubridcs.dir/__/src/storage/tde.c.o
[709/1456] Building CXX object cs/CMakeFiles/cubridcs.dir/__/src/query/regu_var.cpp.o
[710/1456] Building CXX object cs/CMakeFiles/cubridcs.dir/__/src/xasl/access_json_table.cpp.o
[711/1456] Building CXX object cs/CMakeFiles/cubridcs.dir/__/src/query/cursor.c.o
[712/1456] Building CXX object cs/CMakeFiles/cubridcs.dir/__/src/query/query_dump.c.o
[713/1456] Building CXX object cs/CMakeFiles/cubridcs.dir/__/src/query/query_cl.c.o
[714/1456] Building CXX object cs/CMakeFiles/cubridcs.dir/__/src/object/schema_system_catalog_install.cpp.o
[715/1456] Building CXX object cs/CMakeFiles/cubridcs.dir/__/src/parser/parser_support.c.o
[716/1456] Building CXX object cs/CMakeFiles/cubridcs.dir/__/src/query/qfile_tuple_layout.c.o
[717/1456] Building CXX object cs/CMakeFiles/cubridcs.dir/__/src/sp/pl_comm.c.o
[718/1456] Building CXX object cs/CMakeFiles/cubridcs.dir/__/src/optimizer/histogram/histogram_reader.cpp.o
[719/1456] Building CXX object cs/CMakeFiles/cubridcs.dir/__/src/storage/file_io.c.o
[720/1456] Building CXX object cs/CMakeFiles/cubridcs.dir/__/src/loaddb/load_common.cpp.o
[721/1456] Building CXX object cs/CMakeFiles/cubridcs.dir/__/src/parser/view_transform.c.o
[722/1456] Building CXX object cs/CMakeFiles/cubridcs.dir/__/src/query/xasl_to_stream.c.o
[723/1456] Building CXX object cs/CMakeFiles/cubridcs.dir/__/src/optimizer/histogram/histogram_builder.cpp.o
[724/1456] Building CXX object cs/CMakeFiles/cubridcs.dir/__/src/method/method_struct_value.cpp.o
[725/1456] Building CXX object cs/CMakeFiles/cubridcs.dir/__/src/method/query_method.cpp.o
[726/1456] Building CXX object cs/CMakeFiles/cubridcs.dir/__/src/parser/parse_tree_cl.c.o
[727/1456] Building CXX object cs/CMakeFiles/cubridcs.dir/__/src/query/arithmetic.c.o
[728/1456] Building CXX object cs/CMakeFiles/cubridcs.dir/__/src/parser/semantic_check.c.o
[729/1456] Building CXX object cs/CMakeFiles/cubridcs.dir/__/src/sp/jsp_cl.cpp.o
[730/1456] Building CXX object cs/CMakeFiles/cubridcs.dir/__/src/transaction/log_comm.c.o
[731/1456] Building CXX object cs/CMakeFiles/cubridcs.dir/__/src/storage/statistics_cl.c.o
[732/1456] Building CXX object cs/CMakeFiles/cubridcs.dir/__/src/storage/es.c.o
[733/1456] Building CXX object cs/CMakeFiles/cubridcs.dir/__/src/method/method_query_handler.cpp.o
[734/1456] Building CXX object cs/CMakeFiles/cubridcs.dir/__/src/transaction/transaction_cl.c.o
[735/1456] Building CXX object cubrid/CMakeFiles/cubrid.dir/__/src/base/chartype.c.o
[736/1456] Building C object cs/CMakeFiles/cubridcs.dir/__/csql_grammar.c.o
/home/vimkim/gh/cb/pr7925-02-record-owner/build_preset_debug_gcc/csql_grammar.c: In function ‘yyuserAction’:
/home/vimkim/gh/cb/pr7925-02-record-owner/build_preset_debug_gcc/csql_grammar.c:42611:80: warning: implicit conversion from ‘enum pt_currency_types’ to ‘DB_CURRENCY’ [-Wenum-conversion]
42611 |                             pt_value_set_monetary (this_parser, val, str, txt, PT_CURRENCY_YEN);
      |                                                                                ^~~~~~~~~~~~~~~
/home/vimkim/gh/cb/pr7925-02-record-owner/build_preset_debug_gcc/csql_grammar.c:42631:80: warning: implicit conversion from ‘enum pt_currency_types’ to ‘DB_CURRENCY’ [-Wenum-conversion]
42631 |                             pt_value_set_monetary (this_parser, val, str, txt, PT_CURRENCY_DOLLAR);
      |                                                                                ^~~~~~~~~~~~~~~~~~
/home/vimkim/gh/cb/pr7925-02-record-owner/build_preset_debug_gcc/csql_grammar.c:42651:80: warning: implicit conversion from ‘enum pt_currency_types’ to ‘DB_CURRENCY’ [-Wenum-conversion]
42651 |                             pt_value_set_monetary (this_parser, val, str, txt, PT_CURRENCY_WON);
      |                                                                                ^~~~~~~~~~~~~~~
/home/vimkim/gh/cb/pr7925-02-record-owner/build_preset_debug_gcc/csql_grammar.c:42671:80: warning: implicit conversion from ‘enum pt_currency_types’ to ‘DB_CURRENCY’ [-Wenum-conversion]
42671 |                             pt_value_set_monetary (this_parser, val, str, txt, PT_CURRENCY_TL);
      |                                                                                ^~~~~~~~~~~~~~
/home/vimkim/gh/cb/pr7925-02-record-owner/build_preset_debug_gcc/csql_grammar.c:42691:80: warning: implicit conversion from ‘enum pt_currency_types’ to ‘DB_CURRENCY’ [-Wenum-conversion]
42691 |                             pt_value_set_monetary (this_parser, val, str, txt, PT_CURRENCY_BRITISH_POUND);
      |                                                                                ^~~~~~~~~~~~~~~~~~~~~~~~~
/home/vimkim/gh/cb/pr7925-02-record-owner/build_preset_debug_gcc/csql_grammar.c:42710:80: warning: implicit conversion from ‘enum pt_currency_types’ to ‘DB_CURRENCY’ [-Wenum-conversion]
42710 |                             pt_value_set_monetary (this_parser, val, str, txt, PT_CURRENCY_CAMBODIAN_RIEL);
      |                                                                                ^~~~~~~~~~~~~~~~~~~~~~~~~~
/home/vimkim/gh/cb/pr7925-02-record-owner/build_preset_debug_gcc/csql_grammar.c:42729:80: warning: implicit conversion from ‘enum pt_currency_types’ to ‘DB_CURRENCY’ [-Wenum-conversion]
42729 |                             pt_value_set_monetary (this_parser, val, str, txt, PT_CURRENCY_CHINESE_RENMINBI);
      |                                                                                ^~~~~~~~~~~~~~~~~~~~~~~~~~~~
/home/vimkim/gh/cb/pr7925-02-record-owner/build_preset_debug_gcc/csql_grammar.c:42748:80: warning: implicit conversion from ‘enum pt_currency_types’ to ‘DB_CURRENCY’ [-Wenum-conversion]
42748 |                             pt_value_set_monetary (this_parser, val, str, txt, PT_CURRENCY_INDIAN_RUPEE);
      |                                                                                ^~~~~~~~~~~~~~~~~~~~~~~~
/home/vimkim/gh/cb/pr7925-02-record-owner/build_preset_debug_gcc/csql_grammar.c:42767:80: warning: implicit conversion from ‘enum pt_currency_types’ to ‘DB_CURRENCY’ [-Wenum-conversion]
42767 |                             pt_value_set_monetary (this_parser, val, str, txt, PT_CURRENCY_RUSSIAN_RUBLE);
      |                                                                                ^~~~~~~~~~~~~~~~~~~~~~~~~
/home/vimkim/gh/cb/pr7925-02-record-owner/build_preset_debug_gcc/csql_grammar.c:42786:80: warning: implicit conversion from ‘enum pt_currency_types’ to ‘DB_CURRENCY’ [-Wenum-conversion]
42786 |                             pt_value_set_monetary (this_parser, val, str, txt, PT_CURRENCY_AUSTRALIAN_DOLLAR);
      |                                                                                ^~~~~~~~~~~~~~~~~~~~~~~~~~~~~
/home/vimkim/gh/cb/pr7925-02-record-owner/build_preset_debug_gcc/csql_grammar.c:42805:80: warning: implicit conversion from ‘enum pt_currency_types’ to ‘DB_CURRENCY’ [-Wenum-conversion]
42805 |                             pt_value_set_monetary (this_parser, val, str, txt, PT_CURRENCY_CANADIAN_DOLLAR);
      |                                                                                ^~~~~~~~~~~~~~~~~~~~~~~~~~~
/home/vimkim/gh/cb/pr7925-02-record-owner/build_preset_debug_gcc/csql_grammar.c:42824:80: warning: implicit conversion from ‘enum pt_currency_types’ to ‘DB_CURRENCY’ [-Wenum-conversion]
42824 |                             pt_value_set_monetary (this_parser, val, str, txt, PT_CURRENCY_BRASILIAN_REAL);
      |                                                                                ^~~~~~~~~~~~~~~~~~~~~~~~~~
/home/vimkim/gh/cb/pr7925-02-record-owner/build_preset_debug_gcc/csql_grammar.c:42843:80: warning: implicit conversion from ‘enum pt_currency_types’ to ‘DB_CURRENCY’ [-Wenum-conversion]
42843 |                             pt_value_set_monetary (this_parser, val, str, txt, PT_CURRENCY_ROMANIAN_LEU);
      |                                                                                ^~~~~~~~~~~~~~~~~~~~~~~~
/home/vimkim/gh/cb/pr7925-02-record-owner/build_preset_debug_gcc/csql_grammar.c:42862:80: warning: implicit conversion from ‘enum pt_currency_types’ to ‘DB_CURRENCY’ [-Wenum-conversion]
42862 |                             pt_value_set_monetary (this_parser, val, str, txt, PT_CURRENCY_EURO);
      |                                                                                ^~~~~~~~~~~~~~~~
/home/vimkim/gh/cb/pr7925-02-record-owner/build_preset_debug_gcc/csql_grammar.c:42881:80: warning: implicit conversion from ‘enum pt_currency_types’ to ‘DB_CURRENCY’ [-Wenum-conversion]
42881 |                             pt_value_set_monetary (this_parser, val, str, txt, PT_CURRENCY_SWISS_FRANC);
      |                                                                                ^~~~~~~~~~~~~~~~~~~~~~~
/home/vimkim/gh/cb/pr7925-02-record-owner/build_preset_debug_gcc/csql_grammar.c:42900:80: warning: implicit conversion from ‘enum pt_currency_types’ to ‘DB_CURRENCY’ [-Wenum-conversion]
42900 |                             pt_value_set_monetary (this_parser, val, str, txt, PT_CURRENCY_DANISH_KRONE);
      |                                                                                ^~~~~~~~~~~~~~~~~~~~~~~~
/home/vimkim/gh/cb/pr7925-02-record-owner/build_preset_debug_gcc/csql_grammar.c:42919:80: warning: implicit conversion from ‘enum pt_currency_types’ to ‘DB_CURRENCY’ [-Wenum-conversion]
42919 |                             pt_value_set_monetary (this_parser, val, str, txt, PT_CURRENCY_NORWEGIAN_KRONE);
      |                                                                                ^~~~~~~~~~~~~~~~~~~~~~~~~~~
/home/vimkim/gh/cb/pr7925-02-record-owner/build_preset_debug_gcc/csql_grammar.c:42938:80: warning: implicit conversion from ‘enum pt_currency_types’ to ‘DB_CURRENCY’ [-Wenum-conversion]
42938 |                             pt_value_set_monetary (this_parser, val, str, txt, PT_CURRENCY_BULGARIAN_LEV);
      |                                                                                ^~~~~~~~~~~~~~~~~~~~~~~~~
/home/vimkim/gh/cb/pr7925-02-record-owner/build_preset_debug_gcc/csql_grammar.c:42957:80: warning: implicit conversion from ‘enum pt_currency_types’ to ‘DB_CURRENCY’ [-Wenum-conversion]
42957 |                             pt_value_set_monetary (this_parser, val, str, txt, PT_CURRENCY_VIETNAMESE_DONG);
      |                                                                                ^~~~~~~~~~~~~~~~~~~~~~~~~~~
/home/vimkim/gh/cb/pr7925-02-record-owner/build_preset_debug_gcc/csql_grammar.c:42976:80: warning: implicit conversion from ‘enum pt_currency_types’ to ‘DB_CURRENCY’ [-Wenum-conversion]
42976 |                             pt_value_set_monetary (this_parser, val, str, txt, PT_CURRENCY_CZECH_KORUNA);
      |                                                                                ^~~~~~~~~~~~~~~~~~~~~~~~
/home/vimkim/gh/cb/pr7925-02-record-owner/build_preset_debug_gcc/csql_grammar.c:42995:80: warning: implicit conversion from ‘enum pt_currency_types’ to ‘DB_CURRENCY’ [-Wenum-conversion]
42995 |                             pt_value_set_monetary (this_parser, val, str, txt, PT_CURRENCY_POLISH_ZLOTY);
      |                                                                                ^~~~~~~~~~~~~~~~~~~~~~~~
/home/vimkim/gh/cb/pr7925-02-record-owner/build_preset_debug_gcc/csql_grammar.c:43014:80: warning: implicit conversion from ‘enum pt_currency_types’ to ‘DB_CURRENCY’ [-Wenum-conversion]
43014 |                             pt_value_set_monetary (this_parser, val, str, txt, PT_CURRENCY_SWEDISH_KRONA);
      |                                                                                ^~~~~~~~~~~~~~~~~~~~~~~~~
/home/vimkim/gh/cb/pr7925-02-record-owner/build_preset_debug_gcc/csql_grammar.c:43033:80: warning: implicit conversion from ‘enum pt_currency_types’ to ‘DB_CURRENCY’ [-Wenum-conversion]
43033 |                             pt_value_set_monetary (this_parser, val, str, txt, PT_CURRENCY_CROATIAN_KUNA);
      |                                                                                ^~~~~~~~~~~~~~~~~~~~~~~~~
/home/vimkim/gh/cb/pr7925-02-record-owner/build_preset_debug_gcc/csql_grammar.c:43052:80: warning: implicit conversion from ‘enum pt_currency_types’ to ‘DB_CURRENCY’ [-Wenum-conversion]
43052 |                             pt_value_set_monetary (this_parser, val, str, txt, PT_CURRENCY_SERBIAN_DINAR);
      |                                                                                ^~~~~~~~~~~~~~~~~~~~~~~~~
/home/vimkim/gh/cb/pr7925-02-record-owner/build_preset_debug_gcc/csql_grammar.c: In function ‘pt_value_set_monetary’:
/home/vimkim/gh/cb/pr7925-02-record-owner/build_preset_debug_gcc/csql_grammar.c:49108:42: warning: implicit conversion from ‘DB_CURRENCY’ to ‘PT_CURRENCY’ {aka ‘enum pt_currency_types’} [-Wenum-conversion]
49108 |   node->info.value.data_value.money.type = type;
      |                                          ^
[737/1456] Building CXX object cs/CMakeFiles/cubridcs.dir/__/src/method/method_schema_info.cpp.o
[738/1456] Building CXX object cs/CMakeFiles/cubridcs.dir/__/src/transaction/log_applier_sql_log.c.o
[739/1456] Building CXX object cs/CMakeFiles/cubridcs.dir/__/src/transaction/log_writer.c.o
[740/1456] Building CXX object cs/CMakeFiles/cubridcs.dir/__/src/xasl/xasl_predicate.cpp.o
[741/1456] Building CXX object cubrid/CMakeFiles/cubrid.dir/__/src/base/binaryheap.c.o
[742/1456] Building CXX object cubrid/CMakeFiles/cubrid.dir/__/src/base/bit.c.o
[743/1456] Building CXX object cs/CMakeFiles/cubridcs.dir/__/src/xasl/xasl_analytic.cpp.o
[744/1456] Building CXX object cubrid/CMakeFiles/cubrid.dir/__/src/base/dtoa.c.o
[745/1456] Building CXX object cs/CMakeFiles/cubridcs.dir/__/src/xasl/xasl_stream.cpp.o
[746/1456] Building CXX object cubrid/CMakeFiles/cubrid.dir/__/src/base/base64.c.o
[747/1456] Building CXX object cs/CMakeFiles/cubridcs.dir/__/src/query/parallel/px_scan/px_scan_instnum.cpp.o
[748/1456] Building CXX object cubrid/CMakeFiles/cubrid.dir/__/src/base/encryption.c.o
[749/1456] Building CXX object cs/CMakeFiles/cubridcs.dir/__/src/transaction/boot_cl.c.o
[750/1456] Building CXX object cs/CMakeFiles/cubridcs.dir/__/src/transaction/flashback_cl.c.o
[751/1456] Building CXX object cubrid/CMakeFiles/cubrid.dir/__/src/base/dynamic_array.c.o
[752/1456] Building CXX object cubrid/CMakeFiles/cubrid.dir/__/src/base/fileline_location.cpp.o
[753/1456] Building CXX object cs/CMakeFiles/cubridcs.dir/__/src/transaction/locator_cl.c.o
[754/1456] Building CXX object cubrid/CMakeFiles/cubrid.dir/__/src/base/environment_variable.c.o
[755/1456] Building CXX object cs/CMakeFiles/cubridcs.dir/__/src/api/cubrid_log.c.o
[756/1456] Building CXX object cs/CMakeFiles/cubridcs.dir/__/src/query/execute_schema.c.o
[757/1456] Building CXX object cubrid/CMakeFiles/cubrid.dir/__/src/base/area_alloc.c.o
[758/1456] Building CXX object cubrid/CMakeFiles/cubrid.dir/__/src/base/lockfree_transaction_descriptor.cpp.o
[759/1456] Building CXX object cubrid/CMakeFiles/cubrid.dir/__/src/base/databases_file.c.o
[760/1456] Building CXX object cubrid/CMakeFiles/cubrid.dir/__/src/base/cubrid_getopt_long.c.o
[761/1456] Building CXX object cs/CMakeFiles/cubridcs.dir/__/src/parser/type_checking.c.o
[762/1456] Building CXX object cubrid/CMakeFiles/cubrid.dir/__/src/base/lockfree_transaction_system.cpp.o
[763/1456] Building CXX object cs/CMakeFiles/cubridcs.dir/__/src/query/parallel/px_query_execute/px_query_checker.cpp.o
[764/1456] Building CXX object cs/CMakeFiles/cubridcs.dir/__/src/query/parallel/px_scan/px_scan_checker.cpp.o
[765/1456] Building CXX object cubrid/CMakeFiles/cubrid.dir/__/src/base/fixed_alloc.c.o
[766/1456] Building CXX object cubrid/CMakeFiles/cubrid.dir/__/src/base/filesys_temp.cpp.o
[767/1456] Building CXX object cubrid/CMakeFiles/cubrid.dir/__/src/base/locale_helper.cpp.o
[768/1456] Building CXX object cs/CMakeFiles/cubridcs.dir/__/src/query/execute_statement.c.o
[769/1456] Building CXX object cubrid/CMakeFiles/cubrid.dir/__/src/base/ini_parser.c.o
[770/1456] Building CXX object cubrid/CMakeFiles/cubrid.dir/__/src/base/lockfree_transaction_table.cpp.o
[771/1456] Building CXX object cubrid/CMakeFiles/cubrid.dir/__/src/base/lockfree_bitmap.cpp.o
[772/1456] Building CXX object cubrid/CMakeFiles/cubrid.dir/__/src/base/lock_free.c.o
[773/1456] Building CXX object cs/CMakeFiles/cubridcs.dir/__/src/query/string_opfunc.c.o
[774/1456] Building CXX object cubrid/CMakeFiles/cubrid.dir/__/src/base/misc_string.c.o
[775/1456] Building CXX object cs/CMakeFiles/cubridcs.dir/__/src/parser/xasl_generation.c.o
[776/1456] Building CXX object cubrid/CMakeFiles/cubrid.dir/__/src/base/memory_monitor_sr.cpp.o
[777/1456] Building CXX object cs/CMakeFiles/cubridcs.dir/__/src/method/method_callback.cpp.o
[778/1456] Building CXX object cs/CMakeFiles/cubridcs.dir/__/src/loaddb/load_db.c.o
[779/1456] Building CXX object cs/CMakeFiles/cubridcs.dir/__/src/query/string_regex_std.cpp.o
[780/1456] Building CXX object cubrid/CMakeFiles/cubrid.dir/__/src/base/intl_support.c.o
[781/1456] Building CXX object cs/CMakeFiles/cubridcs.dir/__/src/transaction/log_applier.c.o
/home/vimkim/gh/cb/pr7925-02-record-owner/src/transaction/log_applier.c: In function ‘int la_get_copied_log_info(const char*, const char*, INT64, bool, LOG_LSA*, LOG_LSA*)’:
/home/vimkim/gh/cb/pr7925-02-record-owner/src/transaction/log_applier.c:8383:35: warning: format ‘%ld’ expects argument of type ‘long int’, but argument 2 has type ‘int’ [-Wformat=]
 8383 |               printf ("offset:%04ld (tid:%d bck p:%lld,o:%ld frw p:%lld,o:%ld type:%d)\n", lsa.offset, lrec->trid,
      |                               ~~~~^                                                        ~~~~~~~~~~
      |                                   |                                                            |
      |                                   long int                                                     int
      |                               %04d
/home/vimkim/gh/cb/pr7925-02-record-owner/src/transaction/log_applier.c:8383:60: warning: format ‘%ld’ expects argument of type ‘long int’, but argument 5 has type ‘int’ [-Wformat=]
 8383 |               printf ("offset:%04ld (tid:%d bck p:%lld,o:%ld frw p:%lld,o:%ld type:%d)\n", lsa.offset, lrec->trid,
      |                                                          ~~^
      |                                                            |
      |                                                            long int
      |                                                          %d
 8384 |                       (long long int) lrec->back_lsa.pageid, lrec->back_lsa.offset,
      |                                                              ~~~~~~~~~~~~~~~~~~~~~
      |                                                                             |
      |                                                                             int
/home/vimkim/gh/cb/pr7925-02-record-owner/src/transaction/log_applier.c:8383:77: warning: format ‘%ld’ expects argument of type ‘long int’, but argument 7 has type ‘int’ [-Wformat=]
 8383 |               printf ("offset:%04ld (tid:%d bck p:%lld,o:%ld frw p:%lld,o:%ld type:%d)\n", lsa.offset, lrec->trid,
      |                                                                           ~~^
      |                                                                             |
      |                                                                             long int
      |                                                                           %d
 8384 |                       (long long int) lrec->back_lsa.pageid, lrec->back_lsa.offset,
 8385 |                       (long long int) lrec->forw_lsa.pageid, lrec->forw_lsa.offset, lrec->type);
      |                                                              ~~~~~~~~~~~~~~~~~~~~~
      |                                                                             |
      |                                                                             int
At global scope:
cc1plus: note: unrecognized command-line option ‘-Wno-template-body’ may have been intended to silence earlier diagnostics
[782/1456] Building CXX object cubrid/CMakeFiles/cubrid.dir/__/src/base/error_context.cpp.o
[783/1456] Building CXX object cubrid/CMakeFiles/cubrid.dir/__/src/base/memory_monitor_api.cpp.o
[784/1456] Building CXX object cubrid/CMakeFiles/cubrid.dir/__/src/base/locale_support.c.o
[785/1456] Building CXX object cubrid/CMakeFiles/cubrid.dir/__/src/base/lockfree_hashmap.cpp.o
[786/1456] Building CXX object cubrid/CMakeFiles/cubrid.dir/__/src/base/message_catalog.c.o
[787/1456] Building CXX object cubrid/CMakeFiles/cubrid.dir/__/src/base/get_clock_freq.c.o
[788/1456] Building CXX object cubrid/CMakeFiles/cubrid.dir/__/src/base/mprec.c.o
[789/1456] Building CXX object cubrid/CMakeFiles/cubrid.dir/__/src/base/fault_injection.c.o
[790/1456] Building CXX object cubrid/CMakeFiles/cubrid.dir/__/src/base/error_manager.c.o
[791/1456] Building CXX object cubrid/CMakeFiles/cubrid.dir/__/src/base/mem_block.cpp.o
[792/1456] Building CXX object cubrid/CMakeFiles/cubrid.dir/__/src/base/packer.cpp.o
[793/1456] Building CXX object cubrid/CMakeFiles/cubrid.dir/__/src/base/perf.cpp.o
[794/1456] Building CXX object cubrid/CMakeFiles/cubrid.dir/__/src/base/memory_private_allocator.cpp.o
[795/1456] Building CXX object cubrid/CMakeFiles/cubrid.dir/__/src/base/memory_hash.c.o
[796/1456] Building CXX object cubrid/CMakeFiles/cubrid.dir/__/src/base/pinnable_buffer.cpp.o
[797/1456] Building CXX object cubrid/CMakeFiles/cubrid.dir/__/src/base/pinning.cpp.o
[798/1456] Building CXX object cubrid/CMakeFiles/cubrid.dir/__/src/base/printer.cpp.o
[799/1456] Building CXX object cubrid/CMakeFiles/cubrid.dir/__/src/base/process_util.c.o
[800/1456] Building CXX object cs/CMakeFiles/cubridcs.dir/__/src/optimizer/histogram/histogram_cl.cpp.o
[801/1456] Building CXX object cubrid/CMakeFiles/cubrid.dir/__/src/base/porting.c.o
[802/1456] Building CXX object cubrid/CMakeFiles/cubrid.dir/__/src/base/sha1.c.o
[803/1456] Building CXX object cubrid/CMakeFiles/cubrid.dir/__/src/base/language_support.c.o
[804/1456] Building CXX object cubrid/CMakeFiles/cubrid.dir/__/src/base/release_string.c.o
[805/1456] Building CXX object cubrid/CMakeFiles/cubrid.dir/__/src/base/string_buffer.cpp.o
[806/1456] Building CXX object cubrid/CMakeFiles/cubrid.dir/__/src/base/tsc_timer.c.o
[807/1456] Building CXX object cubrid/CMakeFiles/cubrid.dir/__/src/base/json_builder.cpp.o
[808/1456] Building CXX object cubrid/CMakeFiles/cubrid.dir/__/src/base/resource_tracker.cpp.o
[809/1456] Building CXX object cubrid/CMakeFiles/cubrid.dir/__/src/base/nonblocking.cpp.o
[810/1456] Building CXX object cubrid/CMakeFiles/cubrid.dir/__/src/base/trace_event_log.c.o
[811/1456] Building CXX object cubrid/CMakeFiles/cubrid.dir/__/src/base/epoll.cpp.o
[812/1456] Building CXX object cubrid/CMakeFiles/cubrid.dir/__/src/base/memory_alloc.c.o
[813/1456] Building CXX object cubrid/CMakeFiles/cubrid.dir/__/src/base/stack_dump.c.o
[814/1456] Building CXX object cubrid/CMakeFiles/cubrid.dir/__/src/base/packet_buffer.cpp.o
[815/1456] Building CXX object cubrid/CMakeFiles/cubrid.dir/__/src/base/unicode_support.c.o
[816/1456] Building CXX object cubrid/CMakeFiles/cubrid.dir/__/src/base/DMRBMemoryPool.cpp.o
[817/1456] Building CXX object cubrid/CMakeFiles/cubrid.dir/__/src/compat/db_function.cpp.o
[818/1456] Building CXX object cubrid/CMakeFiles/cubrid.dir/__/src/base/uca_support.c.o
[819/1456] Building CXX object cs/CMakeFiles/cubridcs.dir/__/src/sp/sp_catalog.cpp.o
[820/1456] Building CXX object cubrid/CMakeFiles/cubrid.dir/__/src/base/variable_string.c.o
[821/1456] Building CXX object cubrid/CMakeFiles/cubrid.dir/__/src/base/xml_parser.c.o
[822/1456] Building CXX object cubrid/CMakeFiles/cubrid.dir/__/src/compat/cnv.c.o
[823/1456] Building CXX object cubrid/CMakeFiles/cubrid.dir/__/src/compat/db_elo.c.o
[824/1456] Building CXX object cubrid/CMakeFiles/cubrid.dir/__/src/base/perf_monitor_trackers.cpp.o
[825/1456] Building CXX object cubrid/CMakeFiles/cubrid.dir/__/src/base/filesys_parser.cpp.o
[826/1456] Building CXX object cubrid/CMakeFiles/cubrid.dir/__/src/compat/db_set.c.o
[827/1456] Building CXX object cubrid/CMakeFiles/cubrid.dir/__/src/base/util_func.c.o
[828/1456] Building CXX object cubrid/CMakeFiles/cubrid.dir/__/src/communication/network_sr.c.o
[829/1456] Building CXX object cubrid/CMakeFiles/cubrid.dir/__/src/base/ifsys.cpp.o
[830/1456] Building CXX object cubrid/CMakeFiles/cubrid.dir/__/src/compat/db_json_types_internal.cpp.o
[831/1456] Building CXX object cubrid/CMakeFiles/cubrid.dir/__/src/connection/buffer.cpp.o
[832/1456] Building CXX object cubrid/CMakeFiles/cubrid.dir/__/src/connection/connection_list_sr.c.o
[833/1456] Building CXX object cubrid/CMakeFiles/cubrid.dir/__/src/compat/db_json_allocator.cpp.o
[834/1456] Building CXX object cubrid/CMakeFiles/cubrid.dir/__/src/communication/network_common.cpp.o
[835/1456] Building CXX object cubrid/CMakeFiles/cubrid.dir/__/src/base/cgroup.cpp.o
[836/1456] Building CXX object cubrid/CMakeFiles/cubrid.dir/__/src/heaplayers/customheaps.cpp.o
[837/1456] Building CXX object cubrid/CMakeFiles/cubrid.dir/__/src/connection/connection_context.cpp.o
[838/1456] Building CXX object cubrid/CMakeFiles/cubrid.dir/__/src/compat/db_date.c.o
[839/1456] Building CXX object cubrid/CMakeFiles/cubrid.dir/__/src/connection/host_lookup.c.o
[840/1456] Building CXX object cubrid/CMakeFiles/cubrid.dir/__/src/base/resources.cpp.o
[841/1456] Building CXX object cubrid/CMakeFiles/cubrid.dir/__/src/compat/db_value_printer.cpp.o
[842/1456] Building CXX object cubrid/CMakeFiles/cubrid.dir/__/src/connection/connection_globals.c.o
[843/1456] Building CXX object cubrid/CMakeFiles/cubrid.dir/__/src/connection/transmitter.cpp.o
[844/1456] Building CXX object cubrid/CMakeFiles/cubrid.dir/__/src/connection/receiver.cpp.o
[845/1456] Building CXX object cubrid/CMakeFiles/cubrid.dir/__/src/compat/db_macro.c.o
[846/1456] Building CXX object cubrid/CMakeFiles/cubrid.dir/__/src/communication/network_callback_sr.cpp.o
[847/1456] Building CXX object cubrid/CMakeFiles/cubrid.dir/__/src/query/dblink_2pc_daemon.c.o
[848/1456] Building CXX object cubrid/CMakeFiles/cubrid.dir/__/src/query/dblink_global_tran_catalog.c.o
[849/1456] Building CXX object cubrid/CMakeFiles/cubrid.dir/__/src/sp/pl_file.c.o
[850/1456] Building CXX object cubrid/CMakeFiles/cubrid.dir/__/src/connection/heartbeat.c.o
[851/1456] Building CXX object cubrid/CMakeFiles/cubrid.dir/__/src/connection/tcp.c.o
[852/1456] Building CXX object cubrid/CMakeFiles/cubrid.dir/__/load_lexer.cpp.o
[853/1456] Building CXX object cubrid/CMakeFiles/cubrid.dir/__/src/heaplayers/lea_heap.c.o
[854/1456] Building CXX object cubrid/CMakeFiles/cubrid.dir/__/src/method/method_query_util.cpp.o
[855/1456] Building CXX object cubrid/CMakeFiles/cubrid.dir/__/src/method/method_error.cpp.o
[856/1456] Building CXX object cubrid/CMakeFiles/cubrid.dir/__/src/method/method_struct_parameter_info.cpp.o
[857/1456] Building CXX object cubrid/CMakeFiles/cubrid.dir/__/src/executables/util_common.c.o
[858/1456] Building CXX object cubrid/CMakeFiles/cubrid.dir/__/src/sp/pl_comm.c.o
[859/1456] Building CXX object cubrid/CMakeFiles/cubrid.dir/__/src/base/object_representation_sr.c.o
[860/1456] Building CXX object cubrid/CMakeFiles/cubrid.dir/__/src/connection/connection_support.cpp.o
[861/1456] Building CXX object cubrid/CMakeFiles/cubrid.dir/__/src/method/method_struct_schema_info.cpp.o
[862/1456] Building CXX object cubrid/CMakeFiles/cubrid.dir/__/src/method/method_struct_value.cpp.o
[863/1456] Building CXX object cubrid/CMakeFiles/cubrid.dir/__/src/sp/pl_connection.cpp.o
[864/1456] Building CXX object cubrid/CMakeFiles/cubrid.dir/__/src/method/method_struct_oid_info.cpp.o
[865/1456] Building CXX object cubrid/CMakeFiles/cubrid.dir/__/src/sp/pl_signature.cpp.o
[866/1456] Building CXX object cubrid/CMakeFiles/cubrid.dir/__/src/query/scan_json_table.cpp.o
[867/1456] Building CXX object cubrid/CMakeFiles/cubrid.dir/__/src/monitor/monitor_statistic.cpp.o
[868/1456] Building CXX object cubrid/CMakeFiles/cubrid.dir/__/src/compat/db_json_path.cpp.o
[869/1456] Building CXX object cubrid/CMakeFiles/cubrid.dir/__/src/base/perf_monitor.c.o
[870/1456] Building CXX object cubrid/CMakeFiles/cubrid.dir/__/src/method/method_struct_query.cpp.o
[871/1456] Building CXX object cubrid/CMakeFiles/cubrid.dir/__/src/sp/pl_compile_handler.cpp.o
[872/1456] Building CXX object cubrid/CMakeFiles/cubrid.dir/__/src/loaddb/load_common.cpp.o
[873/1456] Building CXX object cubrid/CMakeFiles/cubrid.dir/__/load_grammar.cpp.o
[874/1456] Building CXX object cubrid/CMakeFiles/cubrid.dir/__/src/method/query_method.cpp.o
[875/1456] Building CXX object cubrid/CMakeFiles/cubrid.dir/__/src/monitor/monitor_registration.cpp.o
[876/1456] Building CXX object cubrid/CMakeFiles/cubrid.dir/__/src/loaddb/load_semantic_helper.cpp.o
[877/1456] Building CXX object cubrid/CMakeFiles/cubrid.dir/__/src/object/lob_locator.cpp.o
[878/1456] Building CXX object cubrid/CMakeFiles/cubrid.dir/__/src/connection/master_connector.cpp.o
[879/1456] Building CXX object cubrid/CMakeFiles/cubrid.dir/__/src/base/tz_support.c.o
[880/1456] Building CXX object cubrid/CMakeFiles/cubrid.dir/__/src/object/schema_information_schema.cpp.o
[881/1456] Building CXX object cubrid/CMakeFiles/cubrid.dir/__/src/monitor/monitor_collect.cpp.o
[882/1456] Building CXX object cubrid/CMakeFiles/cubrid.dir/__/src/object/identifier_store.cpp.o
[883/1456] Building CXX object cubrid/CMakeFiles/cubrid.dir/__/src/sp/pl_sr.cpp.o
[884/1456] Building CXX object cubrid/CMakeFiles/cubrid.dir/__/src/base/system_parameter.c.o
[885/1456] Building CXX object cubrid/CMakeFiles/cubrid.dir/__/src/object/elo.c.o
[886/1456] Building CXX object cubrid/CMakeFiles/cubrid.dir/__/src/loaddb/load_driver.cpp.o
[887/1456] Building CXX object cubrid/CMakeFiles/cubrid.dir/__/src/method/method_struct_invoke.cpp.o
[888/1456] Building CXX object cubrid/CMakeFiles/cubrid.dir/__/src/connection/connection_pool.cpp.o
[889/1456] Building CXX object cubrid/CMakeFiles/cubrid.dir/__/src/object/schema_system_catalog.cpp.o
[890/1456] Building CXX object cubrid/CMakeFiles/cubrid.dir/__/src/sp/sp_code.cpp.o
[891/1456] Building CXX object cubrid/CMakeFiles/cubrid.dir/__/src/sp/pl_query_cursor.cpp.o
[892/1456] Building CXX object cubrid/CMakeFiles/cubrid.dir/__/src/object/set_object.c.o
[893/1456] Building CXX object cubrid/CMakeFiles/cubrid.dir/__/src/loaddb/load_error_handler.cpp.o
[894/1456] Building CXX object cubrid/CMakeFiles/cubrid.dir/__/src/loaddb/load_class_registry.cpp.o
[895/1456] Building CXX object cubrid/CMakeFiles/cubrid.dir/__/src/object/deduplicate_key.c.o
[896/1456] Building CXX object cubrid/CMakeFiles/cubrid.dir/__/src/connection/connection_sr.c.o
[897/1456] Building CXX object cubrid/CMakeFiles/cubrid.dir/__/src/loaddb/load_db_value_converter.cpp.o
[898/1456] Building CXX object cubrid/CMakeFiles/cubrid.dir/__/src/connection/coordinator.cpp.o
[899/1456] Building CXX object cubrid/CMakeFiles/cubrid.dir/__/src/monitor/monitor_vacuum_ovfp_threshold.cpp.o
[900/1456] Building CXX object cubrid/CMakeFiles/cubrid.dir/__/src/monitor/monitor_transaction.cpp.o
[901/1456] Building CXX object cubrid/CMakeFiles/cubrid.dir/__/src/sp/method_invoke_group.cpp.o
[902/1456] Building CXX object cubrid/CMakeFiles/cubrid.dir/__/src/storage/btree_unique.cpp.o
[903/1456] Building CXX object cubrid/CMakeFiles/cubrid.dir/__/src/method/method_scan.cpp.o
[904/1456] Building CXX object cubrid/CMakeFiles/cubrid.dir/__/src/object/object_representation.c.o
[905/1456] Building CXX object cubrid/CMakeFiles/cubrid.dir/__/src/query/qfile_tuple_layout.c.o
[906/1456] Building CXX object cubrid/CMakeFiles/cubrid.dir/__/src/connection/connection_worker.cpp.o
[907/1456] Building CXX object cubrid/CMakeFiles/cubrid.dir/__/src/sp/pl_execution_stack_context.cpp.o
[908/1456] Building CXX object cubrid/CMakeFiles/cubrid.dir/__/src/object/transform.c.o
[909/1456] Building CXX object cubrid/CMakeFiles/cubrid.dir/__/src/query/numeric_opfunc.c.o
[910/1456] Building CXX object cubrid/CMakeFiles/cubrid.dir/__/src/object/object_domain.c.o
[911/1456] Building CXX object cubrid/CMakeFiles/cubrid.dir/__/src/query/crypt_opfunc.c.o
[912/1456] Building CXX object cubrid/CMakeFiles/cubrid.dir/__/src/storage/byte_order.c.o
[913/1456] Building CXX object cubrid/CMakeFiles/cubrid.dir/__/src/storage/es_common.c.o
[914/1456] Building CXX object cubrid/CMakeFiles/cubrid.dir/__/src/storage/es.c.o
[915/1456] Building CXX object cubrid/CMakeFiles/cubrid.dir/__/src/sp/pl_executor.cpp.o
[916/1456] Building CXX object cubrid/CMakeFiles/cubrid.dir/__/src/query/string_regex_re2.cpp.o
[917/1456] Building CXX object cubrid/CMakeFiles/cubrid.dir/__/src/query/string_regex.cpp.o
[918/1456] Building CXX object cubrid/CMakeFiles/cubrid.dir/__/src/sp/pl_session.cpp.o
[919/1456] Building CXX object cubrid/CMakeFiles/cubrid.dir/__/src/connection/server_support.c.o
[920/1456] Building CXX object cubrid/CMakeFiles/cubrid.dir/__/src/object/object_primitive.c.o
[921/1456] Building CXX object cubrid/CMakeFiles/cubrid.dir/__/src/query/dblink_2pc.c.o
[922/1456] Building CXX object cubrid/CMakeFiles/cubrid.dir/__/src/compat/db_json.cpp.o
[923/1456] Building CXX object cubrid/CMakeFiles/cubrid.dir/__/src/query/regu_var.cpp.o
[924/1456] Building CXX object cubrid/CMakeFiles/cubrid.dir/__/src/query/dblink_scan.c.o
[925/1456] Building CXX object cubrid/CMakeFiles/cubrid.dir/__/src/query/query_reevaluation.cpp.o
[926/1456] Building CXX object cubrid/CMakeFiles/cubrid.dir/__/src/storage/oid.c.o
[927/1456] Building CXX object cubrid/CMakeFiles/cubrid.dir/__/src/query/query_evaluator.c.o
[928/1456] Building CXX object cubrid/CMakeFiles/cubrid.dir/__/src/storage/heap_pending_record.cpp.o
[929/1456] Building CXX object cubrid/CMakeFiles/cubrid.dir/__/src/query/set_scan.c.o
[930/1456] Building CXX object cubrid/CMakeFiles/cubrid.dir/__/src/loaddb/load_server_loader.cpp.o
[931/1456] Building CXX object cubrid/CMakeFiles/cubrid.dir/__/src/storage/es_posix.c.o
[932/1456] Building CXX object cubrid/CMakeFiles/cubrid.dir/__/src/storage/oos_util.cpp.o
[933/1456] Building CXX object cubrid/CMakeFiles/cubrid.dir/__/src/communication/network_interface_sr.cpp.o
[934/1456] Building CXX object cubrid/CMakeFiles/cubrid.dir/__/src/query/subquery_cache.c.o
[935/1456] Building CXX object cubrid/CMakeFiles/cubrid.dir/__/src/query/vacuum_oos.cpp.o
[936/1456] Building CXX object cubrid/CMakeFiles/cubrid.dir/__/src/query/show_scan.c.o
[937/1456] Building CXX object cubrid/CMakeFiles/cubrid.dir/__/src/loaddb/load_session.cpp.o
[938/1456] Building CXX object cubrid/CMakeFiles/cubrid.dir/__/src/loaddb/load_worker_manager.cpp.o
[939/1456] Building CXX object cubrid/CMakeFiles/cubrid.dir/__/src/storage/statistics_ndv.c.o
[940/1456] Building CXX object cubrid/CMakeFiles/cubrid.dir/__/src/query/partition.c.o
[941/1456] Building CXX object cubrid/CMakeFiles/cubrid.dir/__/src/storage/storage_common.c.o
[942/1456] Building CXX object cubrid/CMakeFiles/cubrid.dir/__/src/query/filter_pred_cache.c.o
[943/1456] Building CXX object cubrid/CMakeFiles/cubrid.dir/__/src/query/query_analytic.cpp.o
[944/1456] Building CXX object cubrid/CMakeFiles/cubrid.dir/__/src/query/query_hash_join.c.o
[945/1456] Building CXX object cubrid/CMakeFiles/cubrid.dir/__/src/query/arithmetic.c.o
[946/1456] Building CXX object cubrid/CMakeFiles/cubrid.dir/__/src/storage/es_owfs.c.o
[947/1456] Building CXX object cubrid/CMakeFiles/cubrid.dir/__/src/query/query_hash_scan.c.o
[948/1456] Building CXX object cubrid/CMakeFiles/cubrid.dir/__/src/query/query_aggregate.cpp.o
[949/1456] Building CXX object cubrid/CMakeFiles/cubrid.dir/__/src/query/fetch.c.o
[950/1456] Building CXX object cubrid/CMakeFiles/cubrid.dir/__/src/transaction/wait_for_graph.c.o
[951/1456] Building CXX object cubrid/CMakeFiles/cubrid.dir/__/src/query/query_dump.c.o
[952/1456] Building CXX object cubrid/CMakeFiles/cubrid.dir/__/src/query/query_manager.c.o
[953/1456] Building CXX object cubrid/CMakeFiles/cubrid.dir/__/src/thread/critical_section_tracker.cpp.o
[954/1456] Building CXX object cubrid/CMakeFiles/cubrid.dir/__/src/storage/compactdb_sr.c.o
[955/1456] Building CXX object cubrid/CMakeFiles/cubrid.dir/__/src/storage/record_descriptor.cpp.o
[956/1456] Building CXX object cubrid/CMakeFiles/cubrid.dir/__/src/thread/thread_daemon.cpp.o
[957/1456] Building CXX object cubrid/CMakeFiles/cubrid.dir/__/src/storage/ftab_set.cpp.o
[958/1456] Building CXX object cubrid/CMakeFiles/cubrid.dir/__/src/query/query_opfunc.c.o
[959/1456] Building CXX object cubrid/CMakeFiles/cubrid.dir/__/src/query/stream_to_xasl.c.o
[960/1456] Building CXX object cubrid/CMakeFiles/cubrid.dir/__/src/thread/thread_waiter.cpp.o
[961/1456] Building CXX object cubrid/CMakeFiles/cubrid.dir/__/src/query/string_opfunc.c.o
[962/1456] Building CXX object cubrid/CMakeFiles/cubrid.dir/__/src/query/list_file.c.o
[963/1456] Building CXX object cubrid/CMakeFiles/cubrid.dir/__/src/storage/overflow_file.c.o
[964/1456] Building CXX object cubrid/CMakeFiles/cubrid.dir/__/src/storage/bestspace.cpp.o
[965/1456] Building CXX object cubrid/CMakeFiles/cubrid.dir/__/src/thread/thread_looper.cpp.o
[966/1456] Building CXX object cubrid/CMakeFiles/cubrid.dir/__/src/session/session_sr.c.o
[967/1456] Building CXX object cubrid/CMakeFiles/cubrid.dir/__/src/transaction/lock_table.c.o
[968/1456] Building CXX object cubrid/CMakeFiles/cubrid.dir/__/src/transaction/client_credentials.cpp.o
[969/1456] Building CXX object cubrid/CMakeFiles/cubrid.dir/__/src/thread/thread_worker_pool_impl.cpp.o
[970/1456] Building CXX object cubrid/CMakeFiles/cubrid.dir/__/src/query/memoize.cpp.o
[971/1456] Building CXX object cubrid/CMakeFiles/cubrid.dir/__/src/storage/catalog_class.c.o
[972/1456] Building CXX object cubrid/CMakeFiles/cubrid.dir/__/src/query/scan_manager.c.o
[973/1456] Building CXX object cubrid/CMakeFiles/cubrid.dir/__/src/storage/double_write_buffer.cpp.o
[974/1456] Building CXX object cubrid/CMakeFiles/cubrid.dir/__/src/storage/heap_oos.cpp.o
[975/1456] Building CXX object cubrid/CMakeFiles/cubrid.dir/__/src/query/xasl_cache.c.o
[976/1456] Building CXX object cubrid/CMakeFiles/cubrid.dir/__/src/storage/extendible_hash.c.o
[977/1456] Building CXX object cubrid/CMakeFiles/cubrid.dir/__/src/storage/disk_manager.c.o
[978/1456] Building CXX object cubrid/CMakeFiles/cubrid.dir/__/src/transaction/log_lsa.cpp.o
[979/1456] Building CXX object cubrid/CMakeFiles/cubrid.dir/__/src/thread/thread_worker_pool_taskcap.cpp.o
[980/1456] Building CXX object cubrid/CMakeFiles/cubrid.dir/__/src/thread/thread_entry_task.cpp.o
[981/1456] Building CXX object cubrid/CMakeFiles/cubrid.dir/__/src/thread/thread_lockfree_hash_map.cpp.o
[982/1456] Building CXX object cubrid/CMakeFiles/cubrid.dir/__/src/thread/critical_section.c.o
[983/1456] Building CXX object cubrid/CMakeFiles/cubrid.dir/__/src/storage/statistics_sr.c.o
[984/1456] Building CXX object cubrid/CMakeFiles/cubrid.dir/__/src/query/string_regex_std.cpp.o
[985/1456] Building CXX object cubrid/CMakeFiles/cubrid.dir/__/src/storage/btree_sort.c.o
[986/1456] Building CXX object cubrid/CMakeFiles/cubrid.dir/__/src/storage/tde.c.o
[987/1456] Building CXX object cubrid/CMakeFiles/cubrid.dir/__/src/storage/external_sort.c.o
[988/1456] Building CXX object cubrid/CMakeFiles/cubrid.dir/__/src/transaction/locator.c.o
[989/1456] Building CXX object cubrid/CMakeFiles/cubrid.dir/__/src/thread/thread_manager.cpp.o
[990/1456] Building CXX object cubrid/CMakeFiles/cubrid.dir/__/src/transaction/log_comm.c.o
[991/1456] Building CXX object cubrid/CMakeFiles/cubrid.dir/__/src/session/session.c.o
[992/1456] Building CXX object cubrid/CMakeFiles/cubrid.dir/__/src/query/query_executor.c.o
[993/1456] Building CXX object cubrid/CMakeFiles/cubrid.dir/__/src/storage/slotted_page.c.o
[994/1456] Building CXX object util/CMakeFiles/csql.dir/__/src/executables/csql_launcher.c.o
[995/1456] Building CXX object cubrid/CMakeFiles/cubrid.dir/__/src/transaction/log_append.cpp.o
[996/1456] Building CXX object cubrid/CMakeFiles/cubrid.dir/__/src/transaction/log_2pc.c.o
[997/1456] Building CXX object cubrid/CMakeFiles/cubrid.dir/__/src/xasl/xasl_unpack_info.cpp.o
[998/1456] Building CXX object cubrid/CMakeFiles/cubrid.dir/__/src/storage/file_manager.c.o
[999/1456] Building CXX object cubrid/CMakeFiles/cubrid.dir/__/src/transaction/log_global.c.o
[1000/1456] Building CXX object cubrid/CMakeFiles/cubrid.dir/__/src/transaction/log_postpone_cache.cpp.o
[1001/1456] Building CXX object util/CMakeFiles/csql.dir/__/src/base/cubrid_getopt_long.c.o
[1002/1456] Building CXX object cubrid/CMakeFiles/cubrid.dir/__/src/storage/oos_file.cpp.o
[1003/1456] Building CXX object cubrid/CMakeFiles/cubrid.dir/__/src/xasl/access_json_table.cpp.o
[1004/1456] Building CXX object util/CMakeFiles/csql.dir/__/src/executables/util_support.c.o
[1005/1456] Building CXX object cubrid/CMakeFiles/cubrid.dir/__/src/transaction/log_compress.c.o
[1006/1456] Building CXX object cubrid/CMakeFiles/cubrid.dir/__/src/storage/file_io.c.o
[1007/1456] Building CXX object cubrid/CMakeFiles/cubrid.dir/__/src/thread/thread_entry.cpp.o
[1008/1456] Building CXX object util/CMakeFiles/csql.dir/__/src/base/porting.c.o
[1009/1456] Building CXX object cubrid/CMakeFiles/cubrid.dir/__/src/storage/btree_load.c.o
[1010/1456] Building CXX object util/CMakeFiles/cubrid_rel.dir/__/src/executables/cubrid_version.c.o
[1011/1456] Building CXX object cubrid/CMakeFiles/cubrid.dir/__/src/transaction/mvcc_active_tran.cpp.o
[1012/1456] Building CXX object util/CMakeFiles/cub_admin.dir/__/src/base/cubrid_getopt_long.c.o
[1013/1456] Building CXX object cubrid/CMakeFiles/cubrid.dir/__/src/query/vacuum.c.o
[1014/1456] Building CXX object cubrid/CMakeFiles/cubrid.dir/__/src/transaction/log_writer.c.o
[1015/1456] Building CXX object cubrid/CMakeFiles/cubrid.dir/__/src/transaction/log_system_tran.cpp.o
[1016/1456] Building CXX object cubrid/CMakeFiles/cubrid.dir/__/src/storage/system_catalog.c.o
[1017/1456] Building CXX object util/CMakeFiles/cubrid-bin.dir/__/src/executables/util_support.c.o
[1018/1456] Building CXX object util/CMakeFiles/cub_commdb.dir/__/src/executables/util_support.c.o
[1019/1456] Building CXX object util/CMakeFiles/cub_admin.dir/__/src/base/porting.c.o
[1020/1456] Building CXX object cubrid/CMakeFiles/cubrid.dir/__/src/transaction/mvcc.c.o
[1021/1456] Building CXX object cubrid/CMakeFiles/cubrid.dir/__/src/transaction/mvcc_table.cpp.o
[1022/1456] Building CXX object util/CMakeFiles/cub_master.dir/__/src/executables/master_util.c.o
[1023/1456] Building CXX object cubrid/CMakeFiles/cubrid.dir/__/src/storage/page_buffer.c.o
[1024/1456] Building CXX object util/CMakeFiles/cub_admin.dir/__/src/executables/util_support.c.o
[1025/1456] Building CXX object cubrid/CMakeFiles/cubrid.dir/__/src/thread/concurrency_slot.cpp.o
[1026/1456] Building CXX object cubrid/CMakeFiles/cubrid.dir/__/src/transaction/replication.c.o
[1027/1456] Building CXX object cubrid/CMakeFiles/cubrid.dir/__/src/transaction/transaction_transient.cpp.o
[1028/1456] Building CXX object cubrid/CMakeFiles/cubrid.dir/__/src/xasl/xasl_analytic.cpp.o
[1029/1456] Building CXX object cubrid/CMakeFiles/cubrid.dir/__/src/transaction/recovery.c.o
[1030/1456] Building CXX object cubrid/CMakeFiles/cubrid.dir/__/src/xasl/xasl_predicate.cpp.o
[1031/1456] Building CXX object cubrid/CMakeFiles/cubrid.dir/__/src/optimizer/histogram/histogram_reader.cpp.o
[1032/1456] Building CXX object util/CMakeFiles/cub_commdb.dir/__/src/executables/master_util.c.o
[1033/1456] Building CXX object util/CMakeFiles/unittests_lf.dir/__/src/executables/unittests_lf.c.o
[1034/1456] Building CXX object cubrid/CMakeFiles/cubrid.dir/__/src/query/parallel/px_callable_task.cpp.o
[1035/1456] Building CXX object cubrid/CMakeFiles/cubrid.dir/__/src/query/parallel/px_hash_join/px_hash_join.cpp.o
[1036/1456] Building CXX object util/CMakeFiles/unittests_bit.dir/__/src/executables/unittests_bit.c.o
[1037/1456] Building CXX object cubrid/CMakeFiles/cubrid.dir/__/src/query/parallel/px_sort.c.o
[1038/1456] Building CXX object util/CMakeFiles/cub_admin.dir/__/src/executables/util_admin.c.o
[1039/1456] Building CXX object cubrid/CMakeFiles/cubrid.dir/__/src/transaction/log_prior_inflight.cpp.o
[1040/1456] Building CXX object cubrid/CMakeFiles/cubrid.dir/__/src/transaction/flashback.c.o
[1041/1456] Building CXX object cubrid-cci/cci/CMakeFiles/cascci.dir/__/src/base/porting.c.o
[1042/1456] Building CXX object util/CMakeFiles/cub_commdb.dir/__/src/executables/commdb.c.o
[1043/1456] Building CXX object cubrid/CMakeFiles/cubrid.dir/__/src/transaction/transaction_sr.c.o
[1044/1456] Building CXX object util/CMakeFiles/cub_master.dir/__/src/executables/master.c.o
[1045/1456] Building CXX object cubrid-cci/cci/CMakeFiles/cascci.dir/__/src/cci/cci_t_lob.c.o
[1046/1456] Building CXX object util/CMakeFiles/cub_master.dir/__/src/executables/master_request.c.o
[1047/1456] Building CXX object cubrid-cci/cci/CMakeFiles/cascci.dir/__/src/cci/cci_net_buf.c.o
[1048/1456] Building CXX object cubrid/CMakeFiles/cubrid.dir/__/src/transaction/boot_sr.c.o
[1049/1456] Building CXX object cubrid-cci/tools/CMakeFiles/cci_applier.dir/__/src/base/cubrid_getopt_long.c.o
[1050/1456] Building CXX object util/CMakeFiles/cubrid-bin.dir/__/src/executables/util_service.c.o
[1051/1456] Building CXX object cubrid/CMakeFiles/cubrid.dir/__/src/transaction/log_recovery.c.o
[1052/1456] Building CXX object cubrid-cci/cci/CMakeFiles/cascci.dir/__/src/cci/cci_common.c.o
[1053/1456] Building CXX object cubrid-cci/tools/CMakeFiles/cci_applier.dir/__/src/tools/cci_applier.c.o
[1054/1456] Building CXX object cubrid/CMakeFiles/cubrid.dir/__/src/query/parallel/px_worker_manager.cpp.o
[1055/1456] Building CXX object broker/CMakeFiles/cub_broker.dir/__/src/broker/broker_access_list.c.o
[1056/1456] Building CXX object cubrid/CMakeFiles/cubrid.dir/__/src/xasl/xasl_stream.cpp.o
[1057/1456] Building CXX object util/CMakeFiles/cub_pl.dir/__/src/sp/pl_sr_jvm.cpp.o
[1058/1456] Building CXX object broker/CMakeFiles/cub_broker.dir/__/src/broker/broker_error.c.o
[1059/1456] Building CXX object cubrid-cci/cci/CMakeFiles/cascci.dir/__/src/cci/cci_t_set.c.o
[1060/1456] Building CXX object util/CMakeFiles/cub_master.dir/__/src/executables/master_server_monitor.cpp.o
[1061/1456] Building CXX object broker/CMakeFiles/cub_broker.dir/__/src/broker/broker_max_heap.c.o
[1062/1456] Building CXX object cubrid/CMakeFiles/cubrid.dir/__/src/query/parallel/px_hash_join/px_hash_join_spawn_manager.cpp.o
[1063/1456] Building CXX object broker/CMakeFiles/cub_broker.dir/__/src/broker/broker_process_size.c.o
[1064/1456] Building CXX object cubrid-cci/cci/CMakeFiles/cascci.dir/__/src/cci/cci_properties.c.o
[1065/1456] Building CXX object cubrid/CMakeFiles/cubrid.dir/__/src/query/parallel/px_parallel.cpp.o
[1066/1456] Building CXX object cubrid-cci/cci/CMakeFiles/cascci.dir/__/src/cci/cci_ssl.c.o
[1067/1456] Building CXX object util/CMakeFiles/cub_pl.dir/__/src/executables/pl.cpp.o
[1068/1456] Building CXX object cubrid-cci/cci/CMakeFiles/cascci.dir/__/src/cci/cci_network.c.o
[1069/1456] Building CXX object cubrid/CMakeFiles/cubrid.dir/__/src/transaction/locator_sr.c.o
[1070/1456] Building CXX object cubrid/CMakeFiles/cubrid.dir/__/src/query/parallel/px_scan/index/px_scan_index_overflow_chain_pool.cpp.o
[1071/1456] Building CXX object cubrid-cci/cci/CMakeFiles/cascci.dir/__/src/cci/cci_handle_mng.c.o
[1072/1456] Building CXX object cubrid/CMakeFiles/cubrid.dir/__/src/xasl/xasl_iteration.cpp.o
[1073/1456] Building CXX object util/CMakeFiles/cub_master.dir/__/src/executables/master_heartbeat.c.o
[1074/1456] Building CXX object cubrid/CMakeFiles/cubrid.dir/__/src/optimizer/histogram/histogram_builder.cpp.o
[1075/1456] Building CXX object cubrid/CMakeFiles/cubrid.dir/__/src/storage/btree.c.o
[1076/1456] Building CXX object broker/CMakeFiles/cub_broker.dir/__/src/broker/broker_send_fd.c.o
[1077/1456] Building CXX object cubrid/CMakeFiles/cubrid.dir/__/src/query/parallel/px_scan/px_scan_input_handler_index.cpp.o
[1078/1456] Building CXX object cubrid/CMakeFiles/cubrid.dir/__/src/query/parallel/px_scan/px_scan_instnum.cpp.o
[1079/1456] Building CXX object broker/CMakeFiles/cub_gateway.dir/__/src/broker/broker_error.c.o
[1080/1456] Building CXX object broker/CMakeFiles/cub_broker.dir/__/src/broker/broker_shm.c.o
[1081/1456] Building CXX object cubrid/CMakeFiles/cubrid.dir/__/src/query/parallel/px_hash_join/px_hash_join_task_manager.cpp.o
[1082/1456] Building CXX object cubrid/CMakeFiles/cubrid.dir/__/src/query/parallel/px_scan/px_scan_input_handler_list.cpp.o
[1083/1456] Building CXX object broker/CMakeFiles/cub_gateway.dir/__/src/broker/broker_process_size.c.o
[1084/1456] Building CXX object cubrid/CMakeFiles/cubrid.dir/__/src/query/parallel/px_scan/px_scan_slot_iterator_list.cpp.o
[1085/1456] Building CXX object cubrid/CMakeFiles/cubrid.dir/__/src/xasl/xasl_spawner.cpp.o
[1086/1456] Building CXX object broker/CMakeFiles/cub_gateway.dir/__/src/broker/broker_access_list.c.o
[1087/1456] Building CXX object cubrid-cci/cci/CMakeFiles/cascci.dir/__/src/cci/cas_cci.c.o
[1088/1456] Building CXX object cubrid/CMakeFiles/cubrid.dir/__/src/query/parallel/px_scan/index/px_scan_index_leaf_page_dispatcher.cpp.o
[1089/1456] Building CXX object broker/CMakeFiles/cub_gateway.dir/__/src/broker/broker_max_heap.c.o
[1090/1456] Building CXX object cubrid/CMakeFiles/cubrid.dir/__/src/query/parallel/px_scan/px_scan_input_handler_heap.cpp.o
[1091/1456] Building CXX object cubrid/CMakeFiles/cubrid.dir/__/src/query/parallel/px_scan/index/px_scan_index_overflow_drain_fsm.cpp.o
[1092/1456] Building CXX object broker/CMakeFiles/cub_broker.dir/__/src/broker/broker_util.c.o
[1093/1456] Building CXX object cubrid-cci/cci/CMakeFiles/cascci.dir/__/src/cci/cci_map.cpp.o
[1094/1456] Building CXX object broker/CMakeFiles/cub_gateway.dir/__/src/broker/broker_send_fd.c.o
[1095/1456] Building CXX object broker/CMakeFiles/broker_monitor.dir/__/src/broker/broker_error.c.o
[1096/1456] Building CXX object cubrid-cci/cci/CMakeFiles/cascci.dir/__/src/cci/cci_query_execute.c.o
[1097/1456] Building CXX object cubrid/CMakeFiles/cubrid.dir/__/src/transaction/lock_manager.c.o
[1098/1456] Building CXX object cubrid/CMakeFiles/cubrid.dir/__/src/query/parallel/px_scan/px_scan_slot_iterator_index.cpp.o
[1099/1456] Building CXX object broker/CMakeFiles/broker_monitor.dir/__/src/broker/broker_process_size.c.o
[1100/1456] Building CXX object broker/CMakeFiles/cub_gateway.dir/__/src/broker/broker_shm.c.o
[1101/1456] Building CXX object cubrid/CMakeFiles/cubrid.dir/__/src/transaction/log_recovery_redo_parallel.cpp.o
[1102/1456] Building CXX object broker/CMakeFiles/broker_monitor.dir/__/src/broker/broker_max_heap.c.o
[1103/1456] Building CXX object broker/CMakeFiles/broker_monitor.dir/__/src/broker/broker_process_info.c.o
[1104/1456] Building CXX object cubrid-cci/cci/CMakeFiles/cascci.dir/__/src/cci/cci_log.cpp.o
[1105/1456] Building CXX object broker/CMakeFiles/cub_broker.dir/__/src/broker/broker_filename.c.o
[1106/1456] Building CXX object broker/CMakeFiles/cub_broker.dir/__/src/broker/broker_proxy_conn.c.o
[1107/1456] Building CXX object broker/CMakeFiles/cub_gateway.dir/__/src/broker/broker_util.c.o
[1108/1456] Building CXX object cubrid/CMakeFiles/cubrid.dir/__/src/query/parallel/px_scan/px_scan_trace_handler.cpp.o
[1109/1456] Building CXX object cubrid/CMakeFiles/cubrid.dir/__/src/query/parallel/px_worker_manager_global.cpp.o
[1110/1456] Building CXX object cubrid/CMakeFiles/cubrid.dir/__/src/query/parallel/px_scan/index/px_scan_index_key_range_list.cpp.o
[1111/1456] Building CXX object cubrid/CMakeFiles/cubrid.dir/__/src/query/parallel/px_scan/px_scan_slot_iterator.cpp.o
[1112/1456] Building CXX object util/CMakeFiles/unittests_lf.dir/__/src/base/porting.c.o
[1113/1456] Building CXX object broker/CMakeFiles/gateway_monitor.dir/__/src/broker/broker_error.c.o
[1114/1456] Building CXX object cubrid/CMakeFiles/cubrid.dir/__/src/sp/pl_struct_compile.cpp.o
[1115/1456] Building CXX object broker/CMakeFiles/gateway_monitor.dir/__/src/broker/broker_max_heap.c.o
[1116/1456] Building CXX object cubrid/CMakeFiles/cubrid.dir/__/src/transaction/log_tran_table.c.o
[1117/1456] Building CXX object util/CMakeFiles/unittests_lf.dir/__/src/base/memory_monitor_api.cpp.o
[1118/1456] Building CXX object broker/CMakeFiles/cub_broker.dir/__/src/broker/shard_metadata.c.o
[1119/1456] Building CXX object broker/CMakeFiles/gateway_monitor.dir/__/src/broker/broker_process_info.c.o
[1120/1456] Building CXX object broker/CMakeFiles/cub_broker.dir/__/src/broker/shard_shm.c.o
[1121/1456] Building CXX object broker/CMakeFiles/gateway_monitor.dir/__/src/broker/broker_process_size.c.o
[1122/1456] Building CXX object broker/CMakeFiles/broker_monitor.dir/__/src/broker/broker_shm.c.o
[1123/1456] Building CXX object broker/CMakeFiles/broker_changer.dir/__/src/broker/broker_error.c.o
[1124/1456] Building CXX object broker/CMakeFiles/broker_monitor.dir/__/src/broker/broker_util.c.o
[1125/1456] Building CXX object util/CMakeFiles/unittests_lf.dir/__/src/base/memory_monitor_sr.cpp.o
[1126/1456] Building CXX object util/CMakeFiles/unittests_area.dir/__/src/base/memory_monitor_sr.cpp.o
[1127/1456] Building CXX object util/CMakeFiles/unittests_area.dir/__/src/base/memory_monitor_api.cpp.o
[1128/1456] Building CXX object broker/CMakeFiles/broker_monitor.dir/__/src/base/util_func.c.o
[1129/1456] Building CXX object cubrid/CMakeFiles/cubrid.dir/__/src/query/parallel/px_scan/index/px_scan_index_leaf_slot_walker.cpp.o
[1130/1456] Building CXX object cubrid/CMakeFiles/cubrid.dir/__/src/query/parallel/px_scan/px_scan_pre_execution_info.cpp.o
[1131/1456] Building CXX object broker/CMakeFiles/cub_gateway.dir/__/src/broker/broker_filename.c.o
[1132/1456] Building CXX object util/CMakeFiles/unittests_snapshot.dir/__/src/base/memory_monitor_api.cpp.o
[1133/1456] Building CXX object broker/CMakeFiles/cub_gateway.dir/__/src/broker/broker_proxy_conn.c.o
[1134/1456] Building CXX object broker/CMakeFiles/broker_changer.dir/__/src/broker/broker_process_size.c.o
[1135/1456] Building CXX object util/CMakeFiles/unittests_snapshot.dir/__/src/base/memory_monitor_sr.cpp.o
[1136/1456] Building CXX object broker/CMakeFiles/broker_changer.dir/__/src/broker/broker_max_heap.c.o
[1137/1456] Building CXX object util/CMakeFiles/unittests_area.dir/__/src/executables/unittests_area.c.o
[1138/1456] Building CXX object broker/CMakeFiles/cub_broker.dir/__/src/broker/broker.c.o
[1139/1456] Building CXX object broker/CMakeFiles/cubrid_broker.dir/__/src/base/porting.c.o
[1140/1456] Building CXX object util/CMakeFiles/unittests_bit.dir/__/src/base/memory_monitor_api.cpp.o
[1141/1456] Building CXX object broker/CMakeFiles/cubrid_broker.dir/__/src/broker/broker_error.c.o
[1142/1456] Building CXX object broker/CMakeFiles/broker_changer.dir/__/src/broker/broker_acl.c.o
[1143/1456] Building CXX object broker/CMakeFiles/gateway_monitor.dir/__/src/broker/broker_util.c.o
[1144/1456] Building CXX object broker/CMakeFiles/broker_changer.dir/__/src/broker/shard_key_func.c.o
[1145/1456] Building CXX object broker/CMakeFiles/cub_gateway.dir/__/src/broker/shard_shm.c.o
[1146/1456] Building CXX object broker/CMakeFiles/gateway_monitor.dir/__/src/broker/broker_shm.c.o
[1147/1456] Building CXX object util/CMakeFiles/unittests_lf.dir/__/src/base/lock_free.c.o
[1148/1456] Building CXX object broker/CMakeFiles/cubrid_broker.dir/__/src/broker/broker_max_heap.c.o
[1149/1456] Building CXX object broker/CMakeFiles/cubrid_broker.dir/__/src/broker/broker_process_size.c.o
[1150/1456] Building CXX object broker/CMakeFiles/cub_gateway.dir/__/src/broker/shard_metadata.c.o
[1151/1456] Building CXX object broker/CMakeFiles/broker_monitor.dir/__/src/broker/broker_filename.c.o
[1152/1456] Building CXX object broker/CMakeFiles/broker_monitor.dir/__/src/broker/cas_util.c.o
[1153/1456] Building CXX object broker/CMakeFiles/gateway_monitor.dir/__/src/base/util_func.c.o
[1154/1456] Building CXX object broker/CMakeFiles/broker_monitor.dir/__/src/broker/shard_metadata.c.o
[1155/1456] Building CXX object broker/CMakeFiles/broker_changer.dir/__/src/broker/broker_shm.c.o
[1156/1456] Building CXX object broker/CMakeFiles/cubrid_broker.dir/__/src/broker/shard_key_func.c.o
[1157/1456] Building CXX object broker/CMakeFiles/cubrid_broker.dir/__/src/broker/broker_acl.c.o
[1158/1456] Building CXX object broker/CMakeFiles/cubrid_gateway.dir/__/src/broker/broker_error.c.o
[1159/1456] Building CXX object cubrid/CMakeFiles/cubrid.dir/__/src/query/parallel/px_thread_safe_queue.cpp.o
[1160/1456] Building CXX object broker/CMakeFiles/broker_monitor.dir/__/src/broker/shard_shm.c.o
[1161/1456] Building CXX object broker/CMakeFiles/broker_changer.dir/__/src/broker/broker_changer.c.o
[1162/1456] Building CXX object broker/CMakeFiles/cubrid_gateway.dir/__/src/broker/broker_max_heap.c.o
[1163/1456] Building CXX object broker/CMakeFiles/broker_changer.dir/__/src/broker/broker_util.c.o
[1164/1456] Building CXX object broker/CMakeFiles/cubrid_gateway.dir/__/src/base/porting.c.o
[1165/1456] Building CXX object broker/CMakeFiles/cubrid_gateway.dir/__/src/broker/broker_process_size.c.o
[1166/1456] Building CXX object broker/CMakeFiles/gateway_monitor.dir/__/src/broker/cas_util.c.o
[1167/1456] Building CXX object broker/CMakeFiles/cubrid_broker.dir/__/src/broker/broker_util.c.o
[1168/1456] Building CXX object util/CMakeFiles/unittests_bit.dir/__/src/base/memory_monitor_sr.cpp.o
[1169/1456] Building CXX object broker/CMakeFiles/gateway_monitor.dir/__/src/broker/shard_shm.c.o
[1170/1456] Building CXX object broker/CMakeFiles/cubrid_gateway.dir/__/src/broker/broker_acl.c.o
[1171/1456] Building CXX object util/CMakeFiles/cub_server.dir/__/src/executables/server.c.o
[1172/1456] Building CXX object broker/CMakeFiles/cubrid_gateway.dir/__/src/broker/shard_key_func.c.o
[1173/1456] Building CXX object broker/CMakeFiles/cub_gateway.dir/__/src/broker/broker.c.o
[1174/1456] Building CXX object broker/CMakeFiles/gateway_monitor.dir/__/src/broker/broker_filename.c.o
[1175/1456] Building CXX object broker/CMakeFiles/gateway_monitor.dir/__/src/broker/shard_metadata.c.o
[1176/1456] Building CXX object broker/CMakeFiles/cas_common_lib.dir/__/src/broker/cas_optimization.c.o
[1177/1456] Building CXX object broker/CMakeFiles/cubrid_broker.dir/__/src/broker/broker_shm.c.o
[1178/1456] Building CXX object broker/CMakeFiles/broker_monitor.dir/__/src/broker/broker_config.c.o
[1179/1456] Building CXX object broker/CMakeFiles/broker_monitor.dir/__/src/broker/broker_monitor.c.o
[1180/1456] Building CXX object cubrid/CMakeFiles/cubrid.dir/__/src/storage/heap_file.c.o
[1181/1456] Building CXX object broker/CMakeFiles/cas_common_lib.dir/__/src/broker/cas_meta.c.o
[1182/1456] Building CXX object broker/CMakeFiles/cas_common_lib.dir/__/src/broker/cas_network.c.o
[1183/1456] Building CXX object broker/CMakeFiles/gateway_monitor.dir/__/src/broker/broker_config.c.o
[1184/1456] Building CXX object broker/CMakeFiles/cas_common_lib.dir/__/src/broker/cas_sql_log2.c.o
[1185/1456] Building CXX object broker/CMakeFiles/cas_common_lib.dir/__/src/broker/cas_common_vars.c.o
[1186/1456] Building CXX object broker/CMakeFiles/broker_changer.dir/__/src/broker/broker_filename.c.o
[1187/1456] Building CXX object cubrid/CMakeFiles/cubrid.dir/__/src/transaction/log_page_buffer.c.o
[1188/1456] Building CXX object cubrid/CMakeFiles/cubrid.dir/__/src/transaction/log_manager.c.o
[1189/1456] Building CXX object broker/CMakeFiles/cubrid_gateway.dir/__/src/broker/broker_util.c.o
[1190/1456] Building CXX object cubrid/CMakeFiles/cubrid.dir/__/src/query/parallel/px_query_execute/px_query_task.cpp.o
[1191/1456] Building CXX object broker/CMakeFiles/cubrid_gateway.dir/__/src/broker/broker_shm.c.o
[1192/1456] Building CXX object broker/CMakeFiles/cas_common_lib.dir/__/src/broker/broker_acl.c.o
[1193/1456] Building CXX object broker/CMakeFiles/gateway_monitor.dir/__/src/broker/broker_monitor.c.o
[1194/1456] Building CXX object broker/CMakeFiles/cubrid_broker.dir/__/src/base/util_func.c.o
[1195/1456] Building CXX object broker/CMakeFiles/broker_changer.dir/__/src/broker/shard_metadata.c.o
[1196/1456] Building CXX object broker/CMakeFiles/broker_changer.dir/__/src/broker/shard_shm.c.o
[1197/1456] Building CXX object broker/CMakeFiles/cubrid_broker.dir/__/src/broker/broker_filename.c.o
[1198/1456] Building CXX object broker/CMakeFiles/cub_cas.dir/__/src/broker/broker_error.c.o
[1199/1456] Building CXX object broker/CMakeFiles/cub_cas_cgw.dir/__/src/broker/broker_error.c.o
[1200/1456] Building CXX object broker/CMakeFiles/cubrid_broker.dir/__/src/broker/shard_metadata.c.o
[1201/1456] Building CXX object broker/CMakeFiles/cubrid_broker.dir/__/src/broker/shard_shm.c.o
[1202/1456] Building CXX object broker/CMakeFiles/cub_cas.dir/__/src/broker/broker_process_size.c.o
[1203/1456] Building CXX object broker/CMakeFiles/cub_cas.dir/__/src/broker/broker_recv_fd.c.o
[1204/1456] Building CXX object broker/CMakeFiles/cub_cas.dir/__/src/broker/cas_schema_info.c.o
[1205/1456] Building CXX object broker/CMakeFiles/cub_cas_cgw.dir/__/src/broker/broker_process_size.c.o
[1206/1456] Building CXX object broker/CMakeFiles/cubrid_broker.dir/__/src/broker/broker_admin.c.o
[1207/1456] Building CXX object broker/CMakeFiles/cub_proxy.dir/__/src/broker/broker_process_size.c.o
[1208/1456] Building CXX object broker/CMakeFiles/cub_cas_cgw.dir/__/src/broker/broker_recv_fd.c.o
[1209/1456] Building CXX object broker/CMakeFiles/cubrid_gateway.dir/__/src/base/util_func.c.o
[1210/1456] Building CXX object broker/CMakeFiles/cas_common_lib.dir/__/src/broker/cas_ssl.c.o
[1211/1456] Building CXX object broker/CMakeFiles/cub_proxy.dir/__/src/broker/broker_error.c.o
[1212/1456] Building CXX object broker/CMakeFiles/cub_proxy.dir/__/src/broker/shard_key_func.c.o
[1213/1456] Building CXX object broker/CMakeFiles/cubrid_gateway.dir/__/src/broker/broker_filename.c.o
[1214/1456] Building CXX object broker/CMakeFiles/cas_common_lib.dir/__/src/broker/broker_util.c.o
[1215/1456] Building CXX object broker/CMakeFiles/cubrid_broker.dir/__/src/broker/broker_config.c.o
[1216/1456] Building CXX object broker/CMakeFiles/cas_common_lib.dir/__/src/broker/cas_net_buf.c.o
[1217/1456] Building CXX object broker/CMakeFiles/broker_changer.dir/__/src/broker/broker_config.c.o
[1218/1456] Building CXX object broker/CMakeFiles/cas_common_lib.dir/__/src/broker/broker_shm.c.o
[1219/1456] Building CXX object broker/CMakeFiles/cubrid_gateway.dir/__/src/broker/shard_metadata.c.o
[1220/1456] Building CXX object broker/CMakeFiles/cas_common_lib.dir/__/src/broker/cas_error.c.o
[1221/1456] Building CXX object broker/CMakeFiles/cas_common_lib.dir/__/src/broker/cas_util.c.o
[1222/1456] Building CXX object broker/CMakeFiles/cub_proxy.dir/__/src/broker/cas_meta.c.o
[1223/1456] Building CXX object broker/CMakeFiles/cubrid_gateway.dir/__/src/broker/shard_shm.c.o
[1224/1456] Building CXX object broker/CMakeFiles/cubrid_gateway.dir/__/src/broker/broker_admin.c.o
[1225/1456] Building CXX object broker/CMakeFiles/cas_common_lib.dir/__/src/broker/cas_log.c.o
[1226/1456] Building CXX object broker/CMakeFiles/cub_proxy.dir/__/src/broker/broker_recv_fd.c.o
[1227/1456] Building CXX object broker/CMakeFiles/broker_log_converter.dir/__/src/broker/broker_log_util.c.o
[1228/1456] Building CXX object cubrid/CMakeFiles/cubrid.dir/__/src/query/parallel/px_scan/px_scan_task.cpp.o
[1229/1456] Building CXX object broker/CMakeFiles/cub_proxy.dir/__/src/broker/broker_acl.c.o
[1230/1456] Building CXX object broker/CMakeFiles/cub_proxy.dir/__/src/broker/shard_parser.c.o
[1231/1456] Building CXX object broker/CMakeFiles/broker_log_converter.dir/__/src/broker/log_top_string.c.o
[1232/1456] Building CXX object broker/CMakeFiles/cas_common_lib.dir/__/src/broker/cas_common_function.c.o
[1233/1456] Building CXX object broker/CMakeFiles/cas_common_lib.dir/__/src/broker/cas_handle.c.o
[1234/1456] Building CXX object broker/CMakeFiles/broker_changer.dir/__/src/broker/broker_admin_pub.c.o
[1235/1456] Building CXX object broker/CMakeFiles/broker_log_runner.dir/__/src/broker/broker_log_util.c.o
[1236/1456] Building CXX object broker/CMakeFiles/cubrid_gateway.dir/__/src/broker/broker_config.c.o
[1237/1456] Building CXX object cubrid/CMakeFiles/cubrid.dir/__/src/query/parallel/px_scan/px_scan.cpp.o
[1238/1456] Building CXX object broker/CMakeFiles/broker_log_runner.dir/__/src/broker/log_top_string.c.o
[1239/1456] Building CXX object broker/CMakeFiles/broker_log_converter.dir/__/src/broker/broker_log_converter.c.o
[1240/1456] Building CXX object broker/CMakeFiles/broker_tester.dir/__/src/broker/broker_error.c.o
[1241/1456] Building CXX object broker/CMakeFiles/cas_common_lib.dir/__/src/broker/broker_filename.c.o
[1242/1456] Building CXX object broker/CMakeFiles/cub_proxy.dir/__/src/broker/broker_shm.c.o
[1243/1456] Building CXX object broker/CMakeFiles/cas_common_lib.dir/__/src/broker/cas_common_execute.c.o
[1244/1456] Building CXX object broker/CMakeFiles/cub_proxy.dir/__/src/broker/broker_util.c.o
[1245/1456] Building CXX object broker/CMakeFiles/cub_broker.dir/__/src/broker/query_replace.c.o
[1246/1456] Building CXX object broker/CMakeFiles/broker_log_top.dir/__/src/broker/broker_log_time.c.o
[1247/1456] Building CXX object broker/CMakeFiles/broker_tester.dir/__/src/broker/log_top_string.c.o
[1248/1456] Building CXX object broker/CMakeFiles/broker_log_top.dir/__/src/broker/broker_log_top_tran.c.o
[1249/1456] Building CXX object broker/CMakeFiles/broker_log_top.dir/__/src/broker/cas_query_info.c.o
[1250/1456] Building CXX object broker/CMakeFiles/cub_cas.dir/__/src/broker/cas_str_like.c.o
[1251/1456] Building CXX object broker/CMakeFiles/broker_log_top.dir/__/src/broker/log_top_string.c.o
[1252/1456] Building CXX object broker/CMakeFiles/cub_cas.dir/__/src/broker/cas_xa.c.o
[1253/1456] Building CXX object broker/CMakeFiles/broker_log_top.dir/__/src/broker/broker_log_top.c.o
[1254/1456] Building CXX object broker/CMakeFiles/broker_log_top.dir/__/src/broker/broker_log_sql_list.c.o
[1255/1456] Building CXX object cubrid/CMakeFiles/cubrid.dir/__/src/query/parallel/px_scan/px_scan_result_handler.cpp.o
[1256/1456] Building CXX object broker/CMakeFiles/cub_proxy.dir/__/src/broker/shard_proxy.c.o
[1257/1456] Building CXX object util/CMakeFiles/unittests_snapshot.dir/__/src/executables/unittests_snapshot.c.o
[1258/1456] Building CXX object broker/CMakeFiles/broker_log_top.dir/__/src/broker/broker_log_util.c.o
[1259/1456] Building CXX object broker/CMakeFiles/broker_tester.dir/__/src/broker/broker_tester.c.o
[1260/1456] Building CXX object broker/CMakeFiles/broker_log_top.dir/__/src/broker/broker_error.c.o
[1261/1456] Building CXX object broker/CMakeFiles/cubrid_broker.dir/__/src/broker/broker_admin_pub.c.o
[1262/1456] Building CXX object cubrid/CMakeFiles/cubrid.dir/__/src/query/parallel/px_query_execute/px_query_executor.cpp.o
[1263/1456] Building CXX object broker/CMakeFiles/cubrid_replay.dir/__/src/broker/log_top_string.c.o
[1264/1456] Building CXX object broker/CMakeFiles/brokeradmin.dir/__/src/broker/broker_max_heap.c.o
[1265/1456] Building CXX object broker/CMakeFiles/cubrid_replay.dir/__/src/broker/broker_log_util.c.o
[1266/1456] Building CXX object broker/CMakeFiles/brokeradmin.dir/__/src/broker/broker_error.c.o
[1267/1456] Building CXX object broker/CMakeFiles/cub_proxy.dir/__/src/broker/broker_filename.c.o
[1268/1456] Building CXX object broker/CMakeFiles/cub_proxy.dir/__/src/broker/shard_proxy_queue.c.o
[1269/1456] Building CXX object broker/CMakeFiles/broker_tester.dir/__/src/broker/broker_util.c.o
[1270/1456] Building CXX object broker/CMakeFiles/broker_log_runner.dir/__/src/broker/cas_runner.c.o
[1271/1456] Building CXX object broker/CMakeFiles/cub_proxy.dir/__/src/broker/shard_statement.c.o
[1272/1456] Building CXX object broker/CMakeFiles/brokeradmin.dir/__/src/broker/broker_process_info.c.o
[1273/1456] Building CXX object broker/CMakeFiles/broker_tester.dir/__/src/broker/broker_shm.c.o
[1274/1456] Building CXX object broker/CMakeFiles/cub_proxy.dir/__/src/broker/shard_metadata.c.o
[1275/1456] Building CXX object broker/CMakeFiles/brokeradmin.dir/__/src/broker/broker_process_size.c.o
[1276/1456] Building CXX object broker/CMakeFiles/cub_proxy.dir/__/src/broker/shard_shm.c.o
[1277/1456] Building CXX object broker/CMakeFiles/brokeradmin.dir/__/src/broker/broker_acl.c.o
[1278/1456] Building CXX object broker/CMakeFiles/cub_gateway.dir/__/src/broker/query_replace.c.o
[1279/1456] Building CXX object broker/CMakeFiles/cub_proxy.dir/__/src/broker/shard_proxy_handler.c.o
[1280/1456] Building C object cm_common/CMakeFiles/cmstat.dir/__/src/cm_common/cm_broker_jni.c.o
[1281/1456] Building CXX object broker/CMakeFiles/cub_proxy.dir/__/src/broker/cas_net_buf.c.o
[1282/1456] Building CXX object broker/CMakeFiles/cubrid_gateway.dir/__/src/broker/broker_admin_pub.c.o
[1283/1456] Building CXX object broker/CMakeFiles/cub_proxy.dir/__/src/broker/cas_util.c.o
[1284/1456] Building CXX object cm_common/CMakeFiles/cmstat.dir/__/src/cm_common/cm_errmsg.c.o
[1285/1456] Building CXX object broker/CMakeFiles/cub_proxy.dir/__/src/broker/shard_proxy_log.c.o
[1286/1456] Building CXX object cm_common/CMakeFiles/cmdep.dir/__/src/cm_common/cm_dstring.c.o
[1287/1456] Building CXX object broker/CMakeFiles/brokeradmin.dir/__/src/broker/shard_key_func.c.o
[1288/1456] Building CXX object broker/CMakeFiles/cub_proxy.dir/__/src/broker/shard_proxy_io.c.o
[1289/1456] Building CXX object cm_common/CMakeFiles/cmdep.dir/__/src/cm_common/cm_nameval.c.o
[1290/1456] Building CXX object cm_common/CMakeFiles/cmstat.dir/__/src/cm_common/cm_broker_admin.c.o
[1291/1456] Building CXX object broker/CMakeFiles/broker_log_top.dir/__/src/broker/broker_util.c.o
[1292/1456] Building CXX object broker/CMakeFiles/broker_tester.dir/__/src/broker/broker_filename.c.o
[1293/1456] Building CXX object broker/CMakeFiles/brokeradmin.dir/__/src/broker/broker_util.c.o
[1294/1456] Building CXX object broker/CMakeFiles/broker_log_top.dir/__/src/broker/broker_shm.c.o
[1295/1456] Building CXX object broker/CMakeFiles/broker_tester.dir/__/src/broker/shard_metadata.c.o
[1296/1456] Building CXX object util/CMakeFiles/loadjava.dir/__/src/executables/loadjava.cpp.o
[1297/1456] Building CXX object broker/CMakeFiles/broker_tester.dir/__/src/broker/shard_shm.c.o
[1298/1456] Building CXX object broker/CMakeFiles/cub_proxy.dir/__/src/broker/shard_proxy_function.c.o
[1299/1456] Building CXX object broker/CMakeFiles/cas_cgw_lib.dir/__/src/broker/cas_cgw_odbc.c.o
[1300/1456] Building CXX object broker/CMakeFiles/cubrid_replay.dir/__/src/broker/broker_log_replay.c.o
[1301/1456] Building CXX object broker/CMakeFiles/brokeradmin.dir/__/src/broker/broker_shm.c.o
[1302/1456] Building CXX object broker/CMakeFiles/broker_monitor.dir/__/src/broker/query_replace.c.o
[1303/1456] Building CXX object broker/CMakeFiles/broker_log_top.dir/__/src/broker/broker_filename.c.o
[1304/1456] Building CXX object cm_common/CMakeFiles/cmstat.dir/__/src/cm_common/cm_mem_cpu_stat.c.o
[1305/1456] Building CXX object broker/CMakeFiles/broker_log_top.dir/__/src/broker/shard_shm.c.o
[1306/1456] Building CXX object cm_common/CMakeFiles/cmstat.dir/__/src/cm_common/cm_utils.c.o
[1307/1456] Building CXX object cm_common/CMakeFiles/cmdep.dir/__/src/cm_common/cm_utils.c.o
[1308/1456] Building CXX object broker/CMakeFiles/broker_log_top.dir/__/src/broker/shard_metadata.c.o
[1309/1456] Building CXX object broker/CMakeFiles/broker_tester.dir/__/src/broker/broker_config.c.o
[1310/1456] Building CXX object broker/CMakeFiles/gateway_monitor.dir/__/src/broker/query_replace.c.o
[1311/1456] Building CXX object broker/CMakeFiles/brokeradmin.dir/__/src/broker/broker_admin_so.c.o
[1312/1456] Building CXX object broker/CMakeFiles/brokeradmin.dir/__/src/broker/broker_filename.c.o
[1313/1456] Building CXX object broker/CMakeFiles/broker_log_top.dir/__/src/broker/broker_config.c.o
[1314/1456] Building CXX object timezones/CMakeFiles/gen_timezone.dir/__/src/executables/generate_timezone.cpp.o
[1315/1456] Building CXX object broker/CMakeFiles/brokeradmin.dir/__/src/broker/shard_metadata.c.o
[1316/1456] Building CXX object broker/CMakeFiles/broker_changer.dir/__/src/broker/query_replace.c.o
[1317/1456] Building CXX object broker/CMakeFiles/cubrid_replay.dir/__/src/base/filesys_temp.cpp.o
[1318/1456] Building CXX object broker/CMakeFiles/brokeradmin.dir/__/src/broker/shard_shm.c.o
[1319/1456] Building CXX object broker/CMakeFiles/cubrid_broker.dir/__/src/broker/query_replace.c.o
[1320/1456] Building CXX object cm_common/CMakeFiles/cub_jobsa.dir/__/src/cm_common/cm_class_info_sa.c.o
[1321/1456] Building CXX object cm_common/CMakeFiles/cub_sainfo.dir/__/src/cm_common/cm_class_info_sa.c.o
[1322/1456] Building CXX object broker/CMakeFiles/brokeradmin.dir/__/src/broker/broker_config.c.o
[1323/1456] Building CXX object cubrid-cci/cci/CMakeFiles/cascci.dir/__/src/cci/cci_util.c.o
[1324/1456] Building CXX object broker/CMakeFiles/cas_common_lib.dir/__/src/broker/cas_common_main.c.o
[1325/1456] Building CXX object broker/CMakeFiles/brokeradmin.dir/__/src/broker/broker_admin_pub.c.o
[1326/1456] Building CXX object broker/CMakeFiles/cubrid_gateway.dir/__/src/broker/query_replace.c.o
[1327/1456] Building CXX object broker/CMakeFiles/cas_common_lib.dir/__/src/broker/query_replace.c.o
[1328/1456] Building CXX object broker/CMakeFiles/cas_cgw_lib.dir/__/src/broker/cas_cgw_execute.c.o
[1329/1456] Building CXX object broker/CMakeFiles/cub_cas.dir/__/src/broker/cas.c.o
[1330/1456] Building CXX object broker/CMakeFiles/cas_common_lib.dir/__/src/base/ddl_log.c.o
[1331/1456] Building CXX object broker/CMakeFiles/cas_cgw_lib.dir/__/src/broker/cas_cgw_function.c.o
[1332/1456] Building CXX object broker/CMakeFiles/cub_cas.dir/__/src/broker/cas_function.c.o
[1333/1456] Linking CXX shared library cubrid-cci/cci/libcascci.so.11.3
[1334/1456] Creating library symlink cubrid-cci/cci/libcascci.so
[1335/1456] Building CXX object broker/CMakeFiles/cub_cas_cgw.dir/__/src/broker/cas_cgw.c.o
[1336/1456] Linking CXX executable bin/cci_applier
[1337/1456] Building CXX object broker/CMakeFiles/broker_tester.dir/__/src/broker/query_replace.c.o
[1338/1456] Building CXX object broker/CMakeFiles/cub_proxy.dir/__/src/broker/query_replace.c.o
[1339/1456] Building CXX object broker/CMakeFiles/broker_log_top.dir/__/src/broker/query_replace.c.o
[1340/1456] Building CXX object unit_tests/oos/CMakeFiles/test_byte_span_writer.dir/test_byte_span_writer.cpp.o
[1341/1456] Building CXX object broker/CMakeFiles/cub_cas.dir/__/src/broker/cas_execute.c.o
[1342/1456] Building CXX object broker/CMakeFiles/brokeradmin.dir/__/src/broker/query_replace.c.o
[1343/1456] Building CXX object cm_common/CMakeFiles/cmdep.dir/__/src/cm_common/cm_dep_tasks.c.o
[1344/1456] Building CXX object unit_tests/oos/CMakeFiles/test_oos_tde_gate.dir/test_oos_tde_gate.cpp.o
[1345/1456] Building CXX object unit_tests/oos/CMakeFiles/test_oos_record_flags.dir/test_oos_record_flags.cpp.o
[1346/1456] Building CXX object cubrid/CMakeFiles/cubrid.dir/__/src/optimizer/histogram/histogram_sampler_sr.cpp.o
[1347/1456] Building CXX object unit_tests/oos/CMakeFiles/test_oos.dir/test_oos.cpp.o
[1348/1456] Building CXX object unit_tests/oos/CMakeFiles/test_oos_delete.dir/test_oos_delete.cpp.o
[1349/1456] Building CXX object unit_tests/oos/sql/CMakeFiles/test_oos_sql_boundary.dir/test_oos_sql_boundary.cpp.o
[1350/1456] Building CXX object unit_tests/oos/sql/CMakeFiles/test_oos_sql_show.dir/test_oos_sql_show.cpp.o
[1351/1456] Building CXX object unit_tests/oos/sql/CMakeFiles/test_oos_sql_bigone.dir/test_oos_sql_bigone.cpp.o
[1352/1456] Building CXX object unit_tests/oos/sql/CMakeFiles/test_oos_sql_ddl.dir/test_oos_sql_ddl.cpp.o
[1353/1456] Building CXX object unit_tests/oos/sql/CMakeFiles/test_oos_sql_visible_version.dir/test_oos_sql_visible_version.cpp.o
[1354/1456] Building CXX object unit_tests/oos/sql/CMakeFiles/test_oos_sql_delete.dir/test_oos_sql_delete.cpp.o
[1355/1456] Building CXX object unit_tests/oos/sql/CMakeFiles/test_oos_sql_crud.dir/test_oos_sql_crud.cpp.o
[1356/1456] Building CXX object unit_tests/oos/CMakeFiles/test_oos_bestspace.dir/test_oos_bestspace.cpp.o
[1357/1456] Building CXX object unit_tests/oos/sql/CMakeFiles/test_oos_sql_update_delete.dir/test_oos_sql_update_delete.cpp.o
[1358/1456] Building CXX object unit_tests/oos/sql/CMakeFiles/test_oos_sql_txn.dir/test_oos_sql_txn.cpp.o
[1359/1456] Building CXX object unit_tests/oos/sql/CMakeFiles/test_oos_sql_eager_cleanup.dir/test_oos_sql_eager_cleanup.cpp.o
[1360/1456] Building CXX object unit_tests/oos/CMakeFiles/test_oos_remove_file.dir/test_oos_remove_file.cpp.o
[1361/1456] Building CXX object unit_tests/oos/sql/CMakeFiles/test_oos_sql_crash_recovery.dir/test_oos_sql_crash_recovery.cpp.o
[1362/1456] Building CXX object unit_tests/oos/CMakeFiles/test_oos_no_logging.dir/test_oos_no_logging.cpp.o
[1363/1456] Building CXX object unit_tests/oos/sql/CMakeFiles/test_oos_sql_storage.dir/test_oos_sql_storage.cpp.o
[1364/1456] Building CXX object unit_tests/oos/CMakeFiles/test_oos_delete_server.dir/test_oos_delete_server.cpp.o
[1365/1456] Building CXX object unit_tests/oos/CMakeFiles/test_oos_mock_vacuum_server.dir/test_oos_mock_vacuum_server.cpp.o
[1366/1456] Linking CXX shared library cs/libcubridcs.so.11.5
[1367/1456] Creating library symlink cs/libcubridcs.so
[1368/1456] Building CXX object unit_tests/oos/CMakeFiles/test_oos_eager_diagnostics.dir/test_oos_eager_diagnostics.cpp.o
[1369/1456] Linking CXX static library broker/libcas_common_lib.a
[1370/1456] Linking CXX executable bin/broker_log_runner
[1371/1456] Linking CXX executable bin/broker_log_converter
[1372/1456] Linking CXX executable bin/cubrid_replay
[1373/1456] Linking CXX executable bin/cub_commdb
[1374/1456] Linking CXX static library broker/libcas_cgw_lib.a
[1375/1456] Linking CXX shared library cm_common/libcmdep.so.11.5
[1376/1456] Creating library symlink cm_common/libcmdep.so
[1377/1456] Linking CXX executable bin/cub_master
[1378/1456] Linking CXX executable bin/broker_tester
[1379/1456] Linking CXX executable bin/cub_broker
[1380/1456] Building CXX object unit_tests/oos/CMakeFiles/test_oos_growth_sweep.dir/test_oos_growth_sweep.cpp.o
[1381/1456] Linking CXX shared library broker/libbrokeradmin.so.11.5
[1382/1456] Linking CXX executable bin/broker_monitor
[1383/1456] Creating library symlink broker/libbrokeradmin.so
[1384/1456] Linking CXX executable bin/cub_proxy
[1385/1456] Linking CXX executable bin/broker_changer
[1386/1456] Linking CXX executable bin/gateway_monitor
[1387/1456] Linking CXX executable bin/cubrid_broker
[1388/1456] Linking CXX executable bin/broker_log_top
[1389/1456] Linking CXX executable bin/cubrid_gateway
[1390/1456] Building CXX object unit_tests/oos/CMakeFiles/test_oos_remove_file_server.dir/test_oos_remove_file_server.cpp.o
[1391/1456] Linking CXX executable bin/cub_gateway
[1392/1456] Linking CXX shared library cm_common/libcmstat.so.11.5
[1393/1456] Creating library symlink cm_common/libcmstat.so
[1394/1456] Linking CXX executable bin/cub_cas_cgw
[1395/1456] Linking CXX executable bin/cub_cas
[1396/1456] Building CXX object unit_tests/oos/CMakeFiles/test_oos_vacuum_server.dir/test_oos_vacuum_server.cpp.o
[1397/1456] Building CXX object unit_tests/oos/CMakeFiles/test_oos_real_vacuum_server.dir/test_oos_real_vacuum_server.cpp.o
[1398/1456] Building CXX object unit_tests/oos/CMakeFiles/test_oos_identity_stamp.dir/test_oos_identity_stamp.cpp.o
[1399/1456] Building CXX object unit_tests/oos/sql/CMakeFiles/test_oos_sql_workspace_bytes.dir/test_oos_sql_workspace_bytes.cpp.o
[1400/1456] Building CXX object unit_tests/oos/CMakeFiles/test_oos_workspace.dir/test_oos_workspace.cpp.o
[1401/1456] Building CXX object unit_tests/oos/sql/CMakeFiles/test_oos_sql_deferred_write.dir/test_oos_sql_deferred_write.cpp.o
[1402/1456] Building CXX object unit_tests/oos/CMakeFiles/test_oos_server.dir/test_oos_server.cpp.o
[1403/1456] Linking CXX shared library sa/libcubridsa.so.11.5
[1404/1456] Creating library symlink sa/libcubridsa.so
[1405/1456] Linking CXX executable bin/csql
[1406/1456] Linking CXX executable bin/cub_admin
[1407/1456] Linking CXX executable bin/gen_timezone
[1408/1456] Linking CXX executable bin/cubrid_rel
[1409/1456] Linking CXX executable bin/cub_jobsa
[1410/1456] Linking CXX executable bin/cubrid
[1411/1456] Linking CXX executable bin/cub_sainfo
[1412/1456] generating tzlib/timezones.c from /home/vimkim/gh/cb/pr7925-02-record-owner/timezones/tzdata
Ruleset AN , total changes : 133 (1971 - 2038)
Ruleset AQ , total changes : 8 (1971 - 2038)
Ruleset AS , total changes : 133 (1971 - 2038)
Ruleset AT , total changes : 141 (1967 - 2038)
Ruleset AV , total changes : 133 (1971 - 2038)
Ruleset AW , total changes : 13 (1974 - 2038)
Ruleset Albania , total changes : 25 (1940 - 2038)
Ruleset Algeria , total changes : 26 (1916 - 2038)
Ruleset Arg , total changes : 63 (1930 - 2038)
DS ruleset: Aus, Year: 1917, Change on : Jan 
DS ruleset: Aus, Year: 1941, Change on : Jan 
DS ruleset: Aus, Year: 1942, Change on : Jan 
DS ruleset: Aus, Year: 1942, found 3 matching rules
Ruleset Aus , total changes : 9 (1917 - 2038)
Ruleset Austria , total changes : 10 (1920 - 2038)
Ruleset Azer , total changes : 38 (1997 - 2038)
Ruleset Bahamas , total changes : 24 (1964 - 2038)
Ruleset Barb , total changes : 8 (1977 - 2038)
Ruleset Belgium , total changes : 50 (1918 - 2038)
Ruleset Belize , total changes : 56 (1918 - 2038)
DS ruleset: Brazil, Year: 1965, found 3 matching rules
Ruleset Brazil , total changes : 133 (1931 - 2038)
Ruleset Bulg , total changes : 7 (1979 - 2038)
Ruleset C-Eur , total changes : 136 (1916 - 2038)
DS ruleset: CA, Year: 1948, Change on : Jan 
DS ruleset: CA, Year: 1949, Change on : Jan 
Ruleset CA , total changes : 37 (1948 - 2038)
Ruleset CO , total changes : 2 (1992 - 2038)
Ruleset CR , total changes : 9 (1979 - 2038)
Ruleset Canada , total changes : 133 (1918 - 2038)
Ruleset Chatham , total changes : 127 (1974 - 2038)
Ruleset Chicago , total changes : 94 (1920 - 2038)
Ruleset Chile , total changes : 147 (1927 - 2038)
Ruleset Cook , total changes : 26 (1978 - 2038)
Ruleset Cuba , total changes : 154 (1928 - 2038)
Ruleset Cyprus , total changes : 47 (1975 - 2038)
Ruleset Czech , total changes : 10 (1945 - 2038)
Ruleset DR , total changes : 14 (1966 - 2038)
Ruleset Denmark , total changes : 11 (1916 - 2038)
Ruleset Denver , total changes : 8 (1920 - 2038)
Ruleset Detroit , total changes : 4 (1948 - 2038)
Ruleset Dhaka , total changes : 3 (2009 - 2038)
Ruleset E-Eur , total changes : 122 (1977 - 2038)
Ruleset E-EurAsia , total changes : 116 (1979 - 2038)
Ruleset EU , total changes : 122 (1977 - 2038)
Ruleset EUAsia , total changes : 116 (1979 - 2038)
Ruleset Ecuador , total changes : 2 (1992 - 2038)
Ruleset Edm , total changes : 71 (1918 - 2038)
DS ruleset: Egypt, Year: 2010, found 4 matching rules
DS ruleset: Egypt, Year: 2014, found 4 matching rules
Ruleset Egypt , total changes : 126 (1940 - 2038)
Ruleset EgyptAsia , total changes : 21 (1957 - 2038)
DS ruleset: Falk, Year: 1942, Change on : Jan 
DS ruleset: Falk, Year: 1943, Change on : Jan 
Ruleset Falk , total changes : 68 (1937 - 2038)
Ruleset Fiji , total changes : 64 (1998 - 2038)
Ruleset Finland , total changes : 6 (1942 - 2038)
Ruleset France , total changes : 61 (1916 - 2038)
DS ruleset: GB-Eire, Year: 1945, found 3 matching rules
DS ruleset: GB-Eire, Year: 1947, found 4 matching rules
Ruleset GB-Eire , total changes : 156 (1916 - 2038)
DS ruleset: Germany, Year: 1947, found 4 matching rules
Ruleset Germany , total changes : 10 (1946 - 2038)
Ruleset Ghana , total changes : 47 (1920 - 2038)
Ruleset Greece , total changes : 20 (1932 - 2038)
Ruleset Guat , total changes : 8 (1973 - 2038)
DS ruleset: HK, Year: 1973, found 3 matching rules
Ruleset HK , total changes : 70 (1941 - 2038)
Ruleset Haiti , total changes : 84 (1983 - 2038)
Ruleset Halifax , total changes : 94 (1916 - 2038)
Ruleset Holiday , total changes : 4 (1992 - 2038)
Ruleset Hond , total changes : 6 (1987 - 2038)
Ruleset Hungary , total changes : 25 (1918 - 2038)
Ruleset Iceland , total changes : 66 (1917 - 2038)
Ruleset Indianapolis , total changes : 24 (1941 - 2038)
Ruleset Iran , total changes : 96 (1978 - 2038)
Ruleset Iraq , total changes : 52 (1982 - 2038)
Ruleset Italy , total changes : 52 (1916 - 2038)
Ruleset Japan , total changes : 8 (1948 - 2038)
Ruleset Jordan , total changes : 117 (1973 - 2038)
Ruleset Kyrgyz , total changes : 27 (1992 - 2038)
Ruleset LH , total changes : 113 (1981 - 2038)
Ruleset Latvia , total changes : 16 (1989 - 2038)
Ruleset Lebanon , total changes : 140 (1920 - 2038)
DS ruleset: Libya, Year: 1951, Change on : Jan 
DS ruleset: Libya, Year: 1952, Change on : Jan 
DS ruleset: Libya, Year: 1953, Change on : Jan 
DS ruleset: Libya, Year: 1954, Change on : Jan 
DS ruleset: Libya, Year: 1955, Change on : Jan 
DS ruleset: Libya, Year: 1956, Change on : Jan 
Ruleset Libya , total changes : 29 (1951 - 2038)
Ruleset Louisville , total changes : 36 (1921 - 2038)
Ruleset Lux , total changes : 27 (1916 - 2038)
Ruleset Macau , total changes : 40 (1961 - 2038)
Ruleset Malta , total changes : 16 (1973 - 2038)
Ruleset Marengo , total changes : 16 (1951 - 2038)
Ruleset Mauritius , total changes : 4 (1982 - 2038)
Ruleset Menominee , total changes : 4 (1946 - 2038)
Ruleset Mexico , total changes : 94 (1939 - 2038)
Ruleset Moldova , total changes : 82 (1997 - 2038)
Ruleset Moncton , total changes : 100 (1933 - 2038)
Ruleset Mongol , total changes : 48 (1983 - 2038)
DS ruleset: Morocco, Year: 2012, found 4 matching rules
DS ruleset: Morocco, Year: 2013, found 4 matching rules
DS ruleset: Morocco, Year: 2014, found 4 matching rules
DS ruleset: Morocco, Year: 2015, found 4 matching rules
DS ruleset: Morocco, Year: 2016, found 4 matching rules
DS ruleset: Morocco, Year: 2017, found 4 matching rules
DS ruleset: Morocco, Year: 2018, found 4 matching rules
DS ruleset: Morocco, Year: 2019, found 4 matching rules
DS ruleset: Morocco, Year: 2020, found 4 matching rules
DS ruleset: Morocco, Year: 2021, found 4 matching rules
DS ruleset: Morocco, Year: 2036, found 3 matching rules
DS ruleset: Morocco, Year: 2037, found 3 matching rules
Ruleset Morocco , total changes : 98 (1939 - 2038)
Ruleset NBorneo , total changes : 15 (1935 - 2038)
Ruleset NC , total changes : 8 (1977 - 2038)
Ruleset NT_YK , total changes : 63 (1918 - 2038)
Ruleset NYC , total changes : 94 (1920 - 2038)
DS ruleset: NZ, Year: 1945, Change on : Jan 
DS ruleset: NZ, Year: 1946, Change on : Jan 
Ruleset NZ , total changes : 156 (1927 - 2038)
Ruleset Namibia , total changes : 87 (1994 - 2038)
DS ruleset: Neth, Year: 1937, found 3 matching rules
Ruleset Neth , total changes : 51 (1916 - 2038)
Ruleset Nic , total changes : 8 (1979 - 2038)
Ruleset Norway , total changes : 18 (1916 - 2038)
Ruleset PRC , total changes : 12 (1986 - 2038)
Ruleset Pakistan , total changes : 6 (2002 - 2038)
DS ruleset: Palestine, Year: 2011, found 4 matching rules
Ruleset Palestine , total changes : 80 (1999 - 2038)
Ruleset Para , total changes : 126 (1975 - 2038)
Ruleset Perry , total changes : 24 (1946 - 2038)
DS ruleset: Peru, Year: 1938, Change on : Jan 
DS ruleset: Peru, Year: 1938, found 3 matching rules
DS ruleset: Peru, Year: 1985, Change on : Jan 
DS ruleset: Peru, Year: 1986, Change on : Jan 
DS ruleset: Peru, Year: 1987, Change on : Jan 
DS ruleset: Peru, Year: 1989, Change on : Jan 
DS ruleset: Peru, Year: 1990, Change on : Jan 
DS ruleset: Peru, Year: 1993, Change on : Jan 
DS ruleset: Peru, Year: 1994, Change on : Jan 
Ruleset Peru , total changes : 17 (1938 - 2038)
Ruleset Phil , total changes : 6 (1936 - 2038)
Ruleset Pike , total changes : 20 (1955 - 2038)
Ruleset Poland , total changes : 31 (1918 - 2038)
DS ruleset: Port, Year: 1942, found 4 matching rules
DS ruleset: Port, Year: 1943, found 4 matching rules
DS ruleset: Port, Year: 1944, found 4 matching rules
DS ruleset: Port, Year: 1945, found 4 matching rules
Ruleset Port , total changes : 109 (1916 - 2038)
Ruleset Pulaski , total changes : 30 (1946 - 2038)
Ruleset ROK , total changes : 24 (1948 - 2038)
Ruleset Regina , total changes : 51 (1918 - 2038)
Ruleset Romania , total changes : 26 (1932 - 2038)
DS ruleset: Russia, Year: 1919, found 3 matching rules
DS ruleset: Russia, Year: 1921, found 4 matching rules
Ruleset Russia , total changes : 72 (1917 - 2038)
Ruleset RussiaAsia , total changes : 62 (1981 - 2038)
Ruleset SA , total changes : 4 (1942 - 2038)
Ruleset Salv , total changes : 4 (1987 - 2038)
Ruleset SanLuis , total changes : 4 (2007 - 2038)
Ruleset Shang , total changes : 4 (1940 - 2038)
DS ruleset: SovietZone, Year: 1945, found 3 matching rules
Ruleset SovietZone , total changes : 3 (1945 - 2038)
DS ruleset: Spain, Year: 1938, found 3 matching rules
Ruleset Spain , total changes : 42 (1918 - 2038)
Ruleset SpainAfrica , total changes : 10 (1967 - 2038)
Ruleset StJohns , total changes : 179 (1917 - 2038)
Ruleset Starke , total changes : 30 (1947 - 2038)
Ruleset Sudan , total changes : 32 (1970 - 2038)
Ruleset Swift , total changes : 8 (1957 - 2038)
Ruleset Swiss , total changes : 4 (1941 - 2038)
Ruleset Syria , total changes : 150 (1920 - 2038)
Ruleset Taiwan , total changes : 38 (1946 - 2038)
Ruleset Thule , total changes : 94 (1991 - 2038)
Ruleset Tonga , total changes : 51 (1999 - 2038)
Ruleset Toronto , total changes : 100 (1919 - 2038)
Ruleset Troll , total changes : 67 (2004 - 2038)
DS ruleset: Tunisia, Year: 1943, found 4 matching rules
Ruleset Tunisia , total changes : 32 (1939 - 2038)
DS ruleset: Turkey, Year: 1940, found 3 matching rules
Ruleset Turkey , total changes : 108 (1916 - 2038)
Ruleset US , total changes : 150 (1918 - 2038)
DS ruleset: Uruguay, Year: 1941, Change on : Jan 
DS ruleset: Uruguay, Year: 1942, Change on : Jan 
Ruleset Uruguay , total changes : 93 (1923 - 2038)
Ruleset Vanc , total changes : 107 (1918 - 2038)
Ruleset Vanuatu , total changes : 21 (1983 - 2038)
Ruleset Vincennes , total changes : 24 (1946 - 2038)
Ruleset W-Eur , total changes : 122 (1977 - 2038)
Ruleset WS , total changes : 55 (2010 - 2038)
Ruleset Winn , total changes : 121 (1916 - 2038)
DS ruleset: Zion, Year: 1948, found 3 matching rules
Ruleset Zion , total changes : 141 (1940 - 2038)
Total DS changes: 7690; maximum changes in a ruleset :179

 COUNTRY MAX NAME LEN: 42
 DS RULES & RULESETS
   DS RULESET MAX NAME LEN: 12
   DS RULE MAX LETTER_ABBREV LEN: 5

 TIMEZONE
   MAX NAME LEN: 30   MAX comments LEN: 73   MAX coordinates LEN: 15
 TZ_NAMES (timezone names and aliases) MAX NAME LEN: 32
 TZ_RW_LINKS : 
   MAX NAME LEN: 30   MAX ALIAS LEN: 32
 TZ_RAW_OFFSET_RULES : 
   MAX rules LEN: 12   MAX format LEN: 5
[1413/1456] Linking CXX executable bin/cub_pl
[1414/1456] Linking CXX executable bin/loadjava
[1415/1456] Linking CXX executable bin/test_oos_tde_gate
[1416/1456] Linking CXX executable bin/test_byte_span_writer
[1417/1456] Linking CXX executable bin/test_oos_sql_show
[1418/1456] Linking CXX executable bin/test_oos
[1419/1456] Linking CXX executable bin/test_oos_sql_ddl
[1420/1456] Linking CXX executable bin/test_oos_sql_txn
[1421/1456] Linking CXX executable bin/test_oos_delete
[1422/1456] Linking CXX executable bin/test_oos_sql_boundary
[1423/1456] Linking CXX executable bin/test_oos_sql_update_delete
[1424/1456] Linking CXX executable bin/test_oos_bestspace
[1425/1456] Linking CXX executable bin/test_oos_record_flags
[1426/1456] Linking CXX executable bin/test_oos_sql_storage
[1427/1456] Linking CXX executable bin/test_oos_no_logging
[1428/1456] Linking CXX executable bin/test_oos_identity_stamp
[1429/1456] Linking CXX executable bin/test_oos_sql_bigone
[1430/1456] Linking CXX executable bin/test_oos_sql_delete
[1431/1456] Linking CXX executable bin/test_oos_sql_crash_recovery
[1432/1456] Linking CXX executable bin/test_oos_sql_crud
[1433/1456] Linking CXX executable bin/test_oos_sql_visible_version
[1434/1456] Linking CXX executable bin/test_oos_remove_file
[1435/1456] Linking CXX executable bin/test_oos_eager_diagnostics
[1436/1456] Linking CXX executable bin/test_oos_growth_sweep
[1437/1456] Linking CXX executable bin/test_oos_sql_deferred_write
[1438/1456] Linking CXX executable bin/test_oos_sql_eager_cleanup
[1439/1456] Building C object timezones/CMakeFiles/cubrid_timezones.dir/tzlib/timezones.c.o
[1440/1456] Linking CXX executable bin/test_oos_workspace
[1441/1456] Linking CXX executable bin/test_oos_sql_workspace_bytes
[1442/1456] Linking C shared library timezones/libcubrid_timezones.so.11.5
[1443/1456] Creating library symlink timezones/libcubrid_timezones.so
[1444/1456] Linking CXX shared library cubrid/libcubrid.so.11.5
[1445/1456] Creating library symlink cubrid/libcubrid.so
[1446/1456] Linking CXX executable bin/cub_server
[1447/1456] Linking CXX executable bin/unittests_bit
[1448/1456] Linking CXX executable bin/unittests_area
[1449/1456] Linking CXX executable bin/unittests_snapshot
[1450/1456] Linking CXX executable bin/unittests_lf
[1451/1456] Linking CXX executable bin/test_oos_delete_server
[1452/1456] Linking CXX executable bin/test_oos_vacuum_server
[1453/1456] Linking CXX executable bin/test_oos_remove_file_server
[1454/1456] Linking CXX executable bin/test_oos_real_vacuum_server
[1455/1456] Linking CXX executable bin/test_oos_mock_vacuum_server
[1456/1456] Linking CXX executable bin/test_oos_server
-- Install configuration: "Debug"
-- Installing: /home/vimkim/.cub/install/pr7925-02-record-owner/debug_gcc/vm/pl_server.jar
-- Installing: /home/vimkim/.cub/install/pr7925-02-record-owner/debug_gcc/vm/logging.properties
-- Installing: /home/vimkim/.cub/install/pr7925-02-record-owner/debug_gcc/vm/jdk8
-- Installing: /home/vimkim/.cub/install/pr7925-02-record-owner/debug_gcc/lib/libcubridsa.so.11.5
-- Set runtime path of "/home/vimkim/.cub/install/pr7925-02-record-owner/debug_gcc/lib/libcubridsa.so.11.5" to "/home/vimkim/.cub/install/pr7925-02-record-owner/debug_gcc/lib"
-- Installing: /home/vimkim/.cub/install/pr7925-02-record-owner/debug_gcc/lib/libcubridsa.so
-- Installing: /home/vimkim/.cub/install/pr7925-02-record-owner/debug_gcc/lib/libcubridcs.so.11.5
-- Set runtime path of "/home/vimkim/.cub/install/pr7925-02-record-owner/debug_gcc/lib/libcubridcs.so.11.5" to "/home/vimkim/.cub/install/pr7925-02-record-owner/debug_gcc/lib"
-- Installing: /home/vimkim/.cub/install/pr7925-02-record-owner/debug_gcc/lib/libcubridcs.so
-- Installing: /home/vimkim/.cub/install/pr7925-02-record-owner/debug_gcc/lib/libcubrid.so.11.5
-- Set runtime path of "/home/vimkim/.cub/install/pr7925-02-record-owner/debug_gcc/lib/libcubrid.so.11.5" to "/home/vimkim/.cub/install/pr7925-02-record-owner/debug_gcc/lib"
-- Installing: /home/vimkim/.cub/install/pr7925-02-record-owner/debug_gcc/lib/libcubrid.so
-- Installing: /home/vimkim/.cub/install/pr7925-02-record-owner/debug_gcc/include/dbi.h
-- Installing: /home/vimkim/.cub/install/pr7925-02-record-owner/debug_gcc/include/dbtran_def.h
-- Installing: /home/vimkim/.cub/install/pr7925-02-record-owner/debug_gcc/include/dbtype_def.h
-- Installing: /home/vimkim/.cub/install/pr7925-02-record-owner/debug_gcc/include/db_set_function.h
-- Installing: /home/vimkim/.cub/install/pr7925-02-record-owner/debug_gcc/include/dbtype_function.h
-- Installing: /home/vimkim/.cub/install/pr7925-02-record-owner/debug_gcc/include/db_date.h
-- Installing: /home/vimkim/.cub/install/pr7925-02-record-owner/debug_gcc/include/db_elo.h
-- Installing: /home/vimkim/.cub/install/pr7925-02-record-owner/debug_gcc/include/cache_time.h
-- Installing: /home/vimkim/.cub/install/pr7925-02-record-owner/debug_gcc/include/error_code.h
-- Installing: /home/vimkim/.cub/install/pr7925-02-record-owner/debug_gcc/include/cubrid_log.h
-- Installing: /home/vimkim/.cub/install/pr7925-02-record-owner/debug_gcc/include/cm_stat.h
-- Installing: /home/vimkim/.cub/install/pr7925-02-record-owner/debug_gcc/bin/csql
-- Set runtime path of "/home/vimkim/.cub/install/pr7925-02-record-owner/debug_gcc/bin/csql" to "/home/vimkim/.cub/install/pr7925-02-record-owner/debug_gcc/lib"
-- Installing: /home/vimkim/.cub/install/pr7925-02-record-owner/debug_gcc/bin/cub_master
-- Set runtime path of "/home/vimkim/.cub/install/pr7925-02-record-owner/debug_gcc/bin/cub_master" to "/home/vimkim/.cub/install/pr7925-02-record-owner/debug_gcc/lib"
-- Installing: /home/vimkim/.cub/install/pr7925-02-record-owner/debug_gcc/bin/cub_server
-- Set runtime path of "/home/vimkim/.cub/install/pr7925-02-record-owner/debug_gcc/bin/cub_server" to "/home/vimkim/.cub/install/pr7925-02-record-owner/debug_gcc/lib"
-- Installing: /home/vimkim/.cub/install/pr7925-02-record-owner/debug_gcc/bin/cubrid
-- Set runtime path of "/home/vimkim/.cub/install/pr7925-02-record-owner/debug_gcc/bin/cubrid" to "/home/vimkim/.cub/install/pr7925-02-record-owner/debug_gcc/lib"
-- Installing: /home/vimkim/.cub/install/pr7925-02-record-owner/debug_gcc/bin/cub_commdb
-- Set runtime path of "/home/vimkim/.cub/install/pr7925-02-record-owner/debug_gcc/bin/cub_commdb" to "/home/vimkim/.cub/install/pr7925-02-record-owner/debug_gcc/lib"
-- Installing: /home/vimkim/.cub/install/pr7925-02-record-owner/debug_gcc/bin/cubrid_rel
-- Set runtime path of "/home/vimkim/.cub/install/pr7925-02-record-owner/debug_gcc/bin/cubrid_rel" to "/home/vimkim/.cub/install/pr7925-02-record-owner/debug_gcc/lib"
-- Installing: /home/vimkim/.cub/install/pr7925-02-record-owner/debug_gcc/bin/loadjava
-- Set runtime path of "/home/vimkim/.cub/install/pr7925-02-record-owner/debug_gcc/bin/loadjava" to "/home/vimkim/.cub/install/pr7925-02-record-owner/debug_gcc/lib"
-- Installing: /home/vimkim/.cub/install/pr7925-02-record-owner/debug_gcc/bin/cub_pl
-- Set runtime path of "/home/vimkim/.cub/install/pr7925-02-record-owner/debug_gcc/bin/cub_pl" to "/home/vimkim/.cub/install/pr7925-02-record-owner/debug_gcc/lib"
-- Installing: /home/vimkim/.cub/install/pr7925-02-record-owner/debug_gcc/bin/cub_admin
-- Set runtime path of "/home/vimkim/.cub/install/pr7925-02-record-owner/debug_gcc/bin/cub_admin" to "/home/vimkim/.cub/install/pr7925-02-record-owner/debug_gcc/lib"
-- Installing: /home/vimkim/.cub/install/pr7925-02-record-owner/debug_gcc/cci/lib/libcascci.so.11.3
-- Set runtime path of "/home/vimkim/.cub/install/pr7925-02-record-owner/debug_gcc/cci/lib/libcascci.so.11.3" to "/home/vimkim/.cub/install/pr7925-02-record-owner/debug_gcc/lib"
-- Installing: /home/vimkim/.cub/install/pr7925-02-record-owner/debug_gcc/cci/lib/libcascci.so
-- Installing: /home/vimkim/.cub/install/pr7925-02-record-owner/debug_gcc/cci/include/cas_cci.h
-- Installing: /home/vimkim/.cub/install/pr7925-02-record-owner/debug_gcc/cci/include/compat_dbtran_def.h
-- Installing: /home/vimkim/.cub/install/pr7925-02-record-owner/debug_gcc/cci/include/broker_cas_error.h
-- Installing: /home/vimkim/.cub/install/pr7925-02-record-owner/debug_gcc/include/cas_cci.h
-- Installing: /home/vimkim/.cub/install/pr7925-02-record-owner/debug_gcc/include/broker_cas_error.h
-- Installing: /home/vimkim/.cub/install/pr7925-02-record-owner/debug_gcc/include/compat_dbtran_def.h
-- Installing: /home/vimkim/.cub/install/pr7925-02-record-owner/debug_gcc/lib/libcascci.so
-- Installing: /home/vimkim/.cub/install/pr7925-02-record-owner/debug_gcc/lib/libcascci.so.11.3
-- Installing: /home/vimkim/.cub/install/pr7925-02-record-owner/debug_gcc/bin/cci_applier
-- Set runtime path of "/home/vimkim/.cub/install/pr7925-02-record-owner/debug_gcc/bin/cci_applier" to "/home/vimkim/.cub/install/pr7925-02-record-owner/debug_gcc/lib"
-- Installing: /home/vimkim/.cub/install/pr7925-02-record-owner/debug_gcc/bin/broker_log_converter
-- Set runtime path of "/home/vimkim/.cub/install/pr7925-02-record-owner/debug_gcc/bin/broker_log_converter" to "/home/vimkim/.cub/install/pr7925-02-record-owner/debug_gcc/lib"
-- Installing: /home/vimkim/.cub/install/pr7925-02-record-owner/debug_gcc/bin/broker_log_runner
-- Set runtime path of "/home/vimkim/.cub/install/pr7925-02-record-owner/debug_gcc/bin/broker_log_runner" to "/home/vimkim/.cub/install/pr7925-02-record-owner/debug_gcc/lib"
-- Installing: /home/vimkim/.cub/install/pr7925-02-record-owner/debug_gcc/bin/broker_tester
-- Set runtime path of "/home/vimkim/.cub/install/pr7925-02-record-owner/debug_gcc/bin/broker_tester" to "/home/vimkim/.cub/install/pr7925-02-record-owner/debug_gcc/lib"
-- Installing: /home/vimkim/.cub/install/pr7925-02-record-owner/debug_gcc/bin/cubrid_replay
-- Set runtime path of "/home/vimkim/.cub/install/pr7925-02-record-owner/debug_gcc/bin/cubrid_replay" to "/home/vimkim/.cub/install/pr7925-02-record-owner/debug_gcc/lib"
-- Installing: /home/vimkim/.cub/install/pr7925-02-record-owner/debug_gcc/bin/cub_broker
-- Set runtime path of "/home/vimkim/.cub/install/pr7925-02-record-owner/debug_gcc/bin/cub_broker" to "/home/vimkim/.cub/install/pr7925-02-record-owner/debug_gcc/lib"
-- Installing: /home/vimkim/.cub/install/pr7925-02-record-owner/debug_gcc/bin/cub_gateway
-- Set runtime path of "/home/vimkim/.cub/install/pr7925-02-record-owner/debug_gcc/bin/cub_gateway" to "/home/vimkim/.cub/install/pr7925-02-record-owner/debug_gcc/lib"
-- Installing: /home/vimkim/.cub/install/pr7925-02-record-owner/debug_gcc/bin/broker_monitor
-- Set runtime path of "/home/vimkim/.cub/install/pr7925-02-record-owner/debug_gcc/bin/broker_monitor" to "/home/vimkim/.cub/install/pr7925-02-record-owner/debug_gcc/lib"
-- Installing: /home/vimkim/.cub/install/pr7925-02-record-owner/debug_gcc/bin/gateway_monitor
-- Set runtime path of "/home/vimkim/.cub/install/pr7925-02-record-owner/debug_gcc/bin/gateway_monitor" to "/home/vimkim/.cub/install/pr7925-02-record-owner/debug_gcc/lib"
-- Installing: /home/vimkim/.cub/install/pr7925-02-record-owner/debug_gcc/bin/broker_changer
-- Set runtime path of "/home/vimkim/.cub/install/pr7925-02-record-owner/debug_gcc/bin/broker_changer" to "/home/vimkim/.cub/install/pr7925-02-record-owner/debug_gcc/lib"
-- Installing: /home/vimkim/.cub/install/pr7925-02-record-owner/debug_gcc/bin/cubrid_broker
-- Set runtime path of "/home/vimkim/.cub/install/pr7925-02-record-owner/debug_gcc/bin/cubrid_broker" to "/home/vimkim/.cub/install/pr7925-02-record-owner/debug_gcc/lib"
-- Installing: /home/vimkim/.cub/install/pr7925-02-record-owner/debug_gcc/bin/cubrid_gateway
-- Set runtime path of "/home/vimkim/.cub/install/pr7925-02-record-owner/debug_gcc/bin/cubrid_gateway" to "/home/vimkim/.cub/install/pr7925-02-record-owner/debug_gcc/lib"
-- Installing: /home/vimkim/.cub/install/pr7925-02-record-owner/debug_gcc/bin/cub_cas
-- Set runtime path of "/home/vimkim/.cub/install/pr7925-02-record-owner/debug_gcc/bin/cub_cas" to "/home/vimkim/.cub/install/pr7925-02-record-owner/debug_gcc/lib"
-- Installing: /home/vimkim/.cub/install/pr7925-02-record-owner/debug_gcc/bin/cub_cas_cgw
-- Set runtime path of "/home/vimkim/.cub/install/pr7925-02-record-owner/debug_gcc/bin/cub_cas_cgw" to "/home/vimkim/.cub/install/pr7925-02-record-owner/debug_gcc/lib"
-- Installing: /home/vimkim/.cub/install/pr7925-02-record-owner/debug_gcc/bin/cub_proxy
-- Set runtime path of "/home/vimkim/.cub/install/pr7925-02-record-owner/debug_gcc/bin/cub_proxy" to "/home/vimkim/.cub/install/pr7925-02-record-owner/debug_gcc/lib"
-- Installing: /home/vimkim/.cub/install/pr7925-02-record-owner/debug_gcc/include/shard_key.h
-- Installing: /home/vimkim/.cub/install/pr7925-02-record-owner/debug_gcc/bin/broker_log_top
-- Set runtime path of "/home/vimkim/.cub/install/pr7925-02-record-owner/debug_gcc/bin/broker_log_top" to "/home/vimkim/.cub/install/pr7925-02-record-owner/debug_gcc/lib"
-- Installing: /home/vimkim/.cub/install/pr7925-02-record-owner/debug_gcc/lib/libbrokeradmin.so.11.5
-- Set runtime path of "/home/vimkim/.cub/install/pr7925-02-record-owner/debug_gcc/lib/libbrokeradmin.so.11.5" to "/home/vimkim/.cub/install/pr7925-02-record-owner/debug_gcc/lib"
-- Installing: /home/vimkim/.cub/install/pr7925-02-record-owner/debug_gcc/lib/libbrokeradmin.so
-- Installing: /home/vimkim/.cub/install/pr7925-02-record-owner/debug_gcc/lib/libcmstat.so.11.5
-- Set runtime path of "/home/vimkim/.cub/install/pr7925-02-record-owner/debug_gcc/lib/libcmstat.so.11.5" to "/home/vimkim/.cub/install/pr7925-02-record-owner/debug_gcc/lib"
-- Installing: /home/vimkim/.cub/install/pr7925-02-record-owner/debug_gcc/lib/libcmstat.so
-- Installing: /home/vimkim/.cub/install/pr7925-02-record-owner/debug_gcc/lib/libcmdep.so.11.5
-- Set runtime path of "/home/vimkim/.cub/install/pr7925-02-record-owner/debug_gcc/lib/libcmdep.so.11.5" to "/home/vimkim/.cub/install/pr7925-02-record-owner/debug_gcc/lib"
-- Installing: /home/vimkim/.cub/install/pr7925-02-record-owner/debug_gcc/lib/libcmdep.so
-- Installing: /home/vimkim/.cub/install/pr7925-02-record-owner/debug_gcc/bin/cub_jobsa
-- Set runtime path of "/home/vimkim/.cub/install/pr7925-02-record-owner/debug_gcc/bin/cub_jobsa" to "/home/vimkim/.cub/install/pr7925-02-record-owner/debug_gcc/lib"
-- Installing: /home/vimkim/.cub/install/pr7925-02-record-owner/debug_gcc/bin/cub_sainfo
-- Set runtime path of "/home/vimkim/.cub/install/pr7925-02-record-owner/debug_gcc/bin/cub_sainfo" to "/home/vimkim/.cub/install/pr7925-02-record-owner/debug_gcc/lib"
-- Installing: /home/vimkim/.cub/install/pr7925-02-record-owner/debug_gcc/conf/cubrid.conf
-- Installing: /home/vimkim/.cub/install/pr7925-02-record-owner/debug_gcc/conf/cubrid.conf.large
-- Installing: /home/vimkim/.cub/install/pr7925-02-record-owner/debug_gcc/conf/cubrid.conf.small
-- Installing: /home/vimkim/.cub/install/pr7925-02-record-owner/debug_gcc/conf/cubrid_broker.conf
-- Installing: /home/vimkim/.cub/install/pr7925-02-record-owner/debug_gcc/conf/cubrid_broker.conf.shard
-- Installing: /home/vimkim/.cub/install/pr7925-02-record-owner/debug_gcc/conf/cubrid_gateway.conf
-- Installing: /home/vimkim/.cub/install/pr7925-02-record-owner/debug_gcc/conf/cubrid_ha.conf
-- Installing: /home/vimkim/.cub/install/pr7925-02-record-owner/debug_gcc/conf/cubrid_hosts.conf
-- Installing: /home/vimkim/.cub/install/pr7925-02-record-owner/debug_gcc/conf/shard_connection.txt
-- Installing: /home/vimkim/.cub/install/pr7925-02-record-owner/debug_gcc/conf/shard_key.txt
-- Installing: /home/vimkim/.cub/install/pr7925-02-record-owner/debug_gcc/conf/cubrid_locales.all.txt
-- Installing: /home/vimkim/.cub/install/pr7925-02-record-owner/debug_gcc/conf/cubrid_locales.txt
-- Installing: /home/vimkim/.cub/install/pr7925-02-record-owner/debug_gcc/conf/cas_ssl_cert.crt
-- Installing: /home/vimkim/.cub/install/pr7925-02-record-owner/debug_gcc/conf/cas_ssl_cert.key
-- Installing: /home/vimkim/.cub/install/pr7925-02-record-owner/debug_gcc/msg/en_US.utf8
-- Installing: /home/vimkim/.cub/install/pr7925-02-record-owner/debug_gcc/msg/en_US.utf8/cubrid.msg
-- Installing: /home/vimkim/.cub/install/pr7925-02-record-owner/debug_gcc/msg/en_US.utf8/utils.msg
-- Installing: /home/vimkim/.cub/install/pr7925-02-record-owner/debug_gcc/msg/en_US.utf8/csql.msg
-- Up-to-date: /home/vimkim/.cub/install/pr7925-02-record-owner/debug_gcc/msg/en_US.utf8
-- Installing: /home/vimkim/.cub/install/pr7925-02-record-owner/debug_gcc/msg/en_US.utf8/csql.cat
-- Installing: /home/vimkim/.cub/install/pr7925-02-record-owner/debug_gcc/msg/en_US.utf8/cubrid.cat
-- Installing: /home/vimkim/.cub/install/pr7925-02-record-owner/debug_gcc/msg/en_US.utf8/utils.cat
-- Installing: /home/vimkim/.cub/install/pr7925-02-record-owner/debug_gcc/msg/en_US
-- Installing: /home/vimkim/.cub/install/pr7925-02-record-owner/debug_gcc/msg/en_US/csql.msg
-- Installing: /home/vimkim/.cub/install/pr7925-02-record-owner/debug_gcc/msg/en_US/utils.msg
-- Installing: /home/vimkim/.cub/install/pr7925-02-record-owner/debug_gcc/msg/en_US/cubrid.msg
-- Up-to-date: /home/vimkim/.cub/install/pr7925-02-record-owner/debug_gcc/msg/en_US
-- Installing: /home/vimkim/.cub/install/pr7925-02-record-owner/debug_gcc/msg/en_US/csql.cat
-- Installing: /home/vimkim/.cub/install/pr7925-02-record-owner/debug_gcc/msg/en_US/cubrid.cat
-- Installing: /home/vimkim/.cub/install/pr7925-02-record-owner/debug_gcc/msg/en_US/utils.cat
-- Installing: /home/vimkim/.cub/install/pr7925-02-record-owner/debug_gcc/msg/ko_KR.utf8
-- Installing: /home/vimkim/.cub/install/pr7925-02-record-owner/debug_gcc/msg/ko_KR.utf8/utils.msg
-- Installing: /home/vimkim/.cub/install/pr7925-02-record-owner/debug_gcc/msg/ko_KR.utf8/cubrid.msg
-- Installing: /home/vimkim/.cub/install/pr7925-02-record-owner/debug_gcc/msg/ko_KR.utf8/csql.msg
-- Up-to-date: /home/vimkim/.cub/install/pr7925-02-record-owner/debug_gcc/msg/ko_KR.utf8
-- Installing: /home/vimkim/.cub/install/pr7925-02-record-owner/debug_gcc/msg/ko_KR.utf8/cubrid.cat
-- Installing: /home/vimkim/.cub/install/pr7925-02-record-owner/debug_gcc/msg/ko_KR.utf8/csql.cat
-- Installing: /home/vimkim/.cub/install/pr7925-02-record-owner/debug_gcc/msg/ko_KR.utf8/utils.cat
-- Installing: /home/vimkim/.cub/install/pr7925-02-record-owner/debug_gcc/msg/ko_KR.euckr
-- Installing: /home/vimkim/.cub/install/pr7925-02-record-owner/debug_gcc/msg/ko_KR.euckr/csql.msg
-- Installing: /home/vimkim/.cub/install/pr7925-02-record-owner/debug_gcc/msg/ko_KR.euckr/utils.msg
-- Installing: /home/vimkim/.cub/install/pr7925-02-record-owner/debug_gcc/msg/ko_KR.euckr/cubrid.msg
-- Up-to-date: /home/vimkim/.cub/install/pr7925-02-record-owner/debug_gcc/msg/ko_KR.euckr
-- Installing: /home/vimkim/.cub/install/pr7925-02-record-owner/debug_gcc/msg/ko_KR.euckr/csql.cat
-- Installing: /home/vimkim/.cub/install/pr7925-02-record-owner/debug_gcc/msg/ko_KR.euckr/utils.cat
-- Installing: /home/vimkim/.cub/install/pr7925-02-record-owner/debug_gcc/msg/ko_KR.euckr/cubrid.cat
-- Installing: /home/vimkim/.cub/install/pr7925-02-record-owner/debug_gcc/demo/demodb_objects
-- Installing: /home/vimkim/.cub/install/pr7925-02-record-owner/debug_gcc/demo/demodb_schema
-- Installing: /home/vimkim/.cub/install/pr7925-02-record-owner/debug_gcc/demo/make_cubrid_demo.sh
-- Installing: /home/vimkim/.cub/install/pr7925-02-record-owner/debug_gcc/share/init.d/cubrid-ha
-- Installing: /home/vimkim/.cub/install/pr7925-02-record-owner/debug_gcc/share/init.d/cubrid
-- Installing: /home/vimkim/.cub/install/pr7925-02-record-owner/debug_gcc/share/scripts/check_reserved.sql
-- Installing: /home/vimkim/.cub/install/pr7925-02-record-owner/debug_gcc/share/scripts/broker_log_top.py
-- Installing: /home/vimkim/.cub/install/pr7925-02-record-owner/debug_gcc/share/scripts/brokerstatus_to_csv.py
-- Installing: /home/vimkim/.cub/install/pr7925-02-record-owner/debug_gcc/share/scripts/statdump_to_csv.py
-- Installing: /home/vimkim/.cub/install/pr7925-02-record-owner/debug_gcc/share/scripts/ha/ha_make_slavedb.sh
-- Installing: /home/vimkim/.cub/install/pr7925-02-record-owner/debug_gcc/share/scripts/ha/VERSION
-- Installing: /home/vimkim/.cub/install/pr7925-02-record-owner/debug_gcc/share/scripts/ha/README
-- Installing: /home/vimkim/.cub/install/pr7925-02-record-owner/debug_gcc/share/scripts/ha/functions/ha_check_environment.sh
-- Installing: /home/vimkim/.cub/install/pr7925-02-record-owner/debug_gcc/share/scripts/ha/functions/ha_check_script.sh
-- Installing: /home/vimkim/.cub/install/pr7925-02-record-owner/debug_gcc/share/scripts/ha/expect/scp_from.exp
-- Installing: /home/vimkim/.cub/install/pr7925-02-record-owner/debug_gcc/share/scripts/ha/expect/scp_to.exp
-- Installing: /home/vimkim/.cub/install/pr7925-02-record-owner/debug_gcc/share/scripts/ha/expect/ssh.exp
-- Installing: /home/vimkim/.cub/install/pr7925-02-record-owner/debug_gcc/share/scripts/ha/common/common.sh
-- Installing: /home/vimkim/.cub/install/pr7925-02-record-owner/debug_gcc/share/systemtap/tapset/cubrid_func.stp
-- Installing: /home/vimkim/.cub/install/pr7925-02-record-owner/debug_gcc/share/systemtap/tapset/scripts/buffer_access.stp
-- Installing: /home/vimkim/.cub/install/pr7925-02-record-owner/debug_gcc/share/systemtap/tapset/scripts/global_time.stp
-- Installing: /home/vimkim/.cub/install/pr7925-02-record-owner/debug_gcc/share/systemtap/tapset/scripts/io_stat.stp
-- Installing: /home/vimkim/.cub/install/pr7925-02-record-owner/debug_gcc/share/systemtap/tapset/scripts/lock_time.stp
-- Installing: /home/vimkim/.cub/install/pr7925-02-record-owner/debug_gcc/share/systemtap/tapset/scripts/obj_access.stp
-- Installing: /home/vimkim/.cub/install/pr7925-02-record-owner/debug_gcc/share/systemtap/tapset/scripts/query_time.stp
-- Installing: /home/vimkim/.cub/install/pr7925-02-record-owner/debug_gcc/share/systemtap/tapset/scripts/transaction.stp
-- Installing: /home/vimkim/.cub/install/pr7925-02-record-owner/debug_gcc/share/systemtap/tapset/scripts/topcallstack_helper.stp
-- Installing: /home/vimkim/.cub/install/pr7925-02-record-owner/debug_gcc/share/systemtap/tapset/scripts/get_file_line.sh
-- Installing: /home/vimkim/.cub/install/pr7925-02-record-owner/debug_gcc/share/systemtap/tapset/scripts/topcallstack
-- Installing: /home/vimkim/.cub/install/pr7925-02-record-owner/debug_gcc/share/scripts/setup.sh
-- Installing: /home/vimkim/.cub/install/pr7925-02-record-owner/debug_gcc/share/scripts/cubrid.sh
-- Installing: /home/vimkim/.cub/install/pr7925-02-record-owner/debug_gcc/share/scripts/cubrid.csh
-- Installing: /home/vimkim/.cub/install/pr7925-02-record-owner/debug_gcc/share/scripts/unloaddb.sh
-- Installing: /home/vimkim/.cub/install/pr7925-02-record-owner/debug_gcc/share/scripts/restore_to_newdb.sh
-- Installing: /home/vimkim/.cub/install/pr7925-02-record-owner/debug_gcc/share/scripts/check_index_ovfps.sh
-- Installing: /home/vimkim/.cub/install/pr7925-02-record-owner/debug_gcc/bin/make_locale.sh
-- Installing: /home/vimkim/.cub/install/pr7925-02-record-owner/debug_gcc/locales/loclib/build_locale.sh
-- Installing: /home/vimkim/.cub/install/pr7925-02-record-owner/debug_gcc/locales/data
-- Installing: /home/vimkim/.cub/install/pr7925-02-record-owner/debug_gcc/locales/data/codepages
-- Installing: /home/vimkim/.cub/install/pr7925-02-record-owner/debug_gcc/locales/data/codepages/8859-1.TXT
-- Installing: /home/vimkim/.cub/install/pr7925-02-record-owner/debug_gcc/locales/data/codepages/8859-15.TXT
-- Installing: /home/vimkim/.cub/install/pr7925-02-record-owner/debug_gcc/locales/data/codepages/8859-9.TXT
-- Installing: /home/vimkim/.cub/install/pr7925-02-record-owner/debug_gcc/locales/data/codepages/CP1250.TXT
-- Installing: /home/vimkim/.cub/install/pr7925-02-record-owner/debug_gcc/locales/data/codepages/CP1258.TXT
-- Installing: /home/vimkim/.cub/install/pr7925-02-record-owner/debug_gcc/locales/data/codepages/CP932.TXT
-- Installing: /home/vimkim/.cub/install/pr7925-02-record-owner/debug_gcc/locales/data/codepages/CP936.TXT
-- Installing: /home/vimkim/.cub/install/pr7925-02-record-owner/debug_gcc/locales/data/codepages/CP949.TXT
-- Installing: /home/vimkim/.cub/install/pr7925-02-record-owner/debug_gcc/locales/data/ducet.txt
-- Installing: /home/vimkim/.cub/install/pr7925-02-record-owner/debug_gcc/locales/data/ldml
-- Installing: /home/vimkim/.cub/install/pr7925-02-record-owner/debug_gcc/locales/data/ldml/common_collations.xml
-- Installing: /home/vimkim/.cub/install/pr7925-02-record-owner/debug_gcc/locales/data/ldml/cubrid_de_DE.xml
-- Installing: /home/vimkim/.cub/install/pr7925-02-record-owner/debug_gcc/locales/data/ldml/cubrid_es_ES.xml
-- Installing: /home/vimkim/.cub/install/pr7925-02-record-owner/debug_gcc/locales/data/ldml/cubrid_fr_FR.xml
-- Installing: /home/vimkim/.cub/install/pr7925-02-record-owner/debug_gcc/locales/data/ldml/cubrid_it_IT.xml
-- Installing: /home/vimkim/.cub/install/pr7925-02-record-owner/debug_gcc/locales/data/ldml/cubrid_ja_JP.xml
-- Installing: /home/vimkim/.cub/install/pr7925-02-record-owner/debug_gcc/locales/data/ldml/cubrid_km_KH.xml
-- Installing: /home/vimkim/.cub/install/pr7925-02-record-owner/debug_gcc/locales/data/ldml/cubrid_ko_KR.xml
-- Installing: /home/vimkim/.cub/install/pr7925-02-record-owner/debug_gcc/locales/data/ldml/cubrid_ro_RO.xml
-- Installing: /home/vimkim/.cub/install/pr7925-02-record-owner/debug_gcc/locales/data/ldml/cubrid_tr_TR.xml
-- Installing: /home/vimkim/.cub/install/pr7925-02-record-owner/debug_gcc/locales/data/ldml/cubrid_vi_VN.xml
-- Installing: /home/vimkim/.cub/install/pr7925-02-record-owner/debug_gcc/locales/data/ldml/cubrid_zh_CN.xml
-- Installing: /home/vimkim/.cub/install/pr7925-02-record-owner/debug_gcc/locales/data/unicodedata.txt
-- Installing: /home/vimkim/.cub/install/pr7925-02-record-owner/debug_gcc/locales/loclib/locale_lib_common.h
-- Installing: /home/vimkim/.cub/install/pr7925-02-record-owner/debug_gcc/lib/libcubrid_timezones.so.11.5
-- Set runtime path of "/home/vimkim/.cub/install/pr7925-02-record-owner/debug_gcc/lib/libcubrid_timezones.so.11.5" to "/home/vimkim/.cub/install/pr7925-02-record-owner/debug_gcc/lib"
-- Installing: /home/vimkim/.cub/install/pr7925-02-record-owner/debug_gcc/lib/libcubrid_timezones.so
-- Installing: /home/vimkim/.cub/install/pr7925-02-record-owner/debug_gcc/bin/make_tz.sh
-- Installing: /home/vimkim/.cub/install/pr7925-02-record-owner/debug_gcc/timezones/tzlib/build_tz.sh
-- Installing: /home/vimkim/.cub/install/pr7925-02-record-owner/debug_gcc/timezones/tzdata
-- Installing: /home/vimkim/.cub/install/pr7925-02-record-owner/debug_gcc/timezones/tzdata/africa
-- Installing: /home/vimkim/.cub/install/pr7925-02-record-owner/debug_gcc/timezones/tzdata/antarctica
-- Installing: /home/vimkim/.cub/install/pr7925-02-record-owner/debug_gcc/timezones/tzdata/asia
-- Installing: /home/vimkim/.cub/install/pr7925-02-record-owner/debug_gcc/timezones/tzdata/australasia
-- Installing: /home/vimkim/.cub/install/pr7925-02-record-owner/debug_gcc/timezones/tzdata/backward
-- Installing: /home/vimkim/.cub/install/pr7925-02-record-owner/debug_gcc/timezones/tzdata/etcetera
-- Installing: /home/vimkim/.cub/install/pr7925-02-record-owner/debug_gcc/timezones/tzdata/europe
-- Installing: /home/vimkim/.cub/install/pr7925-02-record-owner/debug_gcc/timezones/tzdata/iso3166.tab
-- Installing: /home/vimkim/.cub/install/pr7925-02-record-owner/debug_gcc/timezones/tzdata/leapseconds
-- Installing: /home/vimkim/.cub/install/pr7925-02-record-owner/debug_gcc/timezones/tzdata/northamerica
-- Installing: /home/vimkim/.cub/install/pr7925-02-record-owner/debug_gcc/timezones/tzdata/pacificnew
-- Installing: /home/vimkim/.cub/install/pr7925-02-record-owner/debug_gcc/timezones/tzdata/southamerica
-- Installing: /home/vimkim/.cub/install/pr7925-02-record-owner/debug_gcc/timezones/tzdata/windowsZones.xml
-- Installing: /home/vimkim/.cub/install/pr7925-02-record-owner/debug_gcc/timezones/tzdata/zone.tab
-- Installing: /home/vimkim/.cub/install/pr7925-02-record-owner/debug_gcc/timezones/tzlib/timezone_lib_common.h
-- Up-to-date: /home/vimkim/.cub/install/pr7925-02-record-owner/debug_gcc/include
-- Installing: /home/vimkim/.cub/install/pr7925-02-record-owner/debug_gcc/include/gmock
-- Installing: /home/vimkim/.cub/install/pr7925-02-record-owner/debug_gcc/include/gmock/gmock-actions.h
-- Installing: /home/vimkim/.cub/install/pr7925-02-record-owner/debug_gcc/include/gmock/gmock-cardinalities.h
-- Installing: /home/vimkim/.cub/install/pr7925-02-record-owner/debug_gcc/include/gmock/gmock-function-mocker.h
-- Installing: /home/vimkim/.cub/install/pr7925-02-record-owner/debug_gcc/include/gmock/gmock-matchers.h
-- Installing: /home/vimkim/.cub/install/pr7925-02-record-owner/debug_gcc/include/gmock/gmock-more-actions.h
-- Installing: /home/vimkim/.cub/install/pr7925-02-record-owner/debug_gcc/include/gmock/gmock-more-matchers.h
-- Installing: /home/vimkim/.cub/install/pr7925-02-record-owner/debug_gcc/include/gmock/gmock-nice-strict.h
-- Installing: /home/vimkim/.cub/install/pr7925-02-record-owner/debug_gcc/include/gmock/gmock-spec-builders.h
-- Installing: /home/vimkim/.cub/install/pr7925-02-record-owner/debug_gcc/include/gmock/gmock.h
-- Installing: /home/vimkim/.cub/install/pr7925-02-record-owner/debug_gcc/include/gmock/internal
-- Installing: /home/vimkim/.cub/install/pr7925-02-record-owner/debug_gcc/include/gmock/internal/custom
-- Installing: /home/vimkim/.cub/install/pr7925-02-record-owner/debug_gcc/include/gmock/internal/custom/README.md
-- Installing: /home/vimkim/.cub/install/pr7925-02-record-owner/debug_gcc/include/gmock/internal/custom/gmock-generated-actions.h
-- Installing: /home/vimkim/.cub/install/pr7925-02-record-owner/debug_gcc/include/gmock/internal/custom/gmock-matchers.h
-- Installing: /home/vimkim/.cub/install/pr7925-02-record-owner/debug_gcc/include/gmock/internal/custom/gmock-port.h
-- Installing: /home/vimkim/.cub/install/pr7925-02-record-owner/debug_gcc/include/gmock/internal/gmock-internal-utils.h
-- Installing: /home/vimkim/.cub/install/pr7925-02-record-owner/debug_gcc/include/gmock/internal/gmock-port.h
-- Installing: /home/vimkim/.cub/install/pr7925-02-record-owner/debug_gcc/include/gmock/internal/gmock-pp.h
-- Installing: /home/vimkim/.cub/install/pr7925-02-record-owner/debug_gcc/lib64/libgmock.a
-- Installing: /home/vimkim/.cub/install/pr7925-02-record-owner/debug_gcc/lib64/libgmock_main.a
-- Installing: /home/vimkim/.cub/install/pr7925-02-record-owner/debug_gcc/lib64/pkgconfig/gmock.pc
-- Installing: /home/vimkim/.cub/install/pr7925-02-record-owner/debug_gcc/lib64/pkgconfig/gmock_main.pc
-- Installing: /home/vimkim/.cub/install/pr7925-02-record-owner/debug_gcc/lib64/cmake/GTest/GTestTargets.cmake
-- Installing: /home/vimkim/.cub/install/pr7925-02-record-owner/debug_gcc/lib64/cmake/GTest/GTestTargets-debug.cmake
-- Installing: /home/vimkim/.cub/install/pr7925-02-record-owner/debug_gcc/lib64/cmake/GTest/GTestConfigVersion.cmake
-- Installing: /home/vimkim/.cub/install/pr7925-02-record-owner/debug_gcc/lib64/cmake/GTest/GTestConfig.cmake
-- Up-to-date: /home/vimkim/.cub/install/pr7925-02-record-owner/debug_gcc/include
-- Installing: /home/vimkim/.cub/install/pr7925-02-record-owner/debug_gcc/include/gtest
-- Installing: /home/vimkim/.cub/install/pr7925-02-record-owner/debug_gcc/include/gtest/gtest-assertion-result.h
-- Installing: /home/vimkim/.cub/install/pr7925-02-record-owner/debug_gcc/include/gtest/gtest-death-test.h
-- Installing: /home/vimkim/.cub/install/pr7925-02-record-owner/debug_gcc/include/gtest/gtest-matchers.h
-- Installing: /home/vimkim/.cub/install/pr7925-02-record-owner/debug_gcc/include/gtest/gtest-message.h
-- Installing: /home/vimkim/.cub/install/pr7925-02-record-owner/debug_gcc/include/gtest/gtest-param-test.h
-- Installing: /home/vimkim/.cub/install/pr7925-02-record-owner/debug_gcc/include/gtest/gtest-printers.h
-- Installing: /home/vimkim/.cub/install/pr7925-02-record-owner/debug_gcc/include/gtest/gtest-spi.h
-- Installing: /home/vimkim/.cub/install/pr7925-02-record-owner/debug_gcc/include/gtest/gtest-test-part.h
-- Installing: /home/vimkim/.cub/install/pr7925-02-record-owner/debug_gcc/include/gtest/gtest-typed-test.h
-- Installing: /home/vimkim/.cub/install/pr7925-02-record-owner/debug_gcc/include/gtest/gtest.h
-- Installing: /home/vimkim/.cub/install/pr7925-02-record-owner/debug_gcc/include/gtest/gtest_pred_impl.h
-- Installing: /home/vimkim/.cub/install/pr7925-02-record-owner/debug_gcc/include/gtest/gtest_prod.h
-- Installing: /home/vimkim/.cub/install/pr7925-02-record-owner/debug_gcc/include/gtest/internal
-- Installing: /home/vimkim/.cub/install/pr7925-02-record-owner/debug_gcc/include/gtest/internal/custom
-- Installing: /home/vimkim/.cub/install/pr7925-02-record-owner/debug_gcc/include/gtest/internal/custom/README.md
-- Installing: /home/vimkim/.cub/install/pr7925-02-record-owner/debug_gcc/include/gtest/internal/custom/gtest-port.h
-- Installing: /home/vimkim/.cub/install/pr7925-02-record-owner/debug_gcc/include/gtest/internal/custom/gtest-printers.h
-- Installing: /home/vimkim/.cub/install/pr7925-02-record-owner/debug_gcc/include/gtest/internal/custom/gtest.h
-- Installing: /home/vimkim/.cub/install/pr7925-02-record-owner/debug_gcc/include/gtest/internal/gtest-death-test-internal.h
-- Installing: /home/vimkim/.cub/install/pr7925-02-record-owner/debug_gcc/include/gtest/internal/gtest-filepath.h
-- Installing: /home/vimkim/.cub/install/pr7925-02-record-owner/debug_gcc/include/gtest/internal/gtest-internal.h
-- Installing: /home/vimkim/.cub/install/pr7925-02-record-owner/debug_gcc/include/gtest/internal/gtest-param-util.h
-- Installing: /home/vimkim/.cub/install/pr7925-02-record-owner/debug_gcc/include/gtest/internal/gtest-port-arch.h
-- Installing: /home/vimkim/.cub/install/pr7925-02-record-owner/debug_gcc/include/gtest/internal/gtest-port.h
-- Installing: /home/vimkim/.cub/install/pr7925-02-record-owner/debug_gcc/include/gtest/internal/gtest-string.h
-- Installing: /home/vimkim/.cub/install/pr7925-02-record-owner/debug_gcc/include/gtest/internal/gtest-type-util.h
-- Installing: /home/vimkim/.cub/install/pr7925-02-record-owner/debug_gcc/lib64/libgtest.a
-- Installing: /home/vimkim/.cub/install/pr7925-02-record-owner/debug_gcc/lib64/libgtest_main.a
-- Installing: /home/vimkim/.cub/install/pr7925-02-record-owner/debug_gcc/lib64/pkgconfig/gtest.pc
-- Installing: /home/vimkim/.cub/install/pr7925-02-record-owner/debug_gcc/lib64/pkgconfig/gtest_main.pc
-- Installing: /home/vimkim/.cub/install/pr7925-02-record-owner/debug_gcc/log
-- Installing: /home/vimkim/.cub/install/pr7925-02-record-owner/debug_gcc/var
-- Installing: /home/vimkim/.cub/install/pr7925-02-record-owner/debug_gcc/tmp
-- Installing: /home/vimkim/.cub/install/pr7925-02-record-owner/debug_gcc/databases
-- Installing: /home/vimkim/.cub/install/pr7925-02-record-owner/debug_gcc/var/CUBRID_SOCK
-- Installing: /home/vimkim/.cub/install/pr7925-02-record-owner/debug_gcc/3rdparty
-- Installing: /home/vimkim/.cub/install/pr7925-02-record-owner/debug_gcc/3rdparty/adoptium.temurin_license.txt
-- Installing: /home/vimkim/.cub/install/pr7925-02-record-owner/debug_gcc/3rdparty/adoptium.temurin_license_assembly_exception.txt
-- Installing: /home/vimkim/.cub/install/pr7925-02-record-owner/debug_gcc/3rdparty/libedit_license.txt
-- Installing: /home/vimkim/.cub/install/pr7925-02-record-owner/debug_gcc/3rdparty/libexpat_license.txt
-- Installing: /home/vimkim/.cub/install/pr7925-02-record-owner/debug_gcc/3rdparty/libodbc_license.txt
-- Installing: /home/vimkim/.cub/install/pr7925-02-record-owner/debug_gcc/3rdparty/libopenssl_license.txt
-- Installing: /home/vimkim/.cub/install/pr7925-02-record-owner/debug_gcc/3rdparty/libtbb_license.txt
-- Installing: /home/vimkim/.cub/install/pr7925-02-record-owner/debug_gcc/3rdparty/lz4_license.txt
-- Installing: /home/vimkim/.cub/install/pr7925-02-record-owner/debug_gcc/3rdparty/rapidjson_license.txt
-- Installing: /home/vimkim/.cub/install/pr7925-02-record-owner/debug_gcc/3rdparty/re2_license.txt
-- Installing: /home/vimkim/.cub/install/pr7925-02-record-owner/debug_gcc/./COPYING
-- Installing: /home/vimkim/.cub/install/pr7925-02-record-owner/debug_gcc/./CREDITS
-- Installing: /home/vimkim/.cub/install/pr7925-02-record-owner/debug_gcc/./README.md
-- Installing: /home/vimkim/.cub/install/pr7925-02-record-owner/debug_gcc/./README_TAR_INSTALL
-- Installing: /home/vimkim/.cub/install/pr7925-02-record-owner/debug_gcc/databases/databases.txt.sample
-- Installing: /home/vimkim/.cub/install/pr7925-02-record-owner/debug_gcc/var/CUBRID_SOCK/README.txt
-- Installing: /home/vimkim/.cub/install/pr7925-02-record-owner/debug_gcc/tmp/README.txt
Build and install completed successfully!
Build-only installation is ready. Initialize explicitly when needed:
  cub-workenv init --worktree /home/vimkim/gh/cb/pr7925-02-record-owner --install /home/vimkim/.cub/install/pr7925-02-record-owner/debug_gcc --preset debug_gcc
Existing work environments are preserved; use cub-workenv doctor after rebuilding.
