[0mdirenv: loading ~/gh/cb/pr7925-02-record-owner/.envrc
Preset Mode: debug_gcc
Install Dir: /home/vimkim/.cub/install/pr7925-02-record-owner/debug_gcc
DB Dir: /home/vimkim/gh/cb/pr7925-02-record-owner/.cub-workenv/databases
Build Dir: /home/vimkim/gh/cb/pr7925-02-record-owner/build_preset_debug_gcc
Internal ctest changing into directory: /home/vimkim/gh/cb/pr7925-02-record-owner/build_preset_debug_gcc
UpdateCTestConfiguration  from :/home/vimkim/gh/cb/pr7925-02-record-owner/build_preset_debug_gcc/DartConfiguration.tcl
UpdateCTestConfiguration  from :/home/vimkim/gh/cb/pr7925-02-record-owner/build_preset_debug_gcc/DartConfiguration.tcl
Test project /home/vimkim/gh/cb/pr7925-02-record-owner/build_preset_debug_gcc
Constructing a list of tests
Done constructing a list of tests
Updating test list for fixtures
Added 0 tests to meet fixture requirements
Checking test dependency graph...
Checking test dependency graph end
test 1
      Start  1: oos_setup_db

1: Test command: /usr/bin/cmake "-E" "env" "CUBRID=/home/vimkim/.cub/install/pr7925-02-record-owner/debug_gcc" "CUBRID_DATABASES=/home/vimkim/gh/cb/pr7925-02-record-owner/.cub-workenv/databases" "PATH=/home/vimkim/gh/cb/pr7925-02-record-owner/build_preset_debug_gcc/vm/jdk8/bin:/home/vimkim/gh/ctp/run-sql/CTP/bin:/home/vimkim/gh/ctp/run-sql/CTP/common/script:/home/vimkim/.local/opt/bison-3.0.5/bin:/home/vimkim/.cub/install/pr7925-02-record-owner/debug_gcc/bin:/home/vimkim/.config/my-scripts/bin:/home/vimkim/.local/bin:/home/linuxbrew/.linuxbrew/sbin:/usr/share/Modules/bin:/usr/lib64/ccache:/home/vimkim/.codex/packages/standalone/releases/0.160.1-x86_64-unknown-linux-musl/codex-path:/home/vimkim/.codex/tmp/arg0/codex-arg0lnPnJk:/home/vimkim/.codex/tmp/arg0/codex-arg0e3Wmnf:/home/vimkim/.codex/packages/standalone/releases/0.160.0-x86_64-unknown-linux-musl/codex-path:/home/vimkim/.codex/tmp/arg0/codex-arg0rkaV8A:/home/vimkim/.codex/packages/standalone/releases/0.159.3-x86_64-unknown-linux-musl/codex-path:/home/vimkim/.codex/tmp/arg0/codex-arg0Eiz5FQ:/home/vimkim/.codex/packages/standalone/releases/0.159.2-x86_64-unknown-linux-musl/codex-path:/home/vimkim/.codex/tmp/arg0/codex-arg0UZCYf0:/home/vimkim/.codex/packages/standalone/releases/0.159.1-x86_64-unknown-linux-musl/codex-path:/home/vimkim/.codex/tmp/arg0/codex-arg006SEr5:/home/vimkim/.codex/packages/standalone/releases/0.159.0-x86_64-unknown-linux-musl/codex-path:/home/vimkim/.codex/tmp/arg0/codex-arg0Sdrd24:/home/vimkim/.codex/packages/standalone/releases/0.158.0-x86_64-unknown-linux-musl/codex-path:/home/vimkim/.codex/tmp/arg0/codex-arg0mOvekQ:/home/vimkim/.codex/packages/standalone/releases/0.157.1-x86_64-unknown-linux-musl/codex-path:/home/vimkim/.codex/tmp/arg0/codex-arg0jzxIFn:/home/vimkim/.codex/packages/standalone/releases/0.157.0-x86_64-unknown-linux-musl/codex-path:/home/vimkim/.codex/tmp/arg0/codex-arg0lJR4wu:/home/vimkim/.cargo/bin:/home/vimkim/.local/share/mise/installs/bun/latest/bin:/home/vimkim/.local/share/mise/installs/go/1.27.1/bin:/home/vimkim/.local/share/mise/installs/java/temurin-8.0.462+8/bin:/home/vimkim/.local/share/mise/installs/node/latest/bin:/home/vimkim/.local/share/mise/installs/python/latest/bin:/home/vimkim/.local/share/mise/shims:/opt/bison-3.0.5/bin/:/home/vimkim/mybin/:/home/vimkim/my-cubrid/bin/:/home/linuxbrew/.linuxbrew/bin:/home/vimkim/.nix-profile/bin/:/nix/var/nix/profiles/default/bin/:/usr/local/bin:/usr/bin:/usr/local/sbin:/usr/sbin" "bash" "/home/vimkim/gh/cb/pr7925-02-record-owner/unit_tests/oos/scripts/setup_unittestdb.sh"
1: Working Directory: /home/vimkim/gh/cb/pr7925-02-record-owner/build_preset_debug_gcc/unit_tests/oos
1: Test timeout computed to be: 10000000
1: Creating database with 64.0M size using locale en_US.utf8. The total amount of disk space needed is 104.0M.
1: 
1: CUBRID 11.5.0 (11.5.0.2651) (64 debug build)
1: 
 1/38 Test  #1: oos_setup_db .....................   Passed    2.39 sec
test 7
      Start  7: test_oos

7: Test command: /home/vimkim/gh/cb/pr7925-02-record-owner/build_preset_debug_gcc/bin/test_oos
7: Working Directory: /home/vimkim/gh/cb/pr7925-02-record-owner/build_preset_debug_gcc/unit_tests/oos
7: Test timeout computed to be: 60
7: [==========] Running 21 tests from 1 test suite.
7: [----------] Global test environment set-up.
7: ##### Starting Server For OOS Unit Testing (unittestdb) #####
7: will be written at ./test_oos_log
7: [----------] 21 tests from OosTest
7: [ RUN      ] OosTest.OosCreateAndDestroy
7: [       OK ] OosTest.OosCreateAndDestroy (0 ms)
7: [ RUN      ] OosTest.OosCreateAndCreateAgain
7: [       OK ] OosTest.OosCreateAndCreateAgain (0 ms)
7: [ RUN      ] OosTest.OosInsertAndRead
7: [       OK ] OosTest.OosInsertAndRead (0 ms)
7: [ RUN      ] OosTest.OosInsertRejectsInvalidSource
7: [       OK ] OosTest.OosInsertRejectsInvalidSource (3097 ms)
7: [ RUN      ] OosTest.OosInsertLargerThanPageSize
7: [       OK ] OosTest.OosInsertLargerThanPageSize (0 ms)
7: [ RUN      ] OosTest.OosInsertLarge160KBString
7: [       OK ] OosTest.OosInsertLarge160KBString (3 ms)
7: [ RUN      ] OosTest.OosInsertAndRead100LargeStringsAroundMaxOosChunkSize
7: [       OK ] OosTest.OosInsertAndRead100LargeStringsAroundMaxOosChunkSize (35 ms)
7: [ RUN      ] OosTest.OosFindBestSpace
7: [       OK ] OosTest.OosFindBestSpace (0 ms)
7: [ RUN      ] OosTest.OosFindBestSpaceReturnsExistingPage
7: [       OK ] OosTest.OosFindBestSpaceReturnsExistingPage (0 ms)
7: [ RUN      ] OosTest.OosFixAndUnfixPage
7: [       OK ] OosTest.OosFixAndUnfixPage (0 ms)
7: [ RUN      ] OosTest.OosManualSlottedPageInsertAndGet
7: [       OK ] OosTest.OosManualSlottedPageInsertAndGet (0 ms)
7: [ RUN      ] OosTest.ShouldInsertIntoSamePage
7: [       OK ] OosTest.ShouldInsertIntoSamePage (0 ms)
7: [ RUN      ] OosTest.OosGetLengthWithinPage
7: [       OK ] OosTest.OosGetLengthWithinPage (0 ms)
7: [ RUN      ] OosTest.OosGetLengthAcrossPages
7: [       OK ] OosTest.OosGetLengthAcrossPages (3 ms)
7: [ RUN      ] OosTest.OosGetLengthAroundMaxChunkSize
7: [       OK ] OosTest.OosGetLengthAroundMaxChunkSize (3 ms)
7: [ RUN      ] OosTest.ShouldInsertIntoDifferentPages
7: [       OK ] OosTest.ShouldInsertIntoDifferentPages (0 ms)
7: [ RUN      ] OosTest.OosInlineFormatWriteAndReadBack
7: [       OK ] OosTest.OosInlineFormatWriteAndReadBack (0 ms)
7: [ RUN      ] OosTest.OosInlineFormatWithRealOosInsert
7: [       OK ] OosTest.OosInlineFormatWithRealOosInsert (0 ms)
7: [ RUN      ] OosTest.OosInlineLengthMatchesAcrossPages
7: [       OK ] OosTest.OosInlineLengthMatchesAcrossPages (4 ms)
7: [ RUN      ] OosTest.OosReadRejectsCallerLengthDisagreeingWithHeader
7: [       OK ] OosTest.OosReadRejectsCallerLengthDisagreeingWithHeader (3587 ms)
7: [ RUN      ] OosTest.HeapAttrvalueReadOosInlineCorruptHeader
7: [       OK ] OosTest.HeapAttrvalueReadOosInlineCorruptHeader (4940 ms)
7: [----------] 21 tests from OosTest (11677 ms total)
7: 
7: [----------] Global test environment tear-down
7: ##### Stopping Server For OOS Unit Testing #####
7: [==========] 21 tests from 1 test suite ran. (11821 ms total)
7: [  PASSED  ] 21 tests.
 2/38 Test  #7: test_oos .........................   Passed   11.85 sec
test 8
      Start  8: test_oos_delete

8: Test command: /home/vimkim/gh/cb/pr7925-02-record-owner/build_preset_debug_gcc/bin/test_oos_delete
8: Working Directory: /home/vimkim/gh/cb/pr7925-02-record-owner/build_preset_debug_gcc/unit_tests/oos
8: Test timeout computed to be: 30
8: [==========] Running 9 tests from 1 test suite.
8: [----------] Global test environment set-up.
8: ##### Starting Server For OOS Unit Testing (unittestdb) #####
8: will be written at ./test_oos_log
8: [----------] 9 tests from OosDeleteTest
8: [ RUN      ] OosDeleteTest.OosDeleteBasic
8: [       OK ] OosDeleteTest.OosDeleteBasic (0 ms)
8: [ RUN      ] OosDeleteTest.OosDeleteThenReadFails
8: [       OK ] OosDeleteTest.OosDeleteThenReadFails (5064 ms)
8: [ RUN      ] OosDeleteTest.OosDeleteMultiChunk
8: [       OK ] OosDeleteTest.OosDeleteMultiChunk (0 ms)
8: [ RUN      ] OosDeleteTest.OosUpdatePattern
8: [       OK ] OosDeleteTest.OosUpdatePattern (18 ms)
8: [ RUN      ] OosDeleteTest.OosDeleteRestoresFreeSpace
8: [       OK ] OosDeleteTest.OosDeleteRestoresFreeSpace (0 ms)
8: [ RUN      ] OosDeleteTest.OosDeleteLarge160KBMultiChunk
8: [       OK ] OosDeleteTest.OosDeleteLarge160KBMultiChunk (21 ms)
8: [ RUN      ] OosDeleteTest.OosDeleteSlotBecomesUnknown
8: [       OK ] OosDeleteTest.OosDeleteSlotBecomesUnknown (0 ms)
8: [ RUN      ] OosDeleteTest.EmptiedListSkipsPageThatStillHoldsRecords
8: [       OK ] OosDeleteTest.EmptiedListSkipsPageThatStillHoldsRecords (0 ms)
8: [ RUN      ] OosDeleteTest.EmptiedListReportsEachPageOfMultiPageChainOnce
8: [       OK ] OosDeleteTest.EmptiedListReportsEachPageOfMultiPageChainOnce (0 ms)
8: [----------] 9 tests from OosDeleteTest (5106 ms total)
8: 
8: [----------] Global test environment tear-down
8: ##### Stopping Server For OOS Unit Testing #####
8: [==========] 9 tests from 1 test suite ran. (5224 ms total)
8: [  PASSED  ] 9 tests.
 3/38 Test  #8: test_oos_delete ..................   Passed    5.25 sec
test 9
      Start  9: test_oos_identity_stamp

9: Test command: /home/vimkim/gh/cb/pr7925-02-record-owner/build_preset_debug_gcc/bin/test_oos_identity_stamp
9: Working Directory: /home/vimkim/gh/cb/pr7925-02-record-owner/build_preset_debug_gcc/unit_tests/oos
9: Test timeout computed to be: 60
9: [==========] Running 33 tests from 2 test suites.
9: [----------] Global test environment set-up.
9: ##### Starting Server For OOS Unit Testing (unittestdb) #####
9: will be written at ./test_oos_log
9: [----------] 27 tests from OosIdentityStampTest
9: [ RUN      ] OosIdentityStampTest.InsertReportsTheStampTheHeadChunkCarries
9: [       OK ] OosIdentityStampTest.InsertReportsTheStampTheHeadChunkCarries (7 ms)
9: [ RUN      ] OosIdentityStampTest.FreshPageIssuesNonNullStamp
9: [       OK ] OosIdentityStampTest.FreshPageIssuesNonNullStamp (0 ms)
9: [ RUN      ] OosIdentityStampTest.SuccessiveOccupantsOfOneSlotCarryDifferentStamps
9: [       OK ] OosIdentityStampTest.SuccessiveOccupantsOfOneSlotCarryDifferentStamps (0 ms)
9: [ RUN      ] OosIdentityStampTest.MultiPageInsertReportsTheHeadChunkStamp
9: [       OK ] OosIdentityStampTest.MultiPageInsertReportsTheHeadChunkStamp (0 ms)
9: [ RUN      ] OosIdentityStampTest.BatchInsertReportsOneStampPerRequest
9: [       OK ] OosIdentityStampTest.BatchInsertReportsOneStampPerRequest (0 ms)
9: [ RUN      ] OosIdentityStampTest.AccessorFailsForAbsentChunk
9: [       OK ] OosIdentityStampTest.AccessorFailsForAbsentChunk (3962 ms)
9: [ RUN      ] OosIdentityStampTest.ReadWithMatchingReferenceReturnsTheValue
9: [       OK ] OosIdentityStampTest.ReadWithMatchingReferenceReturnsTheValue (0 ms)
9: [ RUN      ] OosIdentityStampTest.ReadWithMismatchedStampFailsAsCorruptedRecordAndLeavesChainIntact
9: [       OK ] OosIdentityStampTest.ReadWithMismatchedStampFailsAsCorruptedRecordAndLeavesChainIntact (3675 ms)
9: [ RUN      ] OosIdentityStampTest.GroupedReadVerifiesEveryReference
9: [       OK ] OosIdentityStampTest.GroupedReadVerifiesEveryReference (1448 ms)
9: [ RUN      ] OosIdentityStampTest.DeleteWithMismatchedStampIsCleanNoOpThatLeavesOccupantIntact
9: [       OK ] OosIdentityStampTest.DeleteWithMismatchedStampIsCleanNoOpThatLeavesOccupantIntact (2713 ms)
9: [ RUN      ] OosIdentityStampTest.DeleteOfGoneHeadIsCleanNoOp
9: [       OK ] OosIdentityStampTest.DeleteOfGoneHeadIsCleanNoOp (2620 ms)
9: [ RUN      ] OosIdentityStampTest.StaleReferenceAfterSlotReuseKeepsTheLiveChain
9: [       OK ] OosIdentityStampTest.StaleReferenceAfterSlotReuseKeepsTheLiveChain (0 ms)
9: [ RUN      ] OosIdentityStampTest.StaleReferenceToDeallocatedAndReallocatedPageIsCleanNoOp
9: [       OK ] OosIdentityStampTest.StaleReferenceToDeallocatedAndReallocatedPageIsCleanNoOp (1 ms)
9: [ RUN      ] OosIdentityStampTest.OccupancyProbeCannotTellOccupantsApart
9: [       OK ] OosIdentityStampTest.OccupancyProbeCannotTellOccupantsApart (0 ms)
9: [ RUN      ] OosIdentityStampTest.StaleReadOfMissingSlotIsAControlledFailure
9: [       OK ] OosIdentityStampTest.StaleReadOfMissingSlotIsAControlledFailure (2492 ms)
9: [ RUN      ] OosIdentityStampTest.StaleReadOfDeallocatedPageIsAControlledFailure
9: [       OK ] OosIdentityStampTest.StaleReadOfDeallocatedPageIsAControlledFailure (3857 ms)
9: [ RUN      ] OosIdentityStampTest.StaleReadOfReusedHeadSlotDeliversNoBytesOfTheNewOccupant
9: [       OK ] OosIdentityStampTest.StaleReadOfReusedHeadSlotDeliversNoBytesOfTheNewOccupant (76 ms)
9: [ RUN      ] OosIdentityStampTest.StaleReferenceToSlotReusedByContinuationChunkFailsReadsAndSkipsDelete
9: [       OK ] OosIdentityStampTest.StaleReferenceToSlotReusedByContinuationChunkFailsReadsAndSkipsDelete (73 ms)
9: [ RUN      ] OosIdentityStampTest.MatchingNonHeadReferenceIsRejectedBeforeAnyDelete
9: [       OK ] OosIdentityStampTest.MatchingNonHeadReferenceIsRejectedBeforeAnyDelete (2603 ms)
9: [ RUN      ] OosIdentityStampTest.StaleReferenceToPageReusedAsFileMetadataSkipsDeleteAndFailsReads
9: [       OK ] OosIdentityStampTest.StaleReferenceToPageReusedAsFileMetadataSkipsDeleteAndFailsReads (1253 ms)
9: [ RUN      ] OosIdentityStampTest.DeleteOutcomeNamesEachSkipReason
9: [       OK ] OosIdentityStampTest.DeleteOutcomeNamesEachSkipReason (1239 ms)
9: [ RUN      ] OosIdentityStampTest.InterruptedDeleteAndReadReportTheInterruptNotASkip
9: [       OK ] OosIdentityStampTest.InterruptedDeleteAndReadReportTheInterruptNotASkip (1 ms)
9: [ RUN      ] OosIdentityStampTest.TransactionAbortRestoresTheStampTheChainWasCreatedWith
9: [       OK ] OosIdentityStampTest.TransactionAbortRestoresTheStampTheChainWasCreatedWith (26 ms)
9: [ RUN      ] OosIdentityStampTest.SysopAbortRestoresTheStampTheChainWasCreatedWith
9: [       OK ] OosIdentityStampTest.SysopAbortRestoresTheStampTheChainWasCreatedWith (0 ms)
9: [ RUN      ] OosIdentityStampTest.MultiChunkDeleteRolledBackRestoresEveryChunkAndByte
9: [       OK ] OosIdentityStampTest.MultiChunkDeleteRolledBackRestoresEveryChunkAndByte (27 ms)
9: [ RUN      ] OosIdentityStampTest.PartiallyAppliedDeleteRolledBackRestoresEveryChain
9: [       OK ] OosIdentityStampTest.PartiallyAppliedDeleteRolledBackRestoresEveryChain (26 ms)
9: [ RUN      ] OosIdentityStampTest.RecoveryCallbackWritesBackTheChunkImageStampIncluded
9: [       OK ] OosIdentityStampTest.RecoveryCallbackWritesBackTheChunkImageStampIncluded (25 ms)
9: [----------] 27 tests from OosIdentityStampTest (26140 ms total)
9: 
9: [----------] 6 tests from OosIdentityStampPureTest
9: [ RUN      ] OosIdentityStampPureTest.PackedStubStampRoundTripsEveryValue
9: [       OK ] OosIdentityStampPureTest.PackedStubStampRoundTripsEveryValue (0 ms)
9: [ RUN      ] OosIdentityStampPureTest.ChunkHeaderAndStubAreEachTwentyFourBytes
9: [       OK ] OosIdentityStampPureTest.ChunkHeaderAndStubAreEachTwentyFourBytes (0 ms)
9: [ RUN      ] OosIdentityStampPureTest.StubWriteThenParseRoundTripsAtTwentyFourBytes
9: [       OK ] OosIdentityStampPureTest.StubWriteThenParseRoundTripsAtTwentyFourBytes (0 ms)
9: [ RUN      ] OosIdentityStampPureTest.ParseReadsEachStubFieldOfARecordWithinItsOwnBounds
9: [       OK ] OosIdentityStampPureTest.ParseReadsEachStubFieldOfARecordWithinItsOwnBounds (0 ms)
9: [ RUN      ] OosIdentityStampPureTest.ParseRejectsShortStubFieldBeforeAnotherAttribute
9: [       OK ] OosIdentityStampPureTest.ParseRejectsShortStubFieldBeforeAnotherAttribute (1345 ms)
9: [ RUN      ] OosIdentityStampPureTest.ParseRejectsStubFieldPastRecordEnd
9: [       OK ] OosIdentityStampPureTest.ParseRejectsStubFieldPastRecordEnd (24 ms)
9: [----------] 6 tests from OosIdentityStampPureTest (1369 ms total)
9: 
9: [----------] Global test environment tear-down
9: ##### Stopping Server For OOS Unit Testing #####
9: [==========] 33 tests from 2 test suites ran. (27608 ms total)
9: [  PASSED  ] 33 tests.
 4/38 Test  #9: test_oos_identity_stamp ..........   Passed   27.63 sec
test 10
      Start 10: test_oos_eager_diagnostics

10: Test command: /home/vimkim/gh/cb/pr7925-02-record-owner/build_preset_debug_gcc/bin/test_oos_eager_diagnostics
10: Working Directory: /home/vimkim/gh/cb/pr7925-02-record-owner/build_preset_debug_gcc/unit_tests/oos
10: Test timeout computed to be: 60
10: [==========] Running 10 tests from 1 test suite.
10: [----------] Global test environment set-up.
10: ##### Starting Server For OOS Unit Testing (unittestdb) #####
10: will be written at ./test_oos_log
10: [----------] 10 tests from OosEagerDiagnostics
10: [ RUN      ] OosEagerDiagnostics.DeleteCompletesAndDiagnosesAStampMismatch
10: [       OK ] OosEagerDiagnostics.DeleteCompletesAndDiagnosesAStampMismatch (3001 ms)
10: [ RUN      ] OosEagerDiagnostics.UpdateCompletesAndDiagnosesAStampMismatch
10: [       OK ] OosEagerDiagnostics.UpdateCompletesAndDiagnosesAStampMismatch (1 ms)
10: [ RUN      ] OosEagerDiagnostics.DeleteDiagnosesAHeadSlotAlreadyEmpty
10: [       OK ] OosEagerDiagnostics.DeleteDiagnosesAHeadSlotAlreadyEmpty (5920 ms)
10: [ RUN      ] OosEagerDiagnostics.DeleteDiagnosesADeallocatedAndAReusedHeadPage
10: [       OK ] OosEagerDiagnostics.DeleteDiagnosesADeallocatedAndAReusedHeadPage (44 ms)
10: [ RUN      ] OosEagerDiagnostics.LiveReferenceIsReclaimedWithoutADiagnostic
10: [       OK ] OosEagerDiagnostics.LiveReferenceIsReclaimedWithoutADiagnostic (1270 ms)
10: [ RUN      ] OosEagerDiagnostics.UpdateKeepsAChainTheNewImageStillReferencesAndDiagnosesOnlyTheDropped
10: [       OK ] OosEagerDiagnostics.UpdateKeepsAChainTheNewImageStillReferencesAndDiagnosesOnlyTheDropped (1 ms)
10: [ RUN      ] OosEagerDiagnostics.RelocatedUpdateAndDeleteDiagnoseTheForwardRecordsStaleStub
10: [       OK ] OosEagerDiagnostics.RelocatedUpdateAndDeleteDiagnoseTheForwardRecordsStaleStub (23 ms)
10: [ RUN      ] OosEagerDiagnostics.ThreeStaleChainsInOneRecordAreOneNotification
10: [       OK ] OosEagerDiagnostics.ThreeStaleChainsInOneRecordAreOneNotification (21 ms)
10: [ RUN      ] OosEagerDiagnostics.MatchingNonHeadReferenceFailsTheDelete
10: [       OK ] OosEagerDiagnostics.MatchingNonHeadReferenceFailsTheDelete (1282 ms)
10: [ RUN      ] OosEagerDiagnostics.InterruptedCleanupIsAnErrorNotASkip
10: [       OK ] OosEagerDiagnostics.InterruptedCleanupIsAnErrorNotASkip (1 ms)
10: [----------] 10 tests from OosEagerDiagnostics (11568 ms total)
10: 
10: [----------] Global test environment tear-down
10: ##### Stopping Server For OOS Unit Testing #####
10: [==========] 10 tests from 1 test suite ran. (11668 ms total)
10: [  PASSED  ] 10 tests.
 5/38 Test #10: test_oos_eager_diagnostics .......   Passed   11.69 sec
test 12
      Start 12: test_oos_remove_file

12: Test command: /home/vimkim/gh/cb/pr7925-02-record-owner/build_preset_debug_gcc/bin/test_oos_remove_file
12: Working Directory: /home/vimkim/gh/cb/pr7925-02-record-owner/build_preset_debug_gcc/unit_tests/oos
12: Test timeout computed to be: 30
12: [==========] Running 8 tests from 1 test suite.
12: [----------] Global test environment set-up.
12: ##### Starting Server For OOS Unit Testing (unittestdb) #####
12: will be written at ./test_oos_log
12: [----------] 8 tests from OosFileDestroyTest
12: [ RUN      ] OosFileDestroyTest.OosFileDestroyBasic
12: [       OK ] OosFileDestroyTest.OosFileDestroyBasic (0 ms)
12: [ RUN      ] OosFileDestroyTest.OosFileDestroyWithData
12: [       OK ] OosFileDestroyTest.OosFileDestroyWithData (0 ms)
12: [ RUN      ] OosFileDestroyTest.OosFileDestroyWithMultiChunkData
12: [       OK ] OosFileDestroyTest.OosFileDestroyWithMultiChunkData (0 ms)
12: [ RUN      ] OosFileDestroyTest.OosFileDestroyCacheCleared
12: [       OK ] OosFileDestroyTest.OosFileDestroyCacheCleared (0 ms)
12: [ RUN      ] OosFileDestroyTest.OosPageReclaimBasic
12: [       OK ] OosFileDestroyTest.OosPageReclaimBasic (8 ms)
12: [ RUN      ] OosFileDestroyTest.OosPageReclaimLsaGateDefersUncommitted
12: [       OK ] OosFileDestroyTest.OosPageReclaimLsaGateDefersUncommitted (0 ms)
12: [ RUN      ] OosFileDestroyTest.OosPageReclaimStickyFirstPage
12: [       OK ] OosFileDestroyTest.OosPageReclaimStickyFirstPage (0 ms)
12: [ RUN      ] OosFileDestroyTest.OosFileDestroyMultipleFiles
12: [       OK ] OosFileDestroyTest.OosFileDestroyMultipleFiles (0 ms)
12: [----------] 8 tests from OosFileDestroyTest (11 ms total)
12: 
12: [----------] Global test environment tear-down
12: ##### Stopping Server For OOS Unit Testing #####
12: [==========] 8 tests from 1 test suite ran. (114 ms total)
12: [  PASSED  ] 8 tests.
 6/38 Test #12: test_oos_remove_file .............   Passed    0.13 sec
test 13
      Start 13: test_oos_bestspace

13: Test command: /home/vimkim/gh/cb/pr7925-02-record-owner/build_preset_debug_gcc/bin/test_oos_bestspace
13: Working Directory: /home/vimkim/gh/cb/pr7925-02-record-owner/build_preset_debug_gcc/unit_tests/oos
13: Test timeout computed to be: 30
13: [==========] Running 23 tests from 1 test suite.
13: [----------] Global test environment set-up.
13: ##### Starting Server For OOS Unit Testing (unittestdb) #####
13: will be written at ./test_oos_log
13: [----------] 23 tests from OosBestspaceTest
13: [ RUN      ] OosBestspaceTest.BestspaceReuseAfterDelete
13: [       OK ] OosBestspaceTest.BestspaceReuseAfterDelete (0 ms)
13: [ RUN      ] OosBestspaceTest.BestspaceFullPageAllocsNew
13: [       OK ] OosBestspaceTest.BestspaceFullPageAllocsNew (0 ms)
13: [ RUN      ] OosBestspaceTest.BestspaceMultipleFilesIsolation
13: [       OK ] OosBestspaceTest.BestspaceMultipleFilesIsolation (0 ms)
13: [ RUN      ] OosBestspaceTest.BestspaceManySmallInsertsConsolidate
13: [       OK ] OosBestspaceTest.BestspaceManySmallInsertsConsolidate (2 ms)
13: [ RUN      ] OosBestspaceTest.BestspaceInsertDeleteCycle
13: [       OK ] OosBestspaceTest.BestspaceInsertDeleteCycle (1 ms)
13: [ RUN      ] OosBestspaceTest.BestspaceStaleHintToNonOosPageIsRejected
13: [       OK ] OosBestspaceTest.BestspaceStaleHintToNonOosPageIsRejected (0 ms)
13: [ RUN      ] OosBestspaceTest.BestspaceStaleHintToForeignOosPageIsRejected
13: [       OK ] OosBestspaceTest.BestspaceStaleHintToForeignOosPageIsRejected (0 ms)
13: [ RUN      ] OosBestspaceTest.BestspaceFindBestPageBasic
13: [       OK ] OosBestspaceTest.BestspaceFindBestPageBasic (0 ms)
13: [ RUN      ] OosBestspaceTest.BestspaceFindBestPageConsecutiveCalls
13: [       OK ] OosBestspaceTest.BestspaceFindBestPageConsecutiveCalls (0 ms)
13: [ RUN      ] OosBestspaceTest.BestspaceDeleteThenFindReclaimsPage
13: [       OK ] OosBestspaceTest.BestspaceDeleteThenFindReclaimsPage (0 ms)
13: [ RUN      ] OosBestspaceTest.BestspaceMultiChunkDeleteReuse
13: [       OK ] OosBestspaceTest.BestspaceMultiChunkDeleteReuse (0 ms)
13: [ RUN      ] OosBestspaceTest.BestspaceCacheCleanedOnFileRemove
13: [       OK ] OosBestspaceTest.BestspaceCacheCleanedOnFileRemove (0 ms)
13: [ RUN      ] OosBestspaceTest.BestspaceBulkInsertDeleteReinsert
13: [       OK ] OosBestspaceTest.BestspaceBulkInsertDeleteReinsert (5 ms)
13: [ RUN      ] OosBestspaceTest.BestspaceArrayOverflowEviction
13: [       OK ] OosBestspaceTest.BestspaceArrayOverflowEviction (9 ms)
13: [ RUN      ] OosBestspaceTest.BestspaceStaleCacheEviction
13: [       OK ] OosBestspaceTest.BestspaceStaleCacheEviction (0 ms)
13: [ RUN      ] OosBestspaceTest.BestspaceHeaderPageNeverReturned
13: [       OK ] OosBestspaceTest.BestspaceHeaderPageNeverReturned (1 ms)
13: [ RUN      ] OosBestspaceTest.BestspaceSyncRefillsCache
13: [       OK ] OosBestspaceTest.BestspaceSyncRefillsCache (1 ms)
13: [ RUN      ] OosBestspaceTest.BestspaceSecondBestRingBuffer
13: [       OK ] OosBestspaceTest.BestspaceSecondBestRingBuffer (0 ms)
13: [ RUN      ] OosBestspaceTest.BestspaceFindPageIdxBadspace
13: [       OK ] OosBestspaceTest.BestspaceFindPageIdxBadspace (0 ms)
13: [ RUN      ] OosBestspaceTest.BestspaceExactMaxChunkBoundary
13: [       OK ] OosBestspaceTest.BestspaceExactMaxChunkBoundary (0 ms)
13: [ RUN      ] OosBestspaceTest.DeleteUpdatesBestspaceCacheDirectly
13: [       OK ] OosBestspaceTest.DeleteUpdatesBestspaceCacheDirectly (0 ms)
13: [ RUN      ] OosBestspaceTest.DeleteMultipleRecordsUpdatesAllPages
13: [       OK ] OosBestspaceTest.DeleteMultipleRecordsUpdatesAllPages (3 ms)
13: [ RUN      ] OosBestspaceTest.DeletePartialChainUpdatesBestspace
13: [       OK ] OosBestspaceTest.DeletePartialChainUpdatesBestspace (1 ms)
13: [----------] 23 tests from OosBestspaceTest (32 ms total)
13: 
13: [----------] Global test environment tear-down
13: ##### Stopping Server For OOS Unit Testing #####
13: [==========] 23 tests from 1 test suite ran. (160 ms total)
13: [  PASSED  ] 23 tests.
 7/38 Test #13: test_oos_bestspace ...............   Passed    0.18 sec
test 14
      Start 14: test_oos_growth_sweep

14: Test command: /home/vimkim/gh/cb/pr7925-02-record-owner/build_preset_debug_gcc/bin/test_oos_growth_sweep
14: Working Directory: /home/vimkim/gh/cb/pr7925-02-record-owner/build_preset_debug_gcc/unit_tests/oos
14: Test timeout computed to be: 30
14: [==========] Running 11 tests from 1 test suite.
14: [----------] Global test environment set-up.
14: ##### Starting Server For OOS Unit Testing (unittestdb) #####
14: will be written at ./test_oos_log
14: [----------] 11 tests from OosGrowthSweepTest
14: [ RUN      ] OosGrowthSweepTest.SweepReclaimsAfterCommittedDeleteBurst
14: [       OK ] OosGrowthSweepTest.SweepReclaimsAfterCommittedDeleteBurst (2 ms)
14: [ RUN      ] OosGrowthSweepTest.TransientWriteLatchMissKeepsReclaimDebt
14: [       OK ] OosGrowthSweepTest.TransientWriteLatchMissKeepsReclaimDebt (2 ms)
14: [ RUN      ] OosGrowthSweepTest.ConcurrentGrowerWaitsForActiveSweep
14: [       OK ] OosGrowthSweepTest.ConcurrentGrowerWaitsForActiveSweep (9 ms)
14: [ RUN      ] OosGrowthSweepTest.SweepLeavesAbortRestoredChunksAlone
14: [       OK ] OosGrowthSweepTest.SweepLeavesAbortRestoredChunksAlone (1 ms)
14: [ RUN      ] OosGrowthSweepTest.InsertRollbackRearmsGrowthSweep
14: [       OK ] OosGrowthSweepTest.InsertRollbackRearmsGrowthSweep (3 ms)
14: [ RUN      ] OosGrowthSweepTest.SweepIsIncrementalWithCursorContinuation
14: [       OK ] OosGrowthSweepTest.SweepIsIncrementalWithCursorContinuation (3 ms)
14: [ RUN      ] OosGrowthSweepTest.SweepCursorWrapsAcrossSectorBoundary
14: [       OK ] OosGrowthSweepTest.SweepCursorWrapsAcrossSectorBoundary (24 ms)
14: [ RUN      ] OosGrowthSweepTest.SweepCounterResetsOnCleanLapAndRearms
14: [       OK ] OosGrowthSweepTest.SweepCounterResetsOnCleanLapAndRearms (2 ms)
14: [ RUN      ] OosGrowthSweepTest.SweepDefersUncommittedDeletesButAllowsGrowth
14: [       OK ] OosGrowthSweepTest.SweepDefersUncommittedDeletesButAllowsGrowth (2 ms)
14: [ RUN      ] OosGrowthSweepTest.BootRuleSweepsUnconditionallyAfterRestart
14: [       OK ] OosGrowthSweepTest.BootRuleSweepsUnconditionallyAfterRestart (2 ms)
14: [ RUN      ] OosGrowthSweepTest.SweepSkipsRefilledPageAndNeverReclaimsHeader
14: [       OK ] OosGrowthSweepTest.SweepSkipsRefilledPageAndNeverReclaimsHeader (2 ms)
14: [----------] 11 tests from OosGrowthSweepTest (58 ms total)
14: 
14: [----------] Global test environment tear-down
14: ##### Stopping Server For OOS Unit Testing #####
14: [==========] 11 tests from 1 test suite ran. (167 ms total)
14: [  PASSED  ] 11 tests.
 8/38 Test #14: test_oos_growth_sweep ............   Passed    0.19 sec
test 18
      Start 18: test_oos_server

18: Test command: /home/vimkim/gh/cb/pr7925-02-record-owner/build_preset_debug_gcc/bin/test_oos_server
18: Working Directory: /home/vimkim/gh/cb/pr7925-02-record-owner/build_preset_debug_gcc/unit_tests/oos
18: Test timeout computed to be: 60
18: [==========] Running 38 tests from 1 test suite.
18: [----------] Global test environment set-up.
18: ##### Starting SERVER_MODE Server For OOS Vacuum Testing #####
18: SERVER_MODE server booted successfully (tran_index=1)
18: [----------] 38 tests from OosServerTest
18: [ RUN      ] OosServerTest.OosOwnerDescriptorSupportsDiagnosticsAndProtectedIteration
18: [       OK ] OosServerTest.OosOwnerDescriptorSupportsDiagnosticsAndProtectedIteration (6 ms)
18: [ RUN      ] OosServerTest.OosPublicationBeginClearsOidAndLsaTogether
18: [       OK ] OosServerTest.OosPublicationBeginClearsOidAndLsaTogether (0 ms)
18: [ RUN      ] OosServerTest.OosPublicationBeginMissingTdesLeavesBothSidesUntouched
18: [       OK ] OosServerTest.OosPublicationBeginMissingTdesLeavesBothSidesUntouched (3301 ms)
18: [ RUN      ] OosServerTest.OosLogicalPreparationFailureSeesCleanPublicationState
18: [       OK ] OosServerTest.OosLogicalPreparationFailureSeesCleanPublicationState (3435 ms)
18: [ RUN      ] OosServerTest.OosClassLookupFailureSeesCleanPublicationState
18: [       OK ] OosServerTest.OosClassLookupFailureSeesCleanPublicationState (16388 ms)
18: [ RUN      ] OosServerTest.OosVfidLookupFailureSeesCleanPublicationState
18: [       OK ] OosServerTest.OosVfidLookupFailureSeesCleanPublicationState (1920 ms)
18: [ RUN      ] OosServerTest.OosInsertManyPartialPublicationFailureClearsBothSides
18: [       OK ] OosServerTest.OosInsertManyPartialPublicationFailureClearsBothSides (1778 ms)
18: [ RUN      ] OosServerTest.OosInsertManyPublicationAllocationFailureIsConvertedAndCleared
18: [       OK ] OosServerTest.OosInsertManyPublicationAllocationFailureIsConvertedAndCleared (0 ms)
18: [ RUN      ] OosServerTest.OosInsertManyValidationFailureDoesNotClaimPublicationStart
18: [       OK ] OosServerTest.OosInsertManyValidationFailureDoesNotClaimPublicationStart (1768 ms)
18: [ RUN      ] OosServerTest.OosSuccessfulPublicationWithoutReplicationTrackingKeepsOidOnly
18: [       OK ] OosServerTest.OosSuccessfulPublicationWithoutReplicationTrackingKeepsOidOnly (0 ms)
18: [ RUN      ] OosServerTest.OosTrackedSingleChunkBatchKeepsPairedPublication
18: [       OK ] OosServerTest.OosTrackedSingleChunkBatchKeepsPairedPublication (0 ms)
18: [ RUN      ] OosServerTest.OosTrackedMixedBatchPreservesDummyAndHeadPairing
18: [       OK ] OosServerTest.OosTrackedMixedBatchPreservesDummyAndHeadPairing (0 ms)
18: [ RUN      ] OosServerTest.ReplicaOosItemsAccumulateAndFixupConsumesInOrder
18: [       OK ] OosServerTest.ReplicaOosItemsAccumulateAndFixupConsumesInOrder (0 ms)
18: [ RUN      ] OosServerTest.ReplicaFixupRejectsTruncatedStub
18: [       OK ] OosServerTest.ReplicaFixupRejectsTruncatedStub (4118 ms)
18: [ RUN      ] OosServerTest.ReplicaFixupRejectsShortFieldBeforeAnotherAttribute
18: [       OK ] OosServerTest.ReplicaFixupRejectsShortFieldBeforeAnotherAttribute (34 ms)
18: [ RUN      ] OosServerTest.ReplicaIncompleteOosGroupRollsBackAndUnwinds
18: [       OK ] OosServerTest.ReplicaIncompleteOosGroupRollsBackAndUnwinds (2101 ms)
18: [ RUN      ] OosServerTest.ReplicaRowFailureRollsBackItsAppliedOosItem
18: [       OK ] OosServerTest.ReplicaRowFailureRollsBackItsAppliedOosItem (4221 ms)
18: [ RUN      ] OosServerTest.ReplicaFixupRejectsInsufficientOids
18: [       OK ] OosServerTest.ReplicaFixupRejectsInsufficientOids (35 ms)
18: [ RUN      ] OosServerTest.ReplicaFixupRejectsExtraOids
18: [       OK ] OosServerTest.ReplicaFixupRejectsExtraOids (2088 ms)
18: [ RUN      ] OosServerTest.ReplicaScalarPublicationAllocationFailureInvalidatesAccumulator
18: [       OK ] OosServerTest.ReplicaScalarPublicationAllocationFailureInvalidatesAccumulator (0 ms)
18: [ RUN      ] OosServerTest.OosCreateAndDestroy
18: [       OK ] OosServerTest.OosCreateAndDestroy (0 ms)
18: [ RUN      ] OosServerTest.OosCreateAndCreateAgain
18: [       OK ] OosServerTest.OosCreateAndCreateAgain (0 ms)
18: [ RUN      ] OosServerTest.OosInsertAndRead
18: [       OK ] OosServerTest.OosInsertAndRead (0 ms)
18: [ RUN      ] OosServerTest.OosInsertManyKeepsSinglePageLocalityAndReadManyGroupsHeadPage
18: [       OK ] OosServerTest.OosInsertManyKeepsSinglePageLocalityAndReadManyGroupsHeadPage (0 ms)
18: [ RUN      ] OosServerTest.OosInsertManyReusesOnlyPageThatFitsWholeBatch
18: [       OK ] OosServerTest.OosInsertManyReusesOnlyPageThatFitsWholeBatch (0 ms)
18: [ RUN      ] OosServerTest.OosInsertManyAllocatesFreshPageInsteadOfScatteringBatch
18: [       OK ] OosServerTest.OosInsertManyAllocatesFreshPageInsteadOfScatteringBatch (0 ms)
18: [ RUN      ] OosServerTest.OosInsertManySplitsOversizedSingleChunkRun
18: [       OK ] OosServerTest.OosInsertManySplitsOversizedSingleChunkRun (0 ms)
18: [ RUN      ] OosServerTest.OosInsertManyPreservesMixedSingleAndMultiChunkPublicationOrder
18: [       OK ] OosServerTest.OosInsertManyPreservesMixedSingleAndMultiChunkPublicationOrder (0 ms)
18: [ RUN      ] OosServerTest.OosInsertLargerThanPageSize
18: [       OK ] OosServerTest.OosInsertLargerThanPageSize (0 ms)
18: [ RUN      ] OosServerTest.OosInsertLarge160KBString
18: [       OK ] OosServerTest.OosInsertLarge160KBString (3 ms)
18: [ RUN      ] OosServerTest.OosInsertAndRead100LargeStringsAroundMaxOosChunkSize
18: [       OK ] OosServerTest.OosInsertAndRead100LargeStringsAroundMaxOosChunkSize (33 ms)
18: [ RUN      ] OosServerTest.ShouldInsertIntoSamePage
18: [       OK ] OosServerTest.ShouldInsertIntoSamePage (0 ms)
18: [ RUN      ] OosServerTest.OosGetLengthWithinPage
18: [       OK ] OosServerTest.OosGetLengthWithinPage (0 ms)
18: [ RUN      ] OosServerTest.OosGetLengthAcrossPages
18: [       OK ] OosServerTest.OosGetLengthAcrossPages (2 ms)
18: [ RUN      ] OosServerTest.OosGetLengthAroundMaxChunkSize
18: [       OK ] OosServerTest.OosGetLengthAroundMaxChunkSize (3 ms)
18: [ RUN      ] OosServerTest.OosInlineFormatWriteAndReadBack
18: [       OK ] OosServerTest.OosInlineFormatWriteAndReadBack (0 ms)
18: [ RUN      ] OosServerTest.OosInlineFormatWithRealOosInsert
18: [       OK ] OosServerTest.OosInlineFormatWithRealOosInsert (0 ms)
18: [ RUN      ] OosServerTest.OosInlineLengthMatchesAcrossPages
18: [       OK ] OosServerTest.OosInlineLengthMatchesAcrossPages (4 ms)
18: [----------] 38 tests from OosServerTest (41252 ms total)
18: 
18: [----------] Global test environment tear-down
18: ##### Stopping SERVER_MODE Server #####
18: [==========] 38 tests from 1 test suite ran. (42395 ms total)
18: [  PASSED  ] 38 tests.
 9/38 Test #18: test_oos_server ..................   Passed   43.36 sec
test 19
      Start 19: test_oos_delete_server

19: Test command: /home/vimkim/gh/cb/pr7925-02-record-owner/build_preset_debug_gcc/bin/test_oos_delete_server
19: Working Directory: /home/vimkim/gh/cb/pr7925-02-record-owner/build_preset_debug_gcc/unit_tests/oos
19: Test timeout computed to be: 60
19: [==========] Running 9 tests from 1 test suite.
19: [----------] Global test environment set-up.
19: ##### Starting SERVER_MODE Server For OOS Vacuum Testing #####
19: SERVER_MODE server booted successfully (tran_index=1)
19: [----------] 9 tests from OosDeleteServerTest
19: [ RUN      ] OosDeleteServerTest.OosDeleteBasic
19: [       OK ] OosDeleteServerTest.OosDeleteBasic (0 ms)
19: [ RUN      ] OosDeleteServerTest.OosDeleteThenReadFails
19: [       OK ] OosDeleteServerTest.OosDeleteThenReadFails (6843 ms)
19: [ RUN      ] OosDeleteServerTest.OosDeleteMultiChunk
19: [       OK ] OosDeleteServerTest.OosDeleteMultiChunk (1 ms)
19: [ RUN      ] OosDeleteServerTest.OosUpdatePattern
19: [       OK ] OosDeleteServerTest.OosUpdatePattern (24 ms)
19: [ RUN      ] OosDeleteServerTest.OosDeleteRestoresFreeSpace
19: [       OK ] OosDeleteServerTest.OosDeleteRestoresFreeSpace (0 ms)
19: [ RUN      ] OosDeleteServerTest.OosDeleteLarge160KBMultiChunk
19: [       OK ] OosDeleteServerTest.OosDeleteLarge160KBMultiChunk (27 ms)
19: [ RUN      ] OosDeleteServerTest.OosDeleteSlotBecomesUnknown
19: [       OK ] OosDeleteServerTest.OosDeleteSlotBecomesUnknown (0 ms)
19: [ RUN      ] OosDeleteServerTest.OosDeleteStampMismatchAndGoneHeadAreCleanNoOps
19: [       OK ] OosDeleteServerTest.OosDeleteStampMismatchAndGoneHeadAreCleanNoOps (3636 ms)
19: [ RUN      ] OosDeleteServerTest.OosDeleteStaleReferenceAfterSlotReuseKeepsLiveChain
19: [       OK ] OosDeleteServerTest.OosDeleteStaleReferenceAfterSlotReuseKeepsLiveChain (0 ms)
19: [----------] 9 tests from OosDeleteServerTest (10534 ms total)
19: 
19: [----------] Global test environment tear-down
19: ##### Stopping SERVER_MODE Server #####
19: [==========] 9 tests from 1 test suite ran. (11692 ms total)
19: [  PASSED  ] 9 tests.
10/38 Test #19: test_oos_delete_server ...........   Passed   12.33 sec
test 20
      Start 20: test_oos_remove_file_server

20: Test command: /home/vimkim/gh/cb/pr7925-02-record-owner/build_preset_debug_gcc/bin/test_oos_remove_file_server
20: Working Directory: /home/vimkim/gh/cb/pr7925-02-record-owner/build_preset_debug_gcc/unit_tests/oos
20: Test timeout computed to be: 60
20: [==========] Running 7 tests from 1 test suite.
20: [----------] Global test environment set-up.
20: ##### Starting SERVER_MODE Server For OOS Vacuum Testing #####
20: SERVER_MODE server booted successfully (tran_index=1)
20: [----------] 7 tests from OosFileDestroyServerTest
20: [ RUN      ] OosFileDestroyServerTest.OosFileDestroyBasic
20: [       OK ] OosFileDestroyServerTest.OosFileDestroyBasic (0 ms)
20: [ RUN      ] OosFileDestroyServerTest.OosFileDestroyWithData
20: [       OK ] OosFileDestroyServerTest.OosFileDestroyWithData (0 ms)
20: [ RUN      ] OosFileDestroyServerTest.OosFileDestroyWithMultiChunkData
20: [       OK ] OosFileDestroyServerTest.OosFileDestroyWithMultiChunkData (0 ms)
20: [ RUN      ] OosFileDestroyServerTest.OosFileDestroyCacheCleared
20: [       OK ] OosFileDestroyServerTest.OosFileDestroyCacheCleared (0 ms)
20: [ RUN      ] OosFileDestroyServerTest.OosPageReclaimBasic
20: [       OK ] OosFileDestroyServerTest.OosPageReclaimBasic (475 ms)
20: [ RUN      ] OosFileDestroyServerTest.OosPageReclaimLsaGateDefersUncommitted
20: [       OK ] OosFileDestroyServerTest.OosPageReclaimLsaGateDefersUncommitted (1 ms)
20: [ RUN      ] OosFileDestroyServerTest.OosFileDestroyMultipleFiles
20: [       OK ] OosFileDestroyServerTest.OosFileDestroyMultipleFiles (0 ms)
20: [----------] 7 tests from OosFileDestroyServerTest (478 ms total)
20: 
20: [----------] Global test environment tear-down
20: ##### Stopping SERVER_MODE Server #####
20: [==========] 7 tests from 1 test suite ran. (2239 ms total)
20: [  PASSED  ] 7 tests.
11/38 Test #20: test_oos_remove_file_server ......   Passed    2.32 sec
test 21
      Start 21: test_oos_mock_vacuum_server

21: Test command: /home/vimkim/gh/cb/pr7925-02-record-owner/build_preset_debug_gcc/bin/test_oos_mock_vacuum_server
21: Working Directory: /home/vimkim/gh/cb/pr7925-02-record-owner/build_preset_debug_gcc/unit_tests/oos
21: Test timeout computed to be: 60
21: [==========] Running 6 tests from 1 test suite.
21: [----------] Global test environment set-up.
21: ##### Starting SERVER_MODE Server For OOS Vacuum Testing #####
21: SERVER_MODE server booted successfully (tran_index=1)
21: [----------] 6 tests from OosVacuumServer
21: [ RUN      ] OosVacuumServer.BasicInsertAndDelete
21: [       OK ] OosVacuumServer.BasicInsertAndDelete (6736 ms)
21: [ RUN      ] OosVacuumServer.MultiChunkDelete
21: [       OK ] OosVacuumServer.MultiChunkDelete (23 ms)
21: [ RUN      ] OosVacuumServer.LargeMultiPageDelete
21: [       OK ] OosVacuumServer.LargeMultiPageDelete (24 ms)
21: [ RUN      ] OosVacuumServer.MvccUpdateVacuumPattern
21: [       OK ] OosVacuumServer.MvccUpdateVacuumPattern (24 ms)
21: [ RUN      ] OosVacuumServer.BulkVacuumReclaimAndReuse
21: [       OK ] OosVacuumServer.BulkVacuumReclaimAndReuse (2 ms)
21: [ RUN      ] OosVacuumServer.MultiUpdateChurnVacuum
21: [       OK ] OosVacuumServer.MultiUpdateChurnVacuum (10 ms)
21: [----------] 6 tests from OosVacuumServer (6823 ms total)
21: 
21: [----------] Global test environment tear-down
21: ##### Stopping SERVER_MODE Server #####
21: [==========] 6 tests from 1 test suite ran. (7966 ms total)
21: [  PASSED  ] 6 tests.
12/38 Test #21: test_oos_mock_vacuum_server ......   Passed    8.31 sec
test 22
      Start 22: test_oos_vacuum_server

22: Test command: /home/vimkim/gh/cb/pr7925-02-record-owner/build_preset_debug_gcc/bin/test_oos_vacuum_server
22: Working Directory: /home/vimkim/gh/cb/pr7925-02-record-owner/build_preset_debug_gcc/unit_tests/oos
22: Test timeout computed to be: 60
22: [==========] Running 14 tests from 2 test suites.
22: [----------] Global test environment set-up.
22: ##### Starting SERVER_MODE Server For OOS Vacuum Testing #####
22: SERVER_MODE server booted successfully (tran_index=1)
22: [----------] 12 tests from OosVacuumCodePathServer
22: [ RUN      ] OosVacuumCodePathServer.HeapRecdesContainsOos
22: [       OK ] OosVacuumCodePathServer.HeapRecdesContainsOos (0 ms)
22: [ RUN      ] OosVacuumCodePathServer.HeapRecdesGetOosRefsSingle
22: [       OK ] OosVacuumCodePathServer.HeapRecdesGetOosRefsSingle (0 ms)
22: [ RUN      ] OosVacuumCodePathServer.HeapRecdesGetOosRefsMultiple
22: [       OK ] OosVacuumCodePathServer.HeapRecdesGetOosRefsMultiple (0 ms)
22: [ RUN      ] OosVacuumCodePathServer.HeapRecdesGetOosRefsRejectsShortFieldBeforeAnotherAttribute
22: [       OK ] OosVacuumCodePathServer.HeapRecdesGetOosRefsRejectsShortFieldBeforeAnotherAttribute (4700 ms)
22: [ RUN      ] OosVacuumCodePathServer.HeapRecdesGetOosRefsRejectsStubFieldPastRecordEnd
22: [       OK ] OosVacuumCodePathServer.HeapRecdesGetOosRefsRejectsStubFieldPastRecordEnd (25 ms)
22: [ RUN      ] OosVacuumCodePathServer.VacuumHeapOosDeleteSingle
22: [       OK ] OosVacuumCodePathServer.VacuumHeapOosDeleteSingle (5360 ms)
22: [ RUN      ] OosVacuumCodePathServer.VacuumHeapOosDeleteMultipleColumns
22: [       OK ] OosVacuumCodePathServer.VacuumHeapOosDeleteMultipleColumns (43 ms)
22: [ RUN      ] OosVacuumCodePathServer.VacuumHeapOosDeleteMultiChunk
22: [       OK ] OosVacuumCodePathServer.VacuumHeapOosDeleteMultiChunk (31 ms)
22: [ RUN      ] OosVacuumCodePathServer.VacuumHeapOosDeleteLarge160KB
22: [       OK ] OosVacuumCodePathServer.VacuumHeapOosDeleteLarge160KB (32 ms)
22: [ RUN      ] OosVacuumCodePathServer.MultiUpdateVacuumReclaimFreeSpace
22: [       OK ] OosVacuumCodePathServer.MultiUpdateVacuumReclaimFreeSpace (185 ms)
22: [ RUN      ] OosVacuumCodePathServer.BulkVacuumReclaimAndReuse
22: [       OK ] OosVacuumCodePathServer.BulkVacuumReclaimAndReuse (89 ms)
22: [ RUN      ] OosVacuumCodePathServer.VacuumHeapOosDeleteReclaimsLiveReferenceAndSkipsStaleOne
22: [       OK ] OosVacuumCodePathServer.VacuumHeapOosDeleteReclaimsLiveReferenceAndSkipsStaleOne (1722 ms)
22: [----------] 12 tests from OosVacuumCodePathServer (12193 ms total)
22: 
22: [----------] 2 tests from OosVacuumHeapSeamServer
22: [ RUN      ] OosVacuumHeapSeamServer.ForwardWalkReclaimsLiveReferenceAndSkipsStaleOne
22: [       OK ] OosVacuumHeapSeamServer.ForwardWalkReclaimsLiveReferenceAndSkipsStaleOne (6451 ms)
22: [ RUN      ] OosVacuumHeapSeamServer.EagerDeleteReclaimsLiveReferenceAndSkipsStaleOne
22: [       OK ] OosVacuumHeapSeamServer.EagerDeleteReclaimsLiveReferenceAndSkipsStaleOne (32 ms)
22: [----------] 2 tests from OosVacuumHeapSeamServer (6484 ms total)
22: 
22: [----------] Global test environment tear-down
22: ##### Stopping SERVER_MODE Server #####
22: [==========] 14 tests from 2 test suites ran. (19813 ms total)
22: [  PASSED  ] 14 tests.
13/38 Test #22: test_oos_vacuum_server ...........   Passed   20.31 sec
test 23
      Start 23: test_oos_real_vacuum_server

23: Test command: /home/vimkim/gh/cb/pr7925-02-record-owner/build_preset_debug_gcc/bin/test_oos_real_vacuum_server
23: Working Directory: /home/vimkim/gh/cb/pr7925-02-record-owner/build_preset_debug_gcc/unit_tests/oos
23: Test timeout computed to be: 120
23: [==========] Running 10 tests from 1 test suite.
23: [----------] Global test environment set-up.
23: ##### Starting SERVER_MODE Server For OOS Vacuum Testing #####
23: SERVER_MODE server booted successfully (tran_index=1)
23: [----------] 10 tests from OosRealVacuum
23: [ RUN      ] OosRealVacuum.SingleRowDeleteDrainsCompletely
23: [       OK ] OosRealVacuum.SingleRowDeleteDrainsCompletely (6825 ms)
23: [ RUN      ] OosRealVacuum.MultiChunkChainsDrainCompletely
23: [       OK ] OosRealVacuum.MultiChunkChainsDrainCompletely (2782 ms)
23: [ RUN      ] OosRealVacuum.UpdateStaleVersionDrainsNewSurvives
23: [       OK ] OosRealVacuum.UpdateStaleVersionDrainsNewSurvives (428 ms)
23: [ RUN      ] OosRealVacuum.SnapshotBlocksReclaimThenDrains
23: [       OK ] OosRealVacuum.SnapshotBlocksReclaimThenDrains (3633 ms)
23: [ RUN      ] OosRealVacuum.TwoReadersOldestSnapshotGatesReclaim
23: [       OK ] OosRealVacuum.TwoReadersOldestSnapshotGatesReclaim (3568 ms)
23: [ RUN      ] OosRealVacuum.UpdateSnapshotBlocksOldVersionReclaim
23: [       OK ] OosRealVacuum.UpdateSnapshotBlocksOldVersionReclaim (3795 ms)
23: [ RUN      ] OosRealVacuum.LiveRowNeverReclaimed
23: [       OK ] OosRealVacuum.LiveRowNeverReclaimed (4347 ms)
23: [ RUN      ] OosRealVacuum.MultiVersionForwardChainDrains
23: [       OK ] OosRealVacuum.MultiVersionForwardChainDrains (1412 ms)
23: [ RUN      ] OosRealVacuum.ChunkBoundaryExactSizes
23: [       OK ] OosRealVacuum.ChunkBoundaryExactSizes (1589 ms)
23: [ RUN      ] OosRealVacuum.ReVacuumAfterDrainIsIdempotent
23: [       OK ] OosRealVacuum.ReVacuumAfterDrainIsIdempotent (1482 ms)
23: [----------] 10 tests from OosRealVacuum (29867 ms total)
23: 
23: [----------] Global test environment tear-down
23: ##### Stopping SERVER_MODE Server #####
23: [==========] 10 tests from 1 test suite ran. (31293 ms total)
23: [  PASSED  ] 10 tests.
14/38 Test #23: test_oos_real_vacuum_server ......   Passed   32.31 sec
test 25
      Start 25: test_oos_sql_crud

25: Test command: /home/vimkim/gh/cb/pr7925-02-record-owner/build_preset_debug_gcc/bin/test_oos_sql_crud
25: Working Directory: /home/vimkim/gh/cb/pr7925-02-record-owner/build_preset_debug_gcc/unit_tests/oos/sql
25: Test timeout computed to be: 30
25: [==========] Running 8 tests from 1 test suite.
25: [----------] Global test environment set-up.
25: ##### Starting Server For OOS SQL Testing #####
25: will be written at ./test_oos_sql_log
25: [----------] 8 tests from OosSqlCrud
25: [ RUN      ] OosSqlCrud.BasicInsertSelect
25: [       OK ] OosSqlCrud.BasicInsertSelect (82 ms)
25: [ RUN      ] OosSqlCrud.SmallRecordNoOos
25: [       OK ] OosSqlCrud.SmallRecordNoOos (10 ms)
25: [ RUN      ] OosSqlCrud.MultipleOosColumns
25: [       OK ] OosSqlCrud.MultipleOosColumns (14 ms)
25: [ RUN      ] OosSqlCrud.Cbrd27006MultiOosColumnSelectsAndUpdate
25: [       OK ] OosSqlCrud.Cbrd27006MultiOosColumnSelectsAndUpdate (16 ms)
25: [ RUN      ] OosSqlCrud.Cbrd27006MixedSingleChunkAndMultiChunkRow
25: [       OK ] OosSqlCrud.Cbrd27006MixedSingleChunkAndMultiChunkRow (15 ms)
25: [ RUN      ] OosSqlCrud.Cbrd27006ReadDispatchBatchesOnlyMultiOosProjections
25: [       OK ] OosSqlCrud.Cbrd27006ReadDispatchBatchesOnlyMultiOosProjections (14 ms)
25: [ RUN      ] OosSqlCrud.MultiChunkOos
25: [       OK ] OosSqlCrud.MultiChunkOos (12 ms)
25: [ RUN      ] OosSqlCrud.MixedChunkSizes
25: [       OK ] OosSqlCrud.MixedChunkSizes (13 ms)
25: [----------] 8 tests from OosSqlCrud (179 ms total)
25: 
25: [----------] Global test environment tear-down
25: ##### Stopping Server For OOS SQL Testing #####
25: [==========] 8 tests from 1 test suite ran. (304 ms total)
25: [  PASSED  ] 8 tests.
15/38 Test #25: test_oos_sql_crud ................   Passed    0.33 sec
test 26
      Start 26: test_oos_sql_ddl

26: Test command: /home/vimkim/gh/cb/pr7925-02-record-owner/build_preset_debug_gcc/bin/test_oos_sql_ddl
26: Working Directory: /home/vimkim/gh/cb/pr7925-02-record-owner/build_preset_debug_gcc/unit_tests/oos/sql
26: Test timeout computed to be: 30
26: [==========] Running 5 tests from 1 test suite.
26: [----------] Global test environment set-up.
26: ##### Starting Server For OOS SQL Testing #####
26: will be written at ./test_oos_sql_log
26: [----------] 5 tests from OosSqlDdl
26: [ RUN      ] OosSqlDdl.AlterAddColumn
26: [       OK ] OosSqlDdl.AlterAddColumn (85 ms)
26: [ RUN      ] OosSqlDdl.AlterDropOosColumn
26: [       OK ] OosSqlDdl.AlterDropOosColumn (13 ms)
26: [ RUN      ] OosSqlDdl.CreateTableAsSelect
26: [       OK ] OosSqlDdl.CreateTableAsSelect (19 ms)
26: [ RUN      ] OosSqlDdl.DropAndRecreateSameName
26: [       OK ] OosSqlDdl.DropAndRecreateSameName (19 ms)
26: [ RUN      ] OosSqlDdl.DropCreateCycles
26: [       OK ] OosSqlDdl.DropCreateCycles (28 ms)
26: [----------] 5 tests from OosSqlDdl (166 ms total)
26: 
26: [----------] Global test environment tear-down
26: ##### Stopping Server For OOS SQL Testing #####
26: [==========] 5 tests from 1 test suite ran. (286 ms total)
26: [  PASSED  ] 5 tests.
16/38 Test #26: test_oos_sql_ddl .................   Passed    0.31 sec
test 27
      Start 27: test_oos_sql_delete

27: Test command: /home/vimkim/gh/cb/pr7925-02-record-owner/build_preset_debug_gcc/bin/test_oos_sql_delete
27: Working Directory: /home/vimkim/gh/cb/pr7925-02-record-owner/build_preset_debug_gcc/unit_tests/oos/sql
27: Test timeout computed to be: 30
27: [==========] Running 8 tests from 1 test suite.
27: [----------] Global test environment set-up.
27: ##### Starting Server For OOS SQL Testing #####
27: will be written at ./test_oos_sql_log
27: [----------] 8 tests from OosSqlDelete
27: [ RUN      ] OosSqlDelete.DeleteSingleChunk
27: [       OK ] OosSqlDelete.DeleteSingleChunk (84 ms)
27: [ RUN      ] OosSqlDelete.DeleteMultiChunk
27: [       OK ] OosSqlDelete.DeleteMultiChunk (12 ms)
27: [ RUN      ] OosSqlDelete.DeleteLarge160KB
27: [       OK ] OosSqlDelete.DeleteLarge160KB (14 ms)
27: [ RUN      ] OosSqlDelete.DeleteSelectiveRowsIntact
27: [       OK ] OosSqlDelete.DeleteSelectiveRowsIntact (13 ms)
27: [ RUN      ] OosSqlDelete.DeleteAndReinsert
27: [       OK ] OosSqlDelete.DeleteAndReinsert (13 ms)
27: [ RUN      ] OosSqlDelete.DeleteMixedColumns
27: [       OK ] OosSqlDelete.DeleteMixedColumns (14 ms)
27: [ RUN      ] OosSqlDelete.UpdateOosColumn
27: [       OK ] OosSqlDelete.UpdateOosColumn (11 ms)
27: [ RUN      ] OosSqlDelete.DeleteAndReinsertMultiChunk
27: [       OK ] OosSqlDelete.DeleteAndReinsertMultiChunk (14 ms)
27: [----------] 8 tests from OosSqlDelete (176 ms total)
27: 
27: [----------] Global test environment tear-down
27: ##### Stopping Server For OOS SQL Testing #####
27: [==========] 8 tests from 1 test suite ran. (296 ms total)
27: [  PASSED  ] 8 tests.
17/38 Test #27: test_oos_sql_delete ..............   Passed    0.32 sec
test 28
      Start 28: test_oos_sql_boundary

28: Test command: /home/vimkim/gh/cb/pr7925-02-record-owner/build_preset_debug_gcc/bin/test_oos_sql_boundary
28: Working Directory: /home/vimkim/gh/cb/pr7925-02-record-owner/build_preset_debug_gcc/unit_tests/oos/sql
28: Test timeout computed to be: 30
28: [==========] Running 8 tests from 1 test suite.
28: [----------] Global test environment set-up.
28: ##### Starting Server For OOS SQL Testing #####
28: will be written at ./test_oos_sql_log
28: [----------] 8 tests from OosSqlBoundary
28: [ RUN      ] OosSqlBoundary.NullOosColumn
28: [       OK ] OosSqlBoundary.NullOosColumn (86 ms)
28: [ RUN      ] OosSqlBoundary.DropTableWithOos
28: [       OK ] OosSqlBoundary.DropTableWithOos (14 ms)
28: [ RUN      ] OosSqlBoundary.DropAndRecreateOosFile
28: [       OK ] OosSqlBoundary.DropAndRecreateOosFile (25 ms)
28: [ RUN      ] OosSqlBoundary.IndexScanWithOos
28: [       OK ] OosSqlBoundary.IndexScanWithOos (15 ms)
28: [ RUN      ] OosSqlBoundary.MvccHeaderWithOos
28: [       OK ] OosSqlBoundary.MvccHeaderWithOos (17 ms)
28: [ RUN      ] OosSqlBoundary.CopyReadPath
28: [       OK ] OosSqlBoundary.CopyReadPath (18 ms)
28: [ RUN      ] OosSqlBoundary.InsertSelect
28: [       OK ] OosSqlBoundary.InsertSelect (22 ms)
28: [ RUN      ] OosSqlBoundary.MidSizeColumnsEligibleForOos
28: [       OK ] OosSqlBoundary.MidSizeColumnsEligibleForOos (20 ms)
28: [----------] 8 tests from OosSqlBoundary (222 ms total)
28: 
28: [----------] Global test environment tear-down
28: ##### Stopping Server For OOS SQL Testing #####
28: [==========] 8 tests from 1 test suite ran. (357 ms total)
28: [  PASSED  ] 8 tests.
18/38 Test #28: test_oos_sql_boundary ............   Passed    0.38 sec
test 29
      Start 29: test_oos_sql_update_delete

29: Test command: /home/vimkim/gh/cb/pr7925-02-record-owner/build_preset_debug_gcc/bin/test_oos_sql_update_delete
29: Working Directory: /home/vimkim/gh/cb/pr7925-02-record-owner/build_preset_debug_gcc/unit_tests/oos/sql
29: Test timeout computed to be: 30
29: [==========] Running 7 tests from 1 test suite.
29: [----------] Global test environment set-up.
29: ##### Starting Server For OOS SQL Testing #####
29: will be written at ./test_oos_sql_log
29: [----------] 7 tests from OosSqlUpdateDelete
29: [ RUN      ] OosSqlUpdateDelete.UpdateOosValue
29: [       OK ] OosSqlUpdateDelete.UpdateOosValue (137 ms)
29: [ RUN      ] OosSqlUpdateDelete.UpdateNonOosColumn
29: [       OK ] OosSqlUpdateDelete.UpdateNonOosColumn (13 ms)
29: [ RUN      ] OosSqlUpdateDelete.RepeatedUpdates
29: [       OK ] OosSqlUpdateDelete.RepeatedUpdates (24 ms)
29: [ RUN      ] OosSqlUpdateDelete.SizeChangeChunkTransition
29: [       OK ] OosSqlUpdateDelete.SizeChangeChunkTransition (16 ms)
29: [ RUN      ] OosSqlUpdateDelete.DeleteOosRows
29: [       OK ] OosSqlUpdateDelete.DeleteOosRows (15 ms)
29: [ RUN      ] OosSqlUpdateDelete.TruncateAndReinsert
29: [       OK ] OosSqlUpdateDelete.TruncateAndReinsert (20 ms)
29: [ RUN      ] OosSqlUpdateDelete.UpdateMultiChunk
29: [       OK ] OosSqlUpdateDelete.UpdateMultiChunk (16 ms)
29: [----------] 7 tests from OosSqlUpdateDelete (245 ms total)
29: 
29: [----------] Global test environment tear-down
29: ##### Stopping Server For OOS SQL Testing #####
29: [==========] 7 tests from 1 test suite ran. (377 ms total)
29: [  PASSED  ] 7 tests.
19/38 Test #29: test_oos_sql_update_delete .......   Passed    0.40 sec
test 30
      Start 30: test_oos_sql_txn

30: Test command: /home/vimkim/gh/cb/pr7925-02-record-owner/build_preset_debug_gcc/bin/test_oos_sql_txn
30: Working Directory: /home/vimkim/gh/cb/pr7925-02-record-owner/build_preset_debug_gcc/unit_tests/oos/sql
30: Test timeout computed to be: 30
30: [==========] Running 8 tests from 1 test suite.
30: [----------] Global test environment set-up.
30: ##### Starting Server For OOS SQL Testing #####
30: will be written at ./test_oos_sql_log
30: [----------] 8 tests from OosSqlTxn
30: [ RUN      ] OosSqlTxn.RollbackInsert
30: [       OK ] OosSqlTxn.RollbackInsert (98 ms)
30: [ RUN      ] OosSqlTxn.RollbackUpdate
30: [       OK ] OosSqlTxn.RollbackUpdate (19 ms)
30: [ RUN      ] OosSqlTxn.CommittedDataPersists
30: [       OK ] OosSqlTxn.CommittedDataPersists (20 ms)
30: [ RUN      ] OosSqlTxn.RollbackMultiChunk
30: [       OK ] OosSqlTxn.RollbackMultiChunk (20 ms)
30: [ RUN      ] OosSqlTxn.ComboThenCommit
30: [       OK ] OosSqlTxn.ComboThenCommit (22 ms)
30: [ RUN      ] OosSqlTxn.RollbackDelete
30: [       OK ] OosSqlTxn.RollbackDelete (26 ms)
30: [ RUN      ] OosSqlTxn.DeleteCommit
30: [       OK ] OosSqlTxn.DeleteCommit (23 ms)
30: [ RUN      ] OosSqlTxn.DeleteRollback
30: [       OK ] OosSqlTxn.DeleteRollback (15 ms)
30: [----------] 8 tests from OosSqlTxn (246 ms total)
30: 
30: [----------] Global test environment tear-down
30: ##### Stopping Server For OOS SQL Testing #####
30: [==========] 8 tests from 1 test suite ran. (379 ms total)
30: [  PASSED  ] 8 tests.
20/38 Test #30: test_oos_sql_txn .................   Passed    0.40 sec
test 31
      Start 31: test_oos_sql_bigone

31: Test command: /home/vimkim/gh/cb/pr7925-02-record-owner/build_preset_debug_gcc/bin/test_oos_sql_bigone
31: Working Directory: /home/vimkim/gh/cb/pr7925-02-record-owner/build_preset_debug_gcc/unit_tests/oos/sql
31: Test timeout computed to be: 30
31: [==========] Running 4 tests from 1 test suite.
31: [----------] Global test environment set-up.
31: ##### Starting Server For OOS SQL Testing #####
31: will be written at ./test_oos_sql_log
31: [----------] 4 tests from OosSqlBigone
31: [ RUN      ] OosSqlBigone.OosColumnWithBigoneRejected
31: [       OK ] OosSqlBigone.OosColumnWithBigoneRejected (99 ms)
31: [ RUN      ] OosSqlBigone.BigoneWithoutOosColumnSucceeds
31: [       OK ] OosSqlBigone.BigoneWithoutOosColumnSucceeds (24 ms)
31: [ RUN      ] OosSqlBigone.OosColumnInlineBetween4kAnd16kSucceeds
31: [       OK ] OosSqlBigone.OosColumnInlineBetween4kAnd16kSucceeds (19 ms)
31: [ RUN      ] OosSqlBigone.UpdateIntoOosBigoneRejected
31: [       OK ] OosSqlBigone.UpdateIntoOosBigoneRejected (26 ms)
31: [----------] 4 tests from OosSqlBigone (169 ms total)
31: 
31: [----------] Global test environment tear-down
31: ##### Stopping Server For OOS SQL Testing #####
31: [==========] 4 tests from 1 test suite ran. (304 ms total)
31: [  PASSED  ] 4 tests.
21/38 Test #31: test_oos_sql_bigone ..............   Passed    0.33 sec
test 32
      Start 32: test_oos_sql_eager_cleanup

32: Test command: /home/vimkim/gh/cb/pr7925-02-record-owner/build_preset_debug_gcc/bin/test_oos_sql_eager_cleanup
32: Working Directory: /home/vimkim/gh/cb/pr7925-02-record-owner/build_preset_debug_gcc/unit_tests/oos/sql
32: Test timeout computed to be: 30
32: [==========] Running 12 tests from 1 test suite.
32: [----------] Global test environment set-up.
32: ##### Starting Server For OOS SQL Testing #####
32: will be written at ./test_oos_sql_log
32: [----------] 12 tests from OosEagerCleanup
32: [ RUN      ] OosEagerCleanup.SingleUpdateCleansOldOos
32: [       OK ] OosEagerCleanup.SingleUpdateCleansOldOos (106 ms)
32: [ RUN      ] OosEagerCleanup.MultipleUpdatesPagesBounded
32: [       OK ] OosEagerCleanup.MultipleUpdatesPagesBounded (46 ms)
32: [ RUN      ] OosEagerCleanup.MultiOosColumnUpdateCleanup
32: [       OK ] OosEagerCleanup.MultiOosColumnUpdateCleanup (49 ms)
32: [ RUN      ] OosEagerCleanup.UpdateChurnStress
32: [       OK ] OosEagerCleanup.UpdateChurnStress (127 ms)
32: [ RUN      ] OosEagerCleanup.StepByStepLifecycleWithPageCounts
32: [Step 1] After INSERT 10 rows:  5 OOS pages
32: [Step 2] After UPDATE round 1: 5 OOS pages (should stay ~5)
32: [Step 2] After UPDATE round 2: 5 OOS pages (should stay ~5)
32: [Step 2] After UPDATE round 3: 5 OOS pages (should stay ~5)
32: [       OK ] OosEagerCleanup.StepByStepLifecycleWithPageCounts (41 ms)
32: [ RUN      ] OosEagerCleanup.UpdateVaryingOosSizes
32: [       OK ] OosEagerCleanup.UpdateVaryingOosSizes (25 ms)
32: [ RUN      ] OosEagerCleanup.MixedColumnsUpdateOnlyOos
32: [       OK ] OosEagerCleanup.MixedColumnsUpdateOnlyOos (17 ms)
32: [ RUN      ] OosEagerCleanup.SingleDeleteCleansOos
32: [       OK ] OosEagerCleanup.SingleDeleteCleansOos (13 ms)
32: [ RUN      ] OosEagerCleanup.InsertDeleteChurnPagesBounded
32: [       OK ] OosEagerCleanup.InsertDeleteChurnPagesBounded (47 ms)
32: [ RUN      ] OosEagerCleanup.MultiChunkDeleteCleansAllChunks
32: [       OK ] OosEagerCleanup.MultiChunkDeleteCleansAllChunks (30 ms)
32: [ RUN      ] OosEagerCleanup.MultiOosColumnDeleteCleanup
32: [       OK ] OosEagerCleanup.MultiOosColumnDeleteCleanup (31 ms)
32: [ RUN      ] OosEagerCleanup.MixedFillerDeleteChurnPagesBounded
32: [       OK ] OosEagerCleanup.MixedFillerDeleteChurnPagesBounded (41 ms)
32: [----------] 12 tests from OosEagerCleanup (580 ms total)
32: 
32: [----------] Global test environment tear-down
32: ##### Stopping Server For OOS SQL Testing #####
32: [==========] 12 tests from 1 test suite ran. (708 ms total)
32: [  PASSED  ] 12 tests.
22/38 Test #32: test_oos_sql_eager_cleanup .......   Passed    0.73 sec
test 33
      Start 33: test_oos_sql_storage

33: Test command: /home/vimkim/gh/cb/pr7925-02-record-owner/build_preset_debug_gcc/bin/test_oos_sql_storage
33: Working Directory: /home/vimkim/gh/cb/pr7925-02-record-owner/build_preset_debug_gcc/unit_tests/oos/sql
33: Test timeout computed to be: 30
33: [==========] Running 25 tests from 1 test suite.
33: [----------] Global test environment set-up.
33: ##### Starting Server For OOS SQL Testing #####
33: will be written at ./test_oos_sql_log
33: [----------] 25 tests from OosSqlStorage
33: [ RUN      ] OosSqlStorage.CreateTablePersistsPreferInline
33: [       OK ] OosSqlStorage.CreateTablePersistsPreferInline (19 ms)
33: [ RUN      ] OosSqlStorage.CreateTablePersistsForceOutline
33: [       OK ] OosSqlStorage.CreateTablePersistsForceOutline (9 ms)
33: [ RUN      ] OosSqlStorage.DefaultColumnHasNoStorageClause
33: [       OK ] OosSqlStorage.DefaultColumnHasNoStorageClause (9 ms)
33: [ RUN      ] OosSqlStorage.ExplicitDefaultStorageClausesActAsDefault
33: [       OK ] OosSqlStorage.ExplicitDefaultStorageClausesActAsDefault (10 ms)
33: [ RUN      ] OosSqlStorage.CreateTableLikeCopiesPreferInline
33: [       OK ] OosSqlStorage.CreateTableLikeCopiesPreferInline (17 ms)
33: [ RUN      ] OosSqlStorage.CreateTableLikeCopiesForceOutline
33: [       OK ] OosSqlStorage.CreateTableLikeCopiesForceOutline (17 ms)
33: [ RUN      ] OosSqlStorage.SharedAttributeRejectsPreferInline
33: [       OK ] OosSqlStorage.SharedAttributeRejectsPreferInline (1 ms)
33: [ RUN      ] OosSqlStorage.CreateRejectsAllStorageSettingsForFixedTypes
33: [       OK ] OosSqlStorage.CreateRejectsAllStorageSettingsForFixedTypes (7 ms)
33: [ RUN      ] OosSqlStorage.CreateAcceptsStorageForPhysicalVariableTypes
33: [       OK ] OosSqlStorage.CreateAcceptsStorageForPhysicalVariableTypes (9 ms)
33: [ RUN      ] OosSqlStorage.VclassRejectsAllStorageSettings
33: [       OK ] OosSqlStorage.VclassRejectsAllStorageSettings (6 ms)
33: [ RUN      ] OosSqlStorage.AlterRejectsAllStorageSettingsForFixedTypes
33: [       OK ] OosSqlStorage.AlterRejectsAllStorageSettingsForFixedTypes (11 ms)
33: [ RUN      ] OosSqlStorage.AlterAddDuplicateAttributeKeepsDuplicateErrorPrecedence
33: [       OK ] OosSqlStorage.AlterAddDuplicateAttributeKeepsDuplicateErrorPrecedence (8 ms)
33: [ RUN      ] OosSqlStorage.AlterModifyClassAttributeReportsNonNormalAttributeError
33: [       OK ] OosSqlStorage.AlterModifyClassAttributeReportsNonNormalAttributeError (8 ms)
33: [ RUN      ] OosSqlStorage.AlterChangeClassAttributeReportsNonNormalAttributeError
33: [       OK ] OosSqlStorage.AlterChangeClassAttributeReportsNonNormalAttributeError (8 ms)
33: [ RUN      ] OosSqlStorage.AlterChangeClassAttributePreservesConstraintValidation
33: [       OK ] OosSqlStorage.AlterChangeClassAttributePreservesConstraintValidation (8 ms)
33: [ RUN      ] OosSqlStorage.ForceOutlineRejectsUnsupportedAttributes
33: [       OK ] OosSqlStorage.ForceOutlineRejectsUnsupportedAttributes (11 ms)
33: [ RUN      ] OosSqlStorage.AlterModifyAddsAndDropsPreferInline
33: [       OK ] OosSqlStorage.AlterModifyAddsAndDropsPreferInline (25 ms)
33: [ RUN      ] OosSqlStorage.AlterModifyPreservesAndTransitionsForceOutline
33: [       OK ] OosSqlStorage.AlterModifyPreservesAndTransitionsForceOutline (21 ms)
33: [ RUN      ] OosSqlStorage.AlterModifyDropsForceOutlineForFixedType
33: [       OK ] OosSqlStorage.AlterModifyDropsForceOutlineForFixedType (137 ms)
33: [ RUN      ] OosSqlStorage.AlterModifyDropsPreferInlineForFixedType
33: [       OK ] OosSqlStorage.AlterModifyDropsPreferInlineForFixedType (381 ms)
33: [ RUN      ] OosSqlStorage.FailedExplicitFixedTypeAlterPreservesSchemaAndData
33: [       OK ] OosSqlStorage.FailedExplicitFixedTypeAlterPreservesSchemaAndData (78 ms)
33: [ RUN      ] OosSqlStorage.ForceOutlineBypassesRecordGateOnlyAboveInlineStubSize
33: [       OK ] OosSqlStorage.ForceOutlineBypassesRecordGateOnlyAboveInlineStubSize (96 ms)
33: [ RUN      ] OosSqlStorage.AlterForceOutlineAppliesOnlyAfterRewrite
33: [       OK ] OosSqlStorage.AlterForceOutlineAppliesOnlyAfterRewrite (117 ms)
33: [ RUN      ] OosSqlStorage.ForceOutlineRemainsNonReservedIdentifier
33: [       OK ] OosSqlStorage.ForceOutlineRemainsNonReservedIdentifier (332 ms)
33: [ RUN      ] OosSqlStorage.PreferInlineColumnRoundTripsLargeValue
33: [       OK ] OosSqlStorage.PreferInlineColumnRoundTripsLargeValue (14 ms)
33: [----------] 25 tests from OosSqlStorage (1373 ms total)
33: 
33: [----------] Global test environment tear-down
33: ##### Stopping Server For OOS SQL Testing #####
33: [==========] 25 tests from 1 test suite ran. (1476 ms total)
33: [  PASSED  ] 25 tests.
23/38 Test #33: test_oos_sql_storage .............   Passed    1.50 sec
test 34
      Start 34: test_oos_sql_show

34: Test command: /home/vimkim/gh/cb/pr7925-02-record-owner/build_preset_debug_gcc/bin/test_oos_sql_show
34: Working Directory: /home/vimkim/gh/cb/pr7925-02-record-owner/build_preset_debug_gcc/unit_tests/oos/sql
34: Test timeout computed to be: 30
34: [==========] Running 4 tests from 1 test suite.
34: [----------] Global test environment set-up.
34: ##### Starting Server For OOS SQL Testing #####
34: will be written at ./test_oos_sql_log
34: [----------] 4 tests from OosSqlShow
34: [ RUN      ] OosSqlShow.HeapWithoutOosReportsZeroStats
34: [       OK ] OosSqlShow.HeapWithoutOosReportsZeroStats (15 ms)
34: [ RUN      ] OosSqlShow.HeapWithOosReportsPositiveStats
34: [       OK ] OosSqlShow.HeapWithOosReportsPositiveStats (10 ms)
34: [ RUN      ] OosSqlShow.ShowAllHeapOosRunsForNonPartitionedClass
34: [       OK ] OosSqlShow.ShowAllHeapOosRunsForNonPartitionedClass (10 ms)
34: [ RUN      ] OosSqlShow.ShowAllHeapOosReportsPartitionRows
34: [       OK ] OosSqlShow.ShowAllHeapOosReportsPartitionRows (26 ms)
34: [----------] 4 tests from OosSqlShow (64 ms total)
34: 
34: [----------] Global test environment tear-down
34: ##### Stopping Server For OOS SQL Testing #####
34: [==========] 4 tests from 1 test suite ran. (164 ms total)
34: [  PASSED  ] 4 tests.
24/38 Test #34: test_oos_sql_show ................   Passed    0.19 sec
test 35
      Start 35: test_oos_sql_deferred_write

35: Test command: /home/vimkim/gh/cb/pr7925-02-record-owner/build_preset_debug_gcc/bin/test_oos_sql_deferred_write
35: Working Directory: /home/vimkim/gh/cb/pr7925-02-record-owner/build_preset_debug_gcc/unit_tests/oos/sql
35: Test timeout computed to be: 180
35: [==========] Running 36 tests from 2 test suites.
35: [----------] Global test environment set-up.
35: ##### Starting Server For OOS SQL Testing #####
35: will be written at ./test_oos_sql_log
35: [----------] 35 tests from OosSqlDeferredWrite
35: [ RUN      ] OosSqlDeferredWrite.InsertOwnsOosInDestinationHeap
35: [       OK ] OosSqlDeferredWrite.InsertOwnsOosInDestinationHeap (34 ms)
35: [ RUN      ] OosSqlDeferredWrite.RawClientInsertOwnsDestinationOos
35: [       OK ] OosSqlDeferredWrite.RawClientInsertOwnsDestinationOos (9 ms)
35: [ RUN      ] OosSqlDeferredWrite.WorkspacePartitionInsertAndMovementOwnDestination
35: [       OK ] OosSqlDeferredWrite.WorkspacePartitionInsertAndMovementOwnDestination (31 ms)
35: [ RUN      ] OosSqlDeferredWrite.RedistributionRewritesMultichunkValuesAtDestination
35: [       OK ] OosSqlDeferredWrite.RedistributionRewritesMultichunkValuesAtDestination (49 ms)
35: [ RUN      ] OosSqlDeferredWrite.RawCopyAreaRoutesInsertAndMovementWithoutChangingPayload
35: [       OK ] OosSqlDeferredWrite.RawCopyAreaRoutesInsertAndMovementWithoutChangingPayload (28 ms)
35: [ RUN      ] OosSqlDeferredWrite.RawClientUpdatePreservesUnassignedValuesAndRollsBackFailure
35: [       OK ] OosSqlDeferredWrite.RawClientUpdatePreservesUnassignedValuesAndRollsBackFailure (18 ms)
35: [ RUN      ] OosSqlDeferredWrite.PrefetchSkipsUnexpandedOosNeighbors
35: [       OK ] OosSqlDeferredWrite.PrefetchSkipsUnexpandedOosNeighbors (7 ms)
35: [ RUN      ] OosSqlDeferredWrite.PendingReferencesResolveAndFinalizeInPlace
35: [       OK ] OosSqlDeferredWrite.PendingReferencesResolveAndFinalizeInPlace (14438 ms)
35: [ RUN      ] OosSqlDeferredWrite.FinalizationResetsPublicationOnceAndFailureCannotRetry
35: [       OK ] OosSqlDeferredWrite.FinalizationResetsPublicationOnceAndFailureCannotRetry (3883 ms)
35: [ RUN      ] OosSqlDeferredWrite.SerializedPreparationPreservesMvccAndOutlivesSource
35: [       OK ] OosSqlDeferredWrite.SerializedPreparationPreservesMvccAndOutlivesSource (6 ms)
35: [ RUN      ] OosSqlDeferredWrite.RedistributionFailurePreservesSourceAndNextOperation
35: [       OK ] OosSqlDeferredWrite.RedistributionFailurePreservesSourceAndNextOperation (12229 ms)
35: [ RUN      ] OosSqlDeferredWrite.InternalAndAddressReservationsBypassPreparation
35: [       OK ] OosSqlDeferredWrite.InternalAndAddressReservationsBypassPreparation (15 ms)
35: [ RUN      ] OosSqlDeferredWrite.ForcedOutlineKeyRoutesFromPreparedBytes
35: [       OK ] OosSqlDeferredWrite.ForcedOutlineKeyRoutesFromPreparedBytes (26 ms)
35: [ RUN      ] OosSqlDeferredWrite.RejectedDestinationCreatesNoOosAndNextInsertSucceeds
35: [       OK ] OosSqlDeferredWrite.RejectedDestinationCreatesNoOosAndNextInsertSucceeds (11844 ms)
35: [ RUN      ] OosSqlDeferredWrite.LobPreparationPreservesSourceAndDestinationValues
35: [       OK ] OosSqlDeferredWrite.LobPreparationPreservesSourceAndDestinationValues (61 ms)
35: [ RUN      ] OosSqlDeferredWrite.SupportedPartitionDomainsPreserveValuesAndOwnership
35: [       OK ] OosSqlDeferredWrite.SupportedPartitionDomainsPreserveValuesAndOwnership (422 ms)
35: [ RUN      ] OosSqlDeferredWrite.LoaderQueueRetainsClearedInputsAndRollsBackBulkFailure
35: [       OK ] OosSqlDeferredWrite.LoaderQueueRetainsClearedInputsAndRollsBackBulkFailure (1062 ms)
35: [ RUN      ] OosSqlDeferredWrite.AllocationAndStorageFailureLeaveNextInsertUsable
35: [       OK ] OosSqlDeferredWrite.AllocationAndStorageFailureLeaveNextInsertUsable (2537 ms)
35: [ RUN      ] OosSqlDeferredWrite.ConstraintFailureAfterOosAllowsNextInsert
35: [       OK ] OosSqlDeferredWrite.ConstraintFailureAfterOosAllowsNextInsert (16 ms)
35: [ RUN      ] OosSqlDeferredWrite.DuplicateProbesDoNotPersistCandidateValues
35: [       OK ] OosSqlDeferredWrite.DuplicateProbesDoNotPersistCandidateValues (77 ms)
35: [ RUN      ] OosSqlDeferredWrite.DuplicateProbesReadCompositeKeys
35: [       OK ] OosSqlDeferredWrite.DuplicateProbesReadCompositeKeys (37 ms)
35: [ RUN      ] OosSqlDeferredWrite.DuplicateProbesPreserveFunctionIndexesAndCompressedCompositeKeys
35: [       OK ] OosSqlDeferredWrite.DuplicateProbesPreserveFunctionIndexesAndCompressedCompositeKeys (102 ms)
35: [ RUN      ] OosSqlDeferredWrite.AbandonedDuplicateCandidateDoesNotWriteOos
35: [       OK ] OosSqlDeferredWrite.AbandonedDuplicateCandidateDoesNotWriteOos (62 ms)
35: [ RUN      ] OosSqlDeferredWrite.DuplicateProbeFailuresLeaveNextWriteUsable
35: [       OK ] OosSqlDeferredWrite.DuplicateProbeFailuresLeaveNextWriteUsable (4069 ms)
35: [ RUN      ] OosSqlDeferredWrite.DuplicateProbesPreserveLobValuesAndRollback
35: [       OK ] OosSqlDeferredWrite.DuplicateProbesPreserveLobValuesAndRollback (48 ms)
35: [ RUN      ] OosSqlDeferredWrite.ReplaceProbeReadsOutlinedCandidateAgainstInlineExistingKey
35: [       OK ] OosSqlDeferredWrite.ReplaceProbeReadsOutlinedCandidateAgainstInlineExistingKey (15 ms)
35: [ RUN      ] OosSqlDeferredWrite.DuplicateProbesPreserveMultipleUniqueConstraintsAndForeignKeys
35: [       OK ] OosSqlDeferredWrite.DuplicateProbesPreserveMultipleUniqueConstraintsAndForeignKeys (99 ms)
35: [ RUN      ] OosSqlDeferredWrite.UpdateMovementAllocatesOnlyAtDestination
35: [       OK ] OosSqlDeferredWrite.UpdateMovementAllocatesOnlyAtDestination (81 ms)
35: [ RUN      ] OosSqlDeferredWrite.UpdateDomainsPreserveUnassignedValuesThroughMovementAndRollback
35: [       OK ] OosSqlDeferredWrite.UpdateDomainsPreserveUnassignedValuesThroughMovementAndRollback (703 ms)
35: [ RUN      ] OosSqlDeferredWrite.UpdateForcedKeyUsesCanonicalValueAndRejectsWrongPartition
35: [       OK ] OosSqlDeferredWrite.UpdateForcedKeyUsesCanonicalValueAndRejectsWrongPartition (37 ms)
35: [ RUN      ] OosSqlDeferredWrite.UpdateLayoutGrowthAndLobOverwritePreserveValues
35: [       OK ] OosSqlDeferredWrite.UpdateLayoutGrowthAndLobOverwritePreserveValues (94 ms)
35: [ RUN      ] OosSqlDeferredWrite.UpdateFailureClearsPublicationAndRollsBackBothDestinations
35: [       OK ] OosSqlDeferredWrite.UpdateFailureClearsPublicationAndRollsBackBothDestinations (5780 ms)
35: [ RUN      ] OosSqlDeferredWrite.UpdateIndexFailureRollsBackMovementAndNonmovement
35: [       OK ] OosSqlDeferredWrite.UpdateIndexFailureRollsBackMovementAndNonmovement (45 ms)
35: [ RUN      ] OosSqlDeferredWrite.NonpartitionedUpdateChecksForeignKeysAfterFinalization
35: [       OK ] OosSqlDeferredWrite.NonpartitionedUpdateChecksForeignKeysAfterFinalization (30 ms)
35: [ RUN      ] OosSqlDeferredWrite.RollbackPreservesMultiChunkValuesAndLiveOwnership
35: [       OK ] OosSqlDeferredWrite.RollbackPreservesMultiChunkValuesAndLiveOwnership (74 ms)
35: [----------] 35 tests from OosSqlDeferredWrite (58086 ms total)
35: 
35: [----------] 1 test from OosSqlPacking
35: [ RUN      ] OosSqlPacking.GenericDescriptorsPreserveArbitraryBytes
35: [       OK ] OosSqlPacking.GenericDescriptorsPreserveArbitraryBytes (0 ms)
35: [----------] 1 test from OosSqlPacking (0 ms total)
35: 
35: [----------] Global test environment tear-down
35: ##### Stopping Server For OOS SQL Testing #####
35: [==========] 36 tests from 2 test suites ran. (58261 ms total)
35: [  PASSED  ] 36 tests.
25/38 Test #35: test_oos_sql_deferred_write ......   Passed   58.29 sec
test 36
      Start 36: test_oos_sql_visible_version

36: Test command: /home/vimkim/gh/cb/pr7925-02-record-owner/build_preset_debug_gcc/bin/test_oos_sql_visible_version
36: Working Directory: /home/vimkim/gh/cb/pr7925-02-record-owner/build_preset_debug_gcc/unit_tests/oos/sql
36: Test timeout computed to be: 30
36: [==========] Running 2 tests from 1 test suite.
36: [----------] Global test environment set-up.
36: ##### Starting Server For OOS SQL Testing #####
36: will be written at ./test_oos_sql_log
36: [----------] 2 tests from OosSqlVisibleVersion
36: [ RUN      ] OosSqlVisibleVersion.ScanrangeNextFirstObjectFetchDoesNotExpandWholeRecord
36: [       OK ] OosSqlVisibleVersion.ScanrangeNextFirstObjectFetchDoesNotExpandWholeRecord (37 ms)
36: [ RUN      ] OosSqlVisibleVersion.LargeOldRecordUpdateDoesNotExpandWholeRecord
36: [       OK ] OosSqlVisibleVersion.LargeOldRecordUpdateDoesNotExpandWholeRecord (21 ms)
36: [----------] 2 tests from OosSqlVisibleVersion (58 ms total)
36: 
36: [----------] Global test environment tear-down
36: ##### Stopping Server For OOS SQL Testing #####
36: [==========] 2 tests from 1 test suite ran. (173 ms total)
36: [  PASSED  ] 2 tests.
26/38 Test #36: test_oos_sql_visible_version .....   Passed    0.20 sec
test 37
      Start 37: test_oos_sql_workspace_bytes

37: Test command: /home/vimkim/gh/cb/pr7925-02-record-owner/build_preset_debug_gcc/bin/test_oos_sql_workspace_bytes
37: Working Directory: /home/vimkim/gh/cb/pr7925-02-record-owner/build_preset_debug_gcc/unit_tests/oos/sql
37: Test timeout computed to be: 30
37: [==========] Running 21 tests from 2 test suites.
37: [----------] Global test environment set-up.
37: ##### Starting Server For OOS SQL Testing #####
37: will be written at ./test_oos_sql_log
37: [----------] 8 tests from OosWorkspaceBytes
37: [ RUN      ] OosWorkspaceBytes.TinyNullAndEmptyValues
37: [       OK ] OosWorkspaceBytes.TinyNullAndEmptyValues (38 ms)
37: [ RUN      ] OosWorkspaceBytes.LargestFirstAndPreferInline
37: [       OK ] OosWorkspaceBytes.LargestFirstAndPreferInline (15 ms)
37: [ RUN      ] OosWorkspaceBytes.EqualSizeTie
37: [       OK ] OosWorkspaceBytes.EqualSizeTie (11 ms)
37: [ RUN      ] OosWorkspaceBytes.OffsetWidthShrinksAfterForcedDemotion
37: [       OK ] OosWorkspaceBytes.OffsetWidthShrinksAfterForcedDemotion (17 ms)
37: [ RUN      ] OosWorkspaceBytes.CompressedStringAndJson
37: [       OK ] OosWorkspaceBytes.CompressedStringAndJson (21 ms)
37: [ RUN      ] OosWorkspaceBytes.CollectionSerializedBytes
37: [       OK ] OosWorkspaceBytes.CollectionSerializedBytes (17 ms)
37: [ RUN      ] OosWorkspaceBytes.WideVotAndManyAttributes
37: [       OK ] OosWorkspaceBytes.WideVotAndManyAttributes (116 ms)
37: [ RUN      ] OosWorkspaceBytes.OldDiskRepresentationIsConvertedBeforeWorkspaceSerialization
37: [       OK ] OosWorkspaceBytes.OldDiskRepresentationIsConvertedBeforeWorkspaceSerialization (16 ms)
37: [----------] 8 tests from OosWorkspaceBytes (255 ms total)
37: 
37: [----------] 13 tests from EncodingAndVotBoundaries/OosWorkspaceSizeBoundary
37: [ RUN      ] EncodingAndVotBoundaries/OosWorkspaceSizeBoundary.SerializedSizesMatchValueSizes/0
37: [       OK ] EncodingAndVotBoundaries/OosWorkspaceSizeBoundary.SerializedSizesMatchValueSizes/0 (18 ms)
37: [ RUN      ] EncodingAndVotBoundaries/OosWorkspaceSizeBoundary.SerializedSizesMatchValueSizes/1
37: [       OK ] EncodingAndVotBoundaries/OosWorkspaceSizeBoundary.SerializedSizesMatchValueSizes/1 (13 ms)
37: [ RUN      ] EncodingAndVotBoundaries/OosWorkspaceSizeBoundary.SerializedSizesMatchValueSizes/2
37: [       OK ] EncodingAndVotBoundaries/OosWorkspaceSizeBoundary.SerializedSizesMatchValueSizes/2 (13 ms)
37: [ RUN      ] EncodingAndVotBoundaries/OosWorkspaceSizeBoundary.SerializedSizesMatchValueSizes/3
37: [       OK ] EncodingAndVotBoundaries/OosWorkspaceSizeBoundary.SerializedSizesMatchValueSizes/3 (12 ms)
37: [ RUN      ] EncodingAndVotBoundaries/OosWorkspaceSizeBoundary.SerializedSizesMatchValueSizes/4
37: [       OK ] EncodingAndVotBoundaries/OosWorkspaceSizeBoundary.SerializedSizesMatchValueSizes/4 (13 ms)
37: [ RUN      ] EncodingAndVotBoundaries/OosWorkspaceSizeBoundary.SerializedSizesMatchValueSizes/5
37: [       OK ] EncodingAndVotBoundaries/OosWorkspaceSizeBoundary.SerializedSizesMatchValueSizes/5 (13 ms)
37: [ RUN      ] EncodingAndVotBoundaries/OosWorkspaceSizeBoundary.SerializedSizesMatchValueSizes/6
37: [       OK ] EncodingAndVotBoundaries/OosWorkspaceSizeBoundary.SerializedSizesMatchValueSizes/6 (13 ms)
37: [ RUN      ] EncodingAndVotBoundaries/OosWorkspaceSizeBoundary.SerializedSizesMatchValueSizes/7
37: [       OK ] EncodingAndVotBoundaries/OosWorkspaceSizeBoundary.SerializedSizesMatchValueSizes/7 (13 ms)
37: [ RUN      ] EncodingAndVotBoundaries/OosWorkspaceSizeBoundary.SerializedSizesMatchValueSizes/8
37: [       OK ] EncodingAndVotBoundaries/OosWorkspaceSizeBoundary.SerializedSizesMatchValueSizes/8 (13 ms)
37: [ RUN      ] EncodingAndVotBoundaries/OosWorkspaceSizeBoundary.SerializedSizesMatchValueSizes/9
37: [       OK ] EncodingAndVotBoundaries/OosWorkspaceSizeBoundary.SerializedSizesMatchValueSizes/9 (13 ms)
37: [ RUN      ] EncodingAndVotBoundaries/OosWorkspaceSizeBoundary.SerializedSizesMatchValueSizes/10
37: [       OK ] EncodingAndVotBoundaries/OosWorkspaceSizeBoundary.SerializedSizesMatchValueSizes/10 (15 ms)
37: [ RUN      ] EncodingAndVotBoundaries/OosWorkspaceSizeBoundary.SerializedSizesMatchValueSizes/11
37: [       OK ] EncodingAndVotBoundaries/OosWorkspaceSizeBoundary.SerializedSizesMatchValueSizes/11 (14 ms)
37: [ RUN      ] EncodingAndVotBoundaries/OosWorkspaceSizeBoundary.SerializedSizesMatchValueSizes/12
37: [       OK ] EncodingAndVotBoundaries/OosWorkspaceSizeBoundary.SerializedSizesMatchValueSizes/12 (16 ms)
37: [----------] 13 tests from EncodingAndVotBoundaries/OosWorkspaceSizeBoundary (185 ms total)
37: 
37: [----------] Global test environment tear-down
37: ##### Stopping Server For OOS SQL Testing #####
37: [==========] 21 tests from 2 test suites ran. (553 ms total)
37: [  PASSED  ] 21 tests.
27/38 Test #37: test_oos_sql_workspace_bytes .....   Passed    0.58 sec
test 2
      Start  2: oos_cleanup_db

2: Test command: /usr/bin/cmake "-E" "env" "CUBRID=/home/vimkim/.cub/install/pr7925-02-record-owner/debug_gcc" "CUBRID_DATABASES=/home/vimkim/gh/cb/pr7925-02-record-owner/.cub-workenv/databases" "PATH=/home/vimkim/gh/cb/pr7925-02-record-owner/build_preset_debug_gcc/vm/jdk8/bin:/home/vimkim/gh/ctp/run-sql/CTP/bin:/home/vimkim/gh/ctp/run-sql/CTP/common/script:/home/vimkim/.local/opt/bison-3.0.5/bin:/home/vimkim/.cub/install/pr7925-02-record-owner/debug_gcc/bin:/home/vimkim/.config/my-scripts/bin:/home/vimkim/.local/bin:/home/linuxbrew/.linuxbrew/sbin:/usr/share/Modules/bin:/usr/lib64/ccache:/home/vimkim/.codex/packages/standalone/releases/0.160.1-x86_64-unknown-linux-musl/codex-path:/home/vimkim/.codex/tmp/arg0/codex-arg0lnPnJk:/home/vimkim/.codex/tmp/arg0/codex-arg0e3Wmnf:/home/vimkim/.codex/packages/standalone/releases/0.160.0-x86_64-unknown-linux-musl/codex-path:/home/vimkim/.codex/tmp/arg0/codex-arg0rkaV8A:/home/vimkim/.codex/packages/standalone/releases/0.159.3-x86_64-unknown-linux-musl/codex-path:/home/vimkim/.codex/tmp/arg0/codex-arg0Eiz5FQ:/home/vimkim/.codex/packages/standalone/releases/0.159.2-x86_64-unknown-linux-musl/codex-path:/home/vimkim/.codex/tmp/arg0/codex-arg0UZCYf0:/home/vimkim/.codex/packages/standalone/releases/0.159.1-x86_64-unknown-linux-musl/codex-path:/home/vimkim/.codex/tmp/arg0/codex-arg006SEr5:/home/vimkim/.codex/packages/standalone/releases/0.159.0-x86_64-unknown-linux-musl/codex-path:/home/vimkim/.codex/tmp/arg0/codex-arg0Sdrd24:/home/vimkim/.codex/packages/standalone/releases/0.158.0-x86_64-unknown-linux-musl/codex-path:/home/vimkim/.codex/tmp/arg0/codex-arg0mOvekQ:/home/vimkim/.codex/packages/standalone/releases/0.157.1-x86_64-unknown-linux-musl/codex-path:/home/vimkim/.codex/tmp/arg0/codex-arg0jzxIFn:/home/vimkim/.codex/packages/standalone/releases/0.157.0-x86_64-unknown-linux-musl/codex-path:/home/vimkim/.codex/tmp/arg0/codex-arg0lJR4wu:/home/vimkim/.cargo/bin:/home/vimkim/.local/share/mise/installs/bun/latest/bin:/home/vimkim/.local/share/mise/installs/go/1.27.1/bin:/home/vimkim/.local/share/mise/installs/java/temurin-8.0.462+8/bin:/home/vimkim/.local/share/mise/installs/node/latest/bin:/home/vimkim/.local/share/mise/installs/python/latest/bin:/home/vimkim/.local/share/mise/shims:/opt/bison-3.0.5/bin/:/home/vimkim/mybin/:/home/vimkim/my-cubrid/bin/:/home/linuxbrew/.linuxbrew/bin:/home/vimkim/.nix-profile/bin/:/nix/var/nix/profiles/default/bin/:/usr/local/bin:/usr/bin:/usr/local/sbin:/usr/sbin" "bash" "/home/vimkim/gh/cb/pr7925-02-record-owner/unit_tests/oos/scripts/cleanup_unittestdb.sh"
2: Working Directory: /home/vimkim/gh/cb/pr7925-02-record-owner/build_preset_debug_gcc/unit_tests/oos
2: Test timeout computed to be: 30
2: @ cubrid server stop: unittestdb
2: ++ cubrid server 'unittestdb' is not running.
28/38 Test  #2: oos_cleanup_db ...................   Passed    0.24 sec
test 3
      Start  3: oos_setup_no_logging_db

3: Test command: /usr/bin/cmake "-E" "env" "CUBRID=/home/vimkim/.cub/install/pr7925-02-record-owner/debug_gcc" "CUBRID_DATABASES=/home/vimkim/gh/cb/pr7925-02-record-owner/.cub-workenv/databases" "PATH=/home/vimkim/gh/cb/pr7925-02-record-owner/build_preset_debug_gcc/vm/jdk8/bin:/home/vimkim/gh/ctp/run-sql/CTP/bin:/home/vimkim/gh/ctp/run-sql/CTP/common/script:/home/vimkim/.local/opt/bison-3.0.5/bin:/home/vimkim/.cub/install/pr7925-02-record-owner/debug_gcc/bin:/home/vimkim/.config/my-scripts/bin:/home/vimkim/.local/bin:/home/linuxbrew/.linuxbrew/sbin:/usr/share/Modules/bin:/usr/lib64/ccache:/home/vimkim/.codex/packages/standalone/releases/0.160.1-x86_64-unknown-linux-musl/codex-path:/home/vimkim/.codex/tmp/arg0/codex-arg0lnPnJk:/home/vimkim/.codex/tmp/arg0/codex-arg0e3Wmnf:/home/vimkim/.codex/packages/standalone/releases/0.160.0-x86_64-unknown-linux-musl/codex-path:/home/vimkim/.codex/tmp/arg0/codex-arg0rkaV8A:/home/vimkim/.codex/packages/standalone/releases/0.159.3-x86_64-unknown-linux-musl/codex-path:/home/vimkim/.codex/tmp/arg0/codex-arg0Eiz5FQ:/home/vimkim/.codex/packages/standalone/releases/0.159.2-x86_64-unknown-linux-musl/codex-path:/home/vimkim/.codex/tmp/arg0/codex-arg0UZCYf0:/home/vimkim/.codex/packages/standalone/releases/0.159.1-x86_64-unknown-linux-musl/codex-path:/home/vimkim/.codex/tmp/arg0/codex-arg006SEr5:/home/vimkim/.codex/packages/standalone/releases/0.159.0-x86_64-unknown-linux-musl/codex-path:/home/vimkim/.codex/tmp/arg0/codex-arg0Sdrd24:/home/vimkim/.codex/packages/standalone/releases/0.158.0-x86_64-unknown-linux-musl/codex-path:/home/vimkim/.codex/tmp/arg0/codex-arg0mOvekQ:/home/vimkim/.codex/packages/standalone/releases/0.157.1-x86_64-unknown-linux-musl/codex-path:/home/vimkim/.codex/tmp/arg0/codex-arg0jzxIFn:/home/vimkim/.codex/packages/standalone/releases/0.157.0-x86_64-unknown-linux-musl/codex-path:/home/vimkim/.codex/tmp/arg0/codex-arg0lJR4wu:/home/vimkim/.cargo/bin:/home/vimkim/.local/share/mise/installs/bun/latest/bin:/home/vimkim/.local/share/mise/installs/go/1.27.1/bin:/home/vimkim/.local/share/mise/installs/java/temurin-8.0.462+8/bin:/home/vimkim/.local/share/mise/installs/node/latest/bin:/home/vimkim/.local/share/mise/installs/python/latest/bin:/home/vimkim/.local/share/mise/shims:/opt/bison-3.0.5/bin/:/home/vimkim/mybin/:/home/vimkim/my-cubrid/bin/:/home/linuxbrew/.linuxbrew/bin:/home/vimkim/.nix-profile/bin/:/nix/var/nix/profiles/default/bin/:/usr/local/bin:/usr/bin:/usr/local/sbin:/usr/sbin" "bash" "/home/vimkim/gh/cb/pr7925-02-record-owner/unit_tests/oos/scripts/setup_isolated_db.sh" "oosnologdb"
3: Working Directory: /home/vimkim/gh/cb/pr7925-02-record-owner/build_preset_debug_gcc/unit_tests/oos
3: Test timeout computed to be: 180
3: @ cubrid server stop: oosnologdb
3: ++ cubrid server 'oosnologdb' is not running.
3: Creating database with 64.0M size using locale en_US.utf8. The total amount of disk space needed is 104.0M.
3: 
3: CUBRID 11.5.0 (11.5.0.2651) (64 debug build)
3: 
29/38 Test  #3: oos_setup_no_logging_db ..........   Passed    2.52 sec
test 11
      Start 11: test_oos_no_logging

11: Test command: /home/vimkim/gh/cb/pr7925-02-record-owner/build_preset_debug_gcc/bin/test_oos_no_logging
11: Working Directory: /home/vimkim/gh/cb/pr7925-02-record-owner/build_preset_debug_gcc/unit_tests/oos
11: Test timeout computed to be: 120
11: [==========] Running 1 test from 1 test suite.
11: [----------] Global test environment set-up.
11: ##### Starting Server For OOS Unit Testing (oosnologdb) #####
11: will be written at ./test_oos_no_logging_log
11: [----------] 1 test from OosNoLoggingTest
11: [ RUN      ] OosNoLoggingTest.SlotReuseSeparatesStampsWithLoggingRepeatsThemWithoutAndLoadsStillReadBack
11: [       OK ] OosNoLoggingTest.SlotReuseSeparatesStampsWithLoggingRepeatsThemWithoutAndLoadsStillReadBack (30 ms)
11: [----------] 1 test from OosNoLoggingTest (30 ms total)
11: 
11: [----------] Global test environment tear-down
11: ##### Stopping Server For OOS Unit Testing #####
11: [==========] 1 test from 1 test suite ran. (141 ms total)
11: [  PASSED  ] 1 test.
30/38 Test #11: test_oos_no_logging ..............   Passed    0.17 sec
test 4
      Start  4: oos_cleanup_no_logging_db

4: Test command: /usr/bin/cmake "-E" "env" "CUBRID=/home/vimkim/.cub/install/pr7925-02-record-owner/debug_gcc" "CUBRID_DATABASES=/home/vimkim/gh/cb/pr7925-02-record-owner/.cub-workenv/databases" "PATH=/home/vimkim/gh/cb/pr7925-02-record-owner/build_preset_debug_gcc/vm/jdk8/bin:/home/vimkim/gh/ctp/run-sql/CTP/bin:/home/vimkim/gh/ctp/run-sql/CTP/common/script:/home/vimkim/.local/opt/bison-3.0.5/bin:/home/vimkim/.cub/install/pr7925-02-record-owner/debug_gcc/bin:/home/vimkim/.config/my-scripts/bin:/home/vimkim/.local/bin:/home/linuxbrew/.linuxbrew/sbin:/usr/share/Modules/bin:/usr/lib64/ccache:/home/vimkim/.codex/packages/standalone/releases/0.160.1-x86_64-unknown-linux-musl/codex-path:/home/vimkim/.codex/tmp/arg0/codex-arg0lnPnJk:/home/vimkim/.codex/tmp/arg0/codex-arg0e3Wmnf:/home/vimkim/.codex/packages/standalone/releases/0.160.0-x86_64-unknown-linux-musl/codex-path:/home/vimkim/.codex/tmp/arg0/codex-arg0rkaV8A:/home/vimkim/.codex/packages/standalone/releases/0.159.3-x86_64-unknown-linux-musl/codex-path:/home/vimkim/.codex/tmp/arg0/codex-arg0Eiz5FQ:/home/vimkim/.codex/packages/standalone/releases/0.159.2-x86_64-unknown-linux-musl/codex-path:/home/vimkim/.codex/tmp/arg0/codex-arg0UZCYf0:/home/vimkim/.codex/packages/standalone/releases/0.159.1-x86_64-unknown-linux-musl/codex-path:/home/vimkim/.codex/tmp/arg0/codex-arg006SEr5:/home/vimkim/.codex/packages/standalone/releases/0.159.0-x86_64-unknown-linux-musl/codex-path:/home/vimkim/.codex/tmp/arg0/codex-arg0Sdrd24:/home/vimkim/.codex/packages/standalone/releases/0.158.0-x86_64-unknown-linux-musl/codex-path:/home/vimkim/.codex/tmp/arg0/codex-arg0mOvekQ:/home/vimkim/.codex/packages/standalone/releases/0.157.1-x86_64-unknown-linux-musl/codex-path:/home/vimkim/.codex/tmp/arg0/codex-arg0jzxIFn:/home/vimkim/.codex/packages/standalone/releases/0.157.0-x86_64-unknown-linux-musl/codex-path:/home/vimkim/.codex/tmp/arg0/codex-arg0lJR4wu:/home/vimkim/.cargo/bin:/home/vimkim/.local/share/mise/installs/bun/latest/bin:/home/vimkim/.local/share/mise/installs/go/1.27.1/bin:/home/vimkim/.local/share/mise/installs/java/temurin-8.0.462+8/bin:/home/vimkim/.local/share/mise/installs/node/latest/bin:/home/vimkim/.local/share/mise/installs/python/latest/bin:/home/vimkim/.local/share/mise/shims:/opt/bison-3.0.5/bin/:/home/vimkim/mybin/:/home/vimkim/my-cubrid/bin/:/home/linuxbrew/.linuxbrew/bin:/home/vimkim/.nix-profile/bin/:/nix/var/nix/profiles/default/bin/:/usr/local/bin:/usr/bin:/usr/local/sbin:/usr/sbin" "bash" "/home/vimkim/gh/cb/pr7925-02-record-owner/unit_tests/oos/scripts/cleanup_isolated_db.sh" "oosnologdb"
4: Working Directory: /home/vimkim/gh/cb/pr7925-02-record-owner/build_preset_debug_gcc/unit_tests/oos
4: Test timeout computed to be: 60
4: @ cubrid server stop: oosnologdb
4: ++ cubrid server 'oosnologdb' is not running.
31/38 Test  #4: oos_cleanup_no_logging_db ........   Passed    0.21 sec
test 5
      Start  5: oos_setup_recovery_db

5: Test command: /usr/bin/cmake "-E" "env" "CUBRID=/home/vimkim/.cub/install/pr7925-02-record-owner/debug_gcc" "CUBRID_DATABASES=/home/vimkim/gh/cb/pr7925-02-record-owner/.cub-workenv/databases" "PATH=/home/vimkim/gh/cb/pr7925-02-record-owner/build_preset_debug_gcc/vm/jdk8/bin:/home/vimkim/gh/ctp/run-sql/CTP/bin:/home/vimkim/gh/ctp/run-sql/CTP/common/script:/home/vimkim/.local/opt/bison-3.0.5/bin:/home/vimkim/.cub/install/pr7925-02-record-owner/debug_gcc/bin:/home/vimkim/.config/my-scripts/bin:/home/vimkim/.local/bin:/home/linuxbrew/.linuxbrew/sbin:/usr/share/Modules/bin:/usr/lib64/ccache:/home/vimkim/.codex/packages/standalone/releases/0.160.1-x86_64-unknown-linux-musl/codex-path:/home/vimkim/.codex/tmp/arg0/codex-arg0lnPnJk:/home/vimkim/.codex/tmp/arg0/codex-arg0e3Wmnf:/home/vimkim/.codex/packages/standalone/releases/0.160.0-x86_64-unknown-linux-musl/codex-path:/home/vimkim/.codex/tmp/arg0/codex-arg0rkaV8A:/home/vimkim/.codex/packages/standalone/releases/0.159.3-x86_64-unknown-linux-musl/codex-path:/home/vimkim/.codex/tmp/arg0/codex-arg0Eiz5FQ:/home/vimkim/.codex/packages/standalone/releases/0.159.2-x86_64-unknown-linux-musl/codex-path:/home/vimkim/.codex/tmp/arg0/codex-arg0UZCYf0:/home/vimkim/.codex/packages/standalone/releases/0.159.1-x86_64-unknown-linux-musl/codex-path:/home/vimkim/.codex/tmp/arg0/codex-arg006SEr5:/home/vimkim/.codex/packages/standalone/releases/0.159.0-x86_64-unknown-linux-musl/codex-path:/home/vimkim/.codex/tmp/arg0/codex-arg0Sdrd24:/home/vimkim/.codex/packages/standalone/releases/0.158.0-x86_64-unknown-linux-musl/codex-path:/home/vimkim/.codex/tmp/arg0/codex-arg0mOvekQ:/home/vimkim/.codex/packages/standalone/releases/0.157.1-x86_64-unknown-linux-musl/codex-path:/home/vimkim/.codex/tmp/arg0/codex-arg0jzxIFn:/home/vimkim/.codex/packages/standalone/releases/0.157.0-x86_64-unknown-linux-musl/codex-path:/home/vimkim/.codex/tmp/arg0/codex-arg0lJR4wu:/home/vimkim/.cargo/bin:/home/vimkim/.local/share/mise/installs/bun/latest/bin:/home/vimkim/.local/share/mise/installs/go/1.27.1/bin:/home/vimkim/.local/share/mise/installs/java/temurin-8.0.462+8/bin:/home/vimkim/.local/share/mise/installs/node/latest/bin:/home/vimkim/.local/share/mise/installs/python/latest/bin:/home/vimkim/.local/share/mise/shims:/opt/bison-3.0.5/bin/:/home/vimkim/mybin/:/home/vimkim/my-cubrid/bin/:/home/linuxbrew/.linuxbrew/bin:/home/vimkim/.nix-profile/bin/:/nix/var/nix/profiles/default/bin/:/usr/local/bin:/usr/bin:/usr/local/sbin:/usr/sbin" "bash" "/home/vimkim/gh/cb/pr7925-02-record-owner/unit_tests/oos/scripts/setup_isolated_db.sh" "oosrecoverydb"
5: Working Directory: /home/vimkim/gh/cb/pr7925-02-record-owner/build_preset_debug_gcc/unit_tests/oos
5: Test timeout computed to be: 180
5: @ cubrid server stop: oosrecoverydb
5: ++ cubrid server 'oosrecoverydb' is not running.
5: Creating database with 64.0M size using locale en_US.utf8. The total amount of disk space needed is 104.0M.
5: 
5: CUBRID 11.5.0 (11.5.0.2651) (64 debug build)
5: 
32/38 Test  #5: oos_setup_recovery_db ............   Passed    3.72 sec
test 38
      Start 38: test_oos_sql_crash_recovery

38: Test command: /home/vimkim/gh/cb/pr7925-02-record-owner/build_preset_debug_gcc/bin/test_oos_sql_crash_recovery
38: Working Directory: /home/vimkim/gh/cb/pr7925-02-record-owner/build_preset_debug_gcc/unit_tests/oos/sql
38: Test timeout computed to be: 180
38: error log at ./test_oos_sql_crash_recovery_log
38: [==========] Running 2 tests from 1 test suite.
38: [----------] Global test environment set-up.
38: [----------] 2 tests from OosCrashRecoveryTest
38: [ RUN      ] OosCrashRecoveryTest.CleanRestartReadsEveryValueAndRunsNoRecovery
38: [       OK ] OosCrashRecoveryTest.CleanRestartReadsEveryValueAndRunsNoRecovery (226 ms)
38: [ RUN      ] OosCrashRecoveryTest.CommittedValuesSurviveCrashRedoThroughTheirPersistedStubIdentity
38: [       OK ] OosCrashRecoveryTest.CommittedValuesSurviveCrashRedoThroughTheirPersistedStubIdentity (315 ms)
38: [----------] 2 tests from OosCrashRecoveryTest (542 ms total)
38: 
38: [----------] Global test environment tear-down
38: [==========] 2 tests from 1 test suite ran. (542 ms total)
38: [  PASSED  ] 2 tests.
33/38 Test #38: test_oos_sql_crash_recovery ......   Passed    0.58 sec
test 6
      Start  6: oos_cleanup_recovery_db

6: Test command: /usr/bin/cmake "-E" "env" "CUBRID=/home/vimkim/.cub/install/pr7925-02-record-owner/debug_gcc" "CUBRID_DATABASES=/home/vimkim/gh/cb/pr7925-02-record-owner/.cub-workenv/databases" "PATH=/home/vimkim/gh/cb/pr7925-02-record-owner/build_preset_debug_gcc/vm/jdk8/bin:/home/vimkim/gh/ctp/run-sql/CTP/bin:/home/vimkim/gh/ctp/run-sql/CTP/common/script:/home/vimkim/.local/opt/bison-3.0.5/bin:/home/vimkim/.cub/install/pr7925-02-record-owner/debug_gcc/bin:/home/vimkim/.config/my-scripts/bin:/home/vimkim/.local/bin:/home/linuxbrew/.linuxbrew/sbin:/usr/share/Modules/bin:/usr/lib64/ccache:/home/vimkim/.codex/packages/standalone/releases/0.160.1-x86_64-unknown-linux-musl/codex-path:/home/vimkim/.codex/tmp/arg0/codex-arg0lnPnJk:/home/vimkim/.codex/tmp/arg0/codex-arg0e3Wmnf:/home/vimkim/.codex/packages/standalone/releases/0.160.0-x86_64-unknown-linux-musl/codex-path:/home/vimkim/.codex/tmp/arg0/codex-arg0rkaV8A:/home/vimkim/.codex/packages/standalone/releases/0.159.3-x86_64-unknown-linux-musl/codex-path:/home/vimkim/.codex/tmp/arg0/codex-arg0Eiz5FQ:/home/vimkim/.codex/packages/standalone/releases/0.159.2-x86_64-unknown-linux-musl/codex-path:/home/vimkim/.codex/tmp/arg0/codex-arg0UZCYf0:/home/vimkim/.codex/packages/standalone/releases/0.159.1-x86_64-unknown-linux-musl/codex-path:/home/vimkim/.codex/tmp/arg0/codex-arg006SEr5:/home/vimkim/.codex/packages/standalone/releases/0.159.0-x86_64-unknown-linux-musl/codex-path:/home/vimkim/.codex/tmp/arg0/codex-arg0Sdrd24:/home/vimkim/.codex/packages/standalone/releases/0.158.0-x86_64-unknown-linux-musl/codex-path:/home/vimkim/.codex/tmp/arg0/codex-arg0mOvekQ:/home/vimkim/.codex/packages/standalone/releases/0.157.1-x86_64-unknown-linux-musl/codex-path:/home/vimkim/.codex/tmp/arg0/codex-arg0jzxIFn:/home/vimkim/.codex/packages/standalone/releases/0.157.0-x86_64-unknown-linux-musl/codex-path:/home/vimkim/.codex/tmp/arg0/codex-arg0lJR4wu:/home/vimkim/.cargo/bin:/home/vimkim/.local/share/mise/installs/bun/latest/bin:/home/vimkim/.local/share/mise/installs/go/1.27.1/bin:/home/vimkim/.local/share/mise/installs/java/temurin-8.0.462+8/bin:/home/vimkim/.local/share/mise/installs/node/latest/bin:/home/vimkim/.local/share/mise/installs/python/latest/bin:/home/vimkim/.local/share/mise/shims:/opt/bison-3.0.5/bin/:/home/vimkim/mybin/:/home/vimkim/my-cubrid/bin/:/home/linuxbrew/.linuxbrew/bin:/home/vimkim/.nix-profile/bin/:/nix/var/nix/profiles/default/bin/:/usr/local/bin:/usr/bin:/usr/local/sbin:/usr/sbin" "bash" "/home/vimkim/gh/cb/pr7925-02-record-owner/unit_tests/oos/scripts/cleanup_isolated_db.sh" "oosrecoverydb"
6: Working Directory: /home/vimkim/gh/cb/pr7925-02-record-owner/build_preset_debug_gcc/unit_tests/oos
6: Test timeout computed to be: 60
6: @ cubrid server stop: oosrecoverydb
6: ++ cubrid server 'oosrecoverydb' is not running.
34/38 Test  #6: oos_cleanup_recovery_db ..........   Passed    0.21 sec
test 15
      Start 15: test_oos_record_flags

15: Test command: /home/vimkim/gh/cb/pr7925-02-record-owner/build_preset_debug_gcc/bin/test_oos_record_flags
15: Working Directory: /home/vimkim/gh/cb/pr7925-02-record-owner/build_preset_debug_gcc/unit_tests/oos
15: Test timeout computed to be: 10000000
15: [==========] Running 1 test from 1 test suite.
15: [----------] Global test environment set-up.
15: [----------] 1 test from OosRecordFlags
15: [ RUN      ] OosRecordFlags.OosFlagIsSeparateFromMvccFlags
15: [       OK ] OosRecordFlags.OosFlagIsSeparateFromMvccFlags (0 ms)
15: [----------] 1 test from OosRecordFlags (0 ms total)
15: 
15: [----------] Global test environment tear-down
15: [==========] 1 test from 1 test suite ran. (0 ms total)
15: [  PASSED  ] 1 test.
35/38 Test #15: test_oos_record_flags ............   Passed    0.02 sec
test 16
      Start 16: test_byte_span_writer

16: Test command: /home/vimkim/gh/cb/pr7925-02-record-owner/build_preset_debug_gcc/bin/test_byte_span_writer
16: Working Directory: /home/vimkim/gh/cb/pr7925-02-record-owner/build_preset_debug_gcc/unit_tests/oos
16: Test timeout computed to be: 10000000
16: [==========] Running 7 tests from 1 test suite.
16: [----------] Global test environment set-up.
16: [----------] 7 tests from ByteSpanWriter
16: [ RUN      ] ByteSpanWriter.EmptyState
16: [       OK ] ByteSpanWriter.EmptyState (0 ms)
16: [ RUN      ] ByteSpanWriter.AppendWithinCapacityAdvancesCursorAndCopies
16: [       OK ] ByteSpanWriter.AppendWithinCapacityAdvancesCursorAndCopies (0 ms)
16: [ RUN      ] ByteSpanWriter.AppendOverflowFailsAndDoesNotWrite
16: [       OK ] ByteSpanWriter.AppendOverflowFailsAndDoesNotWrite (0 ms)
16: [ RUN      ] ByteSpanWriter.RecoveryAfterFailedAppend
16: [       OK ] ByteSpanWriter.RecoveryAfterFailedAppend (0 ms)
16: [ RUN      ] ByteSpanWriter.FullWriterRejectsNonZeroAppendButAcceptsZero
16: [       OK ] ByteSpanWriter.FullWriterRejectsNonZeroAppendButAcceptsZero (0 ms)
16: [ RUN      ] ByteSpanWriter.ZeroCapacitySpanIsImmediatelyFull
16: [       OK ] ByteSpanWriter.ZeroCapacitySpanIsImmediatelyFull (0 ms)
16: [ RUN      ] ByteSpanWriter.OverflowByExactlyOneByteIsCaught
16: [       OK ] ByteSpanWriter.OverflowByExactlyOneByteIsCaught (0 ms)
16: [----------] 7 tests from ByteSpanWriter (0 ms total)
16: 
16: [----------] Global test environment tear-down
16: [==========] 7 tests from 1 test suite ran. (0 ms total)
16: [  PASSED  ] 7 tests.
36/38 Test #16: test_byte_span_writer ............   Passed    0.02 sec
test 17
      Start 17: test_oos_tde_gate

17: Test command: /home/vimkim/gh/cb/pr7925-02-record-owner/build_preset_debug_gcc/bin/test_oos_tde_gate
17: Working Directory: /home/vimkim/gh/cb/pr7925-02-record-owner/build_preset_debug_gcc/unit_tests/oos
17: Test timeout computed to be: 10000000
17: [==========] Running 3 tests from 1 test suite.
17: [----------] Global test environment set-up.
17: [----------] 3 tests from TdeUserDataGate
17: [ RUN      ] TdeUserDataGate.OosForwardDeleteIsEncryptedRcvindex
17: [       OK ] TdeUserDataGate.OosForwardDeleteIsEncryptedRcvindex (0 ms)
17: [ RUN      ] TdeUserDataGate.SiblingAndBaselineDeletePathsAreGated
17: [       OK ] TdeUserDataGate.SiblingAndBaselineDeletePathsAreGated (0 ms)
17: [ RUN      ] TdeUserDataGate.MetadataOnlyHeapOpIsNotGated
17: [       OK ] TdeUserDataGate.MetadataOnlyHeapOpIsNotGated (0 ms)
17: [----------] 3 tests from TdeUserDataGate (0 ms total)
17: 
17: [----------] Global test environment tear-down
17: [==========] 3 tests from 1 test suite ran. (0 ms total)
17: [  PASSED  ] 3 tests.
37/38 Test #17: test_oos_tde_gate ................   Passed    0.02 sec
test 24
      Start 24: test_oos_workspace

24: Test command: /home/vimkim/gh/cb/pr7925-02-record-owner/build_preset_debug_gcc/bin/test_oos_workspace
24: Working Directory: /home/vimkim/gh/cb/pr7925-02-record-owner/build_preset_debug_gcc/unit_tests/oos
24: Test timeout computed to be: 240
24: [==========] Running 13 tests from 1 test suite.
24: [----------] Global test environment set-up.
24: [----------] 13 tests from OosWorkspaceTest
24: [ RUN      ] OosWorkspaceTest.StandaloneLoaderStoresOos
24: [       OK ] OosWorkspaceTest.StandaloneLoaderStoresOos (8132 ms)
24: [ RUN      ] OosWorkspaceTest.LoaderRejectsOosBigoneButKeepsOrdinaryBigone
24: [       OK ] OosWorkspaceTest.LoaderRejectsOosBigoneButKeepsOrdinaryBigone (9445 ms)
24: [ RUN      ] OosWorkspaceTest.WorkspaceInsertUsesReservedOid
24: [       OK ] OosWorkspaceTest.WorkspaceInsertUsesReservedOid (5892 ms)
24: [ RUN      ] OosWorkspaceTest.LoaderPreservesForwardAndBackwardReferences
24: [       OK ] OosWorkspaceTest.LoaderPreservesForwardAndBackwardReferences (7115 ms)
24: [ RUN      ] OosWorkspaceTest.PartitionsOwnSeparateOosFiles
24: [       OK ] OosWorkspaceTest.PartitionsOwnSeparateOosFiles (9572 ms)
24: [ RUN      ] OosWorkspaceTest.InsertRollbackReclaimsFlushedChain
24: [       OK ] OosWorkspaceTest.InsertRollbackReclaimsFlushedChain (8883 ms)
24: [ RUN      ] OosWorkspaceTest.WorkspaceUpdateRollbackCommitAndDelete
24: [       OK ] OosWorkspaceTest.WorkspaceUpdateRollbackCommitAndDelete (15960 ms)
24: [ RUN      ] OosWorkspaceTest.FailedUniqueLoadRollsBackWithoutOrphans
24: [       OK ] OosWorkspaceTest.FailedUniqueLoadRollsBackWithoutOrphans (9845 ms)
24: [ RUN      ] OosWorkspaceTest.FilteredDuplicateLeavesNoOrphanAndContinues
24: [       OK ] OosWorkspaceTest.FilteredDuplicateLeavesNoOrphanAndContinues (9877 ms)
24: [ RUN      ] OosWorkspaceTest.LoaderHonorsStoragePolicy
24: [       OK ] OosWorkspaceTest.LoaderHonorsStoragePolicy (14863 ms)
24: [ RUN      ] OosWorkspaceTest.WorkspaceUpdatePreservesExternalLobFiles
24: [       OK ] OosWorkspaceTest.WorkspaceUpdatePreservesExternalLobFiles (11776 ms)
24: [ RUN      ] OosWorkspaceTest.PartitionMovementTransfersOwnership
24: [       OK ] OosWorkspaceTest.PartitionMovementTransfersOwnership (15611 ms)
24: [ RUN      ] OosWorkspaceTest.SuccessfulNoLoggingLoadStoresOos
24: [       OK ] OosWorkspaceTest.SuccessfulNoLoggingLoadStoresOos (14083 ms)
24: [----------] 13 tests from OosWorkspaceTest (141060 ms total)
24: 
24: [----------] Global test environment tear-down
24: [==========] 13 tests from 1 test suite ran. (141060 ms total)
24: [  PASSED  ] 13 tests.
38/38 Test #24: test_oos_workspace ...............   Passed  141.08 sec

The following tests passed:
	oos_setup_db
	test_oos
	test_oos_delete
	test_oos_identity_stamp
	test_oos_eager_diagnostics
	test_oos_remove_file
	test_oos_bestspace
	test_oos_growth_sweep
	test_oos_server
	test_oos_delete_server
	test_oos_remove_file_server
	test_oos_mock_vacuum_server
	test_oos_vacuum_server
	test_oos_real_vacuum_server
	test_oos_sql_crud
	test_oos_sql_ddl
	test_oos_sql_delete
	test_oos_sql_boundary
	test_oos_sql_update_delete
	test_oos_sql_txn
	test_oos_sql_bigone
	test_oos_sql_eager_cleanup
	test_oos_sql_storage
	test_oos_sql_show
	test_oos_sql_deferred_write
	test_oos_sql_visible_version
	test_oos_sql_workspace_bytes
	oos_cleanup_db
	oos_setup_no_logging_db
	test_oos_no_logging
	oos_cleanup_no_logging_db
	oos_setup_recovery_db
	test_oos_sql_crash_recovery
	oos_cleanup_recovery_db
	test_oos_record_flags
	test_byte_span_writer
	test_oos_tde_gate
	test_oos_workspace

100% tests passed, 0 tests failed out of 38

Total Test time (real) = 391.02 sec
