[0mdirenv: loading ~/gh/cb/pr7925-simplification-integration/.envrc
Preset Mode: debug_gcc
Install Dir: /home/vimkim/.cub/install/pr7925-simplification-integration/debug_gcc
DB Dir: /home/vimkim/gh/cb/pr7925-simplification-integration/.cub-workenv/databases
Build Dir: /home/vimkim/gh/cb/pr7925-simplification-integration/build_preset_debug_gcc
[0mdirenv: loading ~/gh/cb/pr7925-simplification-integration/.envrc
Preset Mode: debug_gcc
Install Dir: /home/vimkim/.cub/install/pr7925-simplification-integration/debug_gcc
DB Dir: /home/vimkim/gh/cb/pr7925-simplification-integration/.cub-workenv/databases
Build Dir: /home/vimkim/gh/cb/pr7925-simplification-integration/build_preset_debug_gcc
[0mdirenv: loading ~/gh/cb/pr7925-simplification-integration/.envrc
Preset Mode: debug_gcc
Install Dir: /home/vimkim/.cub/install/pr7925-simplification-integration/debug_gcc
DB Dir: /home/vimkim/gh/cb/pr7925-simplification-integration/.cub-workenv/databases
Build Dir: /home/vimkim/gh/cb/pr7925-simplification-integration/build_preset_debug_gcc
Using JAVA_HOME JDK: /home/vimkim/.local/share/mise/installs/java/temurin-8.0.462+8
[0mdirenv: loading ~/gh/cb/pr7925-simplification-integration/.envrc
Preset Mode: debug_gcc
Install Dir: /home/vimkim/.cub/install/pr7925-simplification-integration/debug_gcc
DB Dir: /home/vimkim/gh/cb/pr7925-simplification-integration/.cub-workenv/databases
Build Dir: /home/vimkim/gh/cb/pr7925-simplification-integration/build_preset_debug_gcc
Logging build output to: /home/vimkim/gh/cb/pr7925-simplification-integration/build_preset_debug_gcc/build.log
[0mdirenv: loading ~/gh/cb/pr7925-simplification-integration/.envrc
Preset Mode: debug_gcc
Install Dir: /home/vimkim/.cub/install/pr7925-simplification-integration/debug_gcc
DB Dir: /home/vimkim/gh/cb/pr7925-simplification-integration/.cub-workenv/databases
Build Dir: /home/vimkim/gh/cb/pr7925-simplification-integration/build_preset_debug_gcc
[0/2] Re-checking globbed directories...
[1/2] Re-running CMake...
-- ======== CMakeLists.txt
    ==== with_unit_tests() = 1
--   OS = UNIX
--   CMAKE_RUNTIME_OUTPUT_DIRECTORY=/home/vimkim/gh/cb/pr7925-simplification-integration/build_preset_debug_gcc/bin
-- Get version information from VERSION
-- Build CUBRID 11.5.0.2662-28b65d1 64bit Debug on Linux x86_64
Including Third Party Libraries
-- Build with flex and bison library: SYSTEM
-- Build with expat library: EXTERNAL
-- Build with editline library: EXTERNAL
-- Build with openssl library: EXTERNAL
-- Build with unixODBC library: EXTERNAL
-- Build with RE2 library: EXTERNAL
-- Build with LZ4 library: EXTERNAL
-- Build with TBB library: EXTERNAL
-- Build 3rdparty libraries with make -j16
-- Default install prefix: /home/vimkim/.cub/install/pr7925-simplification-integration/debug_gcc
-- JAVA_HOME: /home/vimkim/gh/cb/pr7925-simplification-integration/build_preset_debug_gcc/vm/jdk8
-- Found Java: /home/vimkim/gh/cb/pr7925-simplification-integration/build_preset_debug_gcc/vm/jdk8/bin/java
-- Found JNI: /home/vimkim/gh/cb/pr7925-simplification-integration/build_preset_debug_gcc/vm/jdk8/include;/home/vimkim/gh/cb/pr7925-simplification-integration/build_preset_debug_gcc/vm/jdk8/include/linux;/home/vimkim/gh/cb/pr7925-simplification-integration/build_preset_debug_gcc/vm/jdk8/include
-- ======== WITH_CCI ==========
-- Get version information from /home/vimkim/gh/cb/pr7925-simplification-integration/cubrid-cci/BUILD_NUMBER
-- CCI_BUILD_NUMBER:[11.3.0.0049-79d0888]
-- CCI component install dirs: cci/bin, cci/lib, cci/include
-- Building CGW libraries.
CMake Warning (dev) at cm_common/CMakeLists.txt:104 (install):
  Target cmstat has PUBLIC_HEADER files but no PUBLIC_HEADER DESTINATION.
This warning is for project developers.  Use -Wno-dev to suppress it.

CMake Warning (dev) at cm_common/CMakeLists.txt:104 (install):
  Target cmdep has PUBLIC_HEADER files but no PUBLIC_HEADER DESTINATION.
This warning is for project developers.  Use -Wno-dev to suppress it.

-- .. timezone shared library
-- .... gen_timezone executable
-- ...... source files: /home/vimkim/gh/cb/pr7925-simplification-integration/src/executables/generate_timezone.cpp
-- .... generate timezone command
-- .... cubrid_timezones lib
  unit_tests/...
   common
    oos
CMake Warning (dev) at /usr/share/cmake/Modules/FetchContent.cmake:1282 (message):
  The DOWNLOAD_EXTRACT_TIMESTAMP option was not given and policy CMP0135 is
  not set.  The policy's OLD behavior will be used.  When using a URL
  download, the timestamps of extracted files should preferably be that of
  the time of extraction, otherwise code that depends on the extracted
  contents might not be rebuilt if the URL changes.  The OLD behavior
  preserves the timestamps from the archive instead, but this is usually not
  what you want.  Update your project to the NEW behavior or specify the
  DOWNLOAD_EXTRACT_TIMESTAMP option with a value of true to avoid this
  robustness issue.
Call Stack (most recent call first):
  unit_tests/oos/CMakeLists.txt:21 (FetchContent_Declare)
This warning is for project developers.  Use -Wno-dev to suppress it.

-- Get version information CCI_VERSION: 11.3.0.0049-79d0888
-- Configuring done (0.7s)
-- Generating done (0.3s)
-- Build files have been written to: /home/vimkim/gh/cb/pr7925-simplification-integration/build_preset_debug_gcc
[0/2] Re-checking globbed directories...
[1/1304] Running utility command for pl_install_jdk
[INFO] Install JDK 8
[2/1304] Building CXX object sa/CMakeFiles/cubridsa.dir/__/src/base/bit.c.o
[3/1304] Building CXX object sa/CMakeFiles/cubridsa.dir/__/src/base/process_util.c.o
[4/1304] Building CXX object sa/CMakeFiles/cubridsa.dir/__/src/base/get_clock_freq.c.o
[5/1304] Building CXX object sa/CMakeFiles/cubridsa.dir/__/src/base/chartype.c.o
[6/1304] Building CXX object sa/CMakeFiles/cubridsa.dir/__/src/base/sha1.c.o
[7/1304] Building CXX object sa/CMakeFiles/cubridsa.dir/__/src/base/ini_parser.c.o
[8/1304] Building CXX object sa/CMakeFiles/cubridsa.dir/__/src/base/dtoa.c.o
[9/1304] Building CXX object sa/CMakeFiles/cubridsa.dir/__/src/base/environment_variable.c.o
[10/1304] Building CXX object sa/CMakeFiles/cubridsa.dir/__/src/base/mprec.c.o
[11/1304] Building CXX object sa/CMakeFiles/cubridsa.dir/__/src/base/porting.c.o
[12/1304] Building CXX object sa/CMakeFiles/cubridsa.dir/__/src/base/misc_string.c.o
[13/1304] Building CXX object sa/CMakeFiles/cubridsa.dir/__/src/base/release_string.c.o
[14/1304] Building CXX object sa/CMakeFiles/cubridsa.dir/__/src/base/hide_password.cpp.o
[15/1304] Building CXX object sa/CMakeFiles/cubridsa.dir/__/src/base/message_catalog.c.o
[16/1304] Building CXX object sa/CMakeFiles/cubridsa.dir/__/src/base/xml_parser.c.o
[17/1304] Building CXX object sa/CMakeFiles/cubridsa.dir/__/src/base/variable_string.c.o
[18/1304] Building CXX object sa/CMakeFiles/cubridsa.dir/__/src/base/unicode_support.c.o
[19/1304] Building CXX object sa/CMakeFiles/cubridsa.dir/__/src/base/cubrid_getopt_long.c.o
[20/1304] Building CXX object sa/CMakeFiles/cubridsa.dir/__/src/base/tsc_timer.c.o
[21/1304] Building CXX object sa/CMakeFiles/cubridsa.dir/__/src/base/perf.cpp.o
[22/1304] Building CXX object sa/CMakeFiles/cubridsa.dir/__/src/base/fixed_alloc.c.o
[23/1304] Building CXX object sa/CMakeFiles/cubridsa.dir/__/src/base/util_func.c.o
[24/1304] Building CXX object sa/CMakeFiles/cubridsa.dir/__/src/base/intl_support.c.o
[25/1304] Building CXX object sa/CMakeFiles/cubridsa.dir/__/src/base/printer.cpp.o
[26/1304] Building CXX object sa/CMakeFiles/cubridsa.dir/__/src/base/uca_support.c.o
[27/1304] Building CXX object sa/CMakeFiles/cubridsa.dir/__/src/base/mem_block.cpp.o
[28/1304] Building C object sa/CMakeFiles/cubridsa.dir/__/src/compat/dbtype_function.c.o
[29/1304] Building CXX object sa/CMakeFiles/cubridsa.dir/__/src/base/memory_private_allocator.cpp.o
[30/1304] Building CXX object sa/CMakeFiles/cubridsa.dir/__/src/base/error_context.cpp.o
[31/1304] Building CXX object sa/CMakeFiles/cubridsa.dir/__/src/base/pinnable_buffer.cpp.o
[32/1304] Building CXX object sa/CMakeFiles/cubridsa.dir/__/src/executables/extract_schema.cpp.o
[33/1304] Building CXX object sa/CMakeFiles/cubridsa.dir/__/src/base/databases_file.c.o
[34/1304] Building CXX object sa/CMakeFiles/cubridsa.dir/__/src/base/stack_dump.c.o
[35/1304] Building CXX object sa/CMakeFiles/cubridsa.dir/__/src/base/encryption.c.o
[36/1304] Building CXX object sa/CMakeFiles/cubridsa.dir/__/src/compat/cnv.c.o
[37/1304] Building CXX object sa/CMakeFiles/cubridsa.dir/__/src/base/filesys_temp.cpp.o
[38/1304] Building CXX object sa/CMakeFiles/cubridsa.dir/__/src/base/packer.cpp.o
[39/1304] Building CXX object sa/CMakeFiles/cubridsa.dir/__/src/base/binaryheap.c.o
[40/1304] Building CXX object sa/CMakeFiles/cubridsa.dir/__/src/base/fileline_location.cpp.o
[41/1304] Building CXX object sa/CMakeFiles/cubridsa.dir/__/src/base/string_buffer.cpp.o
[42/1304] Building CXX object sa/CMakeFiles/cubridsa.dir/__/src/executables/csql_result.c.o
[43/1304] Building CXX object sa/CMakeFiles/cubridsa.dir/__/src/executables/file_hash.c.o
[44/1304] Building CXX object sa/CMakeFiles/cubridsa.dir/__/src/base/locale_helper.cpp.o
[45/1304] Building CXX object sa/CMakeFiles/cubridsa.dir/__/src/base/base64.c.o
[46/1304] Building CXX object sa/CMakeFiles/cubridsa.dir/__/src/base/error_manager.c.o
[47/1304] Building CXX object sa/CMakeFiles/cubridsa.dir/__/src/base/resource_tracker.cpp.o
[48/1304] Building CXX object sa/CMakeFiles/cubridsa.dir/__/src/base/lock_free.c.o
[49/1304] Building CXX object sa/CMakeFiles/cubridsa.dir/__/src/base/fault_injection.c.o
[50/1304] Building CXX object sa/CMakeFiles/cubridsa.dir/__/src/compat/db_json_allocator.cpp.o
[51/1304] Building CXX object sa/CMakeFiles/cubridsa.dir/__/src/base/lockfree_bitmap.cpp.o
[52/1304] Building CXX object sa/CMakeFiles/cubridsa.dir/__/src/heaplayers/lea_heap.c.o
[53/1304] Building CXX object sa/CMakeFiles/cubridsa.dir/__/src/base/dynamic_load.c.o
[54/1304] Building CXX object sa/CMakeFiles/cubridsa.dir/__/src/base/perf_monitor_trackers.cpp.o
[55/1304] Building CXX object sa/CMakeFiles/cubridsa.dir/__/src/sp/pl_file.c.o
[56/1304] Building CXX object sa/CMakeFiles/cubridsa.dir/__/src/base/locale_support.c.o
[57/1304] Running utility command for pl_build
> Task :pl_server:generateGrammarSource UP-TO-DATE
> Task :pl_server:compileJava UP-TO-DATE
> Task :pl_server:processResources UP-TO-DATE
> Task :pl_server:classes UP-TO-DATE
> Task :pl_server:jar UP-TO-DATE
> Task :pl_server:startScripts UP-TO-DATE
> Task :pl_server:distTar UP-TO-DATE
> Task :pl_server:distZip UP-TO-DATE
> Task :pl_server:assemble UP-TO-DATE
> Task :pl_server:check
> Task :pl_server:build

BUILD SUCCESSFUL in 2s
7 actionable tasks: 7 up-to-date
[58/1304] Building CXX object sa/CMakeFiles/cubridsa.dir/__/src/connection/connection_less.cpp.o
[59/1304] Building CXX object sa/CMakeFiles/cubridsa.dir/__/src/heaplayers/customheaps.cpp.o
[60/1304] Building CXX object sa/CMakeFiles/cubridsa.dir/__/src/connection/connection_list_cl.cpp.o
[61/1304] Building CXX object sa/CMakeFiles/cubridsa.dir/__/src/base/lockfree_hashmap.cpp.o
[62/1304] Building CXX object sa/CMakeFiles/cubridsa.dir/__/src/connection/host_lookup.c.o
[63/1304] Building CXX object sa/CMakeFiles/cubridsa.dir/__/src/storage/overflow_file.c.o
[64/1304] Building CXX object sa/CMakeFiles/cubridsa.dir/__/src/connection/connection_globals.c.o
[65/1304] Building CXX object sa/CMakeFiles/cubridsa.dir/__/src/compat/db_elo.c.o
[66/1304] Building CXX object sa/CMakeFiles/cubridsa.dir/__/src/base/filesys_parser.cpp.o
[67/1304] Building CXX object sa/CMakeFiles/cubridsa.dir/__/src/communication/network_callback_sr.cpp.o
[68/1304] Building CXX object sa/CMakeFiles/cubridsa.dir/__/src/base/area_alloc.c.o
[69/1304] Building CXX object sa/CMakeFiles/cubridsa.dir/__/src/base/memory_alloc.c.o
[70/1304] Building CXX object sa/CMakeFiles/cubridsa.dir/__/src/connection/tcp.c.o
[71/1304] Building CXX object sa/CMakeFiles/cubridsa.dir/__/src/compat/db_set.c.o
[72/1304] Building CXX object sa/CMakeFiles/cubridsa.dir/__/src/connection/connection_cl.cpp.o
[73/1304] Building CXX object sa/CMakeFiles/cubridsa.dir/__/src/base/resources.cpp.o
[74/1304] Building CXX object sa/CMakeFiles/cubridsa.dir/__/src/sp/pl_comm.c.o
[75/1304] Building CXX object sa/CMakeFiles/cubridsa.dir/__/src/executables/csql_support.c.o
[76/1304] Building CXX object sa/CMakeFiles/cubridsa.dir/__/src/method/method_error.cpp.o
[77/1304] Building CXX object sa/CMakeFiles/cubridsa.dir/__/src/communication/network_histogram.cpp.o
[78/1304] Building CXX object sa/CMakeFiles/cubridsa.dir/__/src/sp/pl_signature.cpp.o
[79/1304] Building CXX object sa/CMakeFiles/cubridsa.dir/__/src/method/method_struct_parameter_info.cpp.o
[80/1304] Building CXX object sa/CMakeFiles/cubridsa.dir/__/src/compat/db_macro.c.o
[81/1304] Building CXX object sa/CMakeFiles/cubridsa.dir/__/src/base/memory_hash.c.o
[82/1304] Building CXX object sa/CMakeFiles/cubridsa.dir/__/src/compat/db_date.c.o
[83/1304] Building CXX object sa/CMakeFiles/cubridsa.dir/__/src/executables/util_common.c.o
[84/1304] Building CXX object sa/CMakeFiles/cubridsa.dir/__/src/compat/db_temp.c.o
[85/1304] Building CXX object sa/CMakeFiles/cubridsa.dir/__/src/base/cgroup.cpp.o
[86/1304] Building CXX object sa/CMakeFiles/cubridsa.dir/__/src/executables/compactdb_common.c.o
[87/1304] Building CXX object sa/CMakeFiles/cubridsa.dir/__/src/connection/connection_support.cpp.o
[88/1304] Building CXX object sa/CMakeFiles/cubridsa.dir/__/src/executables/csql_result_format.c.o
[89/1304] Building CXX object sa/CMakeFiles/cubridsa.dir/__/src/compat/db_value_printer.cpp.o
[90/1304] Building CXX object sa/CMakeFiles/cubridsa.dir/__/src/compat/db_obj.c.o
[91/1304] Building CXX object sa/CMakeFiles/cubridsa.dir/__/src/compat/db_old.c.o
[92/1304] Building CXX object sa/CMakeFiles/cubridsa.dir/__/src/compat/db_virt.c.o
[93/1304] Building CXX object sa/CMakeFiles/cubridsa.dir/__/src/executables/unloaddb.c.o
[94/1304] Building CXX object sa/CMakeFiles/cubridsa.dir/__/src/compat/db_query.c.o
[95/1304] Building CXX object sa/CMakeFiles/cubridsa.dir/__/src/sp/pl_compile_handler.cpp.o
[96/1304] Building CXX object sa/CMakeFiles/cubridsa.dir/__/src/executables/csql.c.o
[97/1304] Building CXX object sa/CMakeFiles/cubridsa.dir/__/src/compat/db_json_path.cpp.o
[98/1304] Building CXX object sa/CMakeFiles/cubridsa.dir/__/src/method/method_struct_invoke.cpp.o
[99/1304] Building CXX object sa/CMakeFiles/cubridsa.dir/__/src/base/language_support.c.o
[100/1304] Building CXX object sa/CMakeFiles/cubridsa.dir/__/src/executables/unload_object_file.c.o
[101/1304] Building CXX object sa/CMakeFiles/cubridsa.dir/__/src/executables/compactdb.c.o
[102/1304] Building CXX object sa/CMakeFiles/cubridsa.dir/__/src/executables/unload_object.c.o
[103/1304] Building CXX object cs/CMakeFiles/cubridcs.dir/__/src/compat/db_elo.c.o
[104/1304] Building CXX object sa/CMakeFiles/cubridsa.dir/__/src/compat/db_method_static.cpp.o
[105/1304] Building CXX object sa/CMakeFiles/cubridsa.dir/__/src/sp/pl_connection.cpp.o
[106/1304] Building CXX object sa/CMakeFiles/cubridsa.dir/__/src/compat/db_class.c.o
[107/1304] Building CXX object sa/CMakeFiles/cubridsa.dir/__/src/base/ddl_log.c.o
[108/1304] Building CXX object sa/CMakeFiles/cubridsa.dir/__/src/compat/db_info.c.o
[109/1304] Building CXX object sa/CMakeFiles/cubridsa.dir/__/src/method/method_struct_query.cpp.o
[110/1304] Building CXX object sa/CMakeFiles/cubridsa.dir/__/src/connection/client_support.cpp.o
[111/1304] Building CXX object sa/CMakeFiles/cubridsa.dir/__/src/method/method_struct_oid_info.cpp.o
[112/1304] Building CXX object sa/CMakeFiles/cubridsa.dir/__/src/method/method_oid_handler.cpp.o
[113/1304] Building CXX object sa/CMakeFiles/cubridsa.dir/__/src/object/quick_fit.c.o
[114/1304] Building CXX object sa/CMakeFiles/cubridsa.dir/__/src/communication/network_callback_cl.cpp.o
[115/1304] Building CXX object sa/CMakeFiles/cubridsa.dir/__/src/object/lob_locator.cpp.o
[116/1304] Building CXX object sa/CMakeFiles/cubridsa.dir/__/src/sp/pl_struct_compile.cpp.o
[117/1304] Building CXX object sa/CMakeFiles/cubridsa.dir/__/src/executables/csql_session.c.o
[118/1304] Building CXX object sa/CMakeFiles/cubridsa.dir/__/src/base/object_representation_sr.c.o
[119/1304] Building CXX object sa/CMakeFiles/cubridsa.dir/__/src/method/method_query_util.cpp.o
[120/1304] Building CXX object sa/CMakeFiles/cubridsa.dir/__/src/base/tz_compile.c.o
[121/1304] Building CXX object sa/CMakeFiles/cubridsa.dir/__/src/base/system_parameter.c.o
[122/1304] Building CXX object sa/CMakeFiles/cubridsa.dir/__/src/sp/pl_sr.cpp.o
[123/1304] Building CXX object sa/CMakeFiles/cubridsa.dir/__/src/object/identifier_store.cpp.o
[124/1304] Building CXX object sa/CMakeFiles/cubridsa.dir/__/src/compat/db_admin.c.o
[125/1304] Building CXX object sa/CMakeFiles/cubridsa.dir/__/src/object/elo.c.o
[126/1304] Building CXX object sa/CMakeFiles/cubridsa.dir/__/src/monitor/monitor_transaction.cpp.o
[127/1304] Building CXX object sa/CMakeFiles/cubridsa.dir/__/src/base/perf_monitor.c.o
[128/1304] Building CXX object sa/CMakeFiles/cubridsa.dir/__/src/executables/util_cs.c.o
[129/1304] Building CXX object sa/CMakeFiles/cubridsa.dir/__/src/object/object_print_util.cpp.o
[130/1304] Building CXX object sa/CMakeFiles/cubridsa.dir/__/src/parser/double_byte_support.c.o
[131/1304] Building CXX object sa/CMakeFiles/cubridsa.dir/__/src/compat/db_vdb.c.o
[132/1304] Building CXX object sa/CMakeFiles/cubridsa.dir/__/src/sp/pl_query_cursor.cpp.o
[133/1304] Building CXX object sa/CMakeFiles/cubridsa.dir/__/src/executables/unload_schema.c.o
[134/1304] Building CXX object sa/CMakeFiles/cubridsa.dir/__/src/base/tz_support.c.o
[135/1304] Building CXX object sa/CMakeFiles/cubridsa.dir/__/src/optimizer/query_bitset.c.o
[136/1304] Building CXX object sa/CMakeFiles/cubridsa.dir/__/src/method/method_struct_value.cpp.o
[137/1304] Building CXX object sa/CMakeFiles/cubridsa.dir/__/src/sp/jsp_cl.cpp.o
[138/1304] Building CXX object sa/CMakeFiles/cubridsa.dir/__/src/executables/util_sa.c.o
[139/1304] Building CXX object sa/CMakeFiles/cubridsa.dir/__/src/sp/method_invoke_group.cpp.o
[140/1304] Building CXX object sa/CMakeFiles/cubridsa.dir/__/src/object/schema_information_schema.cpp.o
[141/1304] Building CXX object sa/CMakeFiles/cubridsa.dir/__/src/storage/page_buffer.c.o
[142/1304] Building CXX object sa/CMakeFiles/cubridsa.dir/__/src/method/method_scan.cpp.o
[143/1304] Building CXX object sa/CMakeFiles/cubridsa.dir/__/src/object/transform.c.o
[144/1304] Building CXX object sa/CMakeFiles/cubridsa.dir/__/src/sp/pl_execution_stack_context.cpp.o
[145/1304] Building CXX object sa/CMakeFiles/cubridsa.dir/__/src/communication/network_interface_cl.c.o
[146/1304] Building CXX object sa/CMakeFiles/cubridsa.dir/__/src/object/authenticate_password.cpp.o
[147/1304] Building CXX object sa/CMakeFiles/cubridsa.dir/__/src/sp/sp_code.cpp.o
[148/1304] Building CXX object sa/CMakeFiles/cubridsa.dir/__/src/object/schema_information_schema_definition.cpp.o
[149/1304] Building CXX object sa/CMakeFiles/cubridsa.dir/__/src/method/method_query_handler.cpp.o
[150/1304] Building CXX object sa/CMakeFiles/cubridsa.dir/__/src/object/authenticate_owner.cpp.o
[151/1304] Building CXX object sa/CMakeFiles/cubridsa.dir/__/src/query/parallel/px_scan/px_scan_instnum.cpp.o
[152/1304] Building CXX object sa/CMakeFiles/cubridsa.dir/__/src/object/authenticate_access_auth.cpp.o
[153/1304] Building CXX object sa/CMakeFiles/cubridsa.dir/__/src/query/parallel/px_scan/px_scan_checker.cpp.o
[154/1304] Building CXX object sa/CMakeFiles/cubridsa.dir/__/src/object/authenticate.c.o
[155/1304] Building CXX object sa/CMakeFiles/cubridsa.dir/__/src/sp/pl_session.cpp.o
[156/1304] Building CXX object sa/CMakeFiles/cubridsa.dir/__/src/object/authenticate_migration.cpp.o
[157/1304] Building CXX object sa/CMakeFiles/cubridsa.dir/__/src/sp/pl_executor.cpp.o
[158/1304] Building CXX object sa/CMakeFiles/cubridsa.dir/__/src/object/authenticate_cache.cpp.o
[159/1304] Building CXX object sa/CMakeFiles/cubridsa.dir/__/src/object/deduplicate_key.c.o
[160/1304] Building CXX object sa/CMakeFiles/cubridsa.dir/__/src/method/query_method.cpp.o
[161/1304] Building CXX object sa/CMakeFiles/cubridsa.dir/__/src/object/authenticate_access_class.cpp.o
[162/1304] Building CXX object sa/CMakeFiles/cubridsa.dir/__/src/object/authenticate_grant.cpp.o
[163/1304] Building CXX object sa/CMakeFiles/cubridsa.dir/__/src/object/authenticate_context.cpp.o
[164/1304] Building CXX object sa/CMakeFiles/cubridsa.dir/__/src/query/crypt_opfunc.c.o
[165/1304] Building CXX object sa/CMakeFiles/cubridsa.dir/__/src/object/class_description.cpp.o
[166/1304] Building CXX object sa/CMakeFiles/cubridsa.dir/__/src/query/parallel/px_query_execute/px_query_checker.cpp.o
[167/1304] Building CXX object sa/CMakeFiles/cubridsa.dir/__/src/object/schema_system_catalog_install_query_spec.cpp.o
[168/1304] Building CXX object sa/CMakeFiles/cubridsa.dir/__/src/object/authenticate_access_user.cpp.o
[169/1304] Building CXX object sa/CMakeFiles/cubridsa.dir/__/src/object/schema_class_truncator.cpp.o
[170/1304] Building CXX object sa/CMakeFiles/cubridsa.dir/__/src/object/object_representation.c.o
[171/1304] Building CXX object sa/CMakeFiles/cubridsa.dir/__/src/object/schema_system_catalog_definition.cpp.o
[172/1304] Building CXX object sa/CMakeFiles/cubridsa.dir/__/src/object/object_description.cpp.o
[173/1304] Building CXX object sa/CMakeFiles/cubridsa.dir/__/src/object/object_print.c.o
[174/1304] Building CXX object sa/CMakeFiles/cubridsa.dir/__/src/object/schema_system_catalog_builder.cpp.o
[175/1304] Building CXX object sa/CMakeFiles/cubridsa.dir/__/src/object/object_printer.cpp.o
[176/1304] Building CXX object sa/CMakeFiles/cubridsa.dir/__/src/object/schema_information_schema_builder.cpp.o
[177/1304] Building CXX object sa/CMakeFiles/cubridsa.dir/__/src/object/object_accessor.c.o
[178/1304] Building CXX object sa/CMakeFiles/cubridsa.dir/__/src/object/object_template.c.o
[179/1304] Building CXX object sa/CMakeFiles/cubridsa.dir/__/src/method/method_callback.cpp.o
[180/1304] Building CXX object sa/CMakeFiles/cubridsa.dir/__/src/object/schema_system_catalog.cpp.o
[181/1304] Building CXX object sa/CMakeFiles/cubridsa.dir/__/src/object/class_object.c.o
[182/1304] Building CXX object sa/CMakeFiles/cubridsa.dir/__/src/optimizer/rewriter/query_rewrite_auto_parameterize.c.o
[183/1304] Building CXX object sa/CMakeFiles/cubridsa.dir/__/src/object/schema_information_schema_install_query_spec.cpp.o
[184/1304] Building CXX object sa/CMakeFiles/cubridsa.dir/__/src/object/set_object.c.o
[185/1304] Building CXX object sa/CMakeFiles/cubridsa.dir/__/src/object/schema_template.c.o
[186/1304] Building CXX object sa/CMakeFiles/cubridsa.dir/__/src/object/trigger_description.cpp.o
[187/1304] Building CXX object sa/CMakeFiles/cubridsa.dir/__/src/object/virtual_object.c.o
[188/1304] Building CXX object sa/CMakeFiles/cubridsa.dir/__/src/optimizer/rewriter/query_rewrite_subquery.c.o
[189/1304] Building CXX object sa/CMakeFiles/cubridsa.dir/__/src/optimizer/rewriter/query_rewrite_set.c.o
[190/1304] Building CXX object sa/CMakeFiles/cubridsa.dir/__/src/compat/db_json.cpp.o
[191/1304] Building CXX object sa/CMakeFiles/cubridsa.dir/__/src/query/qfile_tuple_layout.c.o
[192/1304] Building CXX object sa/CMakeFiles/cubridsa.dir/__/src/query/numeric_opfunc.c.o
[193/1304] Building CXX object sa/CMakeFiles/cubridsa.dir/__/src/optimizer/rewriter/query_rewrite.c.o
[194/1304] Building CXX object sa/CMakeFiles/cubridsa.dir/__/src/object/transform_cl.c.o
[195/1304] Building CXX object sa/CMakeFiles/cubridsa.dir/__/src/optimizer/rewriter/query_rewrite_term.c.o
[196/1304] Building CXX object sa/CMakeFiles/cubridsa.dir/__/src/object/object_domain.c.o
[197/1304] Building CXX object sa/CMakeFiles/cubridsa.dir/__/src/object/work_space.c.o
[198/1304] Building CXX object sa/CMakeFiles/cubridsa.dir/__/src/object/schema_manager.c.o
[199/1304] Building CXX object sa/CMakeFiles/cubridsa.dir/__/src/object/trigger_manager.c.o
[200/1304] Building CXX object sa/CMakeFiles/cubridsa.dir/__/src/query/cursor.c.o
[201/1304] Building CXX object sa/CMakeFiles/cubridsa.dir/__/src/object/object_primitive.c.o
[202/1304] Building CXX object sa/CMakeFiles/cubridsa.dir/__/src/optimizer/rewriter/query_rewrite_select.c.o
[203/1304] Building C object sa/CMakeFiles/cubridsa.dir/__/csql_lexer.c.o
[204/1304] Building CXX object sa/CMakeFiles/cubridsa.dir/__/src/object/schema_information_schema_install.cpp.o
[205/1304] Building CXX object sa/CMakeFiles/cubridsa.dir/__/src/query/arithmetic.c.o
[206/1304] Building CXX object sa/CMakeFiles/cubridsa.dir/__/src/query/vacuum_oos.cpp.o
[207/1304] Building CXX object sa/CMakeFiles/cubridsa.dir/__/src/query/string_regex.cpp.o
[208/1304] Building CXX object sa/CMakeFiles/cubridsa.dir/__/src/query/string_regex_re2.cpp.o
[209/1304] Building CXX object sa/CMakeFiles/cubridsa.dir/__/src/thread/critical_section_tracker.cpp.o
[210/1304] Building CXX object sa/CMakeFiles/cubridsa.dir/__/src/object/schema_system_catalog_install.cpp.o
[211/1304] Building CXX object sa/CMakeFiles/cubridsa.dir/__/src/query/dblink_2pc.c.o
[212/1304] Building CXX object sa/CMakeFiles/cubridsa.dir/__/src/query/regu_var.cpp.o
[213/1304] Building CXX object sa/CMakeFiles/cubridsa.dir/__/src/query/dblink_scan.c.o
[214/1304] Building CXX object sa/CMakeFiles/cubridsa.dir/__/src/query/query_dump.c.o
[215/1304] Building CXX object sa/CMakeFiles/cubridsa.dir/__/src/optimizer/plan_generation.c.o
[216/1304] Building CXX object sa/CMakeFiles/cubridsa.dir/__/src/query/partition.c.o
[217/1304] Building CXX object sa/CMakeFiles/cubridsa.dir/__/src/query/query_reevaluation.cpp.o
[218/1304] Building CXX object sa/CMakeFiles/cubridsa.dir/__/src/transaction/client_credentials.cpp.o
[219/1304] Building CXX object sa/CMakeFiles/cubridsa.dir/__/src/query/fetch.c.o
[220/1304] Building CXX object sa/CMakeFiles/cubridsa.dir/__/src/optimizer/query_graph.c.o
[221/1304] Building CXX object sa/CMakeFiles/cubridsa.dir/__/src/query/query_hash_join.c.o
[222/1304] Building CXX object sa/CMakeFiles/cubridsa.dir/__/src/transaction/log_lsa.cpp.o
[223/1304] Building CXX object sa/CMakeFiles/cubridsa.dir/__/src/transaction/locator.c.o
[224/1304] Building CXX object sa/CMakeFiles/cubridsa.dir/__/src/query/list_file.c.o
[225/1304] Building CXX object sa/CMakeFiles/cubridsa.dir/__/src/query/query_cl.c.o
[226/1304] Building CXX object sa/CMakeFiles/cubridsa.dir/__/src/optimizer/query_planner.c.o
[227/1304] Building CXX object sa/CMakeFiles/cubridsa.dir/__/src/query/query_analytic.cpp.o
[228/1304] Building CXX object sa/CMakeFiles/cubridsa.dir/__/src/query/filter_pred_cache.c.o
[229/1304] Building CXX object sa/CMakeFiles/cubridsa.dir/__/src/thread/thread_entry_task.cpp.o
[230/1304] Building CXX object sa/CMakeFiles/cubridsa.dir/__/src/query/query_aggregate.cpp.o
[231/1304] Building CXX object sa/CMakeFiles/cubridsa.dir/__/src/query/query_evaluator.c.o
[232/1304] Building CXX object sa/CMakeFiles/cubridsa.dir/__/src/parser/keyword.c.o
[233/1304] Building CXX object sa/CMakeFiles/cubridsa.dir/__/src/sp/sp_catalog.cpp.o
[234/1304] Building CXX object sa/CMakeFiles/cubridsa.dir/__/src/thread/thread_manager.cpp.o
[235/1304] Building CXX object sa/CMakeFiles/cubridsa.dir/__/src/query/scan_json_table.cpp.o
[236/1304] Building CXX object sa/CMakeFiles/cubridsa.dir/__/src/query/query_hash_scan.c.o
[237/1304] Building CXX object sa/CMakeFiles/cubridsa.dir/__/src/query/execute_schema.c.o
[238/1304] Building CXX object sa/CMakeFiles/cubridsa.dir/__/src/parser/cnf.c.o
[239/1304] Building CXX object sa/CMakeFiles/cubridsa.dir/__/src/transaction/log_2pc.c.o
[240/1304] Building CXX object sa/CMakeFiles/cubridsa.dir/__/src/transaction/log_comm.c.o
[241/1304] Building CXX object sa/CMakeFiles/cubridsa.dir/__/src/thread/thread_lockfree_hash_map.cpp.o
[242/1304] Building CXX object sa/CMakeFiles/cubridsa.dir/__/src/query/set_scan.c.o
[243/1304] Building CXX object sa/CMakeFiles/cubridsa.dir/__/src/parser/parse_tree.c.o
[244/1304] Building CXX object sa/CMakeFiles/cubridsa.dir/__/src/storage/byte_order.c.o
[245/1304] Building CXX object sa/CMakeFiles/cubridsa.dir/__/src/query/query_manager.c.o
[246/1304] Building CXX object sa/CMakeFiles/cubridsa.dir/__/src/parser/parse_type.cpp.o
[247/1304] Building CXX object sa/CMakeFiles/cubridsa.dir/__/src/parser/scanner_support.c.o
[248/1304] Building CXX object sa/CMakeFiles/cubridsa.dir/__/src/parser/method_transform.c.o
[249/1304] Building CXX object sa/CMakeFiles/cubridsa.dir/__/src/query/show_scan.c.o
[250/1304] Building CXX object sa/CMakeFiles/cubridsa.dir/__/src/query/subquery_cache.c.o
[251/1304] Building CXX object sa/CMakeFiles/cubridsa.dir/__/src/transaction/log_compress.c.o
[252/1304] Building CXX object sa/CMakeFiles/cubridsa.dir/__/src/parser/parser_allocator.cpp.o
[253/1304] Building CXX object sa/CMakeFiles/cubridsa.dir/__/src/transaction/log_append.cpp.o
[254/1304] Building CXX object sa/CMakeFiles/cubridsa.dir/__/src/storage/es_owfs.c.o
[255/1304] Building CXX object sa/CMakeFiles/cubridsa.dir/__/src/parser/func_type.cpp.o
[256/1304] Building CXX object sa/CMakeFiles/cubridsa.dir/__/src/parser/compile.c.o
[257/1304] Building CXX object sa/CMakeFiles/cubridsa.dir/__/src/query/stream_to_xasl.c.o
[258/1304] Building CXX object sa/CMakeFiles/cubridsa.dir/__/src/parser/show_meta.c.o
[259/1304] Building CXX object sa/CMakeFiles/cubridsa.dir/__/src/storage/es_posix.c.o
[260/1304] Building CXX object sa/CMakeFiles/cubridsa.dir/__/src/query/execute_statement.c.o
[261/1304] Building CXX object sa/CMakeFiles/cubridsa.dir/__/src/query/query_opfunc.c.o
[262/1304] Building CXX object sa/CMakeFiles/cubridsa.dir/__/src/parser/parse_dbi.c.o
[263/1304] Building CXX object sa/CMakeFiles/cubridsa.dir/__/src/transaction/log_global.c.o
[264/1304] Building CXX object sa/CMakeFiles/cubridsa.dir/__/src/parser/parse_evaluate.c.o
[265/1304] Building CXX object sa/CMakeFiles/cubridsa.dir/__/src/query/serial.c.o
[266/1304] Building CXX object sa/CMakeFiles/cubridsa.dir/__/src/query/xasl_to_stream.c.o
[267/1304] Building CXX object sa/CMakeFiles/cubridsa.dir/__/src/parser/query_result.c.o
[268/1304] Building CXX object sa/CMakeFiles/cubridsa.dir/__/src/storage/btree_unique.cpp.o
[269/1304] Building CXX object sa/CMakeFiles/cubridsa.dir/__/src/storage/es_common.c.o
[270/1304] Building CXX object sa/CMakeFiles/cubridsa.dir/__/src/transaction/flashback.c.o
[271/1304] Building CXX object sa/CMakeFiles/cubridsa.dir/__/src/transaction/log_postpone_cache.cpp.o
[272/1304] Building CXX object sa/CMakeFiles/cubridsa.dir/__/src/query/scan_manager.c.o
[273/1304] Building CXX object sa/CMakeFiles/cubridsa.dir/__/src/query/memoize.cpp.o
[274/1304] Building CXX object sa/CMakeFiles/cubridsa.dir/__/src/storage/oid.c.o
[275/1304] Building CXX object sa/CMakeFiles/cubridsa.dir/__/src/transaction/log_recovery_redo.cpp.o
[276/1304] Building CXX object sa/CMakeFiles/cubridsa.dir/__/src/transaction/replication.c.o
[277/1304] Building CXX object sa/CMakeFiles/cubridsa.dir/__/src/transaction/mvcc_active_tran.cpp.o
[278/1304] Building CXX object sa/CMakeFiles/cubridsa.dir/__/src/storage/statistics_ndv.c.o
[279/1304] Building CXX object sa/CMakeFiles/cubridsa.dir/__/src/transaction/transaction_transient.cpp.o
[280/1304] Building CXX object sa/CMakeFiles/cubridsa.dir/__/src/parser/name_resolution.c.o
[281/1304] Building CXX object sa/CMakeFiles/cubridsa.dir/__/src/parser/xasl_regu_alloc.cpp.o
[282/1304] Building CXX object sa/CMakeFiles/cubridsa.dir/__/src/transaction/log_system_tran.cpp.o
[283/1304] Building CXX object sa/CMakeFiles/cubridsa.dir/__/src/storage/heap_pending_record.cpp.o
[284/1304] Building CXX object sa/CMakeFiles/cubridsa.dir/__/src/query/vacuum.c.o
[285/1304] Building CXX object sa/CMakeFiles/cubridsa.dir/__/src/storage/oos_util.cpp.o
[286/1304] Building CXX object sa/CMakeFiles/cubridsa.dir/__/src/query/xasl_cache.c.o
[287/1304] Building CXX object sa/CMakeFiles/cubridsa.dir/__/src/transaction/mvcc.c.o
[288/1304] Building CXX object sa/CMakeFiles/cubridsa.dir/__/src/storage/storage_common.c.o
[289/1304] Building CXX object sa/CMakeFiles/cubridsa.dir/__/src/thread/thread_entry.cpp.o
[290/1304] Building CXX object sa/CMakeFiles/cubridsa.dir/__/src/transaction/mvcc_table.cpp.o
[291/1304] Building CXX object sa/CMakeFiles/cubridsa.dir/__/src/parser/view_transform.c.o
[292/1304] Building CXX object sa/CMakeFiles/cubridsa.dir/__/src/query/string_regex_std.cpp.o
[293/1304] Building CXX object sa/CMakeFiles/cubridsa.dir/__/src/transaction/log_prior_inflight.cpp.o
[294/1304] Building CXX object sa/CMakeFiles/cubridsa.dir/__/src/storage/record_descriptor.cpp.o
[295/1304] Building CXX object sa/CMakeFiles/cubridsa.dir/__/src/query/string_opfunc.c.o
[296/1304] Building CXX object sa/CMakeFiles/cubridsa.dir/__/src/transaction/locator_cl.c.o
[297/1304] Building CXX object sa/CMakeFiles/cubridsa.dir/__/src/storage/ftab_set.cpp.o
[298/1304] Building CXX object sa/CMakeFiles/cubridsa.dir/__/src/transaction/boot_cl.c.o
[299/1304] Building CXX object sa/CMakeFiles/cubridsa.dir/__/src/xasl/access_json_table.cpp.o
[300/1304] Building CXX object sa/CMakeFiles/cubridsa.dir/__/src/parser/parser_support.c.o
[301/1304] Building CXX object sa/CMakeFiles/cubridsa.dir/__/src/xasl/xasl_unpack_info.cpp.o
[302/1304] Building CXX object sa/CMakeFiles/cubridsa.dir/__/src/query/query_executor.c.o
[303/1304] Building CXX object sa/CMakeFiles/cubridsa.dir/__/src/loaddb/load_driver.cpp.o
[304/1304] Building CXX object sa/CMakeFiles/cubridsa.dir/__/src/transaction/lock_manager.c.o
[305/1304] Building CXX object sa/CMakeFiles/cubridsa.dir/__/src/transaction/boot_sr.c.o
[306/1304] Building CXX object sa/CMakeFiles/cubridsa.dir/__/src/loaddb/load_semantic_helper.cpp.o
[307/1304] Building CXX object sa/CMakeFiles/cubridsa.dir/__/src/transaction/log_recovery.c.o
[308/1304] Building CXX object cs/CMakeFiles/cubridcs.dir/__/src/executables/csql_result.c.o
[309/1304] Building CXX object sa/CMakeFiles/cubridsa.dir/__/load_lexer.cpp.o
[310/1304] Building CXX object sa/CMakeFiles/cubridsa.dir/__/src/transaction/transaction_cl.c.o
[311/1304] Building CXX object sa/CMakeFiles/cubridsa.dir/__/src/parser/semantic_check.c.o
[312/1304] Building CXX object sa/CMakeFiles/cubridsa.dir/__/load_grammar.cpp.o
[313/1304] Building CXX object sa/CMakeFiles/cubridsa.dir/__/src/transaction/transaction_sr.c.o
[314/1304] Building CXX object sa/CMakeFiles/cubridsa.dir/__/src/transaction/log_writer.c.o
[315/1304] Building CXX object sa/CMakeFiles/cubridsa.dir/__/src/storage/double_write_buffer.cpp.o
[316/1304] Building CXX object sa/CMakeFiles/cubridsa.dir/__/src/storage/bestspace.cpp.o
[317/1304] Building CXX object sa/CMakeFiles/cubridsa.dir/__/src/transaction/locator_sr.c.o
[318/1304] Building CXX object cs/CMakeFiles/cubridcs.dir/__/src/executables/extract_schema.cpp.o
[319/1304] Building CXX object sa/CMakeFiles/cubridsa.dir/__/src/optimizer/histogram/histogram_reader.cpp.o
[320/1304] Building CXX object sa/CMakeFiles/cubridsa.dir/__/src/parser/xasl_generation.c.o
[321/1304] Building CXX object sa/CMakeFiles/cubridsa.dir/__/src/transaction/recovery.c.o
[322/1304] Building CXX object sa/CMakeFiles/cubridsa.dir/__/src/parser/parse_tree_cl.c.o
[323/1304] Building CXX object sa/CMakeFiles/cubridsa.dir/__/src/loaddb/load_common.cpp.o
[324/1304] Building CXX object sa/CMakeFiles/cubridsa.dir/__/src/loaddb/load_error_handler.cpp.o
[325/1304] Building CXX object sa/CMakeFiles/cubridsa.dir/__/src/optimizer/histogram/histogram_builder.cpp.o
[326/1304] Building CXX object cs/CMakeFiles/cubridcs.dir/__/src/compat/cnv.c.o
[327/1304] Building CXX object cs/CMakeFiles/cubridcs.dir/__/src/executables/file_hash.c.o
[328/1304] Building C object sa/CMakeFiles/cubridsa.dir/__/csql_grammar.c.o
/home/vimkim/gh/cb/pr7925-simplification-integration/build_preset_debug_gcc/csql_grammar.c: In function ‘yyuserAction’:
/home/vimkim/gh/cb/pr7925-simplification-integration/build_preset_debug_gcc/csql_grammar.c:42611:80: warning: implicit conversion from ‘enum pt_currency_types’ to ‘DB_CURRENCY’ [-Wenum-conversion]
42611 |                             pt_value_set_monetary (this_parser, val, str, txt, PT_CURRENCY_YEN);
      |                                                                                ^~~~~~~~~~~~~~~
/home/vimkim/gh/cb/pr7925-simplification-integration/build_preset_debug_gcc/csql_grammar.c:42631:80: warning: implicit conversion from ‘enum pt_currency_types’ to ‘DB_CURRENCY’ [-Wenum-conversion]
42631 |                             pt_value_set_monetary (this_parser, val, str, txt, PT_CURRENCY_DOLLAR);
      |                                                                                ^~~~~~~~~~~~~~~~~~
/home/vimkim/gh/cb/pr7925-simplification-integration/build_preset_debug_gcc/csql_grammar.c:42651:80: warning: implicit conversion from ‘enum pt_currency_types’ to ‘DB_CURRENCY’ [-Wenum-conversion]
42651 |                             pt_value_set_monetary (this_parser, val, str, txt, PT_CURRENCY_WON);
      |                                                                                ^~~~~~~~~~~~~~~
/home/vimkim/gh/cb/pr7925-simplification-integration/build_preset_debug_gcc/csql_grammar.c:42671:80: warning: implicit conversion from ‘enum pt_currency_types’ to ‘DB_CURRENCY’ [-Wenum-conversion]
42671 |                             pt_value_set_monetary (this_parser, val, str, txt, PT_CURRENCY_TL);
      |                                                                                ^~~~~~~~~~~~~~
/home/vimkim/gh/cb/pr7925-simplification-integration/build_preset_debug_gcc/csql_grammar.c:42691:80: warning: implicit conversion from ‘enum pt_currency_types’ to ‘DB_CURRENCY’ [-Wenum-conversion]
42691 |                             pt_value_set_monetary (this_parser, val, str, txt, PT_CURRENCY_BRITISH_POUND);
      |                                                                                ^~~~~~~~~~~~~~~~~~~~~~~~~
/home/vimkim/gh/cb/pr7925-simplification-integration/build_preset_debug_gcc/csql_grammar.c:42710:80: warning: implicit conversion from ‘enum pt_currency_types’ to ‘DB_CURRENCY’ [-Wenum-conversion]
42710 |                             pt_value_set_monetary (this_parser, val, str, txt, PT_CURRENCY_CAMBODIAN_RIEL);
      |                                                                                ^~~~~~~~~~~~~~~~~~~~~~~~~~
/home/vimkim/gh/cb/pr7925-simplification-integration/build_preset_debug_gcc/csql_grammar.c:42729:80: warning: implicit conversion from ‘enum pt_currency_types’ to ‘DB_CURRENCY’ [-Wenum-conversion]
42729 |                             pt_value_set_monetary (this_parser, val, str, txt, PT_CURRENCY_CHINESE_RENMINBI);
      |                                                                                ^~~~~~~~~~~~~~~~~~~~~~~~~~~~
/home/vimkim/gh/cb/pr7925-simplification-integration/build_preset_debug_gcc/csql_grammar.c:42748:80: warning: implicit conversion from ‘enum pt_currency_types’ to ‘DB_CURRENCY’ [-Wenum-conversion]
42748 |                             pt_value_set_monetary (this_parser, val, str, txt, PT_CURRENCY_INDIAN_RUPEE);
      |                                                                                ^~~~~~~~~~~~~~~~~~~~~~~~
/home/vimkim/gh/cb/pr7925-simplification-integration/build_preset_debug_gcc/csql_grammar.c:42767:80: warning: implicit conversion from ‘enum pt_currency_types’ to ‘DB_CURRENCY’ [-Wenum-conversion]
42767 |                             pt_value_set_monetary (this_parser, val, str, txt, PT_CURRENCY_RUSSIAN_RUBLE);
      |                                                                                ^~~~~~~~~~~~~~~~~~~~~~~~~
/home/vimkim/gh/cb/pr7925-simplification-integration/build_preset_debug_gcc/csql_grammar.c:42786:80: warning: implicit conversion from ‘enum pt_currency_types’ to ‘DB_CURRENCY’ [-Wenum-conversion]
42786 |                             pt_value_set_monetary (this_parser, val, str, txt, PT_CURRENCY_AUSTRALIAN_DOLLAR);
      |                                                                                ^~~~~~~~~~~~~~~~~~~~~~~~~~~~~
/home/vimkim/gh/cb/pr7925-simplification-integration/build_preset_debug_gcc/csql_grammar.c:42805:80: warning: implicit conversion from ‘enum pt_currency_types’ to ‘DB_CURRENCY’ [-Wenum-conversion]
42805 |                             pt_value_set_monetary (this_parser, val, str, txt, PT_CURRENCY_CANADIAN_DOLLAR);
      |                                                                                ^~~~~~~~~~~~~~~~~~~~~~~~~~~
/home/vimkim/gh/cb/pr7925-simplification-integration/build_preset_debug_gcc/csql_grammar.c:42824:80: warning: implicit conversion from ‘enum pt_currency_types’ to ‘DB_CURRENCY’ [-Wenum-conversion]
42824 |                             pt_value_set_monetary (this_parser, val, str, txt, PT_CURRENCY_BRASILIAN_REAL);
      |                                                                                ^~~~~~~~~~~~~~~~~~~~~~~~~~
/home/vimkim/gh/cb/pr7925-simplification-integration/build_preset_debug_gcc/csql_grammar.c:42843:80: warning: implicit conversion from ‘enum pt_currency_types’ to ‘DB_CURRENCY’ [-Wenum-conversion]
42843 |                             pt_value_set_monetary (this_parser, val, str, txt, PT_CURRENCY_ROMANIAN_LEU);
      |                                                                                ^~~~~~~~~~~~~~~~~~~~~~~~
/home/vimkim/gh/cb/pr7925-simplification-integration/build_preset_debug_gcc/csql_grammar.c:42862:80: warning: implicit conversion from ‘enum pt_currency_types’ to ‘DB_CURRENCY’ [-Wenum-conversion]
42862 |                             pt_value_set_monetary (this_parser, val, str, txt, PT_CURRENCY_EURO);
      |                                                                                ^~~~~~~~~~~~~~~~
/home/vimkim/gh/cb/pr7925-simplification-integration/build_preset_debug_gcc/csql_grammar.c:42881:80: warning: implicit conversion from ‘enum pt_currency_types’ to ‘DB_CURRENCY’ [-Wenum-conversion]
42881 |                             pt_value_set_monetary (this_parser, val, str, txt, PT_CURRENCY_SWISS_FRANC);
      |                                                                                ^~~~~~~~~~~~~~~~~~~~~~~
/home/vimkim/gh/cb/pr7925-simplification-integration/build_preset_debug_gcc/csql_grammar.c:42900:80: warning: implicit conversion from ‘enum pt_currency_types’ to ‘DB_CURRENCY’ [-Wenum-conversion]
42900 |                             pt_value_set_monetary (this_parser, val, str, txt, PT_CURRENCY_DANISH_KRONE);
      |                                                                                ^~~~~~~~~~~~~~~~~~~~~~~~
/home/vimkim/gh/cb/pr7925-simplification-integration/build_preset_debug_gcc/csql_grammar.c:42919:80: warning: implicit conversion from ‘enum pt_currency_types’ to ‘DB_CURRENCY’ [-Wenum-conversion]
42919 |                             pt_value_set_monetary (this_parser, val, str, txt, PT_CURRENCY_NORWEGIAN_KRONE);
      |                                                                                ^~~~~~~~~~~~~~~~~~~~~~~~~~~
/home/vimkim/gh/cb/pr7925-simplification-integration/build_preset_debug_gcc/csql_grammar.c:42938:80: warning: implicit conversion from ‘enum pt_currency_types’ to ‘DB_CURRENCY’ [-Wenum-conversion]
42938 |                             pt_value_set_monetary (this_parser, val, str, txt, PT_CURRENCY_BULGARIAN_LEV);
      |                                                                                ^~~~~~~~~~~~~~~~~~~~~~~~~
/home/vimkim/gh/cb/pr7925-simplification-integration/build_preset_debug_gcc/csql_grammar.c:42957:80: warning: implicit conversion from ‘enum pt_currency_types’ to ‘DB_CURRENCY’ [-Wenum-conversion]
42957 |                             pt_value_set_monetary (this_parser, val, str, txt, PT_CURRENCY_VIETNAMESE_DONG);
      |                                                                                ^~~~~~~~~~~~~~~~~~~~~~~~~~~
/home/vimkim/gh/cb/pr7925-simplification-integration/build_preset_debug_gcc/csql_grammar.c:42976:80: warning: implicit conversion from ‘enum pt_currency_types’ to ‘DB_CURRENCY’ [-Wenum-conversion]
42976 |                             pt_value_set_monetary (this_parser, val, str, txt, PT_CURRENCY_CZECH_KORUNA);
      |                                                                                ^~~~~~~~~~~~~~~~~~~~~~~~
/home/vimkim/gh/cb/pr7925-simplification-integration/build_preset_debug_gcc/csql_grammar.c:42995:80: warning: implicit conversion from ‘enum pt_currency_types’ to ‘DB_CURRENCY’ [-Wenum-conversion]
42995 |                             pt_value_set_monetary (this_parser, val, str, txt, PT_CURRENCY_POLISH_ZLOTY);
      |                                                                                ^~~~~~~~~~~~~~~~~~~~~~~~
/home/vimkim/gh/cb/pr7925-simplification-integration/build_preset_debug_gcc/csql_grammar.c:43014:80: warning: implicit conversion from ‘enum pt_currency_types’ to ‘DB_CURRENCY’ [-Wenum-conversion]
43014 |                             pt_value_set_monetary (this_parser, val, str, txt, PT_CURRENCY_SWEDISH_KRONA);
      |                                                                                ^~~~~~~~~~~~~~~~~~~~~~~~~
/home/vimkim/gh/cb/pr7925-simplification-integration/build_preset_debug_gcc/csql_grammar.c:43033:80: warning: implicit conversion from ‘enum pt_currency_types’ to ‘DB_CURRENCY’ [-Wenum-conversion]
43033 |                             pt_value_set_monetary (this_parser, val, str, txt, PT_CURRENCY_CROATIAN_KUNA);
      |                                                                                ^~~~~~~~~~~~~~~~~~~~~~~~~
/home/vimkim/gh/cb/pr7925-simplification-integration/build_preset_debug_gcc/csql_grammar.c:43052:80: warning: implicit conversion from ‘enum pt_currency_types’ to ‘DB_CURRENCY’ [-Wenum-conversion]
43052 |                             pt_value_set_monetary (this_parser, val, str, txt, PT_CURRENCY_SERBIAN_DINAR);
      |                                                                                ^~~~~~~~~~~~~~~~~~~~~~~~~
/home/vimkim/gh/cb/pr7925-simplification-integration/build_preset_debug_gcc/csql_grammar.c: In function ‘pt_value_set_monetary’:
/home/vimkim/gh/cb/pr7925-simplification-integration/build_preset_debug_gcc/csql_grammar.c:49108:42: warning: implicit conversion from ‘DB_CURRENCY’ to ‘PT_CURRENCY’ {aka ‘enum pt_currency_types’} [-Wenum-conversion]
49108 |   node->info.value.data_value.money.type = type;
      |                                          ^
[329/1304] Building CXX object sa/CMakeFiles/cubridsa.dir/__/src/transaction/log_page_buffer.c.o
[330/1304] Building CXX object sa/CMakeFiles/cubridsa.dir/__/src/storage/catalog_class.c.o
[331/1304] Building CXX object sa/CMakeFiles/cubridsa.dir/__/src/storage/slotted_page.c.o
[332/1304] Building CXX object sa/CMakeFiles/cubridsa.dir/__/src/storage/disk_manager.c.o
[333/1304] Building CXX object cs/CMakeFiles/cubridcs.dir/__/src/base/chartype.c.o
[334/1304] Building CXX object sa/CMakeFiles/cubridsa.dir/__/src/xasl/xasl_analytic.cpp.o
[335/1304] Building CXX object sa/CMakeFiles/cubridsa.dir/__/src/storage/btree_sort.c.o
[336/1304] Building CXX object cs/CMakeFiles/cubridcs.dir/__/src/base/dtoa.c.o
[337/1304] Building CXX object sa/CMakeFiles/cubridsa.dir/__/src/storage/es.c.o
[338/1304] Building CXX object cs/CMakeFiles/cubridcs.dir/__/src/base/environment_variable.c.o
[339/1304] Building CXX object cs/CMakeFiles/cubridcs.dir/__/src/base/cubrid_getopt_long.c.o
[340/1304] Building CXX object cs/CMakeFiles/cubridcs.dir/__/src/base/fault_injection.c.o
[341/1304] Building CXX object sa/CMakeFiles/cubridsa.dir/__/src/storage/statistics_cl.c.o
[342/1304] Building CXX object sa/CMakeFiles/cubridsa.dir/__/src/session/session_sr.c.o
[343/1304] Building CXX object sa/CMakeFiles/cubridsa.dir/__/src/storage/heap_oos.cpp.o
[344/1304] Building CXX object sa/CMakeFiles/cubridsa.dir/__/src/storage/external_sort.c.o
[345/1304] Building CXX object sa/CMakeFiles/cubridsa.dir/__/src/storage/btree_load.c.o
[346/1304] Building CXX object cs/CMakeFiles/cubridcs.dir/__/src/base/ini_parser.c.o
[347/1304] Building CXX object sa/CMakeFiles/cubridsa.dir/__/src/storage/extendible_hash.c.o
[348/1304] Building CXX object sa/CMakeFiles/cubridsa.dir/__/src/transaction/log_tran_table.c.o
[349/1304] Building CXX object sa/CMakeFiles/cubridsa.dir/__/src/storage/compactdb_sr.c.o
[350/1304] Building CXX object cs/CMakeFiles/cubridcs.dir/__/src/compat/db_json_allocator.cpp.o
[351/1304] Building CXX object sa/CMakeFiles/cubridsa.dir/__/src/loaddb/load_object_table.c.o
[352/1304] Building C object cs/CMakeFiles/cubridcs.dir/__/src/compat/dbtype_function.c.o
[353/1304] Building CXX object cs/CMakeFiles/cubridcs.dir/__/src/base/get_clock_freq.c.o
[354/1304] Building CXX object cs/CMakeFiles/cubridcs.dir/__/src/base/locale_support.c.o
[355/1304] Building CXX object sa/CMakeFiles/cubridsa.dir/__/src/xasl/xasl_iteration.cpp.o
[356/1304] Building CXX object sa/CMakeFiles/cubridsa.dir/__/src/xasl/xasl_stream.cpp.o
[357/1304] Building CXX object cs/CMakeFiles/cubridcs.dir/__/src/base/intl_support.c.o
[358/1304] Building CXX object cs/CMakeFiles/cubridcs.dir/__/src/base/encryption.c.o
[359/1304] Building CXX object cs/CMakeFiles/cubridcs.dir/__/src/base/fileline_location.cpp.o
[360/1304] Building CXX object cs/CMakeFiles/cubridcs.dir/__/src/base/mprec.c.o
[361/1304] Building CXX object cs/CMakeFiles/cubridcs.dir/__/src/base/fixed_alloc.c.o
[362/1304] Building CXX object sa/CMakeFiles/cubridsa.dir/__/src/parser/type_checking.c.o
[363/1304] Building CXX object cs/CMakeFiles/cubridcs.dir/__/src/base/error_context.cpp.o
[364/1304] Building CXX object cs/CMakeFiles/cubridcs.dir/__/src/base/base64.c.o
[365/1304] Building CXX object cs/CMakeFiles/cubridcs.dir/__/src/base/lockfree_bitmap.cpp.o
[366/1304] Building CXX object cs/CMakeFiles/cubridcs.dir/__/src/base/message_catalog.c.o
[367/1304] Building CXX object cs/CMakeFiles/cubridcs.dir/__/src/base/misc_string.c.o
[368/1304] Building CXX object cs/CMakeFiles/cubridcs.dir/__/src/executables/csql_result_format.c.o
[369/1304] Building CXX object sa/CMakeFiles/cubridsa.dir/__/src/storage/oos_file.cpp.o
[370/1304] Building CXX object cs/CMakeFiles/cubridcs.dir/__/src/base/hide_password.cpp.o
[371/1304] Building CXX object sa/CMakeFiles/cubridsa.dir/__/src/loaddb/load_db.c.o
[372/1304] Building CXX object cs/CMakeFiles/cubridcs.dir/__/src/executables/compactdb_cl.c.o
[373/1304] Building CXX object cs/CMakeFiles/cubridcs.dir/__/src/base/locale_helper.cpp.o
[374/1304] Building CXX object cs/CMakeFiles/cubridcs.dir/__/src/base/sha1.c.o
[375/1304] Building CXX object cs/CMakeFiles/cubridcs.dir/__/src/base/mem_block.cpp.o
[376/1304] Building CXX object sa/CMakeFiles/cubridsa.dir/__/src/storage/statistics_sr.c.o
[377/1304] Building CXX object cs/CMakeFiles/cubridcs.dir/__/src/base/process_util.c.o
[378/1304] Building CXX object cs/CMakeFiles/cubridcs.dir/__/src/base/memory_private_allocator.cpp.o
[379/1304] Building CXX object sa/CMakeFiles/cubridsa.dir/__/src/xasl/xasl_predicate.cpp.o
[380/1304] Building CXX object cs/CMakeFiles/cubridcs.dir/__/src/base/databases_file.c.o
[381/1304] Building CXX object cs/CMakeFiles/cubridcs.dir/__/src/base/porting.c.o
[382/1304] Building CXX object cs/CMakeFiles/cubridcs.dir/__/src/base/filesys_temp.cpp.o
[383/1304] Building CXX object sa/CMakeFiles/cubridsa.dir/__/src/session/session.c.o
[384/1304] Building CXX object cs/CMakeFiles/cubridcs.dir/__/src/base/tsc_timer.c.o
[385/1304] Building CXX object cs/CMakeFiles/cubridcs.dir/__/src/base/release_string.c.o
[386/1304] Building CXX object cubrid/CMakeFiles/cubrid.dir/__/src/query/set_scan.c.o
[387/1304] Building CXX object sa/CMakeFiles/cubridsa.dir/__/src/storage/file_io.c.o
[388/1304] Building CXX object sa/CMakeFiles/cubridsa.dir/__/src/transaction/log_manager.c.o
[389/1304] Building CXX object cs/CMakeFiles/cubridcs.dir/__/src/compat/db_class.c.o
[390/1304] Building CXX object sa/CMakeFiles/cubridsa.dir/__/src/storage/file_manager.c.o
[391/1304] Building CXX object cs/CMakeFiles/cubridcs.dir/__/src/base/variable_string.c.o
[392/1304] Building CXX object cs/CMakeFiles/cubridcs.dir/__/src/executables/compactdb_common.c.o
[393/1304] Building CXX object sa/CMakeFiles/cubridsa.dir/__/src/loaddb/load_object.c.o
[394/1304] Building CXX object cs/CMakeFiles/cubridcs.dir/__/src/base/perf.cpp.o
[395/1304] Building CXX object cs/CMakeFiles/cubridcs.dir/__/src/base/error_manager.c.o
[396/1304] Building CXX object cs/CMakeFiles/cubridcs.dir/__/src/compat/db_date.c.o
[397/1304] Building CXX object cs/CMakeFiles/cubridcs.dir/__/src/executables/unload_object.c.o
[398/1304] Building CXX object cs/CMakeFiles/cubridcs.dir/__/src/base/printer.cpp.o
[399/1304] Building CXX object sa/CMakeFiles/cubridsa.dir/__/src/storage/system_catalog.c.o
[400/1304] Building CXX object cs/CMakeFiles/cubridcs.dir/__/src/base/uca_support.c.o
[401/1304] Building CXX object cs/CMakeFiles/cubridcs.dir/__/src/base/unicode_support.c.o
[402/1304] Building CXX object sa/CMakeFiles/cubridsa.dir/__/src/storage/tde.c.o
[403/1304] Building CXX object cs/CMakeFiles/cubridcs.dir/__/src/executables/csql_session.c.o
[404/1304] Building CXX object cs/CMakeFiles/cubridcs.dir/__/src/executables/csql_support.c.o
[405/1304] Building CXX object cs/CMakeFiles/cubridcs.dir/__/src/base/pinnable_buffer.cpp.o
[406/1304] Building CXX object cs/CMakeFiles/cubridcs.dir/__/src/base/string_buffer.cpp.o
[407/1304] Building CXX object cs/CMakeFiles/cubridcs.dir/__/src/base/util_func.c.o
[408/1304] Building CXX object cs/CMakeFiles/cubridcs.dir/__/src/executables/util_common.c.o
[409/1304] Building CXX object cs/CMakeFiles/cubridcs.dir/__/src/base/xml_parser.c.o
[410/1304] Building CXX object cs/CMakeFiles/cubridcs.dir/__/src/base/stack_dump.c.o
[411/1304] Building CXX object cs/CMakeFiles/cubridcs.dir/__/src/compat/db_info.c.o
[412/1304] Building CXX object cs/CMakeFiles/cubridcs.dir/__/src/base/packer.cpp.o
[413/1304] Building CXX object cs/CMakeFiles/cubridcs.dir/__/src/base/resource_tracker.cpp.o
[414/1304] Building CXX object cs/CMakeFiles/cubridcs.dir/__/src/heaplayers/lea_heap.c.o
[415/1304] Building CXX object cs/CMakeFiles/cubridcs.dir/__/src/compat/db_admin.c.o
[416/1304] Building CXX object cs/CMakeFiles/cubridcs.dir/__/src/executables/unloaddb.c.o
[417/1304] Building CXX object cs/CMakeFiles/cubridcs.dir/__/src/communication/network_common.cpp.o
[418/1304] Building CXX object cs/CMakeFiles/cubridcs.dir/__/src/executables/csql.c.o
[419/1304] Building CXX object cs/CMakeFiles/cubridcs.dir/__/src/executables/unload_object_file.c.o
[420/1304] Building CXX object cs/CMakeFiles/cubridcs.dir/__/src/communication/network_histogram.cpp.o
[421/1304] Building CXX object cs/CMakeFiles/cubridcs.dir/__/src/executables/checksumdb.c.o
[422/1304] Building CXX object cs/CMakeFiles/cubridcs.dir/__/src/base/dynamic_load.c.o
[423/1304] Building CXX object cs/CMakeFiles/cubridcs.dir/__/src/compat/db_method_static.cpp.o
[424/1304] Building CXX object cs/CMakeFiles/cubridcs.dir/__/src/connection/connection_less.cpp.o
[425/1304] Building CXX object cs/CMakeFiles/cubridcs.dir/__/src/heaplayers/customheaps.cpp.o
[426/1304] Building CXX object cs/CMakeFiles/cubridcs.dir/__/src/compat/db_old.c.o
[427/1304] Building CXX object cs/CMakeFiles/cubridcs.dir/__/src/connection/tcp.c.o
[428/1304] Building CXX object cs/CMakeFiles/cubridcs.dir/__/src/executables/util_cs.c.o
[429/1304] Building CXX object cs/CMakeFiles/cubridcs.dir/__/src/connection/connection_list_cl.cpp.o
[430/1304] Building CXX object sa/CMakeFiles/cubridsa.dir/__/src/optimizer/histogram/histogram_cl.cpp.o
[431/1304] Building CXX object cs/CMakeFiles/cubridcs.dir/__/src/connection/host_lookup.c.o
[432/1304] Building CXX object cs/CMakeFiles/cubridcs.dir/__/src/compat/db_obj.c.o
[433/1304] Building CXX object cs/CMakeFiles/cubridcs.dir/__/src/connection/heartbeat.c.o
[434/1304] Building CXX object cs/CMakeFiles/cubridcs.dir/__/src/compat/db_macro.c.o
[435/1304] Building CXX object cs/CMakeFiles/cubridcs.dir/__/src/object/object_print_util.cpp.o
[436/1304] Building CXX object cs/CMakeFiles/cubridcs.dir/__/src/base/area_alloc.c.o
[437/1304] Building CXX object cs/CMakeFiles/cubridcs.dir/__/src/connection/connection_globals.c.o
[438/1304] Building CXX object cs/CMakeFiles/cubridcs.dir/__/src/compat/db_set.c.o
[439/1304] Building CXX object cs/CMakeFiles/cubridcs.dir/__/src/compat/db_value_printer.cpp.o
[440/1304] Building CXX object cs/CMakeFiles/cubridcs.dir/__/src/compat/db_query.c.o
[441/1304] Building CXX object cs/CMakeFiles/cubridcs.dir/__/src/base/filesys_parser.cpp.o
[442/1304] Building CXX object sa/CMakeFiles/cubridsa.dir/__/src/loaddb/load_sa_loader.cpp.o
[443/1304] Building CXX object cs/CMakeFiles/cubridcs.dir/__/src/executables/unload_schema.c.o
[444/1304] Building CXX object cs/CMakeFiles/cubridcs.dir/__/src/compat/db_virt.c.o
[445/1304] Building CXX object cs/CMakeFiles/cubridcs.dir/__/src/object/quick_fit.c.o
[446/1304] Building CXX object cubrid/CMakeFiles/cubrid.dir/__/src/query/serial.c.o
[447/1304] Building CXX object cs/CMakeFiles/cubridcs.dir/__/src/object/elo.c.o
[448/1304] Building CXX object cs/CMakeFiles/cubridcs.dir/__/src/base/memory_alloc.c.o
[449/1304] Building CXX object cs/CMakeFiles/cubridcs.dir/__/src/connection/connection_cl.cpp.o
[450/1304] Building CXX object cs/CMakeFiles/cubridcs.dir/__/src/object/identifier_store.cpp.o
[451/1304] Building CXX object cs/CMakeFiles/cubridcs.dir/__/src/compat/db_temp.c.o
[452/1304] Building CXX object cs/CMakeFiles/cubridcs.dir/__/src/compat/db_json_path.cpp.o
[453/1304] Building CXX object cs/CMakeFiles/cubridcs.dir/__/src/base/resources.cpp.o
[454/1304] Building CXX object cs/CMakeFiles/cubridcs.dir/__/src/base/cgroup.cpp.o
[455/1304] Building CXX object sa/CMakeFiles/cubridsa.dir/__/src/storage/btree.c.o
[456/1304] Building CXX object cs/CMakeFiles/cubridcs.dir/__/src/object/transform.c.o
[457/1304] Building CXX object cs/CMakeFiles/cubridcs.dir/__/src/base/memory_hash.c.o
[458/1304] Building CXX object cs/CMakeFiles/cubridcs.dir/__/src/base/language_support.c.o
[459/1304] Building CXX object cs/CMakeFiles/cubridcs.dir/__/src/base/perf_monitor.c.o
[460/1304] Building CXX object cs/CMakeFiles/cubridcs.dir/__/src/object/schema_information_schema.cpp.o
[461/1304] Building CXX object cs/CMakeFiles/cubridcs.dir/__/src/optimizer/query_bitset.c.o
[462/1304] Building CXX object cs/CMakeFiles/cubridcs.dir/__/src/compat/db_vdb.c.o
[463/1304] Building CXX object cs/CMakeFiles/cubridcs.dir/__/src/object/schema_information_schema_definition.cpp.o
[464/1304] Building CXX object sa/CMakeFiles/cubridsa.dir/__/src/storage/heap_file.c.o
[465/1304] Building CXX object cs/CMakeFiles/cubridcs.dir/__/src/connection/client_support.cpp.o
[466/1304] Building CXX object cs/CMakeFiles/cubridcs.dir/__/src/base/tz_support.c.o
[467/1304] Building CXX object cs/CMakeFiles/cubridcs.dir/__/src/communication/network_cl.c.o
[468/1304] Building CXX object cs/CMakeFiles/cubridcs.dir/__/src/communication/network_callback_cl.cpp.o
[469/1304] Building CXX object cs/CMakeFiles/cubridcs.dir/__/src/object/authenticate_password.cpp.o
[470/1304] Building CXX object cs/CMakeFiles/cubridcs.dir/__/src/object/authenticate_context.cpp.o
[471/1304] Building CXX object cs/CMakeFiles/cubridcs.dir/__/src/base/system_parameter.c.o
[472/1304] Building CXX object cs/CMakeFiles/cubridcs.dir/__/src/object/lob_locator.cpp.o
[473/1304] Building CXX object cs/CMakeFiles/cubridcs.dir/__/src/object/authenticate.c.o
[474/1304] Building CXX object cs/CMakeFiles/cubridcs.dir/__/src/base/ddl_log.c.o
[475/1304] Building CXX object cs/CMakeFiles/cubridcs.dir/__/src/object/class_description.cpp.o
[476/1304] Building CXX object cs/CMakeFiles/cubridcs.dir/__/src/object/deduplicate_key.c.o
[477/1304] Building CXX object cs/CMakeFiles/cubridcs.dir/__/src/object/authenticate_access_class.cpp.o
[478/1304] Building C object cs/CMakeFiles/cubridcs.dir/__/csql_lexer.c.o
[479/1304] Building CXX object cs/CMakeFiles/cubridcs.dir/__/src/connection/connection_support.cpp.o
[480/1304] Building CXX object cs/CMakeFiles/cubridcs.dir/__/src/object/authenticate_owner.cpp.o
[481/1304] Building CXX object cs/CMakeFiles/cubridcs.dir/__/src/object/authenticate_grant.cpp.o
[482/1304] Building CXX object cs/CMakeFiles/cubridcs.dir/__/src/object/schema_system_catalog_builder.cpp.o
[483/1304] Building CXX object cs/CMakeFiles/cubridcs.dir/__/src/object/schema_system_catalog_definition.cpp.o
[484/1304] Building CXX object cs/CMakeFiles/cubridcs.dir/__/src/object/object_description.cpp.o
[485/1304] Building CXX object cs/CMakeFiles/cubridcs.dir/__/src/object/authenticate_access_auth.cpp.o
[486/1304] Building CXX object cs/CMakeFiles/cubridcs.dir/__/src/object/authenticate_migration.cpp.o
[487/1304] Building CXX object cs/CMakeFiles/cubridcs.dir/__/src/api/cubrid_log.c.o
[488/1304] Building CXX object cs/CMakeFiles/cubridcs.dir/__/src/object/object_template.c.o
[489/1304] Building CXX object cs/CMakeFiles/cubridcs.dir/__/src/communication/network_interface_cl.c.o
/home/vimkim/gh/cb/pr7925-simplification-integration/src/communication/network_interface_cl.c: In function ‘int heap_create(HFID*, const OID*, bool)’:
/home/vimkim/gh/cb/pr7925-simplification-integration/src/communication/network_interface_cl.c:1677:22: warning: ‘request’ may be used uninitialized [-Wmaybe-uninitialized]
 1677 |   ptr = or_pack_hfid (request, hfid);
      |         ~~~~~~~~~~~~~^~~~~~~~~~~~~~~
In file included from /home/vimkim/gh/cb/pr7925-simplification-integration/src/communication/network_interface_cl.c:56:
/home/vimkim/gh/cb/pr7925-simplification-integration/src/base/object_representation.h:1154:14: note: by argument 1 of type ‘const char*’ to ‘char* or_pack_hfid(const char*, const HFID*)’ declared here
 1154 | extern char *or_pack_hfid (const char *ptr, const HFID * hfid);
      |              ^~~~~~~~~~~~
/home/vimkim/gh/cb/pr7925-simplification-integration/src/communication/network_interface_cl.c:1669:61: note: ‘a_request’ declared here
 1669 |   OR_ALIGNED_BUF (OR_HFID_SIZE + OR_OID_SIZE + OR_INT_SIZE) a_request;
      |                                                             ^~~~~~~~~
/home/vimkim/gh/cb/pr7925-simplification-integration/src/communication/network_interface_cl.c: In function ‘int heap_destroy_newly_created(const HFID*, const OID*, bool)’:
/home/vimkim/gh/cb/pr7925-simplification-integration/src/communication/network_interface_cl.c:1777:22: warning: ‘request’ may be used uninitialized [-Wmaybe-uninitialized]
 1777 |   ptr = or_pack_hfid (request, hfid);
      |         ~~~~~~~~~~~~~^~~~~~~~~~~~~~~
In file included from /home/vimkim/gh/cb/pr7925-simplification-integration/src/communication/network_interface_cl.c:56:
/home/vimkim/gh/cb/pr7925-simplification-integration/src/base/object_representation.h:1154:14: note: by argument 1 of type ‘const char*’ to ‘char* or_pack_hfid(const char*, const HFID*)’ declared here
 1154 | extern char *or_pack_hfid (const char *ptr, const HFID * hfid);
      |              ^~~~~~~~~~~~
/home/vimkim/gh/cb/pr7925-simplification-integration/src/communication/network_interface_cl.c:1769:61: note: ‘a_request’ declared here
 1769 |   OR_ALIGNED_BUF (OR_HFID_SIZE + OR_OID_SIZE + OR_INT_SIZE) a_request;
      |                                                             ^~~~~~~~~
/home/vimkim/gh/cb/pr7925-simplification-integration/src/communication/network_interface_cl.c: In function ‘int heap_get_class_num_objects_pages(HFID*, int, int*, int*)’:
/home/vimkim/gh/cb/pr7925-simplification-integration/src/communication/network_interface_cl.c:1829:22: warning: ‘request’ may be used uninitialized [-Wmaybe-uninitialized]
 1829 |   ptr = or_pack_hfid (request, hfid);
      |         ~~~~~~~~~~~~~^~~~~~~~~~~~~~~
In file included from /home/vimkim/gh/cb/pr7925-simplification-integration/src/communication/network_interface_cl.c:56:
/home/vimkim/gh/cb/pr7925-simplification-integration/src/base/object_representation.h:1154:14: note: by argument 1 of type ‘const char*’ to ‘char* or_pack_hfid(const char*, const HFID*)’ declared here
 1154 | extern char *or_pack_hfid (const char *ptr, const HFID * hfid);
      |              ^~~~~~~~~~~~
/home/vimkim/gh/cb/pr7925-simplification-integration/src/communication/network_interface_cl.c:1820:47: note: ‘a_request’ declared here
 1820 |   OR_ALIGNED_BUF (OR_HFID_SIZE + OR_INT_SIZE) a_request;
      |                                               ^~~~~~~~~
/home/vimkim/gh/cb/pr7925-simplification-integration/src/communication/network_interface_cl.c: In function ‘int heap_has_instance(HFID*, OID*, int)’:
/home/vimkim/gh/cb/pr7925-simplification-integration/src/communication/network_interface_cl.c:1883:22: warning: ‘request’ may be used uninitialized [-Wmaybe-uninitialized]
 1883 |   ptr = or_pack_hfid (request, hfid);
      |         ~~~~~~~~~~~~~^~~~~~~~~~~~~~~
In file included from /home/vimkim/gh/cb/pr7925-simplification-integration/src/communication/network_interface_cl.c:56:
/home/vimkim/gh/cb/pr7925-simplification-integration/src/base/object_representation.h:1154:14: note: by argument 1 of type ‘const char*’ to ‘char* or_pack_hfid(const char*, const HFID*)’ declared here
 1154 | extern char *or_pack_hfid (const char *ptr, const HFID * hfid);
      |              ^~~~~~~~~~~~
/home/vimkim/gh/cb/pr7925-simplification-integration/src/communication/network_interface_cl.c:1874:61: note: ‘a_request’ declared here
 1874 |   OR_ALIGNED_BUF (OR_HFID_SIZE + OR_OID_SIZE + OR_INT_SIZE) a_request;
      |                                                             ^~~~~~~~~
/home/vimkim/gh/cb/pr7925-simplification-integration/src/communication/network_interface_cl.c: In function ‘int heap_reclaim_addresses(const HFID*)’:
/home/vimkim/gh/cb/pr7925-simplification-integration/src/communication/network_interface_cl.c:1932:22: warning: ‘request’ may be used uninitialized [-Wmaybe-uninitialized]
 1932 |   ptr = or_pack_hfid (request, hfid);
      |         ~~~~~~~~~~~~~^~~~~~~~~~~~~~~
In file included from /home/vimkim/gh/cb/pr7925-simplification-integration/src/communication/network_interface_cl.c:56:
/home/vimkim/gh/cb/pr7925-simplification-integration/src/base/object_representation.h:1154:14: note: by argument 1 of type ‘const char*’ to ‘char* or_pack_hfid(const char*, const HFID*)’ declared here
 1154 | extern char *or_pack_hfid (const char *ptr, const HFID * hfid);
      |              ^~~~~~~~~~~~
/home/vimkim/gh/cb/pr7925-simplification-integration/src/communication/network_interface_cl.c:1924:47: note: ‘a_request’ declared here
 1924 |   OR_ALIGNED_BUF (OR_HFID_SIZE + OR_INT_SIZE) a_request;
      |                                               ^~~~~~~~~
/home/vimkim/gh/cb/pr7925-simplification-integration/src/communication/network_interface_cl.c: In function ‘int lob_remove_dir(HFID*, int)’:
/home/vimkim/gh/cb/pr7925-simplification-integration/src/communication/network_interface_cl.c:11939:22: warning: ‘request’ may be used uninitialized [-Wmaybe-uninitialized]
11939 |   ptr = or_pack_hfid (request, hfid);
      |         ~~~~~~~~~~~~~^~~~~~~~~~~~~~~
In file included from /home/vimkim/gh/cb/pr7925-simplification-integration/src/communication/network_interface_cl.c:56:
/home/vimkim/gh/cb/pr7925-simplification-integration/src/base/object_representation.h:1154:14: note: by argument 1 of type ‘const char*’ to ‘char* or_pack_hfid(const char*, const HFID*)’ declared here
 1154 | extern char *or_pack_hfid (const char *ptr, const HFID * hfid);
      |              ^~~~~~~~~~~~
/home/vimkim/gh/cb/pr7925-simplification-integration/src/communication/network_interface_cl.c:11928:47: note: ‘a_request’ declared here
11928 |   OR_ALIGNED_BUF (OR_HFID_SIZE + OR_INT_SIZE) a_request;
      |                                               ^~~~~~~~~
At global scope:
cc1plus: note: unrecognized command-line option ‘-Wno-template-body’ may have been intended to silence earlier diagnostics
[490/1304] Building CXX object cs/CMakeFiles/cubridcs.dir/__/src/object/authenticate_cache.cpp.o
[491/1304] Building CXX object cs/CMakeFiles/cubridcs.dir/__/src/object/object_printer.cpp.o
[492/1304] Building CXX object cs/CMakeFiles/cubridcs.dir/__/src/object/schema_template.c.o
[493/1304] Building CXX object cs/CMakeFiles/cubridcs.dir/__/src/object/schema_system_catalog.cpp.o
[494/1304] Building CXX object cs/CMakeFiles/cubridcs.dir/__/src/object/virtual_object.c.o
[495/1304] Building CXX object cs/CMakeFiles/cubridcs.dir/__/src/object/schema_system_catalog_install_query_spec.cpp.o
[496/1304] Building CXX object cs/CMakeFiles/cubridcs.dir/__/src/object/authenticate_access_user.cpp.o
[497/1304] Building CXX object cs/CMakeFiles/cubridcs.dir/__/src/object/object_print.c.o
[498/1304] Building CXX object cs/CMakeFiles/cubridcs.dir/__/src/object/trigger_description.cpp.o
[499/1304] Building CXX object cs/CMakeFiles/cubridcs.dir/__/src/optimizer/rewriter/query_rewrite_auto_parameterize.c.o
[500/1304] Building CXX object cs/CMakeFiles/cubridcs.dir/__/src/object/class_object.c.o
[501/1304] Building CXX object cs/CMakeFiles/cubridcs.dir/__/src/object/object_accessor.c.o
[502/1304] Building CXX object sa/CMakeFiles/cubridsa.dir/__/src/optimizer/histogram/histogram_sampler_sr.cpp.o
[503/1304] Building CXX object cs/CMakeFiles/cubridcs.dir/__/src/object/trigger_manager.c.o
[504/1304] Building CXX object cs/CMakeFiles/cubridcs.dir/__/src/optimizer/rewriter/query_rewrite_select.c.o
[505/1304] Building CXX object cs/CMakeFiles/cubridcs.dir/__/src/parser/double_byte_support.c.o
[506/1304] Building CXX object cs/CMakeFiles/cubridcs.dir/__/src/object/schema_class_truncator.cpp.o
[507/1304] Building CXX object cs/CMakeFiles/cubridcs.dir/__/src/object/object_representation.c.o
[508/1304] Building CXX object cs/CMakeFiles/cubridcs.dir/__/src/object/transform_cl.c.o
[509/1304] Building CXX object cs/CMakeFiles/cubridcs.dir/__/src/object/schema_information_schema_builder.cpp.o
[510/1304] Building CXX object cs/CMakeFiles/cubridcs.dir/__/src/object/set_object.c.o
[511/1304] Building CXX object cs/CMakeFiles/cubridcs.dir/__/src/object/schema_information_schema_install_query_spec.cpp.o
[512/1304] Building CXX object cs/CMakeFiles/cubridcs.dir/__/src/parser/keyword.c.o
[513/1304] Building CXX object cs/CMakeFiles/cubridcs.dir/__/src/optimizer/rewriter/query_rewrite.c.o
[514/1304] Building CXX object cs/CMakeFiles/cubridcs.dir/__/src/optimizer/rewriter/query_rewrite_subquery.c.o
[515/1304] Building CXX object cs/CMakeFiles/cubridcs.dir/__/src/object/work_space.c.o
[516/1304] Building CXX object cs/CMakeFiles/cubridcs.dir/__/src/parser/cnf.c.o
[517/1304] Building CXX object cs/CMakeFiles/cubridcs.dir/__/src/optimizer/plan_generation.c.o
[518/1304] Building CXX object cs/CMakeFiles/cubridcs.dir/__/src/parser/parse_tree.c.o
[519/1304] Building CXX object cs/CMakeFiles/cubridcs.dir/__/src/optimizer/rewriter/query_rewrite_set.c.o
[520/1304] Building CXX object cs/CMakeFiles/cubridcs.dir/__/src/object/schema_manager.c.o
[521/1304] Building CXX object cs/CMakeFiles/cubridcs.dir/__/src/method/method_error.cpp.o
[522/1304] Building CXX object cs/CMakeFiles/cubridcs.dir/__/src/parser/method_transform.c.o
[523/1304] Building CXX object cs/CMakeFiles/cubridcs.dir/__/src/object/object_primitive.c.o
[524/1304] Building CXX object cs/CMakeFiles/cubridcs.dir/__/src/parser/parse_type.cpp.o
[525/1304] Building CXX object cs/CMakeFiles/cubridcs.dir/__/src/transaction/log_lsa.cpp.o
[526/1304] Building CXX object cs/CMakeFiles/cubridcs.dir/__/src/parser/parse_dbi.c.o
[527/1304] Building CXX object cs/CMakeFiles/cubridcs.dir/__/src/sp/pl_signature.cpp.o
[528/1304] Building CXX object cs/CMakeFiles/cubridcs.dir/__/src/storage/byte_order.c.o
[529/1304] Building CXX object cs/CMakeFiles/cubridcs.dir/__/src/object/object_domain.c.o
[530/1304] Building CXX object cs/CMakeFiles/cubridcs.dir/__/src/method/method_struct_parameter_info.cpp.o
[531/1304] Building CXX object cs/CMakeFiles/cubridcs.dir/__/src/parser/parse_evaluate.c.o
[532/1304] Building CXX object cs/CMakeFiles/cubridcs.dir/__/src/query/crypt_opfunc.c.o
[533/1304] Building CXX object cs/CMakeFiles/cubridcs.dir/__/src/parser/compile.c.o
[534/1304] Building CXX object cs/CMakeFiles/cubridcs.dir/__/src/method/method_struct_invoke.cpp.o
[535/1304] Building CXX object cs/CMakeFiles/cubridcs.dir/__/src/optimizer/query_graph.c.o
[536/1304] Building CXX object cs/CMakeFiles/cubridcs.dir/__/src/storage/es_posix.c.o
[537/1304] Building CXX object cs/CMakeFiles/cubridcs.dir/__/src/storage/es_owfs.c.o
[538/1304] Building CXX object cs/CMakeFiles/cubridcs.dir/__/src/parser/xasl_regu_alloc.cpp.o
[539/1304] Building CXX object cs/CMakeFiles/cubridcs.dir/__/src/parser/parser_allocator.cpp.o
[540/1304] Building CXX object cs/CMakeFiles/cubridcs.dir/__/src/method/method_query_util.cpp.o
[541/1304] Building CXX object cs/CMakeFiles/cubridcs.dir/__/src/optimizer/query_planner.c.o
[542/1304] Building CXX object cs/CMakeFiles/cubridcs.dir/__/src/optimizer/rewriter/query_rewrite_term.c.o
[543/1304] Building CXX object cs/CMakeFiles/cubridcs.dir/__/src/method/method_oid_handler.cpp.o
[544/1304] Building CXX object cs/CMakeFiles/cubridcs.dir/__/src/query/string_regex_re2.cpp.o
[545/1304] Building CXX object cs/CMakeFiles/cubridcs.dir/__/src/parser/query_result.c.o
[546/1304] Building CXX object cs/CMakeFiles/cubridcs.dir/__/src/parser/func_type.cpp.o
[547/1304] Building CXX object cs/CMakeFiles/cubridcs.dir/__/src/storage/oid.c.o
[548/1304] Building CXX object cs/CMakeFiles/cubridcs.dir/__/src/sp/pl_struct_compile.cpp.o
[549/1304] Building CXX object cs/CMakeFiles/cubridcs.dir/__/src/transaction/log_compress.c.o
[550/1304] Building CXX object cs/CMakeFiles/cubridcs.dir/__/src/method/method_struct_schema_info.cpp.o
[551/1304] Building CXX object cs/CMakeFiles/cubridcs.dir/__/src/transaction/locator.c.o
[552/1304] Building CXX object cs/CMakeFiles/cubridcs.dir/__/src/query/qfile_tuple_layout.c.o
[553/1304] Building CXX object cs/CMakeFiles/cubridcs.dir/__/src/compat/db_json.cpp.o
[554/1304] Building CXX object cs/CMakeFiles/cubridcs.dir/__/src/method/method_struct_oid_info.cpp.o
[555/1304] Building CXX object cs/CMakeFiles/cubridcs.dir/__/src/storage/es_common.c.o
[556/1304] Building CXX object cs/CMakeFiles/cubridcs.dir/__/src/transaction/client_credentials.cpp.o
[557/1304] Building CXX object cs/CMakeFiles/cubridcs.dir/__/src/parser/name_resolution.c.o
[558/1304] Building CXX object cs/CMakeFiles/cubridcs.dir/__/src/storage/storage_common.c.o
[559/1304] Building CXX object cs/CMakeFiles/cubridcs.dir/__/src/object/schema_information_schema_install.cpp.o
[560/1304] Building CXX object cs/CMakeFiles/cubridcs.dir/__/src/parser/parser_support.c.o
[561/1304] Building CXX object cs/CMakeFiles/cubridcs.dir/__/src/parser/show_meta.c.o
[562/1304] Building CXX object cs/CMakeFiles/cubridcs.dir/__/src/parser/scanner_support.c.o
[563/1304] Building CXX object cs/CMakeFiles/cubridcs.dir/__/src/method/method_struct_query.cpp.o
[564/1304] Building CXX object cs/CMakeFiles/cubridcs.dir/__/src/query/query_dump.c.o
[565/1304] Building CXX object cs/CMakeFiles/cubridcs.dir/__/src/query/numeric_opfunc.c.o
[566/1304] Building CXX object cs/CMakeFiles/cubridcs.dir/__/src/storage/tde.c.o
[567/1304] Building CXX object cs/CMakeFiles/cubridcs.dir/__/src/xasl/xasl_unpack_info.cpp.o
[568/1304] Building CXX object cs/CMakeFiles/cubridcs.dir/__/src/xasl/access_json_table.cpp.o
[569/1304] Building CXX object cs/CMakeFiles/cubridcs.dir/__/src/object/schema_system_catalog_install.cpp.o
[570/1304] Building CXX object cs/CMakeFiles/cubridcs.dir/__/src/query/regu_var.cpp.o
[571/1304] Building CXX object cs/CMakeFiles/cubridcs.dir/__/src/query/query_cl.c.o
[572/1304] Building CXX object cs/CMakeFiles/cubridcs.dir/__/src/query/cursor.c.o
[573/1304] Building CXX object cs/CMakeFiles/cubridcs.dir/__/src/parser/view_transform.c.o
[574/1304] Building CXX object cs/CMakeFiles/cubridcs.dir/__/src/query/string_regex.cpp.o
[575/1304] Building CXX object cs/CMakeFiles/cubridcs.dir/__/src/optimizer/histogram/histogram_reader.cpp.o
[576/1304] Building CXX object cs/CMakeFiles/cubridcs.dir/__/src/storage/file_io.c.o
[577/1304] Building CXX object cs/CMakeFiles/cubridcs.dir/__/src/loaddb/load_common.cpp.o
[578/1304] Building CXX object cs/CMakeFiles/cubridcs.dir/__/src/query/xasl_to_stream.c.o
[579/1304] Building CXX object cs/CMakeFiles/cubridcs.dir/__/src/parser/semantic_check.c.o
[580/1304] Building CXX object cs/CMakeFiles/cubridcs.dir/__/src/method/method_struct_value.cpp.o
[581/1304] Building CXX object cs/CMakeFiles/cubridcs.dir/__/src/transaction/log_comm.c.o
[582/1304] Building CXX object cs/CMakeFiles/cubridcs.dir/__/src/sp/pl_comm.c.o
[583/1304] Building CXX object cs/CMakeFiles/cubridcs.dir/__/src/parser/type_checking.c.o
[584/1304] Building CXX object cs/CMakeFiles/cubridcs.dir/__/src/optimizer/histogram/histogram_builder.cpp.o
[585/1304] Building CXX object cs/CMakeFiles/cubridcs.dir/__/src/query/execute_schema.c.o
[586/1304] Building CXX object cs/CMakeFiles/cubridcs.dir/__/src/transaction/log_applier_sql_log.c.o
[587/1304] Building CXX object cs/CMakeFiles/cubridcs.dir/__/src/method/method_query_handler.cpp.o
[588/1304] Building CXX object cs/CMakeFiles/cubridcs.dir/__/src/query/arithmetic.c.o
[589/1304] Building CXX object cubrid/CMakeFiles/cubrid.dir/__/src/base/bit.c.o
[590/1304] Building CXX object cs/CMakeFiles/cubridcs.dir/__/src/storage/es.c.o
[591/1304] Building CXX object cs/CMakeFiles/cubridcs.dir/__/src/parser/parse_tree_cl.c.o
[592/1304] Building CXX object cubrid/CMakeFiles/cubrid.dir/__/src/base/encryption.c.o
[593/1304] Building CXX object cs/CMakeFiles/cubridcs.dir/__/src/transaction/flashback_cl.c.o
[594/1304] Building CXX object cs/CMakeFiles/cubridcs.dir/__/src/method/method_schema_info.cpp.o
[595/1304] Building CXX object cs/CMakeFiles/cubridcs.dir/__/src/xasl/xasl_analytic.cpp.o
[596/1304] Building CXX object cubrid/CMakeFiles/cubrid.dir/__/src/base/binaryheap.c.o
[597/1304] Building CXX object cubrid/CMakeFiles/cubrid.dir/__/src/sp/pl_file.c.o
[598/1304] Building CXX object cubrid/CMakeFiles/cubrid.dir/__/src/base/chartype.c.o
[599/1304] Building CXX object cs/CMakeFiles/cubridcs.dir/__/src/storage/statistics_cl.c.o
[600/1304] Building CXX object cs/CMakeFiles/cubridcs.dir/__/src/sp/jsp_cl.cpp.o
[601/1304] Building CXX object cs/CMakeFiles/cubridcs.dir/__/src/transaction/locator_cl.c.o
[602/1304] Building CXX object cubrid/CMakeFiles/cubrid.dir/__/src/base/dtoa.c.o
[603/1304] Building CXX object cs/CMakeFiles/cubridcs.dir/__/src/transaction/transaction_cl.c.o
[604/1304] Building CXX object cs/CMakeFiles/cubridcs.dir/__/src/query/execute_statement.c.o
[605/1304] Building CXX object cs/CMakeFiles/cubridcs.dir/__/src/query/parallel/px_scan/px_scan_instnum.cpp.o
[606/1304] Building CXX object cubrid/CMakeFiles/cubrid.dir/__/src/base/environment_variable.c.o
[607/1304] Building CXX object cs/CMakeFiles/cubridcs.dir/__/src/transaction/log_writer.c.o
[608/1304] Building CXX object cs/CMakeFiles/cubridcs.dir/__/src/xasl/xasl_predicate.cpp.o
[609/1304] Building C object cs/CMakeFiles/cubridcs.dir/__/csql_grammar.c.o
/home/vimkim/gh/cb/pr7925-simplification-integration/build_preset_debug_gcc/csql_grammar.c: In function ‘yyuserAction’:
/home/vimkim/gh/cb/pr7925-simplification-integration/build_preset_debug_gcc/csql_grammar.c:42611:80: warning: implicit conversion from ‘enum pt_currency_types’ to ‘DB_CURRENCY’ [-Wenum-conversion]
42611 |                             pt_value_set_monetary (this_parser, val, str, txt, PT_CURRENCY_YEN);
      |                                                                                ^~~~~~~~~~~~~~~
/home/vimkim/gh/cb/pr7925-simplification-integration/build_preset_debug_gcc/csql_grammar.c:42631:80: warning: implicit conversion from ‘enum pt_currency_types’ to ‘DB_CURRENCY’ [-Wenum-conversion]
42631 |                             pt_value_set_monetary (this_parser, val, str, txt, PT_CURRENCY_DOLLAR);
      |                                                                                ^~~~~~~~~~~~~~~~~~
/home/vimkim/gh/cb/pr7925-simplification-integration/build_preset_debug_gcc/csql_grammar.c:42651:80: warning: implicit conversion from ‘enum pt_currency_types’ to ‘DB_CURRENCY’ [-Wenum-conversion]
42651 |                             pt_value_set_monetary (this_parser, val, str, txt, PT_CURRENCY_WON);
      |                                                                                ^~~~~~~~~~~~~~~
/home/vimkim/gh/cb/pr7925-simplification-integration/build_preset_debug_gcc/csql_grammar.c:42671:80: warning: implicit conversion from ‘enum pt_currency_types’ to ‘DB_CURRENCY’ [-Wenum-conversion]
42671 |                             pt_value_set_monetary (this_parser, val, str, txt, PT_CURRENCY_TL);
      |                                                                                ^~~~~~~~~~~~~~
/home/vimkim/gh/cb/pr7925-simplification-integration/build_preset_debug_gcc/csql_grammar.c:42691:80: warning: implicit conversion from ‘enum pt_currency_types’ to ‘DB_CURRENCY’ [-Wenum-conversion]
42691 |                             pt_value_set_monetary (this_parser, val, str, txt, PT_CURRENCY_BRITISH_POUND);
      |                                                                                ^~~~~~~~~~~~~~~~~~~~~~~~~
/home/vimkim/gh/cb/pr7925-simplification-integration/build_preset_debug_gcc/csql_grammar.c:42710:80: warning: implicit conversion from ‘enum pt_currency_types’ to ‘DB_CURRENCY’ [-Wenum-conversion]
42710 |                             pt_value_set_monetary (this_parser, val, str, txt, PT_CURRENCY_CAMBODIAN_RIEL);
      |                                                                                ^~~~~~~~~~~~~~~~~~~~~~~~~~
/home/vimkim/gh/cb/pr7925-simplification-integration/build_preset_debug_gcc/csql_grammar.c:42729:80: warning: implicit conversion from ‘enum pt_currency_types’ to ‘DB_CURRENCY’ [-Wenum-conversion]
42729 |                             pt_value_set_monetary (this_parser, val, str, txt, PT_CURRENCY_CHINESE_RENMINBI);
      |                                                                                ^~~~~~~~~~~~~~~~~~~~~~~~~~~~
/home/vimkim/gh/cb/pr7925-simplification-integration/build_preset_debug_gcc/csql_grammar.c:42748:80: warning: implicit conversion from ‘enum pt_currency_types’ to ‘DB_CURRENCY’ [-Wenum-conversion]
42748 |                             pt_value_set_monetary (this_parser, val, str, txt, PT_CURRENCY_INDIAN_RUPEE);
      |                                                                                ^~~~~~~~~~~~~~~~~~~~~~~~
/home/vimkim/gh/cb/pr7925-simplification-integration/build_preset_debug_gcc/csql_grammar.c:42767:80: warning: implicit conversion from ‘enum pt_currency_types’ to ‘DB_CURRENCY’ [-Wenum-conversion]
42767 |                             pt_value_set_monetary (this_parser, val, str, txt, PT_CURRENCY_RUSSIAN_RUBLE);
      |                                                                                ^~~~~~~~~~~~~~~~~~~~~~~~~
/home/vimkim/gh/cb/pr7925-simplification-integration/build_preset_debug_gcc/csql_grammar.c:42786:80: warning: implicit conversion from ‘enum pt_currency_types’ to ‘DB_CURRENCY’ [-Wenum-conversion]
42786 |                             pt_value_set_monetary (this_parser, val, str, txt, PT_CURRENCY_AUSTRALIAN_DOLLAR);
      |                                                                                ^~~~~~~~~~~~~~~~~~~~~~~~~~~~~
/home/vimkim/gh/cb/pr7925-simplification-integration/build_preset_debug_gcc/csql_grammar.c:42805:80: warning: implicit conversion from ‘enum pt_currency_types’ to ‘DB_CURRENCY’ [-Wenum-conversion]
42805 |                             pt_value_set_monetary (this_parser, val, str, txt, PT_CURRENCY_CANADIAN_DOLLAR);
      |                                                                                ^~~~~~~~~~~~~~~~~~~~~~~~~~~
/home/vimkim/gh/cb/pr7925-simplification-integration/build_preset_debug_gcc/csql_grammar.c:42824:80: warning: implicit conversion from ‘enum pt_currency_types’ to ‘DB_CURRENCY’ [-Wenum-conversion]
42824 |                             pt_value_set_monetary (this_parser, val, str, txt, PT_CURRENCY_BRASILIAN_REAL);
      |                                                                                ^~~~~~~~~~~~~~~~~~~~~~~~~~
/home/vimkim/gh/cb/pr7925-simplification-integration/build_preset_debug_gcc/csql_grammar.c:42843:80: warning: implicit conversion from ‘enum pt_currency_types’ to ‘DB_CURRENCY’ [-Wenum-conversion]
42843 |                             pt_value_set_monetary (this_parser, val, str, txt, PT_CURRENCY_ROMANIAN_LEU);
      |                                                                                ^~~~~~~~~~~~~~~~~~~~~~~~
/home/vimkim/gh/cb/pr7925-simplification-integration/build_preset_debug_gcc/csql_grammar.c:42862:80: warning: implicit conversion from ‘enum pt_currency_types’ to ‘DB_CURRENCY’ [-Wenum-conversion]
42862 |                             pt_value_set_monetary (this_parser, val, str, txt, PT_CURRENCY_EURO);
      |                                                                                ^~~~~~~~~~~~~~~~
/home/vimkim/gh/cb/pr7925-simplification-integration/build_preset_debug_gcc/csql_grammar.c:42881:80: warning: implicit conversion from ‘enum pt_currency_types’ to ‘DB_CURRENCY’ [-Wenum-conversion]
42881 |                             pt_value_set_monetary (this_parser, val, str, txt, PT_CURRENCY_SWISS_FRANC);
      |                                                                                ^~~~~~~~~~~~~~~~~~~~~~~
/home/vimkim/gh/cb/pr7925-simplification-integration/build_preset_debug_gcc/csql_grammar.c:42900:80: warning: implicit conversion from ‘enum pt_currency_types’ to ‘DB_CURRENCY’ [-Wenum-conversion]
42900 |                             pt_value_set_monetary (this_parser, val, str, txt, PT_CURRENCY_DANISH_KRONE);
      |                                                                                ^~~~~~~~~~~~~~~~~~~~~~~~
/home/vimkim/gh/cb/pr7925-simplification-integration/build_preset_debug_gcc/csql_grammar.c:42919:80: warning: implicit conversion from ‘enum pt_currency_types’ to ‘DB_CURRENCY’ [-Wenum-conversion]
42919 |                             pt_value_set_monetary (this_parser, val, str, txt, PT_CURRENCY_NORWEGIAN_KRONE);
      |                                                                                ^~~~~~~~~~~~~~~~~~~~~~~~~~~
/home/vimkim/gh/cb/pr7925-simplification-integration/build_preset_debug_gcc/csql_grammar.c:42938:80: warning: implicit conversion from ‘enum pt_currency_types’ to ‘DB_CURRENCY’ [-Wenum-conversion]
42938 |                             pt_value_set_monetary (this_parser, val, str, txt, PT_CURRENCY_BULGARIAN_LEV);
      |                                                                                ^~~~~~~~~~~~~~~~~~~~~~~~~
/home/vimkim/gh/cb/pr7925-simplification-integration/build_preset_debug_gcc/csql_grammar.c:42957:80: warning: implicit conversion from ‘enum pt_currency_types’ to ‘DB_CURRENCY’ [-Wenum-conversion]
42957 |                             pt_value_set_monetary (this_parser, val, str, txt, PT_CURRENCY_VIETNAMESE_DONG);
      |                                                                                ^~~~~~~~~~~~~~~~~~~~~~~~~~~
/home/vimkim/gh/cb/pr7925-simplification-integration/build_preset_debug_gcc/csql_grammar.c:42976:80: warning: implicit conversion from ‘enum pt_currency_types’ to ‘DB_CURRENCY’ [-Wenum-conversion]
42976 |                             pt_value_set_monetary (this_parser, val, str, txt, PT_CURRENCY_CZECH_KORUNA);
      |                                                                                ^~~~~~~~~~~~~~~~~~~~~~~~
/home/vimkim/gh/cb/pr7925-simplification-integration/build_preset_debug_gcc/csql_grammar.c:42995:80: warning: implicit conversion from ‘enum pt_currency_types’ to ‘DB_CURRENCY’ [-Wenum-conversion]
42995 |                             pt_value_set_monetary (this_parser, val, str, txt, PT_CURRENCY_POLISH_ZLOTY);
      |                                                                                ^~~~~~~~~~~~~~~~~~~~~~~~
/home/vimkim/gh/cb/pr7925-simplification-integration/build_preset_debug_gcc/csql_grammar.c:43014:80: warning: implicit conversion from ‘enum pt_currency_types’ to ‘DB_CURRENCY’ [-Wenum-conversion]
43014 |                             pt_value_set_monetary (this_parser, val, str, txt, PT_CURRENCY_SWEDISH_KRONA);
      |                                                                                ^~~~~~~~~~~~~~~~~~~~~~~~~
/home/vimkim/gh/cb/pr7925-simplification-integration/build_preset_debug_gcc/csql_grammar.c:43033:80: warning: implicit conversion from ‘enum pt_currency_types’ to ‘DB_CURRENCY’ [-Wenum-conversion]
43033 |                             pt_value_set_monetary (this_parser, val, str, txt, PT_CURRENCY_CROATIAN_KUNA);
      |                                                                                ^~~~~~~~~~~~~~~~~~~~~~~~~
/home/vimkim/gh/cb/pr7925-simplification-integration/build_preset_debug_gcc/csql_grammar.c:43052:80: warning: implicit conversion from ‘enum pt_currency_types’ to ‘DB_CURRENCY’ [-Wenum-conversion]
43052 |                             pt_value_set_monetary (this_parser, val, str, txt, PT_CURRENCY_SERBIAN_DINAR);
      |                                                                                ^~~~~~~~~~~~~~~~~~~~~~~~~
/home/vimkim/gh/cb/pr7925-simplification-integration/build_preset_debug_gcc/csql_grammar.c: In function ‘pt_value_set_monetary’:
/home/vimkim/gh/cb/pr7925-simplification-integration/build_preset_debug_gcc/csql_grammar.c:49108:42: warning: implicit conversion from ‘DB_CURRENCY’ to ‘PT_CURRENCY’ {aka ‘enum pt_currency_types’} [-Wenum-conversion]
49108 |   node->info.value.data_value.money.type = type;
      |                                          ^
[610/1304] Building CXX object cubrid/CMakeFiles/cubrid.dir/__/src/base/filesys_temp.cpp.o
[611/1304] Building CXX object cs/CMakeFiles/cubridcs.dir/__/src/transaction/boot_cl.c.o
[612/1304] Building CXX object cubrid/CMakeFiles/cubrid.dir/__/src/base/mem_block.cpp.o
[613/1304] Building CXX object cubrid/CMakeFiles/cubrid.dir/__/src/base/cubrid_getopt_long.c.o
[614/1304] Building CXX object cs/CMakeFiles/cubridcs.dir/__/src/method/query_method.cpp.o
[615/1304] Building CXX object cubrid/CMakeFiles/cubrid.dir/__/src/base/fixed_alloc.c.o
[616/1304] Building CXX object cubrid/CMakeFiles/cubrid.dir/__/src/base/ini_parser.c.o
[617/1304] Building CXX object cubrid/CMakeFiles/cubrid.dir/__/src/base/fileline_location.cpp.o
[618/1304] Building CXX object cubrid/CMakeFiles/cubrid.dir/__/src/base/databases_file.c.o
[619/1304] Building CXX object cubrid/CMakeFiles/cubrid.dir/__/src/base/memory_monitor_api.cpp.o
[620/1304] Building CXX object cubrid/CMakeFiles/cubrid.dir/__/src/base/base64.c.o
[621/1304] Building CXX object cubrid/CMakeFiles/cubrid.dir/__/src/base/area_alloc.c.o
[622/1304] Building CXX object cubrid/CMakeFiles/cubrid.dir/__/src/base/lockfree_bitmap.cpp.o
[623/1304] Building CXX object cs/CMakeFiles/cubridcs.dir/__/src/query/string_regex_std.cpp.o
[624/1304] Building CXX object cs/CMakeFiles/cubridcs.dir/__/src/parser/xasl_generation.c.o
[625/1304] Building CXX object cs/CMakeFiles/cubridcs.dir/__/src/xasl/xasl_stream.cpp.o
[626/1304] Building CXX object cubrid/CMakeFiles/cubrid.dir/__/src/base/message_catalog.c.o
[627/1304] Building CXX object cubrid/CMakeFiles/cubrid.dir/__/src/base/misc_string.c.o
[628/1304] Building CXX object cs/CMakeFiles/cubridcs.dir/__/src/loaddb/load_object.c.o
[629/1304] Building CXX object cubrid/CMakeFiles/cubrid.dir/__/src/base/locale_helper.cpp.o
[630/1304] Building CXX object cubrid/CMakeFiles/cubrid.dir/__/src/base/lock_free.c.o
[631/1304] Building CXX object cs/CMakeFiles/cubridcs.dir/__/src/query/parallel/px_query_execute/px_query_checker.cpp.o
[632/1304] Building CXX object cubrid/CMakeFiles/cubrid.dir/__/src/base/get_clock_freq.c.o
[633/1304] Building CXX object cubrid/CMakeFiles/cubrid.dir/__/src/base/packer.cpp.o
[634/1304] Building CXX object cubrid/CMakeFiles/cubrid.dir/__/src/base/perf.cpp.o
[635/1304] Building CXX object cs/CMakeFiles/cubridcs.dir/__/src/query/parallel/px_scan/px_scan_checker.cpp.o
[636/1304] Building CXX object cs/CMakeFiles/cubridcs.dir/__/src/loaddb/load_db.c.o
[637/1304] Building CXX object cubrid/CMakeFiles/cubrid.dir/__/src/base/pinnable_buffer.cpp.o
[638/1304] Building CXX object cubrid/CMakeFiles/cubrid.dir/__/src/base/error_context.cpp.o
[639/1304] Building CXX object cubrid/CMakeFiles/cubrid.dir/__/src/base/mprec.c.o
[640/1304] Building CXX object cs/CMakeFiles/cubridcs.dir/__/src/query/string_opfunc.c.o
[641/1304] Building CXX object cubrid/CMakeFiles/cubrid.dir/__/src/base/memory_private_allocator.cpp.o
[642/1304] Building CXX object cubrid/CMakeFiles/cubrid.dir/__/src/base/locale_support.c.o
[643/1304] Building CXX object cubrid/CMakeFiles/cubrid.dir/__/src/base/intl_support.c.o
[644/1304] Building CXX object cubrid/CMakeFiles/cubrid.dir/__/src/base/printer.cpp.o
[645/1304] Building CXX object cubrid/CMakeFiles/cubrid.dir/__/src/base/lockfree_hashmap.cpp.o
[646/1304] Building CXX object cubrid/CMakeFiles/cubrid.dir/__/src/base/porting.c.o
[647/1304] Building CXX object cs/CMakeFiles/cubridcs.dir/__/src/transaction/log_applier.c.o
/home/vimkim/gh/cb/pr7925-simplification-integration/src/transaction/log_applier.c: In function ‘int la_get_copied_log_info(const char*, const char*, INT64, bool, LOG_LSA*, LOG_LSA*)’:
/home/vimkim/gh/cb/pr7925-simplification-integration/src/transaction/log_applier.c:8383:35: warning: format ‘%ld’ expects argument of type ‘long int’, but argument 2 has type ‘int’ [-Wformat=]
 8383 |               printf ("offset:%04ld (tid:%d bck p:%lld,o:%ld frw p:%lld,o:%ld type:%d)\n", lsa.offset, lrec->trid,
      |                               ~~~~^                                                        ~~~~~~~~~~
      |                                   |                                                            |
      |                                   long int                                                     int
      |                               %04d
/home/vimkim/gh/cb/pr7925-simplification-integration/src/transaction/log_applier.c:8383:60: warning: format ‘%ld’ expects argument of type ‘long int’, but argument 5 has type ‘int’ [-Wformat=]
 8383 |               printf ("offset:%04ld (tid:%d bck p:%lld,o:%ld frw p:%lld,o:%ld type:%d)\n", lsa.offset, lrec->trid,
      |                                                          ~~^
      |                                                            |
      |                                                            long int
      |                                                          %d
 8384 |                       (long long int) lrec->back_lsa.pageid, lrec->back_lsa.offset,
      |                                                              ~~~~~~~~~~~~~~~~~~~~~
      |                                                                             |
      |                                                                             int
/home/vimkim/gh/cb/pr7925-simplification-integration/src/transaction/log_applier.c:8383:77: warning: format ‘%ld’ expects argument of type ‘long int’, but argument 7 has type ‘int’ [-Wformat=]
 8383 |               printf ("offset:%04ld (tid:%d bck p:%lld,o:%ld frw p:%lld,o:%ld type:%d)\n", lsa.offset, lrec->trid,
      |                                                                           ~~^
      |                                                                             |
      |                                                                             long int
      |                                                                           %d
 8384 |                       (long long int) lrec->back_lsa.pageid, lrec->back_lsa.offset,
 8385 |                       (long long int) lrec->forw_lsa.pageid, lrec->forw_lsa.offset, lrec->type);
      |                                                              ~~~~~~~~~~~~~~~~~~~~~
      |                                                                             |
      |                                                                             int
At global scope:
cc1plus: note: unrecognized command-line option ‘-Wno-template-body’ may have been intended to silence earlier diagnostics
[648/1304] Building CXX object cubrid/CMakeFiles/cubrid.dir/__/src/base/process_util.c.o
[649/1304] Building CXX object cubrid/CMakeFiles/cubrid.dir/__/src/base/error_manager.c.o
[650/1304] Building CXX object cs/CMakeFiles/cubridcs.dir/__/src/method/method_callback.cpp.o
[651/1304] Building CXX object cubrid/CMakeFiles/cubrid.dir/__/src/base/fault_injection.c.o
[652/1304] Building CXX object cs/CMakeFiles/cubridcs.dir/__/src/optimizer/histogram/histogram_cl.cpp.o
[653/1304] Building CXX object cubrid/CMakeFiles/cubrid.dir/__/src/base/release_string.c.o
[654/1304] Building CXX object cubrid/CMakeFiles/cubrid.dir/__/src/base/string_buffer.cpp.o
[655/1304] Building CXX object cubrid/CMakeFiles/cubrid.dir/__/src/base/memory_hash.c.o
[656/1304] Building CXX object cubrid/CMakeFiles/cubrid.dir/__/src/base/sha1.c.o
[657/1304] Building CXX object cubrid/CMakeFiles/cubrid.dir/__/src/sp/pl_sr.cpp.o
[658/1304] Building CXX object cubrid/CMakeFiles/cubrid.dir/__/src/base/resource_tracker.cpp.o
[659/1304] Building CXX object cubrid/CMakeFiles/cubrid.dir/__/src/base/epoll.cpp.o
[660/1304] Building CXX object cubrid/CMakeFiles/cubrid.dir/__/src/base/language_support.c.o
[661/1304] Building CXX object cubrid/CMakeFiles/cubrid.dir/__/src/base/nonblocking.cpp.o
[662/1304] Building CXX object cubrid/CMakeFiles/cubrid.dir/__/src/base/tsc_timer.c.o
[663/1304] Building CXX object cubrid/CMakeFiles/cubrid.dir/__/src/base/memory_alloc.c.o
[664/1304] Building CXX object cubrid/CMakeFiles/cubrid.dir/__/src/base/uca_support.c.o
[665/1304] Building CXX object cubrid/CMakeFiles/cubrid.dir/__/src/base/DMRBMemoryPool.cpp.o
[666/1304] Building CXX object cubrid/CMakeFiles/cubrid.dir/__/src/base/packet_buffer.cpp.o
[667/1304] Building CXX object cubrid/CMakeFiles/cubrid.dir/__/src/base/perf_monitor_trackers.cpp.o
[668/1304] Building CXX object cubrid/CMakeFiles/cubrid.dir/__/src/base/unicode_support.c.o
[669/1304] Building CXX object cs/CMakeFiles/cubridcs.dir/__/src/sp/sp_catalog.cpp.o
[670/1304] Building CXX object cubrid/CMakeFiles/cubrid.dir/__/src/compat/cnv.c.o
[671/1304] Building CXX object cubrid/CMakeFiles/cubrid.dir/__/src/base/stack_dump.c.o
[672/1304] Building CXX object cubrid/CMakeFiles/cubrid.dir/__/src/compat/db_elo.c.o
[673/1304] Building CXX object cubrid/CMakeFiles/cubrid.dir/__/src/base/trace_event_log.c.o
[674/1304] Building CXX object cubrid/CMakeFiles/cubrid.dir/__/src/base/xml_parser.c.o
[675/1304] Building CXX object cubrid/CMakeFiles/cubrid.dir/__/src/base/util_func.c.o
[676/1304] Building CXX object cubrid/CMakeFiles/cubrid.dir/__/src/base/variable_string.c.o
[677/1304] Building CXX object cubrid/CMakeFiles/cubrid.dir/__/src/base/filesys_parser.cpp.o
[678/1304] Building CXX object cubrid/CMakeFiles/cubrid.dir/__/src/compat/db_json_allocator.cpp.o
[679/1304] Building CXX object cubrid/CMakeFiles/cubrid.dir/__/src/compat/db_set.c.o
[680/1304] Building CXX object cubrid/CMakeFiles/cubrid.dir/__/src/connection/connection_list_sr.c.o
[681/1304] Building CXX object cubrid/CMakeFiles/cubrid.dir/__/src/base/cgroup.cpp.o
[682/1304] Building CXX object cubrid/CMakeFiles/cubrid.dir/__/src/connection/connection_context.cpp.o
[683/1304] Building CXX object cubrid/CMakeFiles/cubrid.dir/__/src/connection/connection_globals.c.o
[684/1304] Building CXX object cubrid/CMakeFiles/cubrid.dir/__/load_lexer.cpp.o
[685/1304] Building CXX object cubrid/CMakeFiles/cubrid.dir/__/src/connection/receiver.cpp.o
[686/1304] Building CXX object cubrid/CMakeFiles/cubrid.dir/__/src/compat/db_date.c.o
[687/1304] Building CXX object cubrid/CMakeFiles/cubrid.dir/__/src/connection/host_lookup.c.o
[688/1304] Building CXX object cubrid/CMakeFiles/cubrid.dir/__/src/compat/db_value_printer.cpp.o
[689/1304] Building CXX object cubrid/CMakeFiles/cubrid.dir/__/src/compat/db_macro.c.o
[690/1304] Building CXX object cubrid/CMakeFiles/cubrid.dir/__/src/heaplayers/customheaps.cpp.o
[691/1304] Building CXX object cubrid/CMakeFiles/cubrid.dir/__/src/connection/heartbeat.c.o
[692/1304] Building CXX object cubrid/CMakeFiles/cubrid.dir/__/src/method/method_error.cpp.o
[693/1304] Building CXX object cubrid/CMakeFiles/cubrid.dir/__/src/heaplayers/lea_heap.c.o
[694/1304] Building CXX object cubrid/CMakeFiles/cubrid.dir/__/src/connection/buffer.cpp.o
[695/1304] Building CXX object cubrid/CMakeFiles/cubrid.dir/__/src/communication/network_common.cpp.o
[696/1304] Building CXX object cubrid/CMakeFiles/cubrid.dir/__/src/method/method_query_util.cpp.o
[697/1304] Building CXX object cubrid/CMakeFiles/cubrid.dir/__/src/communication/network_callback_sr.cpp.o
[698/1304] Building CXX object cubrid/CMakeFiles/cubrid.dir/__/src/base/resources.cpp.o
[699/1304] Building CXX object cubrid/CMakeFiles/cubrid.dir/__/src/method/method_struct_parameter_info.cpp.o
[700/1304] Building CXX object cubrid/CMakeFiles/cubrid.dir/__/src/connection/transmitter.cpp.o
[701/1304] Building CXX object cubrid/CMakeFiles/cubrid.dir/__/src/connection/tcp.c.o
[702/1304] Building CXX object cubrid/CMakeFiles/cubrid.dir/__/src/method/method_struct_value.cpp.o
[703/1304] Building CXX object cubrid/CMakeFiles/cubrid.dir/__/src/base/object_representation_sr.c.o
[704/1304] Building CXX object cubrid/CMakeFiles/cubrid.dir/__/src/method/method_struct_oid_info.cpp.o
[705/1304] Building CXX object cubrid/CMakeFiles/cubrid.dir/__/src/method/method_struct_schema_info.cpp.o
[706/1304] Building CXX object cubrid/CMakeFiles/cubrid.dir/__/src/sp/pl_comm.c.o
[707/1304] Building CXX object cubrid/CMakeFiles/cubrid.dir/__/src/sp/pl_connection.cpp.o
[708/1304] Building CXX object cubrid/CMakeFiles/cubrid.dir/__/src/method/method_struct_query.cpp.o
[709/1304] Building CXX object cubrid/CMakeFiles/cubrid.dir/__/src/sp/pl_compile_handler.cpp.o
[710/1304] Building CXX object cubrid/CMakeFiles/cubrid.dir/__/src/executables/util_common.c.o
[711/1304] Building CXX object cubrid/CMakeFiles/cubrid.dir/__/src/sp/pl_signature.cpp.o
[712/1304] Building CXX object cubrid/CMakeFiles/cubrid.dir/__/src/base/perf_monitor.c.o
[713/1304] Building CXX object cubrid/CMakeFiles/cubrid.dir/__/src/connection/connection_support.cpp.o
[714/1304] Building CXX object cubrid/CMakeFiles/cubrid.dir/__/src/connection/master_connector.cpp.o
[715/1304] Building CXX object cubrid/CMakeFiles/cubrid.dir/__/src/connection/connection_pool.cpp.o
[716/1304] Building CXX object cubrid/CMakeFiles/cubrid.dir/__/src/method/method_struct_invoke.cpp.o
[717/1304] Building CXX object cubrid/CMakeFiles/cubrid.dir/__/src/loaddb/load_driver.cpp.o
[718/1304] Building CXX object cubrid/CMakeFiles/cubrid.dir/__/src/loaddb/load_common.cpp.o
[719/1304] Building CXX object cubrid/CMakeFiles/cubrid.dir/__/src/loaddb/load_semantic_helper.cpp.o
[720/1304] Building CXX object cubrid/CMakeFiles/cubrid.dir/__/src/object/lob_locator.cpp.o
[721/1304] Building CXX object cubrid/CMakeFiles/cubrid.dir/__/src/compat/db_json_path.cpp.o
[722/1304] Building CXX object cubrid/CMakeFiles/cubrid.dir/__/src/method/query_method.cpp.o
[723/1304] Building CXX object cubrid/CMakeFiles/cubrid.dir/__/src/object/schema_information_schema.cpp.o
[724/1304] Building CXX object cubrid/CMakeFiles/cubrid.dir/__/src/object/elo.c.o
[725/1304] Building CXX object cubrid/CMakeFiles/cubrid.dir/__/src/base/system_parameter.c.o
[726/1304] Building CXX object cubrid/CMakeFiles/cubrid.dir/__/load_grammar.cpp.o
[727/1304] Building CXX object cubrid/CMakeFiles/cubrid.dir/__/src/object/identifier_store.cpp.o
[728/1304] Building CXX object cubrid/CMakeFiles/cubrid.dir/__/src/loaddb/load_class_registry.cpp.o
[729/1304] Building CXX object cubrid/CMakeFiles/cubrid.dir/__/src/object/schema_system_catalog.cpp.o
[730/1304] Building CXX object cubrid/CMakeFiles/cubrid.dir/__/src/sp/sp_code.cpp.o
[731/1304] Building CXX object cubrid/CMakeFiles/cubrid.dir/__/src/object/set_object.c.o
[732/1304] Building CXX object cubrid/CMakeFiles/cubrid.dir/__/src/sp/pl_query_cursor.cpp.o
[733/1304] Building CXX object cubrid/CMakeFiles/cubrid.dir/__/src/base/tz_support.c.o
[734/1304] Building CXX object cubrid/CMakeFiles/cubrid.dir/__/src/storage/btree_unique.cpp.o
[735/1304] Building CXX object cubrid/CMakeFiles/cubrid.dir/__/src/communication/network_sr.c.o
[736/1304] Building CXX object cubrid/CMakeFiles/cubrid.dir/__/src/sp/method_invoke_group.cpp.o
[737/1304] Building CXX object cubrid/CMakeFiles/cubrid.dir/__/src/object/deduplicate_key.c.o
[738/1304] Building CXX object cubrid/CMakeFiles/cubrid.dir/__/src/monitor/monitor_transaction.cpp.o
[739/1304] Building CXX object cubrid/CMakeFiles/cubrid.dir/__/src/object/object_representation.c.o
[740/1304] Building CXX object cubrid/CMakeFiles/cubrid.dir/__/src/loaddb/load_error_handler.cpp.o
[741/1304] Building CXX object cubrid/CMakeFiles/cubrid.dir/__/src/sp/pl_execution_stack_context.cpp.o
[742/1304] Building CXX object cubrid/CMakeFiles/cubrid.dir/__/src/query/qfile_tuple_layout.c.o
[743/1304] Building CXX object cubrid/CMakeFiles/cubrid.dir/__/src/method/method_scan.cpp.o
[744/1304] Building CXX object cubrid/CMakeFiles/cubrid.dir/__/src/monitor/monitor_vacuum_ovfp_threshold.cpp.o
[745/1304] Building CXX object cubrid/CMakeFiles/cubrid.dir/__/src/connection/connection_sr.c.o
[746/1304] Building CXX object cubrid/CMakeFiles/cubrid.dir/__/src/connection/coordinator.cpp.o
[747/1304] Building CXX object cubrid/CMakeFiles/cubrid.dir/__/src/query/crypt_opfunc.c.o
[748/1304] Building CXX object cubrid/CMakeFiles/cubrid.dir/__/src/query/numeric_opfunc.c.o
[749/1304] Building CXX object cubrid/CMakeFiles/cubrid.dir/__/src/connection/connection_worker.cpp.o
[750/1304] Building CXX object cubrid/CMakeFiles/cubrid.dir/__/src/loaddb/load_db_value_converter.cpp.o
[751/1304] Building CXX object cubrid/CMakeFiles/cubrid.dir/__/src/object/transform.c.o
[752/1304] Building CXX object cubrid/CMakeFiles/cubrid.dir/__/src/storage/byte_order.c.o
[753/1304] Building CXX object cubrid/CMakeFiles/cubrid.dir/__/src/sp/pl_executor.cpp.o
[754/1304] Building CXX object cubrid/CMakeFiles/cubrid.dir/__/src/object/object_domain.c.o
[755/1304] Building CXX object cubrid/CMakeFiles/cubrid.dir/__/src/query/string_regex.cpp.o
[756/1304] Building CXX object cubrid/CMakeFiles/cubrid.dir/__/src/storage/es_common.c.o
[757/1304] Building CXX object cubrid/CMakeFiles/cubrid.dir/__/src/query/stream_to_xasl.c.o
[758/1304] Building CXX object cubrid/CMakeFiles/cubrid.dir/__/src/object/object_primitive.c.o
[759/1304] Building CXX object cubrid/CMakeFiles/cubrid.dir/__/src/storage/es.c.o
[760/1304] Building CXX object cubrid/CMakeFiles/cubrid.dir/__/src/query/string_opfunc.c.o
[761/1304] Building CXX object cubrid/CMakeFiles/cubrid.dir/__/src/compat/db_json.cpp.o
[762/1304] Building CXX object cubrid/CMakeFiles/cubrid.dir/__/src/query/dblink_scan.c.o
[763/1304] Building CXX object cubrid/CMakeFiles/cubrid.dir/__/src/query/string_regex_re2.cpp.o
[764/1304] Building CXX object cubrid/CMakeFiles/cubrid.dir/__/src/query/dblink_2pc.c.o
[765/1304] Building CXX object cubrid/CMakeFiles/cubrid.dir/__/src/query/regu_var.cpp.o
[766/1304] Building CXX object cubrid/CMakeFiles/cubrid.dir/__/src/storage/oos_util.cpp.o
[767/1304] Building CXX object cubrid/CMakeFiles/cubrid.dir/__/src/connection/server_support.c.o
[768/1304] Building CXX object cubrid/CMakeFiles/cubrid.dir/__/src/loaddb/load_session.cpp.o
[769/1304] Building CXX object cubrid/CMakeFiles/cubrid.dir/__/src/sp/pl_session.cpp.o
[770/1304] Building CXX object cubrid/CMakeFiles/cubrid.dir/__/src/storage/heap_pending_record.cpp.o
[771/1304] Building CXX object cubrid/CMakeFiles/cubrid.dir/__/src/query/query_reevaluation.cpp.o
[772/1304] Building CXX object cubrid/CMakeFiles/cubrid.dir/__/src/query/vacuum_oos.cpp.o
[773/1304] Building CXX object cubrid/CMakeFiles/cubrid.dir/__/src/storage/oid.c.o
[774/1304] Building CXX object cubrid/CMakeFiles/cubrid.dir/__/src/query/show_scan.c.o
[775/1304] Building CXX object cubrid/CMakeFiles/cubrid.dir/__/src/query/subquery_cache.c.o
[776/1304] Building CXX object cubrid/CMakeFiles/cubrid.dir/__/src/storage/es_posix.c.o
[777/1304] Building CXX object cubrid/CMakeFiles/cubrid.dir/__/src/query/query_hash_scan.c.o
[778/1304] Building CXX object cubrid/CMakeFiles/cubrid.dir/__/src/query/scan_json_table.cpp.o
[779/1304] Building CXX object cubrid/CMakeFiles/cubrid.dir/__/src/query/query_hash_join.c.o
[780/1304] Building CXX object cubrid/CMakeFiles/cubrid.dir/__/src/query/query_evaluator.c.o
[781/1304] Building CXX object cubrid/CMakeFiles/cubrid.dir/__/src/query/partition.c.o
[782/1304] Building CXX object cubrid/CMakeFiles/cubrid.dir/__/src/storage/storage_common.c.o
[783/1304] Building CXX object cubrid/CMakeFiles/cubrid.dir/__/src/query/arithmetic.c.o
[784/1304] Building CXX object cubrid/CMakeFiles/cubrid.dir/__/src/loaddb/load_server_loader.cpp.o
[785/1304] Building CXX object cubrid/CMakeFiles/cubrid.dir/__/src/storage/es_owfs.c.o
[786/1304] Building CXX object cubrid/CMakeFiles/cubrid.dir/__/src/query/query_analytic.cpp.o
[787/1304] Building CXX object cubrid/CMakeFiles/cubrid.dir/__/src/query/query_dump.c.o
[788/1304] Building CXX object cubrid/CMakeFiles/cubrid.dir/__/src/storage/statistics_ndv.c.o
[789/1304] Building CXX object cubrid/CMakeFiles/cubrid.dir/__/src/storage/ftab_set.cpp.o
[790/1304] Building CXX object cubrid/CMakeFiles/cubrid.dir/__/src/query/query_aggregate.cpp.o
[791/1304] Building CXX object cubrid/CMakeFiles/cubrid.dir/__/src/query/list_file.c.o
[792/1304] Building CXX object cubrid/CMakeFiles/cubrid.dir/__/src/thread/critical_section_tracker.cpp.o
[793/1304] Building CXX object cubrid/CMakeFiles/cubrid.dir/__/src/query/filter_pred_cache.c.o
[794/1304] Building CXX object cubrid/CMakeFiles/cubrid.dir/__/src/query/query_manager.c.o
[795/1304] Building CXX object cubrid/CMakeFiles/cubrid.dir/__/src/loaddb/load_worker_manager.cpp.o
[796/1304] Building CXX object cubrid/CMakeFiles/cubrid.dir/__/src/communication/network_interface_sr.cpp.o
[797/1304] Building CXX object cubrid/CMakeFiles/cubrid.dir/__/src/query/fetch.c.o
[798/1304] Building CXX object cubrid/CMakeFiles/cubrid.dir/__/src/storage/record_descriptor.cpp.o
[799/1304] Building CXX object cubrid/CMakeFiles/cubrid.dir/__/src/query/scan_manager.c.o
[800/1304] Building CXX object cubrid/CMakeFiles/cubrid.dir/__/src/transaction/client_credentials.cpp.o
[801/1304] Building CXX object cubrid/CMakeFiles/cubrid.dir/__/src/query/memoize.cpp.o
[802/1304] Building CXX object cubrid/CMakeFiles/cubrid.dir/__/src/thread/thread_entry_task.cpp.o
[803/1304] Building CXX object cubrid/CMakeFiles/cubrid.dir/__/src/session/session_sr.c.o
[804/1304] Building CXX object cubrid/CMakeFiles/cubrid.dir/__/src/thread/thread_daemon.cpp.o
[805/1304] Building CXX object cubrid/CMakeFiles/cubrid.dir/__/src/storage/catalog_class.c.o
[806/1304] Building CXX object cubrid/CMakeFiles/cubrid.dir/__/src/storage/bestspace.cpp.o
[807/1304] Building CXX object cubrid/CMakeFiles/cubrid.dir/__/src/storage/heap_oos.cpp.o
[808/1304] Building CXX object cubrid/CMakeFiles/cubrid.dir/__/src/storage/overflow_file.c.o
[809/1304] Building CXX object cubrid/CMakeFiles/cubrid.dir/__/src/storage/compactdb_sr.c.o
[810/1304] Building CXX object cubrid/CMakeFiles/cubrid.dir/__/src/transaction/log_lsa.cpp.o
[811/1304] Building CXX object cubrid/CMakeFiles/cubrid.dir/__/src/thread/thread_worker_pool_impl.cpp.o
[812/1304] Building CXX object cubrid/CMakeFiles/cubrid.dir/__/src/thread/thread_lockfree_hash_map.cpp.o
[813/1304] Building CXX object cubrid/CMakeFiles/cubrid.dir/__/src/storage/double_write_buffer.cpp.o
[814/1304] Building CXX object cubrid/CMakeFiles/cubrid.dir/__/src/query/query_opfunc.c.o
[815/1304] Building CXX object cubrid/CMakeFiles/cubrid.dir/__/src/storage/disk_manager.c.o
[816/1304] Building CXX object cubrid/CMakeFiles/cubrid.dir/__/src/thread/critical_section.c.o
[817/1304] Building CXX object cubrid/CMakeFiles/cubrid.dir/__/src/storage/extendible_hash.c.o
[818/1304] Building CXX object cubrid/CMakeFiles/cubrid.dir/__/src/thread/thread_worker_pool_taskcap.cpp.o
[819/1304] Building CXX object cubrid/CMakeFiles/cubrid.dir/__/src/storage/statistics_sr.c.o
[820/1304] Building CXX object cubrid/CMakeFiles/cubrid.dir/__/src/storage/btree_sort.c.o
[821/1304] Building CXX object cubrid/CMakeFiles/cubrid.dir/__/src/query/string_regex_std.cpp.o
[822/1304] Building CXX object cubrid/CMakeFiles/cubrid.dir/__/src/thread/thread_manager.cpp.o
[823/1304] Building CXX object cubrid/CMakeFiles/cubrid.dir/__/src/session/session.c.o
[824/1304] Building CXX object cubrid/CMakeFiles/cubrid.dir/__/src/query/xasl_cache.c.o
[825/1304] Building CXX object cubrid/CMakeFiles/cubrid.dir/__/src/transaction/log_comm.c.o
[826/1304] Building CXX object cubrid/CMakeFiles/cubrid.dir/__/src/transaction/log_2pc.c.o
[827/1304] Building CXX object cubrid/CMakeFiles/cubrid.dir/__/src/transaction/log_global.c.o
[828/1304] Building CXX object cubrid/CMakeFiles/cubrid.dir/__/src/transaction/log_append.cpp.o
[829/1304] Building CXX object cubrid/CMakeFiles/cubrid.dir/__/src/storage/tde.c.o
[830/1304] Building CXX object cubrid/CMakeFiles/cubrid.dir/__/src/xasl/xasl_unpack_info.cpp.o
[831/1304] Building CXX object cubrid/CMakeFiles/cubrid.dir/__/src/transaction/locator.c.o
[832/1304] Building CXX object cubrid/CMakeFiles/cubrid.dir/__/src/transaction/log_compress.c.o
[833/1304] Building CXX object cubrid/CMakeFiles/cubrid.dir/__/src/storage/btree_load.c.o
[834/1304] Building CXX object cubrid/CMakeFiles/cubrid.dir/__/src/xasl/access_json_table.cpp.o
[835/1304] Building CXX object util/CMakeFiles/csql.dir/__/src/base/cubrid_getopt_long.c.o
[836/1304] Building CXX object cubrid/CMakeFiles/cubrid.dir/__/src/query/query_executor.c.o
[837/1304] Building CXX object cubrid/CMakeFiles/cubrid.dir/__/src/storage/file_manager.c.o
[838/1304] Building CXX object cubrid/CMakeFiles/cubrid.dir/__/src/storage/external_sort.c.o
[839/1304] Building CXX object util/CMakeFiles/csql.dir/__/src/base/porting.c.o
[840/1304] Building CXX object util/CMakeFiles/csql.dir/__/src/executables/util_support.c.o
[841/1304] Building CXX object cubrid/CMakeFiles/cubrid.dir/__/src/transaction/mvcc.c.o
[842/1304] Building CXX object cubrid/CMakeFiles/cubrid.dir/__/src/transaction/log_postpone_cache.cpp.o
[843/1304] Building CXX object cubrid/CMakeFiles/cubrid.dir/__/src/storage/page_buffer.c.o
[844/1304] Building CXX object cubrid/CMakeFiles/cubrid.dir/__/src/storage/oos_file.cpp.o
[845/1304] Building CXX object cubrid/CMakeFiles/cubrid.dir/__/src/transaction/log_recovery_redo.cpp.o
[846/1304] Building CXX object cubrid/CMakeFiles/cubrid.dir/__/src/query/vacuum.c.o
[847/1304] Building CXX object cubrid/CMakeFiles/cubrid.dir/__/src/transaction/transaction_sr.c.o
[848/1304] Building CXX object util/CMakeFiles/cubrid_rel.dir/__/src/executables/cubrid_version.c.o
[849/1304] Building CXX object cubrid/CMakeFiles/cubrid.dir/__/src/storage/file_io.c.o
[850/1304] Building CXX object util/CMakeFiles/cub_master.dir/__/src/executables/master_util.c.o
[851/1304] Building CXX object cubrid/CMakeFiles/cubrid.dir/__/src/storage/system_catalog.c.o
[852/1304] Building CXX object util/CMakeFiles/cubrid-bin.dir/__/src/executables/util_support.c.o
[853/1304] Building C object util/CMakeFiles/gencat.dir/__/src/executables/gencat.c.o
[854/1304] Building CXX object util/CMakeFiles/cub_commdb.dir/__/src/executables/util_support.c.o
[855/1304] Building CXX object util/CMakeFiles/csql.dir/__/src/executables/csql_launcher.c.o
[856/1304] Building CXX object cubrid/CMakeFiles/cubrid.dir/__/src/transaction/replication.c.o
[857/1304] Building CXX object util/CMakeFiles/gencat.dir/__/src/base/porting.c.o
[858/1304] Building CXX object cubrid/CMakeFiles/cubrid.dir/__/src/storage/slotted_page.c.o
[859/1304] Building CXX object cubrid/CMakeFiles/cubrid.dir/__/src/transaction/log_writer.c.o
[860/1304] Building CXX object cubrid/CMakeFiles/cubrid.dir/__/src/transaction/recovery.c.o
[861/1304] Building CXX object cubrid/CMakeFiles/cubrid.dir/__/src/transaction/mvcc_active_tran.cpp.o
[862/1304] Building CXX object util/CMakeFiles/cub_admin.dir/__/src/base/porting.c.o
[863/1304] Linking CXX executable bin/gencat
[864/1304] Building CXX object cubrid/CMakeFiles/cubrid.dir/__/src/query/parallel/px_hash_join/px_hash_join_spawn_manager.cpp.o
[865/1304] Building CXX object util/CMakeFiles/cub_admin.dir/__/src/base/cubrid_getopt_long.c.o
[866/1304] Building CXX object cubrid/CMakeFiles/cubrid.dir/__/src/transaction/log_prior_inflight.cpp.o
[867/1304] Building CXX object cubrid/CMakeFiles/cubrid.dir/__/src/thread/thread_entry.cpp.o
[868/1304] Building CXX object cubrid/CMakeFiles/cubrid.dir/__/src/thread/concurrency_slot.cpp.o
[869/1304] Building CXX object cubrid/CMakeFiles/cubrid.dir/__/src/xasl/xasl_predicate.cpp.o
[870/1304] Building CXX object cubrid/CMakeFiles/cubrid.dir/__/src/query/parallel/px_sort.c.o
[871/1304] Building CXX object util/CMakeFiles/unittests_bit.dir/__/src/executables/unittests_bit.c.o
[872/1304] Building CXX object cubrid/CMakeFiles/cubrid.dir/__/src/query/parallel/px_worker_manager.cpp.o
[873/1304] Building CXX object cubrid/CMakeFiles/cubrid.dir/__/src/transaction/log_recovery.c.o
[874/1304] Building CXX object util/CMakeFiles/cub_admin.dir/__/src/executables/util_support.c.o
[875/1304] Building CXX object util/CMakeFiles/unittests_lf.dir/__/src/executables/unittests_lf.c.o
[876/1304] Building CXX object cubrid-cci/cci/CMakeFiles/cascci.dir/__/src/cci/cci_net_buf.c.o
[877/1304] Building CXX object cubrid/CMakeFiles/cubrid.dir/__/src/transaction/log_system_tran.cpp.o
[878/1304] Building CXX object util/CMakeFiles/cub_commdb.dir/__/src/executables/master_util.c.o
[879/1304] Building CXX object cubrid/CMakeFiles/cubrid.dir/__/src/query/parallel/px_scan/px_scan_instnum.cpp.o
[880/1304] Building CXX object cubrid-cci/cci/CMakeFiles/cascci.dir/__/src/base/porting.c.o
[881/1304] Building CXX object util/CMakeFiles/cub_master.dir/__/src/executables/master.c.o
[882/1304] Building CXX object cubrid/CMakeFiles/cubrid.dir/__/src/transaction/mvcc_table.cpp.o
[883/1304] Building CXX object cubrid/CMakeFiles/cubrid.dir/__/src/query/parallel/px_callable_task.cpp.o
[884/1304] Building CXX object util/CMakeFiles/cub_master.dir/__/src/executables/master_request.c.o
[885/1304] Building CXX object cubrid-cci/cci/CMakeFiles/cascci.dir/__/src/cci/cci_common.c.o
[886/1304] Building CXX object util/CMakeFiles/cub_commdb.dir/__/src/executables/commdb.c.o
[887/1304] Building CXX object cubrid/CMakeFiles/cubrid.dir/__/src/transaction/boot_sr.c.o
[888/1304] Building CXX object cubrid/CMakeFiles/cubrid.dir/__/src/query/parallel/px_hash_join/px_hash_join_task_manager.cpp.o
[889/1304] Building CXX object cubrid/CMakeFiles/cubrid.dir/__/src/transaction/locator_sr.c.o
[890/1304] Building CXX object cubrid/CMakeFiles/cubrid.dir/__/src/optimizer/histogram/histogram_reader.cpp.o
[891/1304] Building CXX object cubrid-cci/cci/CMakeFiles/cascci.dir/__/src/cci/cci_t_lob.c.o
[892/1304] Building CXX object cubrid/CMakeFiles/cubrid.dir/__/src/xasl/xasl_analytic.cpp.o
[893/1304] Building CXX object util/CMakeFiles/cub_admin.dir/__/src/executables/util_admin.c.o
[894/1304] Building CXX object cubrid/CMakeFiles/cubrid.dir/__/src/transaction/transaction_transient.cpp.o
[895/1304] Building CXX object cubrid-cci/cci/CMakeFiles/cascci.dir/__/src/cci/cci_network.c.o
[896/1304] Building CXX object cubrid-cci/tools/CMakeFiles/cci_applier.dir/__/src/tools/cci_applier.c.o
[897/1304] Building CXX object util/CMakeFiles/cubrid-bin.dir/__/src/executables/util_service.c.o
[898/1304] Building CXX object cubrid/CMakeFiles/cubrid.dir/__/src/query/parallel/px_scan/px_scan_input_handler_list.cpp.o
[899/1304] Building CXX object cubrid-cci/tools/CMakeFiles/cci_applier.dir/__/src/base/cubrid_getopt_long.c.o
[900/1304] Building CXX object broker/CMakeFiles/cub_broker.dir/__/src/broker/broker_error.c.o
[901/1304] Building CXX object cubrid/CMakeFiles/cubrid.dir/__/src/transaction/log_recovery_redo_parallel.cpp.o
[902/1304] Building CXX object cubrid/CMakeFiles/cubrid.dir/__/src/optimizer/histogram/histogram_builder.cpp.o
[903/1304] Building CXX object cubrid/CMakeFiles/cubrid.dir/__/src/query/parallel/px_hash_join/px_hash_join.cpp.o
[904/1304] Building CXX object broker/CMakeFiles/cub_broker.dir/__/src/broker/broker_access_list.c.o
[905/1304] Building CXX object cubrid/CMakeFiles/cubrid.dir/__/src/transaction/flashback.c.o
[906/1304] Building CXX object broker/CMakeFiles/cub_broker.dir/__/src/broker/broker_process_size.c.o
[907/1304] Building CXX object cubrid-cci/cci/CMakeFiles/cascci.dir/__/src/cci/cci_handle_mng.c.o
[908/1304] Building CXX object cubrid-cci/cci/CMakeFiles/cascci.dir/__/src/cci/cci_t_set.c.o
[909/1304] Building CXX object broker/CMakeFiles/cub_broker.dir/__/src/broker/broker_send_fd.c.o
[910/1304] Building CXX object cubrid/CMakeFiles/cubrid.dir/__/src/query/parallel/px_scan/px_scan_slot_iterator_list.cpp.o
[911/1304] Building CXX object cubrid/CMakeFiles/cubrid.dir/__/src/query/parallel/px_scan/px_scan_input_handler_index.cpp.o
[912/1304] Building CXX object cubrid-cci/cci/CMakeFiles/cascci.dir/__/src/cci/cci_properties.c.o
[913/1304] Building CXX object broker/CMakeFiles/cub_broker.dir/__/src/broker/broker_max_heap.c.o
[914/1304] Building CXX object util/CMakeFiles/cub_master.dir/__/src/executables/master_server_monitor.cpp.o
[915/1304] Building CXX object cubrid/CMakeFiles/cubrid.dir/__/src/query/parallel/px_scan/px_scan_input_handler_heap.cpp.o
[916/1304] Building CXX object cubrid-cci/cci/CMakeFiles/cascci.dir/__/src/cci/cci_ssl.c.o
[917/1304] Building CXX object cubrid/CMakeFiles/cubrid.dir/__/src/xasl/xasl_stream.cpp.o
[918/1304] Building CXX object cubrid/CMakeFiles/cubrid.dir/__/src/query/parallel/px_scan/px_scan_slot_iterator_index.cpp.o
[919/1304] Building CXX object cubrid-cci/cci/CMakeFiles/cascci.dir/__/src/cci/cas_cci.c.o
[920/1304] Building CXX object util/CMakeFiles/cub_pl.dir/__/src/sp/pl_sr_jvm.cpp.o
[921/1304] Building CXX object cubrid/CMakeFiles/cubrid.dir/__/src/xasl/xasl_iteration.cpp.o
[922/1304] Building CXX object broker/CMakeFiles/cub_gateway.dir/__/src/broker/broker_error.c.o
[923/1304] Building CXX object broker/CMakeFiles/cub_gateway.dir/__/src/broker/broker_max_heap.c.o
[924/1304] Building CXX object broker/CMakeFiles/cub_broker.dir/__/src/broker/broker_util.c.o
[925/1304] Building CXX object cubrid/CMakeFiles/cubrid.dir/__/src/sp/pl_struct_compile.cpp.o
[926/1304] Building CXX object cubrid/CMakeFiles/cubrid.dir/__/src/query/parallel/px_worker_manager_global.cpp.o
[927/1304] Building CXX object broker/CMakeFiles/cub_gateway.dir/__/src/broker/broker_access_list.c.o
[928/1304] Building CXX object broker/CMakeFiles/cub_gateway.dir/__/src/broker/broker_process_size.c.o
[929/1304] Building CXX object broker/CMakeFiles/cub_broker.dir/__/src/broker/broker_shm.c.o
[930/1304] Building CXX object cubrid/CMakeFiles/cubrid.dir/__/src/query/parallel/px_scan/index/px_scan_index_leaf_slot_walker.cpp.o
[931/1304] Building CXX object cubrid-cci/cci/CMakeFiles/cascci.dir/__/src/cci/cci_query_execute.c.o
[932/1304] Building CXX object util/CMakeFiles/cub_pl.dir/__/src/executables/pl.cpp.o
[933/1304] Building CXX object cubrid/CMakeFiles/cubrid.dir/__/src/query/parallel/px_scan/index/px_scan_index_key_range_list.cpp.o
[934/1304] Building CXX object cubrid-cci/cci/CMakeFiles/cascci.dir/__/src/cci/cci_log.cpp.o
[935/1304] Building CXX object broker/CMakeFiles/cub_gateway.dir/__/src/broker/broker_send_fd.c.o
[936/1304] Building CXX object cubrid-cci/cci/CMakeFiles/cascci.dir/__/src/cci/cci_map.cpp.o
[937/1304] Building CXX object broker/CMakeFiles/broker_monitor.dir/__/src/broker/broker_error.c.o
[938/1304] Building CXX object cubrid/CMakeFiles/cubrid.dir/__/src/query/parallel/px_scan/index/px_scan_index_leaf_page_dispatcher.cpp.o
[939/1304] Building CXX object cubrid/CMakeFiles/cubrid.dir/__/src/query/parallel/px_scan/px_scan_trace_handler.cpp.o
[940/1304] Building CXX object cubrid/CMakeFiles/cubrid.dir/__/src/query/parallel/px_parallel.cpp.o
[941/1304] Building CXX object broker/CMakeFiles/cub_gateway.dir/__/src/broker/broker_shm.c.o
[942/1304] Building CXX object broker/CMakeFiles/broker_monitor.dir/__/src/broker/broker_process_size.c.o
[943/1304] Building CXX object broker/CMakeFiles/cub_broker.dir/__/src/broker/broker_proxy_conn.c.o
[944/1304] Building CXX object broker/CMakeFiles/broker_monitor.dir/__/src/broker/broker_max_heap.c.o
[945/1304] Building CXX object util/CMakeFiles/cub_master.dir/__/src/executables/master_heartbeat.c.o
[946/1304] Building CXX object cubrid/CMakeFiles/cubrid.dir/__/src/query/parallel/px_scan/px_scan_slot_iterator.cpp.o
[947/1304] Building CXX object broker/CMakeFiles/cub_broker.dir/__/src/broker/broker_filename.c.o
[948/1304] Building CXX object broker/CMakeFiles/cub_gateway.dir/__/src/broker/broker_util.c.o
[949/1304] Building CXX object broker/CMakeFiles/broker_monitor.dir/__/src/broker/broker_process_info.c.o
[950/1304] Building CXX object broker/CMakeFiles/gateway_monitor.dir/__/src/broker/broker_error.c.o
[951/1304] Building CXX object broker/CMakeFiles/gateway_monitor.dir/__/src/broker/broker_max_heap.c.o
[952/1304] Building CXX object broker/CMakeFiles/cub_broker.dir/__/src/broker/shard_metadata.c.o
[953/1304] Building CXX object cubrid/CMakeFiles/cubrid.dir/__/src/xasl/xasl_spawner.cpp.o
[954/1304] Building CXX object broker/CMakeFiles/gateway_monitor.dir/__/src/broker/broker_process_size.c.o
[955/1304] Building CXX object broker/CMakeFiles/gateway_monitor.dir/__/src/broker/broker_process_info.c.o
[956/1304] Building CXX object broker/CMakeFiles/cub_broker.dir/__/src/broker/shard_shm.c.o
[957/1304] Building CXX object broker/CMakeFiles/broker_monitor.dir/__/src/broker/broker_shm.c.o
[958/1304] Building CXX object cubrid/CMakeFiles/cubrid.dir/__/src/query/parallel/px_scan/index/px_scan_index_overflow_chain_pool.cpp.o
[959/1304] Building CXX object broker/CMakeFiles/broker_changer.dir/__/src/broker/broker_error.c.o
[960/1304] Building CXX object broker/CMakeFiles/broker_changer.dir/__/src/broker/broker_process_size.c.o
[961/1304] Building CXX object cubrid/CMakeFiles/cubrid.dir/__/src/query/parallel/px_scan/px_scan_pre_execution_info.cpp.o
[962/1304] Building CXX object util/CMakeFiles/unittests_lf.dir/__/src/base/porting.c.o
[963/1304] Building CXX object cubrid/CMakeFiles/cubrid.dir/__/src/storage/btree.c.o
[964/1304] Building CXX object broker/CMakeFiles/broker_monitor.dir/__/src/broker/broker_util.c.o
[965/1304] Building CXX object broker/CMakeFiles/cub_gateway.dir/__/src/broker/broker_filename.c.o
[966/1304] Building CXX object cubrid/CMakeFiles/cubrid.dir/__/src/query/parallel/px_scan/index/px_scan_index_overflow_drain_fsm.cpp.o
[967/1304] Building CXX object broker/CMakeFiles/broker_changer.dir/__/src/broker/broker_max_heap.c.o
[968/1304] Building CXX object util/CMakeFiles/unittests_snapshot.dir/__/src/base/memory_monitor_api.cpp.o
[969/1304] Building CXX object broker/CMakeFiles/gateway_monitor.dir/__/src/broker/broker_util.c.o
[970/1304] Building CXX object broker/CMakeFiles/broker_changer.dir/__/src/broker/shard_key_func.c.o
[971/1304] Building CXX object broker/CMakeFiles/broker_changer.dir/__/src/broker/broker_acl.c.o
[972/1304] Building CXX object broker/CMakeFiles/cub_gateway.dir/__/src/broker/shard_metadata.c.o
[973/1304] Building CXX object broker/CMakeFiles/cubrid_broker.dir/__/src/broker/broker_error.c.o
[974/1304] Building CXX object broker/CMakeFiles/cub_gateway.dir/__/src/broker/shard_shm.c.o
[975/1304] Building CXX object cubrid/CMakeFiles/cubrid.dir/__/src/transaction/lock_manager.c.o
[976/1304] Building CXX object broker/CMakeFiles/broker_monitor.dir/__/src/base/util_func.c.o
[977/1304] Building CXX object broker/CMakeFiles/gateway_monitor.dir/__/src/broker/broker_shm.c.o
[978/1304] Building CXX object broker/CMakeFiles/cubrid_broker.dir/__/src/broker/broker_max_heap.c.o
[979/1304] Building CXX object util/CMakeFiles/unittests_bit.dir/__/src/base/memory_monitor_api.cpp.o
[980/1304] Building CXX object broker/CMakeFiles/broker_monitor.dir/__/src/broker/broker_filename.c.o
[981/1304] Building CXX object cubrid/CMakeFiles/cubrid.dir/__/src/transaction/log_page_buffer.c.o
[982/1304] Building CXX object broker/CMakeFiles/cubrid_broker.dir/__/src/broker/broker_process_size.c.o
[983/1304] Building CXX object broker/CMakeFiles/gateway_monitor.dir/__/src/base/util_func.c.o
[984/1304] Building CXX object util/CMakeFiles/unittests_area.dir/__/src/executables/unittests_area.c.o
[985/1304] Building CXX object broker/CMakeFiles/cubrid_broker.dir/__/src/base/porting.c.o
[986/1304] Building CXX object broker/CMakeFiles/cub_gateway.dir/__/src/broker/broker_proxy_conn.c.o
[987/1304] Building CXX object broker/CMakeFiles/broker_changer.dir/__/src/broker/broker_util.c.o
[988/1304] Building CXX object broker/CMakeFiles/broker_changer.dir/__/src/broker/broker_shm.c.o
[989/1304] Building CXX object util/CMakeFiles/unittests_lf.dir/__/src/base/memory_monitor_api.cpp.o
[990/1304] Building CXX object broker/CMakeFiles/cubrid_broker.dir/__/src/broker/shard_key_func.c.o
[991/1304] Building CXX object util/CMakeFiles/unittests_area.dir/__/src/base/memory_monitor_api.cpp.o
[992/1304] Building CXX object util/CMakeFiles/unittests_lf.dir/__/src/base/lock_free.c.o
[993/1304] Building CXX object broker/CMakeFiles/cubrid_broker.dir/__/src/broker/broker_acl.c.o
[994/1304] Building CXX object broker/CMakeFiles/cubrid_gateway.dir/__/src/base/porting.c.o
[995/1304] Building CXX object broker/CMakeFiles/broker_changer.dir/__/src/broker/broker_changer.c.o
[996/1304] Building CXX object broker/CMakeFiles/gateway_monitor.dir/__/src/broker/broker_filename.c.o
[997/1304] Building CXX object broker/CMakeFiles/broker_monitor.dir/__/src/broker/cas_util.c.o
[998/1304] Building CXX object broker/CMakeFiles/cubrid_gateway.dir/__/src/broker/broker_error.c.o
[999/1304] Building CXX object cubrid/CMakeFiles/cubrid.dir/__/src/transaction/log_manager.c.o
[1000/1304] Building CXX object broker/CMakeFiles/gateway_monitor.dir/__/src/broker/cas_util.c.o
[1001/1304] Building CXX object broker/CMakeFiles/broker_monitor.dir/__/src/broker/shard_metadata.c.o
[1002/1304] Building CXX object cubrid/CMakeFiles/cubrid.dir/__/src/query/parallel/px_query_execute/px_query_task.cpp.o
[1003/1304] Building CXX object broker/CMakeFiles/cub_gateway.dir/__/src/broker/broker.c.o
[1004/1304] Building CXX object broker/CMakeFiles/gateway_monitor.dir/__/src/broker/shard_metadata.c.o
[1005/1304] Building CXX object broker/CMakeFiles/cubrid_broker.dir/__/src/broker/broker_util.c.o
[1006/1304] Building CXX object broker/CMakeFiles/cubrid_gateway.dir/__/src/broker/broker_max_heap.c.o
[1007/1304] Building CXX object broker/CMakeFiles/gateway_monitor.dir/__/src/broker/shard_shm.c.o
[1008/1304] Building CXX object cubrid/CMakeFiles/cubrid.dir/__/src/transaction/log_tran_table.c.o
[1009/1304] Building CXX object broker/CMakeFiles/cub_broker.dir/__/src/broker/broker.c.o
[1010/1304] Building CXX object broker/CMakeFiles/broker_monitor.dir/__/src/broker/broker_config.c.o
[1011/1304] Building CXX object broker/CMakeFiles/cubrid_gateway.dir/__/src/broker/broker_process_size.c.o
[1012/1304] Building CXX object cubrid/CMakeFiles/cubrid.dir/__/src/query/parallel/px_thread_safe_queue.cpp.o
[1013/1304] Building CXX object broker/CMakeFiles/broker_monitor.dir/__/src/broker/shard_shm.c.o
[1014/1304] Building CXX object broker/CMakeFiles/cubrid_gateway.dir/__/src/broker/broker_acl.c.o
[1015/1304] Building CXX object broker/CMakeFiles/cubrid_broker.dir/__/src/broker/broker_shm.c.o
[1016/1304] Building CXX object broker/CMakeFiles/broker_monitor.dir/__/src/broker/broker_monitor.c.o
[1017/1304] Building CXX object broker/CMakeFiles/cas_common_lib.dir/__/src/broker/cas_optimization.c.o
[1018/1304] Building CXX object broker/CMakeFiles/cub_cas.dir/__/src/broker/broker_recv_fd.c.o
[1019/1304] Building CXX object broker/CMakeFiles/cas_common_lib.dir/__/src/broker/cas_sql_log2.c.o
[1020/1304] Building CXX object broker/CMakeFiles/cubrid_gateway.dir/__/src/broker/shard_key_func.c.o
[1021/1304] Building CXX object broker/CMakeFiles/broker_changer.dir/__/src/broker/shard_metadata.c.o
[1022/1304] Building CXX object broker/CMakeFiles/cas_common_lib.dir/__/src/broker/cas_meta.c.o
[1023/1304] Building CXX object broker/CMakeFiles/broker_changer.dir/__/src/broker/broker_filename.c.o
[1024/1304] Building CXX object cubrid/CMakeFiles/cubrid.dir/__/src/query/parallel/px_scan/px_scan_result_handler.cpp.o
[1025/1304] Building CXX object broker/CMakeFiles/cas_common_lib.dir/__/src/broker/cas_network.c.o
[1026/1304] Building CXX object broker/CMakeFiles/gateway_monitor.dir/__/src/broker/broker_config.c.o
[1027/1304] Building CXX object broker/CMakeFiles/cas_common_lib.dir/__/src/broker/cas_common_vars.c.o
[1028/1304] Building CXX object broker/CMakeFiles/cubrid_gateway.dir/__/src/broker/broker_shm.c.o
[1029/1304] Building CXX object broker/CMakeFiles/cubrid_broker.dir/__/src/base/util_func.c.o
[1030/1304] Building CXX object broker/CMakeFiles/cubrid_gateway.dir/__/src/broker/broker_util.c.o
[1031/1304] Building CXX object broker/CMakeFiles/broker_changer.dir/__/src/broker/shard_shm.c.o
[1032/1304] Building CXX object broker/CMakeFiles/cas_common_lib.dir/__/src/broker/broker_acl.c.o
[1033/1304] Building CXX object broker/CMakeFiles/cub_cas_cgw.dir/__/src/broker/broker_error.c.o
[1034/1304] Building CXX object broker/CMakeFiles/cub_cas.dir/__/src/broker/broker_process_size.c.o
[1035/1304] Building CXX object broker/CMakeFiles/cubrid_broker.dir/__/src/broker/shard_metadata.c.o
[1036/1304] Building CXX object util/CMakeFiles/cub_server.dir/__/src/executables/server.c.o
[1037/1304] Building CXX object broker/CMakeFiles/cubrid_broker.dir/__/src/broker/broker_filename.c.o
[1038/1304] Building CXX object broker/CMakeFiles/broker_changer.dir/__/src/broker/broker_config.c.o
[1039/1304] Building CXX object broker/CMakeFiles/cubrid_gateway.dir/__/src/base/util_func.c.o
[1040/1304] Building CXX object broker/CMakeFiles/cub_cas.dir/__/src/broker/broker_error.c.o
[1041/1304] Building CXX object broker/CMakeFiles/cub_proxy.dir/__/src/broker/broker_process_size.c.o
[1042/1304] Building CXX object broker/CMakeFiles/cub_cas.dir/__/src/broker/cas_schema_info.c.o
[1043/1304] Building CXX object broker/CMakeFiles/cas_common_lib.dir/__/src/broker/broker_util.c.o
[1044/1304] Building CXX object broker/CMakeFiles/cub_cas_cgw.dir/__/src/broker/broker_process_size.c.o
[1045/1304] Building CXX object broker/CMakeFiles/cub_cas_cgw.dir/__/src/broker/broker_recv_fd.c.o
[1046/1304] Building CXX object broker/CMakeFiles/cubrid_broker.dir/__/src/broker/shard_shm.c.o
[1047/1304] Building CXX object cubrid/CMakeFiles/cubrid.dir/__/src/storage/heap_file.c.o
[1048/1304] Building CXX object broker/CMakeFiles/cubrid_broker.dir/__/src/broker/broker_config.c.o
[1049/1304] Building CXX object broker/CMakeFiles/cas_common_lib.dir/__/src/broker/cas_ssl.c.o
[1050/1304] Building CXX object broker/CMakeFiles/cubrid_gateway.dir/__/src/broker/broker_admin.c.o
[1051/1304] Building CXX object broker/CMakeFiles/cas_common_lib.dir/__/src/broker/broker_shm.c.o
[1052/1304] Building CXX object broker/CMakeFiles/broker_changer.dir/__/src/broker/broker_admin_pub.c.o
[1053/1304] Building CXX object broker/CMakeFiles/cub_proxy.dir/__/src/broker/broker_error.c.o
[1054/1304] Building CXX object broker/CMakeFiles/cub_proxy.dir/__/src/broker/shard_key_func.c.o
[1055/1304] Building CXX object broker/CMakeFiles/cub_proxy.dir/__/src/broker/shard_parser.c.o
[1056/1304] Building CXX object broker/CMakeFiles/cas_common_lib.dir/__/src/broker/cas_util.c.o
[1057/1304] Building CXX object broker/CMakeFiles/gateway_monitor.dir/__/src/broker/broker_monitor.c.o
[1058/1304] Building CXX object broker/CMakeFiles/cubrid_gateway.dir/__/src/broker/broker_config.c.o
[1059/1304] Building CXX object broker/CMakeFiles/cubrid_gateway.dir/__/src/broker/broker_filename.c.o
[1060/1304] Building CXX object broker/CMakeFiles/cas_common_lib.dir/__/src/broker/cas_handle.c.o
[1061/1304] Building CXX object cubrid/CMakeFiles/cubrid.dir/__/src/query/parallel/px_scan/px_scan_task.cpp.o
[1062/1304] Building CXX object broker/CMakeFiles/broker_log_converter.dir/__/src/broker/broker_log_converter.c.o
[1063/1304] Building CXX object broker/CMakeFiles/cubrid_gateway.dir/__/src/broker/shard_metadata.c.o
[1064/1304] Building CXX object broker/CMakeFiles/cub_proxy.dir/__/src/broker/cas_meta.c.o
[1065/1304] Building CXX object broker/CMakeFiles/cas_common_lib.dir/__/src/broker/cas_error.c.o
[1066/1304] Building CXX object broker/CMakeFiles/broker_log_converter.dir/__/src/broker/log_top_string.c.o
[1067/1304] Building CXX object cubrid/CMakeFiles/cubrid.dir/__/src/query/parallel/px_query_execute/px_query_executor.cpp.o
[1068/1304] Building CXX object broker/CMakeFiles/cubrid_gateway.dir/__/src/broker/shard_shm.c.o
[1069/1304] Building CXX object broker/CMakeFiles/cub_proxy.dir/__/src/broker/broker_recv_fd.c.o
[1070/1304] Building CXX object broker/CMakeFiles/cas_common_lib.dir/__/src/broker/cas_log.c.o
[1071/1304] Building CXX object broker/CMakeFiles/cubrid_broker.dir/__/src/broker/broker_admin.c.o
[1072/1304] Building CXX object broker/CMakeFiles/cub_proxy.dir/__/src/broker/broker_acl.c.o
[1073/1304] Building CXX object broker/CMakeFiles/cas_common_lib.dir/__/src/broker/cas_common_function.c.o
[1074/1304] Building CXX object broker/CMakeFiles/broker_log_converter.dir/__/src/broker/broker_log_util.c.o
[1075/1304] Building CXX object broker/CMakeFiles/broker_log_runner.dir/__/src/broker/broker_log_util.c.o
[1076/1304] Building CXX object cubrid/CMakeFiles/cubrid.dir/__/src/query/parallel/px_scan/px_scan.cpp.o
[1077/1304] Building CXX object broker/CMakeFiles/cas_common_lib.dir/__/src/broker/cas_common_execute.c.o
[1078/1304] Building CXX object broker/CMakeFiles/cub_proxy.dir/__/src/broker/broker_util.c.o
[1079/1304] Building CXX object broker/CMakeFiles/cas_common_lib.dir/__/src/broker/broker_filename.c.o
[1080/1304] Building CXX object broker/CMakeFiles/broker_log_runner.dir/__/src/broker/log_top_string.c.o
[1081/1304] Building CXX object broker/CMakeFiles/cub_proxy.dir/__/src/broker/broker_shm.c.o
[1082/1304] Building CXX object broker/CMakeFiles/cas_common_lib.dir/__/src/broker/cas_net_buf.c.o
[1083/1304] Building CXX object broker/CMakeFiles/broker_tester.dir/__/src/broker/broker_error.c.o
[1084/1304] Building CXX object broker/CMakeFiles/cub_cas.dir/__/src/broker/cas_str_like.c.o
[1085/1304] Building CXX object broker/CMakeFiles/broker_log_top.dir/__/src/broker/broker_log_time.c.o
[1086/1304] Building CXX object broker/CMakeFiles/cub_proxy.dir/__/src/broker/shard_proxy.c.o
[1087/1304] Building CXX object broker/CMakeFiles/broker_log_top.dir/__/src/broker/cas_query_info.c.o
[1088/1304] Building CXX object broker/CMakeFiles/cub_gateway.dir/__/src/broker/query_replace.c.o
[1089/1304] Building CXX object broker/CMakeFiles/broker_log_top.dir/__/src/broker/broker_log_top_tran.c.o
[1090/1304] Building CXX object broker/CMakeFiles/cub_cas.dir/__/src/broker/cas_xa.c.o
[1091/1304] Building CXX object util/CMakeFiles/unittests_snapshot.dir/__/src/executables/unittests_snapshot.c.o
[1092/1304] Building CXX object broker/CMakeFiles/cub_proxy.dir/__/src/broker/broker_filename.c.o
[1093/1304] Building CXX object broker/CMakeFiles/broker_tester.dir/__/src/broker/log_top_string.c.o
[1094/1304] Building CXX object broker/CMakeFiles/broker_log_top.dir/__/src/broker/broker_log_util.c.o
[1095/1304] Building CXX object broker/CMakeFiles/broker_log_top.dir/__/src/broker/log_top_string.c.o
[1096/1304] Building CXX object broker/CMakeFiles/broker_log_top.dir/__/src/broker/broker_error.c.o
[1097/1304] Building CXX object broker/CMakeFiles/broker_log_top.dir/__/src/broker/broker_log_sql_list.c.o
[1098/1304] Generating csql.cat for en_US.utf8
[1099/1304] Generating csql.cat for en_US
[1100/1304] Generating utils.cat for en_US.utf8
[1101/1304] Building CXX object broker/CMakeFiles/cubrid_broker.dir/__/src/broker/broker_admin_pub.c.o
[1102/1304] Generating utils.cat for en_US
[1103/1304] Building CXX object broker/CMakeFiles/broker_tester.dir/__/src/broker/broker_tester.c.o
[1104/1304] Building CXX object broker/CMakeFiles/broker_log_top.dir/__/src/broker/broker_log_top.c.o
[1105/1304] Building CXX object broker/CMakeFiles/cub_proxy.dir/__/src/broker/shard_proxy_queue.c.o
[1106/1304] Building CXX object broker/CMakeFiles/cubrid_replay.dir/__/src/broker/log_top_string.c.o
[1107/1304] Generating cubrid.cat for en_US.utf8
[1108/1304] Generating cubrid.cat for en_US
[1109/1304] Generating csql.cat for ko_KR.utf8
[1110/1304] Generating cubrid.cat for ko_KR.utf8
[1111/1304] Generating utils.cat for ko_KR.utf8
[1112/1304] Generating csql.cat for ko_KR.euckr
[1113/1304] Generating cubrid.cat for ko_KR.euckr
[1114/1304] Building CXX object broker/CMakeFiles/cub_proxy.dir/__/src/broker/shard_statement.c.o
[1115/1304] Building CXX object broker/CMakeFiles/broker_log_runner.dir/__/src/broker/cas_runner.c.o
[1116/1304] Generating utils.cat for ko_KR.euckr
[1117/1304] Performing update step for 'catch2'
[1118/1304] Building CXX object broker/CMakeFiles/cub_broker.dir/__/src/broker/query_replace.c.o
[1119/1304] Building CXX object broker/CMakeFiles/cub_proxy.dir/__/src/broker/shard_metadata.c.o
[1120/1304] Building CXX object broker/CMakeFiles/cubrid_replay.dir/__/src/broker/broker_log_util.c.o
[1121/1304] No patch step for 'catch2'
[1122/1304] Building CXX object broker/CMakeFiles/brokeradmin.dir/__/src/broker/broker_process_size.c.o
[1123/1304] Building CXX object broker/CMakeFiles/cub_proxy.dir/__/src/broker/shard_shm.c.o
[1124/1304] Building CXX object broker/CMakeFiles/cub_proxy.dir/__/src/broker/cas_util.c.o
[1125/1304] Building CXX object broker/CMakeFiles/broker_tester.dir/__/src/broker/broker_util.c.o
[1126/1304] Building CXX object broker/CMakeFiles/brokeradmin.dir/__/src/broker/broker_error.c.o
[1127/1304] Building CXX object broker/CMakeFiles/cubrid_gateway.dir/__/src/broker/broker_admin_pub.c.o
[1128/1304] Building CXX object broker/CMakeFiles/brokeradmin.dir/__/src/broker/broker_max_heap.c.o
[1129/1304] Building CXX object broker/CMakeFiles/cub_proxy.dir/__/src/broker/cas_net_buf.c.o
[1130/1304] Building CXX object cm_common/CMakeFiles/cmstat.dir/__/src/cm_common/cm_errmsg.c.o
[1131/1304] Building CXX object broker/CMakeFiles/cub_proxy.dir/__/src/broker/shard_proxy_log.c.o
[1132/1304] Performing configure step for 'catch2'
loading initial cache file /home/vimkim/gh/cb/pr7925-simplification-integration/build_preset_debug_gcc/unit_tests/catch2-prefix/tmp/catch2-cache-Debug.cmake
-- Configuring done (0.0s)
-- Generating done (0.0s)
-- Build files have been written to: /home/vimkim/gh/cb/pr7925-simplification-integration/build_preset_debug_gcc/unit_tests/catch2-prefix/src/catch2-build
[1133/1304] Building CXX object broker/CMakeFiles/broker_tester.dir/__/src/broker/broker_shm.c.o
[1134/1304] Building CXX object broker/CMakeFiles/brokeradmin.dir/__/src/broker/broker_process_info.c.o
[1135/1304] Building CXX object broker/CMakeFiles/brokeradmin.dir/__/src/broker/broker_acl.c.o
[1136/1304] Performing build step for 'catch2'
ninja: no work to do.
[1137/1304] Building CXX object broker/CMakeFiles/brokeradmin.dir/__/src/broker/shard_key_func.c.o
[1138/1304] Building CXX object broker/CMakeFiles/cub_proxy.dir/__/src/broker/shard_proxy_handler.c.o
[1139/1304] Building CXX object broker/CMakeFiles/cub_proxy.dir/__/src/broker/shard_proxy_function.c.o
[1140/1304] No install step for 'catch2'
[1141/1304] Building CXX object broker/CMakeFiles/broker_monitor.dir/__/src/broker/query_replace.c.o
[1142/1304] Building CXX object broker/CMakeFiles/cub_proxy.dir/__/src/broker/shard_proxy_io.c.o
[1143/1304] Building CXX object broker/CMakeFiles/broker_log_top.dir/__/src/broker/broker_util.c.o
[1144/1304] Completed 'catch2'
[1145/1304] Building CXX object broker/CMakeFiles/cas_cgw_lib.dir/__/src/broker/cas_cgw_odbc.c.o
[1146/1304] Building CXX object cm_common/CMakeFiles/cmstat.dir/__/src/cm_common/cm_broker_admin.c.o
[1147/1304] Building CXX object broker/CMakeFiles/broker_log_top.dir/__/src/broker/broker_shm.c.o
[1148/1304] Building CXX object broker/CMakeFiles/broker_tester.dir/__/src/broker/broker_filename.c.o
[1149/1304] Building CXX object broker/CMakeFiles/brokeradmin.dir/__/src/broker/broker_util.c.o
[1150/1304] Building CXX object broker/CMakeFiles/brokeradmin.dir/__/src/broker/broker_shm.c.o
[1151/1304] Building CXX object broker/CMakeFiles/broker_tester.dir/__/src/broker/shard_shm.c.o
[1152/1304] Building CXX object broker/CMakeFiles/gateway_monitor.dir/__/src/broker/query_replace.c.o
[1153/1304] Building CXX object broker/CMakeFiles/broker_tester.dir/__/src/broker/shard_metadata.c.o
[1154/1304] Building CXX object broker/CMakeFiles/broker_log_top.dir/__/src/broker/broker_filename.c.o
[1155/1304] Building CXX object broker/CMakeFiles/broker_tester.dir/__/src/broker/broker_config.c.o
[1156/1304] Building CXX object cm_common/CMakeFiles/cmstat.dir/__/src/cm_common/cm_mem_cpu_stat.c.o
[1157/1304] Building CXX object broker/CMakeFiles/cubrid_replay.dir/__/src/broker/broker_log_replay.c.o
[1158/1304] Building CXX object broker/CMakeFiles/broker_log_top.dir/__/src/broker/shard_shm.c.o
[1159/1304] Building CXX object broker/CMakeFiles/brokeradmin.dir/__/src/broker/broker_filename.c.o
[1160/1304] Building CXX object broker/CMakeFiles/broker_log_top.dir/__/src/broker/shard_metadata.c.o
[1161/1304] Building CXX object cm_common/CMakeFiles/cmdep.dir/__/src/cm_common/cm_utils.c.o
[1162/1304] Building CXX object cm_common/CMakeFiles/cmstat.dir/__/src/cm_common/cm_utils.c.o
[1163/1304] Building CXX object broker/CMakeFiles/brokeradmin.dir/__/src/broker/broker_admin_so.c.o
[1164/1304] Building CXX object broker/CMakeFiles/broker_changer.dir/__/src/broker/query_replace.c.o
[1165/1304] Building CXX object util/CMakeFiles/loadjava.dir/__/src/executables/loadjava.cpp.o
[1166/1304] Building CXX object timezones/CMakeFiles/gen_timezone.dir/__/src/executables/generate_timezone.cpp.o
[1167/1304] Building CXX object broker/CMakeFiles/brokeradmin.dir/__/src/broker/shard_shm.c.o
[1168/1304] Building CXX object broker/CMakeFiles/cubrid_replay.dir/__/src/base/filesys_temp.cpp.o
[1169/1304] Building CXX object broker/CMakeFiles/brokeradmin.dir/__/src/broker/shard_metadata.c.o
[1170/1304] Building CXX object cm_common/CMakeFiles/cub_sainfo.dir/__/src/cm_common/cm_class_info_sa.c.o
[1171/1304] Building CXX object broker/CMakeFiles/broker_log_top.dir/__/src/broker/broker_config.c.o
[1172/1304] Building CXX object broker/CMakeFiles/cubrid_broker.dir/__/src/broker/query_replace.c.o
[1173/1304] Building CXX object broker/CMakeFiles/brokeradmin.dir/__/src/broker/broker_config.c.o
[1174/1304] Building CXX object cm_common/CMakeFiles/cub_jobsa.dir/__/src/cm_common/cm_class_info_sa.c.o
[1175/1304] Building CXX object cubrid-cci/cci/CMakeFiles/cascci.dir/__/src/cci/cci_util.c.o
[1176/1304] Building CXX object broker/CMakeFiles/cas_common_lib.dir/__/src/broker/cas_common_main.c.o
[1177/1304] Building CXX object unit_tests/common/CMakeFiles/test_common.dir/test_perf_compare.cpp.o
[1178/1304] Building CXX object broker/CMakeFiles/cubrid_gateway.dir/__/src/broker/query_replace.c.o
[1179/1304] Linking CXX static library unit_tests/common/libtest_common.a
[1180/1304] Building CXX object broker/CMakeFiles/cas_common_lib.dir/__/src/broker/query_replace.c.o
[1181/1304] Building CXX object broker/CMakeFiles/brokeradmin.dir/__/src/broker/broker_admin_pub.c.o
[1182/1304] Building CXX object broker/CMakeFiles/cub_cas.dir/__/src/broker/cas.c.o
[1183/1304] Building CXX object broker/CMakeFiles/cub_cas_cgw.dir/__/src/broker/cas_cgw.c.o
[1184/1304] Building CXX object broker/CMakeFiles/cas_common_lib.dir/__/src/base/ddl_log.c.o
[1185/1304] Building CXX object broker/CMakeFiles/cub_cas.dir/__/src/broker/cas_function.c.o
[1186/1304] Linking CXX shared library cubrid-cci/cci/libcascci.so.11.3
[1187/1304] Building CXX object broker/CMakeFiles/cas_cgw_lib.dir/__/src/broker/cas_cgw_execute.c.o
[1188/1304] Creating library symlink cubrid-cci/cci/libcascci.so
[1189/1304] Building CXX object broker/CMakeFiles/cas_cgw_lib.dir/__/src/broker/cas_cgw_function.c.o
[1190/1304] Building CXX object broker/CMakeFiles/cub_proxy.dir/__/src/broker/query_replace.c.o
[1191/1304] Linking CXX executable bin/cci_applier
[1192/1304] Building CXX object broker/CMakeFiles/broker_tester.dir/__/src/broker/query_replace.c.o
[1193/1304] Building CXX object unit_tests/oos/CMakeFiles/test_oos_tde_gate.dir/test_oos_tde_gate.cpp.o
[1194/1304] Building CXX object broker/CMakeFiles/brokeradmin.dir/__/src/broker/query_replace.c.o
[1195/1304] Building CXX object unit_tests/oos/CMakeFiles/test_oos_record_flags.dir/test_oos_record_flags.cpp.o
[1196/1304] Building CXX object broker/CMakeFiles/broker_log_top.dir/__/src/broker/query_replace.c.o
[1197/1304] Building CXX object broker/CMakeFiles/cub_cas.dir/__/src/broker/cas_execute.c.o
[1198/1304] Building CXX object cm_common/CMakeFiles/cmdep.dir/__/src/cm_common/cm_dep_tasks.c.o
[1199/1304] Building CXX object unit_tests/oos/CMakeFiles/test_oos_delete.dir/test_oos_delete.cpp.o
[1200/1304] Building CXX object cubrid/CMakeFiles/cubrid.dir/__/src/optimizer/histogram/histogram_sampler_sr.cpp.o
[1201/1304] Building CXX object unit_tests/oos/CMakeFiles/test_oos.dir/test_oos.cpp.o
[1202/1304] Building CXX object unit_tests/oos/sql/CMakeFiles/test_oos_sql_bigone.dir/test_oos_sql_bigone.cpp.o
[1203/1304] Building CXX object unit_tests/oos/sql/CMakeFiles/test_oos_sql_delete.dir/test_oos_sql_delete.cpp.o
[1204/1304] Building CXX object unit_tests/oos/sql/CMakeFiles/test_oos_sql_boundary.dir/test_oos_sql_boundary.cpp.o
[1205/1304] Building CXX object unit_tests/oos/sql/CMakeFiles/test_oos_sql_ddl.dir/test_oos_sql_ddl.cpp.o
[1206/1304] Building CXX object unit_tests/oos/sql/CMakeFiles/test_oos_sql_show.dir/test_oos_sql_show.cpp.o
[1207/1304] Building CXX object unit_tests/oos/CMakeFiles/test_oos_mock_vacuum_server.dir/test_oos_mock_vacuum_server.cpp.o
[1208/1304] Building CXX object unit_tests/oos/sql/CMakeFiles/test_oos_sql_txn.dir/test_oos_sql_txn.cpp.o
[1209/1304] Building CXX object unit_tests/oos/CMakeFiles/test_oos_bestspace.dir/test_oos_bestspace.cpp.o
[1210/1304] Building CXX object unit_tests/oos/sql/CMakeFiles/test_oos_sql_visible_version.dir/test_oos_sql_visible_version.cpp.o
[1211/1304] Linking CXX shared library cs/libcubridcs.so.11.5
[1212/1304] Creating library symlink cs/libcubridcs.so
[1213/1304] Building CXX object unit_tests/oos/sql/CMakeFiles/test_oos_sql_crash_recovery.dir/test_oos_sql_crash_recovery.cpp.o
[1214/1304] Building CXX object unit_tests/oos/sql/CMakeFiles/test_oos_sql_crud.dir/test_oos_sql_crud.cpp.o
[1215/1304] Building CXX object unit_tests/oos/sql/CMakeFiles/test_oos_sql_update_delete.dir/test_oos_sql_update_delete.cpp.o
[1216/1304] Linking CXX static library broker/libcas_common_lib.a
[1217/1304] Linking CXX executable bin/broker_log_runner
[1218/1304] Linking CXX executable bin/broker_log_converter
[1219/1304] Linking CXX executable bin/cub_commdb
[1220/1304] Linking CXX static library broker/libcas_cgw_lib.a
[1221/1304] Linking CXX executable bin/cubrid_replay
[1222/1304] Linking CXX shared library broker/libbrokeradmin.so.11.5
[1223/1304] Linking CXX executable bin/cub_broker
[1224/1304] Linking CXX executable bin/cub_master
[1225/1304] Creating library symlink broker/libbrokeradmin.so
[1226/1304] Linking CXX executable bin/broker_changer
[1227/1304] Linking CXX executable bin/gateway_monitor
[1228/1304] Linking CXX executable bin/broker_log_top
[1229/1304] Linking CXX executable bin/cubrid_broker
[1230/1304] Linking CXX executable bin/cubrid_gateway
[1231/1304] Linking CXX shared library cm_common/libcmdep.so.11.5
[1232/1304] Building CXX object unit_tests/oos/sql/CMakeFiles/test_oos_sql_eager_cleanup.dir/test_oos_sql_eager_cleanup.cpp.o
[1233/1304] Building CXX object unit_tests/oos/sql/CMakeFiles/test_oos_sql_storage.dir/test_oos_sql_storage.cpp.o
[1234/1304] Creating library symlink cm_common/libcmdep.so
[1235/1304] Linking CXX executable bin/cub_proxy
[1236/1304] Linking CXX executable bin/broker_tester
[1237/1304] Linking CXX executable bin/cub_gateway
[1238/1304] Linking CXX shared library cm_common/libcmstat.so.11.5
[1239/1304] Linking CXX executable bin/broker_monitor
[1240/1304] Creating library symlink cm_common/libcmstat.so
[1241/1304] Building CXX object unit_tests/oos/CMakeFiles/test_oos_remove_file_server.dir/test_oos_remove_file_server.cpp.o
[1242/1304] Building CXX object unit_tests/oos/CMakeFiles/test_oos_remove_file.dir/test_oos_remove_file.cpp.o
[1243/1304] Building CXX object unit_tests/oos/CMakeFiles/test_oos_no_logging.dir/test_oos_no_logging.cpp.o
[1244/1304] Linking CXX executable bin/cub_cas_cgw
[1245/1304] Linking CXX executable bin/cub_cas
[1246/1304] Building CXX object unit_tests/oos/CMakeFiles/test_oos_delete_server.dir/test_oos_delete_server.cpp.o
[1247/1304] Building CXX object unit_tests/oos/CMakeFiles/test_oos_eager_diagnostics.dir/test_oos_eager_diagnostics.cpp.o
[1248/1304] Building CXX object unit_tests/oos/CMakeFiles/test_oos_vacuum_server.dir/test_oos_vacuum_server.cpp.o
[1249/1304] Building CXX object unit_tests/oos/CMakeFiles/test_oos_growth_sweep.dir/test_oos_growth_sweep.cpp.o
[1250/1304] Building CXX object unit_tests/oos/sql/CMakeFiles/test_oos_sql_workspace_bytes.dir/test_oos_sql_workspace_bytes.cpp.o
[1251/1304] Building CXX object unit_tests/oos/CMakeFiles/test_oos_real_vacuum_server.dir/test_oos_real_vacuum_server.cpp.o
[1252/1304] Building CXX object unit_tests/oos/sql/CMakeFiles/test_oos_sql_deferred_write.dir/test_oos_sql_deferred_write.cpp.o
[1253/1304] Building CXX object unit_tests/oos/CMakeFiles/test_oos_identity_stamp.dir/test_oos_identity_stamp.cpp.o
[1254/1304] Building CXX object unit_tests/oos/CMakeFiles/test_oos_server.dir/test_oos_server.cpp.o
[1255/1304] Linking CXX shared library sa/libcubridsa.so.11.5
[1256/1304] Creating library symlink sa/libcubridsa.so
[1257/1304] Linking CXX executable bin/cub_admin
[1258/1304] Linking CXX executable bin/csql
[1259/1304] Linking CXX executable bin/cubrid_rel
[1260/1304] Linking CXX executable bin/cub_jobsa
[1261/1304] Linking CXX executable bin/cubrid
[1262/1304] Linking CXX executable bin/loadjava
[1263/1304] Linking CXX executable bin/gen_timezone
[1264/1304] Linking CXX executable bin/cub_sainfo
[1265/1304] Linking CXX executable bin/cub_pl
[1266/1304] Linking CXX executable bin/test_byte_span_writer
[1267/1304] Linking CXX executable bin/test_oos_tde_gate
[1268/1304] Linking CXX executable bin/test_oos_sql_visible_version
[1269/1304] Linking CXX executable bin/test_oos_sql_crud
[1270/1304] Linking CXX executable bin/test_oos_sql_delete
[1271/1304] Linking CXX executable bin/test_oos_sql_crash_recovery
[1272/1304] Linking CXX executable bin/test_oos_sql_update_delete
[1273/1304] Linking CXX executable bin/test_oos_record_flags
[1274/1304] Linking CXX executable bin/test_oos_eager_diagnostics
[1275/1304] Linking CXX executable bin/test_oos_sql_ddl
[1276/1304] Linking CXX executable bin/test_oos_sql_bigone
[1277/1304] Linking CXX executable bin/test_oos
[1278/1304] Linking CXX executable bin/test_oos_sql_workspace_bytes
[1279/1304] Linking CXX executable bin/test_oos_sql_show
[1280/1304] Linking CXX executable bin/test_oos_remove_file
[1281/1304] Linking CXX executable bin/test_oos_identity_stamp
[1282/1304] Linking CXX executable bin/test_oos_bestspace
[1283/1304] Linking CXX executable bin/test_oos_growth_sweep
[1284/1304] Linking CXX executable bin/test_oos_sql_eager_cleanup
[1285/1304] Linking CXX executable bin/test_oos_sql_txn
[1286/1304] Linking CXX executable bin/test_oos_sql_boundary
[1287/1304] Linking CXX executable bin/test_oos_no_logging
[1288/1304] Linking CXX executable bin/test_oos_workspace
[1289/1304] Linking CXX executable bin/test_oos_delete
[1290/1304] Linking CXX executable bin/test_oos_sql_storage
[1291/1304] Linking CXX executable bin/test_oos_sql_deferred_write
[1292/1304] Linking CXX shared library cubrid/libcubrid.so.11.5
[1293/1304] Creating library symlink cubrid/libcubrid.so
[1294/1304] Linking CXX executable bin/cub_server
[1295/1304] Linking CXX executable bin/unittests_area
[1296/1304] Linking CXX executable bin/unittests_bit
[1297/1304] Linking CXX executable bin/unittests_lf
[1298/1304] Linking CXX executable bin/unittests_snapshot
[1299/1304] Linking CXX executable bin/test_oos_remove_file_server
[1300/1304] Linking CXX executable bin/test_oos_mock_vacuum_server
[1301/1304] Linking CXX executable bin/test_oos_delete_server
[1302/1304] Linking CXX executable bin/test_oos_real_vacuum_server
[1303/1304] Linking CXX executable bin/test_oos_server
[1304/1304] Linking CXX executable bin/test_oos_vacuum_server
-- Install configuration: "Debug"
-- Up-to-date: /home/vimkim/.cub/install/pr7925-simplification-integration/debug_gcc/vm/pl_server.jar
-- Up-to-date: /home/vimkim/.cub/install/pr7925-simplification-integration/debug_gcc/vm/logging.properties
-- Installing: /home/vimkim/.cub/install/pr7925-simplification-integration/debug_gcc/lib/libcubridsa.so.11.5
-- Set runtime path of "/home/vimkim/.cub/install/pr7925-simplification-integration/debug_gcc/lib/libcubridsa.so.11.5" to "/home/vimkim/.cub/install/pr7925-simplification-integration/debug_gcc/lib"
-- Up-to-date: /home/vimkim/.cub/install/pr7925-simplification-integration/debug_gcc/lib/libcubridsa.so
-- Installing: /home/vimkim/.cub/install/pr7925-simplification-integration/debug_gcc/lib/libcubridcs.so.11.5
-- Set runtime path of "/home/vimkim/.cub/install/pr7925-simplification-integration/debug_gcc/lib/libcubridcs.so.11.5" to "/home/vimkim/.cub/install/pr7925-simplification-integration/debug_gcc/lib"
-- Up-to-date: /home/vimkim/.cub/install/pr7925-simplification-integration/debug_gcc/lib/libcubridcs.so
-- Installing: /home/vimkim/.cub/install/pr7925-simplification-integration/debug_gcc/lib/libcubrid.so.11.5
-- Set runtime path of "/home/vimkim/.cub/install/pr7925-simplification-integration/debug_gcc/lib/libcubrid.so.11.5" to "/home/vimkim/.cub/install/pr7925-simplification-integration/debug_gcc/lib"
-- Up-to-date: /home/vimkim/.cub/install/pr7925-simplification-integration/debug_gcc/lib/libcubrid.so
-- Up-to-date: /home/vimkim/.cub/install/pr7925-simplification-integration/debug_gcc/include/dbi.h
-- Up-to-date: /home/vimkim/.cub/install/pr7925-simplification-integration/debug_gcc/include/dbtran_def.h
-- Up-to-date: /home/vimkim/.cub/install/pr7925-simplification-integration/debug_gcc/include/dbtype_def.h
-- Up-to-date: /home/vimkim/.cub/install/pr7925-simplification-integration/debug_gcc/include/db_set_function.h
-- Up-to-date: /home/vimkim/.cub/install/pr7925-simplification-integration/debug_gcc/include/dbtype_function.h
-- Up-to-date: /home/vimkim/.cub/install/pr7925-simplification-integration/debug_gcc/include/db_date.h
-- Up-to-date: /home/vimkim/.cub/install/pr7925-simplification-integration/debug_gcc/include/db_elo.h
-- Up-to-date: /home/vimkim/.cub/install/pr7925-simplification-integration/debug_gcc/include/cache_time.h
-- Up-to-date: /home/vimkim/.cub/install/pr7925-simplification-integration/debug_gcc/include/error_code.h
-- Up-to-date: /home/vimkim/.cub/install/pr7925-simplification-integration/debug_gcc/include/cubrid_log.h
-- Up-to-date: /home/vimkim/.cub/install/pr7925-simplification-integration/debug_gcc/include/cm_stat.h
-- Installing: /home/vimkim/.cub/install/pr7925-simplification-integration/debug_gcc/bin/csql
-- Set runtime path of "/home/vimkim/.cub/install/pr7925-simplification-integration/debug_gcc/bin/csql" to "/home/vimkim/.cub/install/pr7925-simplification-integration/debug_gcc/lib"
-- Installing: /home/vimkim/.cub/install/pr7925-simplification-integration/debug_gcc/bin/cub_master
-- Set runtime path of "/home/vimkim/.cub/install/pr7925-simplification-integration/debug_gcc/bin/cub_master" to "/home/vimkim/.cub/install/pr7925-simplification-integration/debug_gcc/lib"
-- Installing: /home/vimkim/.cub/install/pr7925-simplification-integration/debug_gcc/bin/cub_server
-- Set runtime path of "/home/vimkim/.cub/install/pr7925-simplification-integration/debug_gcc/bin/cub_server" to "/home/vimkim/.cub/install/pr7925-simplification-integration/debug_gcc/lib"
-- Installing: /home/vimkim/.cub/install/pr7925-simplification-integration/debug_gcc/bin/cubrid
-- Set runtime path of "/home/vimkim/.cub/install/pr7925-simplification-integration/debug_gcc/bin/cubrid" to "/home/vimkim/.cub/install/pr7925-simplification-integration/debug_gcc/lib"
-- Installing: /home/vimkim/.cub/install/pr7925-simplification-integration/debug_gcc/bin/cub_commdb
-- Set runtime path of "/home/vimkim/.cub/install/pr7925-simplification-integration/debug_gcc/bin/cub_commdb" to "/home/vimkim/.cub/install/pr7925-simplification-integration/debug_gcc/lib"
-- Installing: /home/vimkim/.cub/install/pr7925-simplification-integration/debug_gcc/bin/cubrid_rel
-- Set runtime path of "/home/vimkim/.cub/install/pr7925-simplification-integration/debug_gcc/bin/cubrid_rel" to "/home/vimkim/.cub/install/pr7925-simplification-integration/debug_gcc/lib"
-- Installing: /home/vimkim/.cub/install/pr7925-simplification-integration/debug_gcc/bin/loadjava
-- Set runtime path of "/home/vimkim/.cub/install/pr7925-simplification-integration/debug_gcc/bin/loadjava" to "/home/vimkim/.cub/install/pr7925-simplification-integration/debug_gcc/lib"
-- Installing: /home/vimkim/.cub/install/pr7925-simplification-integration/debug_gcc/bin/cub_pl
-- Set runtime path of "/home/vimkim/.cub/install/pr7925-simplification-integration/debug_gcc/bin/cub_pl" to "/home/vimkim/.cub/install/pr7925-simplification-integration/debug_gcc/lib"
-- Installing: /home/vimkim/.cub/install/pr7925-simplification-integration/debug_gcc/bin/cub_admin
-- Set runtime path of "/home/vimkim/.cub/install/pr7925-simplification-integration/debug_gcc/bin/cub_admin" to "/home/vimkim/.cub/install/pr7925-simplification-integration/debug_gcc/lib"
-- Installing: /home/vimkim/.cub/install/pr7925-simplification-integration/debug_gcc/cci/lib/libcascci.so.11.3
-- Set runtime path of "/home/vimkim/.cub/install/pr7925-simplification-integration/debug_gcc/cci/lib/libcascci.so.11.3" to "/home/vimkim/.cub/install/pr7925-simplification-integration/debug_gcc/lib"
-- Up-to-date: /home/vimkim/.cub/install/pr7925-simplification-integration/debug_gcc/cci/lib/libcascci.so
-- Up-to-date: /home/vimkim/.cub/install/pr7925-simplification-integration/debug_gcc/cci/include/cas_cci.h
-- Up-to-date: /home/vimkim/.cub/install/pr7925-simplification-integration/debug_gcc/cci/include/compat_dbtran_def.h
-- Up-to-date: /home/vimkim/.cub/install/pr7925-simplification-integration/debug_gcc/cci/include/broker_cas_error.h
-- Up-to-date: /home/vimkim/.cub/install/pr7925-simplification-integration/debug_gcc/include/cas_cci.h
-- Up-to-date: /home/vimkim/.cub/install/pr7925-simplification-integration/debug_gcc/include/broker_cas_error.h
-- Up-to-date: /home/vimkim/.cub/install/pr7925-simplification-integration/debug_gcc/include/compat_dbtran_def.h
-- Up-to-date: /home/vimkim/.cub/install/pr7925-simplification-integration/debug_gcc/lib/libcascci.so
-- Up-to-date: /home/vimkim/.cub/install/pr7925-simplification-integration/debug_gcc/lib/libcascci.so.11.3
-- Installing: /home/vimkim/.cub/install/pr7925-simplification-integration/debug_gcc/bin/cci_applier
-- Set runtime path of "/home/vimkim/.cub/install/pr7925-simplification-integration/debug_gcc/bin/cci_applier" to "/home/vimkim/.cub/install/pr7925-simplification-integration/debug_gcc/lib"
-- Installing: /home/vimkim/.cub/install/pr7925-simplification-integration/debug_gcc/bin/broker_log_converter
-- Set runtime path of "/home/vimkim/.cub/install/pr7925-simplification-integration/debug_gcc/bin/broker_log_converter" to "/home/vimkim/.cub/install/pr7925-simplification-integration/debug_gcc/lib"
-- Installing: /home/vimkim/.cub/install/pr7925-simplification-integration/debug_gcc/bin/broker_log_runner
-- Set runtime path of "/home/vimkim/.cub/install/pr7925-simplification-integration/debug_gcc/bin/broker_log_runner" to "/home/vimkim/.cub/install/pr7925-simplification-integration/debug_gcc/lib"
-- Installing: /home/vimkim/.cub/install/pr7925-simplification-integration/debug_gcc/bin/broker_tester
-- Set runtime path of "/home/vimkim/.cub/install/pr7925-simplification-integration/debug_gcc/bin/broker_tester" to "/home/vimkim/.cub/install/pr7925-simplification-integration/debug_gcc/lib"
-- Installing: /home/vimkim/.cub/install/pr7925-simplification-integration/debug_gcc/bin/cubrid_replay
-- Set runtime path of "/home/vimkim/.cub/install/pr7925-simplification-integration/debug_gcc/bin/cubrid_replay" to "/home/vimkim/.cub/install/pr7925-simplification-integration/debug_gcc/lib"
-- Installing: /home/vimkim/.cub/install/pr7925-simplification-integration/debug_gcc/bin/cub_broker
-- Set runtime path of "/home/vimkim/.cub/install/pr7925-simplification-integration/debug_gcc/bin/cub_broker" to "/home/vimkim/.cub/install/pr7925-simplification-integration/debug_gcc/lib"
-- Installing: /home/vimkim/.cub/install/pr7925-simplification-integration/debug_gcc/bin/cub_gateway
-- Set runtime path of "/home/vimkim/.cub/install/pr7925-simplification-integration/debug_gcc/bin/cub_gateway" to "/home/vimkim/.cub/install/pr7925-simplification-integration/debug_gcc/lib"
-- Installing: /home/vimkim/.cub/install/pr7925-simplification-integration/debug_gcc/bin/broker_monitor
-- Set runtime path of "/home/vimkim/.cub/install/pr7925-simplification-integration/debug_gcc/bin/broker_monitor" to "/home/vimkim/.cub/install/pr7925-simplification-integration/debug_gcc/lib"
-- Installing: /home/vimkim/.cub/install/pr7925-simplification-integration/debug_gcc/bin/gateway_monitor
-- Set runtime path of "/home/vimkim/.cub/install/pr7925-simplification-integration/debug_gcc/bin/gateway_monitor" to "/home/vimkim/.cub/install/pr7925-simplification-integration/debug_gcc/lib"
-- Installing: /home/vimkim/.cub/install/pr7925-simplification-integration/debug_gcc/bin/broker_changer
-- Set runtime path of "/home/vimkim/.cub/install/pr7925-simplification-integration/debug_gcc/bin/broker_changer" to "/home/vimkim/.cub/install/pr7925-simplification-integration/debug_gcc/lib"
-- Installing: /home/vimkim/.cub/install/pr7925-simplification-integration/debug_gcc/bin/cubrid_broker
-- Set runtime path of "/home/vimkim/.cub/install/pr7925-simplification-integration/debug_gcc/bin/cubrid_broker" to "/home/vimkim/.cub/install/pr7925-simplification-integration/debug_gcc/lib"
-- Installing: /home/vimkim/.cub/install/pr7925-simplification-integration/debug_gcc/bin/cubrid_gateway
-- Set runtime path of "/home/vimkim/.cub/install/pr7925-simplification-integration/debug_gcc/bin/cubrid_gateway" to "/home/vimkim/.cub/install/pr7925-simplification-integration/debug_gcc/lib"
-- Installing: /home/vimkim/.cub/install/pr7925-simplification-integration/debug_gcc/bin/cub_cas
-- Set runtime path of "/home/vimkim/.cub/install/pr7925-simplification-integration/debug_gcc/bin/cub_cas" to "/home/vimkim/.cub/install/pr7925-simplification-integration/debug_gcc/lib"
-- Installing: /home/vimkim/.cub/install/pr7925-simplification-integration/debug_gcc/bin/cub_cas_cgw
-- Set runtime path of "/home/vimkim/.cub/install/pr7925-simplification-integration/debug_gcc/bin/cub_cas_cgw" to "/home/vimkim/.cub/install/pr7925-simplification-integration/debug_gcc/lib"
-- Installing: /home/vimkim/.cub/install/pr7925-simplification-integration/debug_gcc/bin/cub_proxy
-- Set runtime path of "/home/vimkim/.cub/install/pr7925-simplification-integration/debug_gcc/bin/cub_proxy" to "/home/vimkim/.cub/install/pr7925-simplification-integration/debug_gcc/lib"
-- Up-to-date: /home/vimkim/.cub/install/pr7925-simplification-integration/debug_gcc/include/shard_key.h
-- Installing: /home/vimkim/.cub/install/pr7925-simplification-integration/debug_gcc/bin/broker_log_top
-- Set runtime path of "/home/vimkim/.cub/install/pr7925-simplification-integration/debug_gcc/bin/broker_log_top" to "/home/vimkim/.cub/install/pr7925-simplification-integration/debug_gcc/lib"
-- Installing: /home/vimkim/.cub/install/pr7925-simplification-integration/debug_gcc/lib/libbrokeradmin.so.11.5
-- Set runtime path of "/home/vimkim/.cub/install/pr7925-simplification-integration/debug_gcc/lib/libbrokeradmin.so.11.5" to "/home/vimkim/.cub/install/pr7925-simplification-integration/debug_gcc/lib"
-- Up-to-date: /home/vimkim/.cub/install/pr7925-simplification-integration/debug_gcc/lib/libbrokeradmin.so
-- Installing: /home/vimkim/.cub/install/pr7925-simplification-integration/debug_gcc/lib/libcmstat.so.11.5
-- Set runtime path of "/home/vimkim/.cub/install/pr7925-simplification-integration/debug_gcc/lib/libcmstat.so.11.5" to "/home/vimkim/.cub/install/pr7925-simplification-integration/debug_gcc/lib"
-- Up-to-date: /home/vimkim/.cub/install/pr7925-simplification-integration/debug_gcc/lib/libcmstat.so
-- Installing: /home/vimkim/.cub/install/pr7925-simplification-integration/debug_gcc/lib/libcmdep.so.11.5
-- Set runtime path of "/home/vimkim/.cub/install/pr7925-simplification-integration/debug_gcc/lib/libcmdep.so.11.5" to "/home/vimkim/.cub/install/pr7925-simplification-integration/debug_gcc/lib"
-- Up-to-date: /home/vimkim/.cub/install/pr7925-simplification-integration/debug_gcc/lib/libcmdep.so
-- Installing: /home/vimkim/.cub/install/pr7925-simplification-integration/debug_gcc/bin/cub_jobsa
-- Set runtime path of "/home/vimkim/.cub/install/pr7925-simplification-integration/debug_gcc/bin/cub_jobsa" to "/home/vimkim/.cub/install/pr7925-simplification-integration/debug_gcc/lib"
-- Installing: /home/vimkim/.cub/install/pr7925-simplification-integration/debug_gcc/bin/cub_sainfo
-- Set runtime path of "/home/vimkim/.cub/install/pr7925-simplification-integration/debug_gcc/bin/cub_sainfo" to "/home/vimkim/.cub/install/pr7925-simplification-integration/debug_gcc/lib"
-- Installing: /home/vimkim/.cub/install/pr7925-simplification-integration/debug_gcc/conf/cubrid.conf
-- Up-to-date: /home/vimkim/.cub/install/pr7925-simplification-integration/debug_gcc/conf/cubrid.conf.large
-- Up-to-date: /home/vimkim/.cub/install/pr7925-simplification-integration/debug_gcc/conf/cubrid.conf.small
-- Up-to-date: /home/vimkim/.cub/install/pr7925-simplification-integration/debug_gcc/conf/cubrid_broker.conf
-- Up-to-date: /home/vimkim/.cub/install/pr7925-simplification-integration/debug_gcc/conf/cubrid_broker.conf.shard
-- Up-to-date: /home/vimkim/.cub/install/pr7925-simplification-integration/debug_gcc/conf/cubrid_gateway.conf
-- Up-to-date: /home/vimkim/.cub/install/pr7925-simplification-integration/debug_gcc/conf/cubrid_ha.conf
-- Up-to-date: /home/vimkim/.cub/install/pr7925-simplification-integration/debug_gcc/conf/cubrid_hosts.conf
-- Up-to-date: /home/vimkim/.cub/install/pr7925-simplification-integration/debug_gcc/conf/shard_connection.txt
-- Up-to-date: /home/vimkim/.cub/install/pr7925-simplification-integration/debug_gcc/conf/shard_key.txt
-- Up-to-date: /home/vimkim/.cub/install/pr7925-simplification-integration/debug_gcc/conf/cubrid_locales.all.txt
-- Up-to-date: /home/vimkim/.cub/install/pr7925-simplification-integration/debug_gcc/conf/cubrid_locales.txt
-- Up-to-date: /home/vimkim/.cub/install/pr7925-simplification-integration/debug_gcc/conf/cas_ssl_cert.crt
-- Up-to-date: /home/vimkim/.cub/install/pr7925-simplification-integration/debug_gcc/conf/cas_ssl_cert.key
-- Up-to-date: /home/vimkim/.cub/install/pr7925-simplification-integration/debug_gcc/msg/en_US.utf8
-- Up-to-date: /home/vimkim/.cub/install/pr7925-simplification-integration/debug_gcc/msg/en_US.utf8/cubrid.msg
-- Up-to-date: /home/vimkim/.cub/install/pr7925-simplification-integration/debug_gcc/msg/en_US.utf8/csql.msg
-- Up-to-date: /home/vimkim/.cub/install/pr7925-simplification-integration/debug_gcc/msg/en_US.utf8/utils.msg
-- Up-to-date: /home/vimkim/.cub/install/pr7925-simplification-integration/debug_gcc/msg/en_US.utf8
-- Installing: /home/vimkim/.cub/install/pr7925-simplification-integration/debug_gcc/msg/en_US.utf8/csql.cat
-- Installing: /home/vimkim/.cub/install/pr7925-simplification-integration/debug_gcc/msg/en_US.utf8/cubrid.cat
-- Installing: /home/vimkim/.cub/install/pr7925-simplification-integration/debug_gcc/msg/en_US.utf8/utils.cat
-- Up-to-date: /home/vimkim/.cub/install/pr7925-simplification-integration/debug_gcc/msg/en_US
-- Up-to-date: /home/vimkim/.cub/install/pr7925-simplification-integration/debug_gcc/msg/en_US/utils.msg
-- Up-to-date: /home/vimkim/.cub/install/pr7925-simplification-integration/debug_gcc/msg/en_US/csql.msg
-- Up-to-date: /home/vimkim/.cub/install/pr7925-simplification-integration/debug_gcc/msg/en_US/cubrid.msg
-- Up-to-date: /home/vimkim/.cub/install/pr7925-simplification-integration/debug_gcc/msg/en_US
-- Installing: /home/vimkim/.cub/install/pr7925-simplification-integration/debug_gcc/msg/en_US/cubrid.cat
-- Installing: /home/vimkim/.cub/install/pr7925-simplification-integration/debug_gcc/msg/en_US/utils.cat
-- Installing: /home/vimkim/.cub/install/pr7925-simplification-integration/debug_gcc/msg/en_US/csql.cat
-- Up-to-date: /home/vimkim/.cub/install/pr7925-simplification-integration/debug_gcc/msg/ko_KR.utf8
-- Up-to-date: /home/vimkim/.cub/install/pr7925-simplification-integration/debug_gcc/msg/ko_KR.utf8/csql.msg
-- Up-to-date: /home/vimkim/.cub/install/pr7925-simplification-integration/debug_gcc/msg/ko_KR.utf8/cubrid.msg
-- Up-to-date: /home/vimkim/.cub/install/pr7925-simplification-integration/debug_gcc/msg/ko_KR.utf8/utils.msg
-- Up-to-date: /home/vimkim/.cub/install/pr7925-simplification-integration/debug_gcc/msg/ko_KR.utf8
-- Installing: /home/vimkim/.cub/install/pr7925-simplification-integration/debug_gcc/msg/ko_KR.utf8/cubrid.cat
-- Installing: /home/vimkim/.cub/install/pr7925-simplification-integration/debug_gcc/msg/ko_KR.utf8/csql.cat
-- Installing: /home/vimkim/.cub/install/pr7925-simplification-integration/debug_gcc/msg/ko_KR.utf8/utils.cat
-- Up-to-date: /home/vimkim/.cub/install/pr7925-simplification-integration/debug_gcc/msg/ko_KR.euckr
-- Up-to-date: /home/vimkim/.cub/install/pr7925-simplification-integration/debug_gcc/msg/ko_KR.euckr/csql.msg
-- Up-to-date: /home/vimkim/.cub/install/pr7925-simplification-integration/debug_gcc/msg/ko_KR.euckr/cubrid.msg
-- Up-to-date: /home/vimkim/.cub/install/pr7925-simplification-integration/debug_gcc/msg/ko_KR.euckr/utils.msg
-- Up-to-date: /home/vimkim/.cub/install/pr7925-simplification-integration/debug_gcc/msg/ko_KR.euckr
-- Installing: /home/vimkim/.cub/install/pr7925-simplification-integration/debug_gcc/msg/ko_KR.euckr/csql.cat
-- Installing: /home/vimkim/.cub/install/pr7925-simplification-integration/debug_gcc/msg/ko_KR.euckr/utils.cat
-- Installing: /home/vimkim/.cub/install/pr7925-simplification-integration/debug_gcc/msg/ko_KR.euckr/cubrid.cat
-- Up-to-date: /home/vimkim/.cub/install/pr7925-simplification-integration/debug_gcc/demo/demodb_objects
-- Up-to-date: /home/vimkim/.cub/install/pr7925-simplification-integration/debug_gcc/demo/demodb_schema
-- Up-to-date: /home/vimkim/.cub/install/pr7925-simplification-integration/debug_gcc/demo/make_cubrid_demo.sh
-- Up-to-date: /home/vimkim/.cub/install/pr7925-simplification-integration/debug_gcc/share/init.d/cubrid-ha
-- Up-to-date: /home/vimkim/.cub/install/pr7925-simplification-integration/debug_gcc/share/init.d/cubrid
-- Up-to-date: /home/vimkim/.cub/install/pr7925-simplification-integration/debug_gcc/share/scripts/check_reserved.sql
-- Up-to-date: /home/vimkim/.cub/install/pr7925-simplification-integration/debug_gcc/share/scripts/broker_log_top.py
-- Up-to-date: /home/vimkim/.cub/install/pr7925-simplification-integration/debug_gcc/share/scripts/brokerstatus_to_csv.py
-- Up-to-date: /home/vimkim/.cub/install/pr7925-simplification-integration/debug_gcc/share/scripts/statdump_to_csv.py
-- Up-to-date: /home/vimkim/.cub/install/pr7925-simplification-integration/debug_gcc/share/scripts/ha/ha_make_slavedb.sh
-- Up-to-date: /home/vimkim/.cub/install/pr7925-simplification-integration/debug_gcc/share/scripts/ha/VERSION
-- Up-to-date: /home/vimkim/.cub/install/pr7925-simplification-integration/debug_gcc/share/scripts/ha/README
-- Up-to-date: /home/vimkim/.cub/install/pr7925-simplification-integration/debug_gcc/share/scripts/ha/functions/ha_check_environment.sh
-- Up-to-date: /home/vimkim/.cub/install/pr7925-simplification-integration/debug_gcc/share/scripts/ha/functions/ha_check_script.sh
-- Up-to-date: /home/vimkim/.cub/install/pr7925-simplification-integration/debug_gcc/share/scripts/ha/expect/scp_from.exp
-- Up-to-date: /home/vimkim/.cub/install/pr7925-simplification-integration/debug_gcc/share/scripts/ha/expect/scp_to.exp
-- Up-to-date: /home/vimkim/.cub/install/pr7925-simplification-integration/debug_gcc/share/scripts/ha/expect/ssh.exp
-- Up-to-date: /home/vimkim/.cub/install/pr7925-simplification-integration/debug_gcc/share/scripts/ha/common/common.sh
-- Up-to-date: /home/vimkim/.cub/install/pr7925-simplification-integration/debug_gcc/share/systemtap/tapset/cubrid_func.stp
-- Up-to-date: /home/vimkim/.cub/install/pr7925-simplification-integration/debug_gcc/share/systemtap/tapset/scripts/buffer_access.stp
-- Up-to-date: /home/vimkim/.cub/install/pr7925-simplification-integration/debug_gcc/share/systemtap/tapset/scripts/global_time.stp
-- Up-to-date: /home/vimkim/.cub/install/pr7925-simplification-integration/debug_gcc/share/systemtap/tapset/scripts/io_stat.stp
-- Up-to-date: /home/vimkim/.cub/install/pr7925-simplification-integration/debug_gcc/share/systemtap/tapset/scripts/lock_time.stp
-- Up-to-date: /home/vimkim/.cub/install/pr7925-simplification-integration/debug_gcc/share/systemtap/tapset/scripts/obj_access.stp
-- Up-to-date: /home/vimkim/.cub/install/pr7925-simplification-integration/debug_gcc/share/systemtap/tapset/scripts/query_time.stp
-- Up-to-date: /home/vimkim/.cub/install/pr7925-simplification-integration/debug_gcc/share/systemtap/tapset/scripts/transaction.stp
-- Up-to-date: /home/vimkim/.cub/install/pr7925-simplification-integration/debug_gcc/share/systemtap/tapset/scripts/topcallstack_helper.stp
-- Up-to-date: /home/vimkim/.cub/install/pr7925-simplification-integration/debug_gcc/share/systemtap/tapset/scripts/get_file_line.sh
-- Up-to-date: /home/vimkim/.cub/install/pr7925-simplification-integration/debug_gcc/share/systemtap/tapset/scripts/topcallstack
-- Up-to-date: /home/vimkim/.cub/install/pr7925-simplification-integration/debug_gcc/share/scripts/setup.sh
-- Up-to-date: /home/vimkim/.cub/install/pr7925-simplification-integration/debug_gcc/share/scripts/cubrid.sh
-- Up-to-date: /home/vimkim/.cub/install/pr7925-simplification-integration/debug_gcc/share/scripts/cubrid.csh
-- Up-to-date: /home/vimkim/.cub/install/pr7925-simplification-integration/debug_gcc/share/scripts/unloaddb.sh
-- Up-to-date: /home/vimkim/.cub/install/pr7925-simplification-integration/debug_gcc/share/scripts/restore_to_newdb.sh
-- Up-to-date: /home/vimkim/.cub/install/pr7925-simplification-integration/debug_gcc/share/scripts/check_index_ovfps.sh
-- Up-to-date: /home/vimkim/.cub/install/pr7925-simplification-integration/debug_gcc/bin/make_locale.sh
-- Up-to-date: /home/vimkim/.cub/install/pr7925-simplification-integration/debug_gcc/locales/loclib/build_locale.sh
-- Up-to-date: /home/vimkim/.cub/install/pr7925-simplification-integration/debug_gcc/locales/data
-- Up-to-date: /home/vimkim/.cub/install/pr7925-simplification-integration/debug_gcc/locales/data/codepages
-- Up-to-date: /home/vimkim/.cub/install/pr7925-simplification-integration/debug_gcc/locales/data/codepages/8859-1.TXT
-- Up-to-date: /home/vimkim/.cub/install/pr7925-simplification-integration/debug_gcc/locales/data/codepages/8859-15.TXT
-- Up-to-date: /home/vimkim/.cub/install/pr7925-simplification-integration/debug_gcc/locales/data/codepages/8859-9.TXT
-- Up-to-date: /home/vimkim/.cub/install/pr7925-simplification-integration/debug_gcc/locales/data/codepages/CP1250.TXT
-- Up-to-date: /home/vimkim/.cub/install/pr7925-simplification-integration/debug_gcc/locales/data/codepages/CP1258.TXT
-- Up-to-date: /home/vimkim/.cub/install/pr7925-simplification-integration/debug_gcc/locales/data/codepages/CP932.TXT
-- Up-to-date: /home/vimkim/.cub/install/pr7925-simplification-integration/debug_gcc/locales/data/codepages/CP936.TXT
-- Up-to-date: /home/vimkim/.cub/install/pr7925-simplification-integration/debug_gcc/locales/data/codepages/CP949.TXT
-- Up-to-date: /home/vimkim/.cub/install/pr7925-simplification-integration/debug_gcc/locales/data/ducet.txt
-- Up-to-date: /home/vimkim/.cub/install/pr7925-simplification-integration/debug_gcc/locales/data/ldml
-- Up-to-date: /home/vimkim/.cub/install/pr7925-simplification-integration/debug_gcc/locales/data/ldml/common_collations.xml
-- Up-to-date: /home/vimkim/.cub/install/pr7925-simplification-integration/debug_gcc/locales/data/ldml/cubrid_de_DE.xml
-- Up-to-date: /home/vimkim/.cub/install/pr7925-simplification-integration/debug_gcc/locales/data/ldml/cubrid_es_ES.xml
-- Up-to-date: /home/vimkim/.cub/install/pr7925-simplification-integration/debug_gcc/locales/data/ldml/cubrid_fr_FR.xml
-- Up-to-date: /home/vimkim/.cub/install/pr7925-simplification-integration/debug_gcc/locales/data/ldml/cubrid_it_IT.xml
-- Up-to-date: /home/vimkim/.cub/install/pr7925-simplification-integration/debug_gcc/locales/data/ldml/cubrid_ja_JP.xml
-- Up-to-date: /home/vimkim/.cub/install/pr7925-simplification-integration/debug_gcc/locales/data/ldml/cubrid_km_KH.xml
-- Up-to-date: /home/vimkim/.cub/install/pr7925-simplification-integration/debug_gcc/locales/data/ldml/cubrid_ko_KR.xml
-- Up-to-date: /home/vimkim/.cub/install/pr7925-simplification-integration/debug_gcc/locales/data/ldml/cubrid_ro_RO.xml
-- Up-to-date: /home/vimkim/.cub/install/pr7925-simplification-integration/debug_gcc/locales/data/ldml/cubrid_tr_TR.xml
-- Up-to-date: /home/vimkim/.cub/install/pr7925-simplification-integration/debug_gcc/locales/data/ldml/cubrid_vi_VN.xml
-- Up-to-date: /home/vimkim/.cub/install/pr7925-simplification-integration/debug_gcc/locales/data/ldml/cubrid_zh_CN.xml
-- Up-to-date: /home/vimkim/.cub/install/pr7925-simplification-integration/debug_gcc/locales/data/unicodedata.txt
-- Up-to-date: /home/vimkim/.cub/install/pr7925-simplification-integration/debug_gcc/locales/loclib/locale_lib_common.h
-- Up-to-date: /home/vimkim/.cub/install/pr7925-simplification-integration/debug_gcc/lib/libcubrid_timezones.so.11.5
-- Up-to-date: /home/vimkim/.cub/install/pr7925-simplification-integration/debug_gcc/lib/libcubrid_timezones.so
-- Up-to-date: /home/vimkim/.cub/install/pr7925-simplification-integration/debug_gcc/bin/make_tz.sh
-- Up-to-date: /home/vimkim/.cub/install/pr7925-simplification-integration/debug_gcc/timezones/tzlib/build_tz.sh
-- Up-to-date: /home/vimkim/.cub/install/pr7925-simplification-integration/debug_gcc/timezones/tzdata
-- Up-to-date: /home/vimkim/.cub/install/pr7925-simplification-integration/debug_gcc/timezones/tzdata/africa
-- Up-to-date: /home/vimkim/.cub/install/pr7925-simplification-integration/debug_gcc/timezones/tzdata/antarctica
-- Up-to-date: /home/vimkim/.cub/install/pr7925-simplification-integration/debug_gcc/timezones/tzdata/asia
-- Up-to-date: /home/vimkim/.cub/install/pr7925-simplification-integration/debug_gcc/timezones/tzdata/australasia
-- Up-to-date: /home/vimkim/.cub/install/pr7925-simplification-integration/debug_gcc/timezones/tzdata/backward
-- Up-to-date: /home/vimkim/.cub/install/pr7925-simplification-integration/debug_gcc/timezones/tzdata/etcetera
-- Up-to-date: /home/vimkim/.cub/install/pr7925-simplification-integration/debug_gcc/timezones/tzdata/europe
-- Up-to-date: /home/vimkim/.cub/install/pr7925-simplification-integration/debug_gcc/timezones/tzdata/iso3166.tab
-- Up-to-date: /home/vimkim/.cub/install/pr7925-simplification-integration/debug_gcc/timezones/tzdata/leapseconds
-- Up-to-date: /home/vimkim/.cub/install/pr7925-simplification-integration/debug_gcc/timezones/tzdata/northamerica
-- Up-to-date: /home/vimkim/.cub/install/pr7925-simplification-integration/debug_gcc/timezones/tzdata/pacificnew
-- Up-to-date: /home/vimkim/.cub/install/pr7925-simplification-integration/debug_gcc/timezones/tzdata/southamerica
-- Up-to-date: /home/vimkim/.cub/install/pr7925-simplification-integration/debug_gcc/timezones/tzdata/windowsZones.xml
-- Up-to-date: /home/vimkim/.cub/install/pr7925-simplification-integration/debug_gcc/timezones/tzdata/zone.tab
-- Up-to-date: /home/vimkim/.cub/install/pr7925-simplification-integration/debug_gcc/timezones/tzlib/timezone_lib_common.h
-- Up-to-date: /home/vimkim/.cub/install/pr7925-simplification-integration/debug_gcc/include
-- Up-to-date: /home/vimkim/.cub/install/pr7925-simplification-integration/debug_gcc/include/gmock
-- Up-to-date: /home/vimkim/.cub/install/pr7925-simplification-integration/debug_gcc/include/gmock/gmock-actions.h
-- Up-to-date: /home/vimkim/.cub/install/pr7925-simplification-integration/debug_gcc/include/gmock/gmock-cardinalities.h
-- Up-to-date: /home/vimkim/.cub/install/pr7925-simplification-integration/debug_gcc/include/gmock/gmock-function-mocker.h
-- Up-to-date: /home/vimkim/.cub/install/pr7925-simplification-integration/debug_gcc/include/gmock/gmock-matchers.h
-- Up-to-date: /home/vimkim/.cub/install/pr7925-simplification-integration/debug_gcc/include/gmock/gmock-more-actions.h
-- Up-to-date: /home/vimkim/.cub/install/pr7925-simplification-integration/debug_gcc/include/gmock/gmock-more-matchers.h
-- Up-to-date: /home/vimkim/.cub/install/pr7925-simplification-integration/debug_gcc/include/gmock/gmock-nice-strict.h
-- Up-to-date: /home/vimkim/.cub/install/pr7925-simplification-integration/debug_gcc/include/gmock/gmock-spec-builders.h
-- Up-to-date: /home/vimkim/.cub/install/pr7925-simplification-integration/debug_gcc/include/gmock/gmock.h
-- Up-to-date: /home/vimkim/.cub/install/pr7925-simplification-integration/debug_gcc/include/gmock/internal
-- Up-to-date: /home/vimkim/.cub/install/pr7925-simplification-integration/debug_gcc/include/gmock/internal/custom
-- Up-to-date: /home/vimkim/.cub/install/pr7925-simplification-integration/debug_gcc/include/gmock/internal/custom/README.md
-- Up-to-date: /home/vimkim/.cub/install/pr7925-simplification-integration/debug_gcc/include/gmock/internal/custom/gmock-generated-actions.h
-- Up-to-date: /home/vimkim/.cub/install/pr7925-simplification-integration/debug_gcc/include/gmock/internal/custom/gmock-matchers.h
-- Up-to-date: /home/vimkim/.cub/install/pr7925-simplification-integration/debug_gcc/include/gmock/internal/custom/gmock-port.h
-- Up-to-date: /home/vimkim/.cub/install/pr7925-simplification-integration/debug_gcc/include/gmock/internal/gmock-internal-utils.h
-- Up-to-date: /home/vimkim/.cub/install/pr7925-simplification-integration/debug_gcc/include/gmock/internal/gmock-port.h
-- Up-to-date: /home/vimkim/.cub/install/pr7925-simplification-integration/debug_gcc/include/gmock/internal/gmock-pp.h
-- Up-to-date: /home/vimkim/.cub/install/pr7925-simplification-integration/debug_gcc/lib64/libgmock.a
-- Up-to-date: /home/vimkim/.cub/install/pr7925-simplification-integration/debug_gcc/lib64/libgmock_main.a
-- Up-to-date: /home/vimkim/.cub/install/pr7925-simplification-integration/debug_gcc/lib64/pkgconfig/gmock.pc
-- Up-to-date: /home/vimkim/.cub/install/pr7925-simplification-integration/debug_gcc/lib64/pkgconfig/gmock_main.pc
-- Up-to-date: /home/vimkim/.cub/install/pr7925-simplification-integration/debug_gcc/lib64/cmake/GTest/GTestTargets.cmake
-- Up-to-date: /home/vimkim/.cub/install/pr7925-simplification-integration/debug_gcc/lib64/cmake/GTest/GTestTargets-debug.cmake
-- Up-to-date: /home/vimkim/.cub/install/pr7925-simplification-integration/debug_gcc/lib64/cmake/GTest/GTestConfigVersion.cmake
-- Up-to-date: /home/vimkim/.cub/install/pr7925-simplification-integration/debug_gcc/lib64/cmake/GTest/GTestConfig.cmake
-- Up-to-date: /home/vimkim/.cub/install/pr7925-simplification-integration/debug_gcc/include
-- Up-to-date: /home/vimkim/.cub/install/pr7925-simplification-integration/debug_gcc/include/gtest
-- Up-to-date: /home/vimkim/.cub/install/pr7925-simplification-integration/debug_gcc/include/gtest/gtest-assertion-result.h
-- Up-to-date: /home/vimkim/.cub/install/pr7925-simplification-integration/debug_gcc/include/gtest/gtest-death-test.h
-- Up-to-date: /home/vimkim/.cub/install/pr7925-simplification-integration/debug_gcc/include/gtest/gtest-matchers.h
-- Up-to-date: /home/vimkim/.cub/install/pr7925-simplification-integration/debug_gcc/include/gtest/gtest-message.h
-- Up-to-date: /home/vimkim/.cub/install/pr7925-simplification-integration/debug_gcc/include/gtest/gtest-param-test.h
-- Up-to-date: /home/vimkim/.cub/install/pr7925-simplification-integration/debug_gcc/include/gtest/gtest-printers.h
-- Up-to-date: /home/vimkim/.cub/install/pr7925-simplification-integration/debug_gcc/include/gtest/gtest-spi.h
-- Up-to-date: /home/vimkim/.cub/install/pr7925-simplification-integration/debug_gcc/include/gtest/gtest-test-part.h
-- Up-to-date: /home/vimkim/.cub/install/pr7925-simplification-integration/debug_gcc/include/gtest/gtest-typed-test.h
-- Up-to-date: /home/vimkim/.cub/install/pr7925-simplification-integration/debug_gcc/include/gtest/gtest.h
-- Up-to-date: /home/vimkim/.cub/install/pr7925-simplification-integration/debug_gcc/include/gtest/gtest_pred_impl.h
-- Up-to-date: /home/vimkim/.cub/install/pr7925-simplification-integration/debug_gcc/include/gtest/gtest_prod.h
-- Up-to-date: /home/vimkim/.cub/install/pr7925-simplification-integration/debug_gcc/include/gtest/internal
-- Up-to-date: /home/vimkim/.cub/install/pr7925-simplification-integration/debug_gcc/include/gtest/internal/custom
-- Up-to-date: /home/vimkim/.cub/install/pr7925-simplification-integration/debug_gcc/include/gtest/internal/custom/README.md
-- Up-to-date: /home/vimkim/.cub/install/pr7925-simplification-integration/debug_gcc/include/gtest/internal/custom/gtest-port.h
-- Up-to-date: /home/vimkim/.cub/install/pr7925-simplification-integration/debug_gcc/include/gtest/internal/custom/gtest-printers.h
-- Up-to-date: /home/vimkim/.cub/install/pr7925-simplification-integration/debug_gcc/include/gtest/internal/custom/gtest.h
-- Up-to-date: /home/vimkim/.cub/install/pr7925-simplification-integration/debug_gcc/include/gtest/internal/gtest-death-test-internal.h
-- Up-to-date: /home/vimkim/.cub/install/pr7925-simplification-integration/debug_gcc/include/gtest/internal/gtest-filepath.h
-- Up-to-date: /home/vimkim/.cub/install/pr7925-simplification-integration/debug_gcc/include/gtest/internal/gtest-internal.h
-- Up-to-date: /home/vimkim/.cub/install/pr7925-simplification-integration/debug_gcc/include/gtest/internal/gtest-param-util.h
-- Up-to-date: /home/vimkim/.cub/install/pr7925-simplification-integration/debug_gcc/include/gtest/internal/gtest-port-arch.h
-- Up-to-date: /home/vimkim/.cub/install/pr7925-simplification-integration/debug_gcc/include/gtest/internal/gtest-port.h
-- Up-to-date: /home/vimkim/.cub/install/pr7925-simplification-integration/debug_gcc/include/gtest/internal/gtest-string.h
-- Up-to-date: /home/vimkim/.cub/install/pr7925-simplification-integration/debug_gcc/include/gtest/internal/gtest-type-util.h
-- Up-to-date: /home/vimkim/.cub/install/pr7925-simplification-integration/debug_gcc/lib64/libgtest.a
-- Up-to-date: /home/vimkim/.cub/install/pr7925-simplification-integration/debug_gcc/lib64/libgtest_main.a
-- Up-to-date: /home/vimkim/.cub/install/pr7925-simplification-integration/debug_gcc/lib64/pkgconfig/gtest.pc
-- Up-to-date: /home/vimkim/.cub/install/pr7925-simplification-integration/debug_gcc/lib64/pkgconfig/gtest_main.pc
-- Up-to-date: /home/vimkim/.cub/install/pr7925-simplification-integration/debug_gcc/log
-- Up-to-date: /home/vimkim/.cub/install/pr7925-simplification-integration/debug_gcc/var
-- Up-to-date: /home/vimkim/.cub/install/pr7925-simplification-integration/debug_gcc/tmp
-- Up-to-date: /home/vimkim/.cub/install/pr7925-simplification-integration/debug_gcc/databases
-- Up-to-date: /home/vimkim/.cub/install/pr7925-simplification-integration/debug_gcc/var/CUBRID_SOCK
-- Up-to-date: /home/vimkim/.cub/install/pr7925-simplification-integration/debug_gcc/3rdparty
-- Up-to-date: /home/vimkim/.cub/install/pr7925-simplification-integration/debug_gcc/3rdparty/adoptium.temurin_license.txt
-- Up-to-date: /home/vimkim/.cub/install/pr7925-simplification-integration/debug_gcc/3rdparty/adoptium.temurin_license_assembly_exception.txt
-- Up-to-date: /home/vimkim/.cub/install/pr7925-simplification-integration/debug_gcc/3rdparty/libedit_license.txt
-- Up-to-date: /home/vimkim/.cub/install/pr7925-simplification-integration/debug_gcc/3rdparty/libexpat_license.txt
-- Up-to-date: /home/vimkim/.cub/install/pr7925-simplification-integration/debug_gcc/3rdparty/libodbc_license.txt
-- Up-to-date: /home/vimkim/.cub/install/pr7925-simplification-integration/debug_gcc/3rdparty/libopenssl_license.txt
-- Up-to-date: /home/vimkim/.cub/install/pr7925-simplification-integration/debug_gcc/3rdparty/libtbb_license.txt
-- Up-to-date: /home/vimkim/.cub/install/pr7925-simplification-integration/debug_gcc/3rdparty/lz4_license.txt
-- Up-to-date: /home/vimkim/.cub/install/pr7925-simplification-integration/debug_gcc/3rdparty/rapidjson_license.txt
-- Up-to-date: /home/vimkim/.cub/install/pr7925-simplification-integration/debug_gcc/3rdparty/re2_license.txt
-- Up-to-date: /home/vimkim/.cub/install/pr7925-simplification-integration/debug_gcc/./COPYING
-- Up-to-date: /home/vimkim/.cub/install/pr7925-simplification-integration/debug_gcc/./CREDITS
-- Up-to-date: /home/vimkim/.cub/install/pr7925-simplification-integration/debug_gcc/./README.md
-- Up-to-date: /home/vimkim/.cub/install/pr7925-simplification-integration/debug_gcc/./README_TAR_INSTALL
-- Up-to-date: /home/vimkim/.cub/install/pr7925-simplification-integration/debug_gcc/databases/databases.txt.sample
-- Up-to-date: /home/vimkim/.cub/install/pr7925-simplification-integration/debug_gcc/var/CUBRID_SOCK/README.txt
-- Up-to-date: /home/vimkim/.cub/install/pr7925-simplification-integration/debug_gcc/tmp/README.txt
Build and install completed successfully!
Build-only installation is ready. Initialize explicitly when needed:
  cub-workenv init --worktree /home/vimkim/gh/cb/pr7925-simplification-integration --install /home/vimkim/.cub/install/pr7925-simplification-integration/debug_gcc --preset debug_gcc
Existing work environments are preserved; use cub-workenv doctor after rebuilding.
