[cubrid-bootstrap] Worktree preparation files already exist
[cubrid-bootstrap] Selected preset: release_gcc
[0mdirenv: loading ~/gh/cb/pr7600-timing-base988/.envrc
Preset Mode: release_gcc
Install Dir: /home/vimkim/.cub/install/pr7600-timing-base988/release_gcc
DB Dir: /home/vimkim/.cub/db/pr7600-timing-base988/commondb
Build Dir: /home/vimkim/gh/cb/pr7600-timing-base988/build_preset_release_gcc
[cubrid-bootstrap] Configuring preset: release_gcc
[0mdirenv: loading ~/gh/cb/pr7600-timing-base988/.envrc
Preset Mode: release_gcc
Install Dir: /home/vimkim/.cub/install/pr7600-timing-base988/release_gcc
DB Dir: /home/vimkim/.cub/db/pr7600-timing-base988/commondb
Build Dir: /home/vimkim/gh/cb/pr7600-timing-base988/build_preset_release_gcc
[0mdirenv: loading ~/gh/cb/pr7600-timing-base988/.envrc
Preset Mode: release_gcc
Install Dir: /home/vimkim/.cub/install/pr7600-timing-base988/release_gcc
DB Dir: /home/vimkim/.cub/db/pr7600-timing-base988/commondb
Build Dir: /home/vimkim/gh/cb/pr7600-timing-base988/build_preset_release_gcc
[0mdirenv: loading ~/gh/cb/pr7600-timing-base988/.envrc
Preset Mode: release_gcc
Install Dir: /home/vimkim/.cub/install/pr7600-timing-base988/release_gcc
DB Dir: /home/vimkim/.cub/db/pr7600-timing-base988/commondb
Build Dir: /home/vimkim/gh/cb/pr7600-timing-base988/build_preset_release_gcc
Using JAVA_HOME JDK: /home/vimkim/.local/share/mise/installs/java/temurin-8.0.462+8
[0mdirenv: loading ~/gh/cb/pr7600-timing-base988/.envrc
Preset Mode: release_gcc
Install Dir: /home/vimkim/.cub/install/pr7600-timing-base988/release_gcc
DB Dir: /home/vimkim/.cub/db/pr7600-timing-base988/commondb
Build Dir: /home/vimkim/gh/cb/pr7600-timing-base988/build_preset_release_gcc
Preset CMake variables:

  CMAKE_BUILD_TYPE="RelWithDebInfo"
  CMAKE_COLOR_DIAGNOSTICS="ON"
  CMAKE_CXX_COMPILER="g++"
  CMAKE_CXX_COMPILER_LAUNCHER="ccache"
  CMAKE_CXX_FLAGS="-fdiagnostics-color=always -Wno-error=maybe-uninitialized"
  CMAKE_CXX_FLAGS_RELWITHDEBINFO="-O2 -ggdb3 -DNDEBUG -finline-functions -Wno-error=mismatched-new-delete -Wno-error=enum-conversion -Wno-error=stringop-truncation -Wno-error=format-overflow= -Wno-error=format= -Wno-error=format-truncation"
  CMAKE_CXX_STANDARD="17"
  CMAKE_CXX_STANDARD_REQUIRED="ON"
  CMAKE_C_COMPILER="gcc"
  CMAKE_C_COMPILER_LAUNCHER="ccache"
  CMAKE_C_FLAGS="-fdiagnostics-color=always -Wno-int-conversion -Wno-incompatible-pointer-types -Wno-implicit-function-declaration -Wno-error=maybe-uninitialized"
  CMAKE_C_FLAGS_RELWITHDEBINFO="-O2 -ggdb3 -DNDEBUG -finline-functions -Wno-error=mismatched-new-delete -Wno-error=enum-conversion -Wno-error=stringop-truncation -Wno-error=format-overflow= -Wno-error=format= -Wno-error=format-truncation"
  CMAKE_EXPORT_COMPILE_COMMANDS="ON"
  CMAKE_INSTALL_PREFIX="/home/vimkim/.cub/install/pr7600-timing-base988/release_gcc"
  CUBVEC_TEAM_BUILD="ON"
  ENABLE_CUBVEC_LOG="ON"
  UNIT_TEST_OOS="ON"
  UNIT_TEST_PAGE_BUFFER="ON"
  UNIT_TEST_SPAGE="ON"
  VIMKIM_BUILD="ON"
  WITH_CCI="true"

-- ======== CMakeLists.txt
-- The C compiler identification is GNU 11.5.0
-- The CXX compiler identification is GNU 11.5.0
-- Detecting C compiler ABI info
-- Detecting C compiler ABI info - done
-- Check for working C compiler: /usr/bin/gcc - skipped
-- Detecting C compile features
-- Detecting C compile features - done
-- Detecting CXX compiler ABI info
-- Detecting CXX compiler ABI info - done
-- Check for working CXX compiler: /usr/bin/g++ - skipped
-- Detecting CXX compile features
-- Detecting CXX compile features - done
--   OS = UNIX
--   CMAKE_RUNTIME_OUTPUT_DIRECTORY=/home/vimkim/gh/cb/pr7600-timing-base988/build_preset_release_gcc/bin
    ==== with_unit_tests() = 1
-- Get version information from VERSION
-- Found Git: /usr/bin/git (found version "2.47.3") 
-- Build CUBRID 11.5.0.2652-988a4d2 64bit RelWithDebInfo on Linux x86_64
Including Third Party Libraries
-- Build with flex and bison library: SYSTEM
-- Build with expat library: EXTERNAL
-- Build with editline library: EXTERNAL
-- Build with openssl library: EXTERNAL
-- Build with unixODBC library: EXTERNAL
-- Build with RE2 library: EXTERNAL
-- Build with LZ4 library: EXTERNAL
-- Build with TBB library: EXTERNAL
-- Found FLEX: /usr/bin/flex (found suitable version "2.6.4", minimum required is "2.5.34") 
-- Found BISON: /home/vimkim/.local/opt/bison-3.0.5/bin/bison (found suitable version "3.0.5", minimum required is "3.0.0") 
CMake Warning (dev) at /usr/share/cmake/Modules/ExternalProject.cmake:3091 (message):
  The DOWNLOAD_EXTRACT_TIMESTAMP option was not given and policy CMP0135 is
  not set.  The policy's OLD behavior will be used.  When using a URL
  download, the timestamps of extracted files should preferably be that of
  the time of extraction, otherwise code that depends on the extracted
  contents might not be rebuilt if the URL changes.  The OLD behavior
  preserves the timestamps from the archive instead, but this is usually not
  what you want.  Update your project to the NEW behavior or specify the
  DOWNLOAD_EXTRACT_TIMESTAMP option with a value of true to avoid this
  robustness issue.
Call Stack (most recent call first):
  /usr/share/cmake/Modules/ExternalProject.cmake:4208 (_ep_add_download_command)
  3rdparty/CMakeLists.txt:196 (externalproject_add)
This warning is for project developers.  Use -Wno-dev to suppress it.

CMake Warning (dev) at /usr/share/cmake/Modules/ExternalProject.cmake:3091 (message):
  The DOWNLOAD_EXTRACT_TIMESTAMP option was not given and policy CMP0135 is
  not set.  The policy's OLD behavior will be used.  When using a URL
  download, the timestamps of extracted files should preferably be that of
  the time of extraction, otherwise code that depends on the extracted
  contents might not be rebuilt if the URL changes.  The OLD behavior
  preserves the timestamps from the archive instead, but this is usually not
  what you want.  Update your project to the NEW behavior or specify the
  DOWNLOAD_EXTRACT_TIMESTAMP option with a value of true to avoid this
  robustness issue.
Call Stack (most recent call first):
  /usr/share/cmake/Modules/ExternalProject.cmake:4208 (_ep_add_download_command)
  3rdparty/CMakeLists.txt:245 (externalproject_add)
This warning is for project developers.  Use -Wno-dev to suppress it.

CMake Warning (dev) at /usr/share/cmake/Modules/ExternalProject.cmake:3091 (message):
  The DOWNLOAD_EXTRACT_TIMESTAMP option was not given and policy CMP0135 is
  not set.  The policy's OLD behavior will be used.  When using a URL
  download, the timestamps of extracted files should preferably be that of
  the time of extraction, otherwise code that depends on the extracted
  contents might not be rebuilt if the URL changes.  The OLD behavior
  preserves the timestamps from the archive instead, but this is usually not
  what you want.  Update your project to the NEW behavior or specify the
  DOWNLOAD_EXTRACT_TIMESTAMP option with a value of true to avoid this
  robustness issue.
Call Stack (most recent call first):
  /usr/share/cmake/Modules/ExternalProject.cmake:4208 (_ep_add_download_command)
  3rdparty/CMakeLists.txt:288 (externalproject_add)
This warning is for project developers.  Use -Wno-dev to suppress it.

CMake Warning (dev) at /usr/share/cmake/Modules/ExternalProject.cmake:3091 (message):
  The DOWNLOAD_EXTRACT_TIMESTAMP option was not given and policy CMP0135 is
  not set.  The policy's OLD behavior will be used.  When using a URL
  download, the timestamps of extracted files should preferably be that of
  the time of extraction, otherwise code that depends on the extracted
  contents might not be rebuilt if the URL changes.  The OLD behavior
  preserves the timestamps from the archive instead, but this is usually not
  what you want.  Update your project to the NEW behavior or specify the
  DOWNLOAD_EXTRACT_TIMESTAMP option with a value of true to avoid this
  robustness issue.
Call Stack (most recent call first):
  /usr/share/cmake/Modules/ExternalProject.cmake:4208 (_ep_add_download_command)
  3rdparty/CMakeLists.txt:325 (externalproject_add)
This warning is for project developers.  Use -Wno-dev to suppress it.

CMake Warning (dev) at /usr/share/cmake/Modules/ExternalProject.cmake:3091 (message):
  The DOWNLOAD_EXTRACT_TIMESTAMP option was not given and policy CMP0135 is
  not set.  The policy's OLD behavior will be used.  When using a URL
  download, the timestamps of extracted files should preferably be that of
  the time of extraction, otherwise code that depends on the extracted
  contents might not be rebuilt if the URL changes.  The OLD behavior
  preserves the timestamps from the archive instead, but this is usually not
  what you want.  Update your project to the NEW behavior or specify the
  DOWNLOAD_EXTRACT_TIMESTAMP option with a value of true to avoid this
  robustness issue.
Call Stack (most recent call first):
  /usr/share/cmake/Modules/ExternalProject.cmake:4208 (_ep_add_download_command)
  3rdparty/CMakeLists.txt:368 (externalproject_add)
This warning is for project developers.  Use -Wno-dev to suppress it.

CMake Warning (dev) at /usr/share/cmake/Modules/ExternalProject.cmake:3091 (message):
  The DOWNLOAD_EXTRACT_TIMESTAMP option was not given and policy CMP0135 is
  not set.  The policy's OLD behavior will be used.  When using a URL
  download, the timestamps of extracted files should preferably be that of
  the time of extraction, otherwise code that depends on the extracted
  contents might not be rebuilt if the URL changes.  The OLD behavior
  preserves the timestamps from the archive instead, but this is usually not
  what you want.  Update your project to the NEW behavior or specify the
  DOWNLOAD_EXTRACT_TIMESTAMP option with a value of true to avoid this
  robustness issue.
Call Stack (most recent call first):
  /usr/share/cmake/Modules/ExternalProject.cmake:4208 (_ep_add_download_command)
  3rdparty/CMakeLists.txt:394 (externalproject_add)
This warning is for project developers.  Use -Wno-dev to suppress it.

CMake Warning (dev) at /usr/share/cmake/Modules/ExternalProject.cmake:3091 (message):
  The DOWNLOAD_EXTRACT_TIMESTAMP option was not given and policy CMP0135 is
  not set.  The policy's OLD behavior will be used.  When using a URL
  download, the timestamps of extracted files should preferably be that of
  the time of extraction, otherwise code that depends on the extracted
  contents might not be rebuilt if the URL changes.  The OLD behavior
  preserves the timestamps from the archive instead, but this is usually not
  what you want.  Update your project to the NEW behavior or specify the
  DOWNLOAD_EXTRACT_TIMESTAMP option with a value of true to avoid this
  robustness issue.
Call Stack (most recent call first):
  /usr/share/cmake/Modules/ExternalProject.cmake:4208 (_ep_add_download_command)
  3rdparty/CMakeLists.txt:423 (externalproject_add)
This warning is for project developers.  Use -Wno-dev to suppress it.

CMake Warning (dev) at /usr/share/cmake/Modules/ExternalProject.cmake:3091 (message):
  The DOWNLOAD_EXTRACT_TIMESTAMP option was not given and policy CMP0135 is
  not set.  The policy's OLD behavior will be used.  When using a URL
  download, the timestamps of extracted files should preferably be that of
  the time of extraction, otherwise code that depends on the extracted
  contents might not be rebuilt if the URL changes.  The OLD behavior
  preserves the timestamps from the archive instead, but this is usually not
  what you want.  Update your project to the NEW behavior or specify the
  DOWNLOAD_EXTRACT_TIMESTAMP option with a value of true to avoid this
  robustness issue.
Call Stack (most recent call first):
  /usr/share/cmake/Modules/ExternalProject.cmake:4208 (_ep_add_download_command)
  3rdparty/CMakeLists.txt:464 (externalproject_add)
This warning is for project developers.  Use -Wno-dev to suppress it.

-- Looking for asprintf
-- Looking for asprintf - found
-- Looking for vasprintf
-- Looking for vasprintf - found
-- Looking for basename
-- Looking for basename - found
-- Looking for dirname
-- Looking for dirname - found
-- Looking for ctime_r
-- Looking for ctime_r - found
-- Looking for localtime_r
-- Looking for localtime_r - found
-- Looking for drand48_r
-- Looking for drand48_r - found
-- Looking for gethostbyname_r
-- Looking for gethostbyname_r - found
-- Looking for getopt_long
-- Looking for getopt_long - found
-- Looking for open_memstream
-- Looking for open_memstream - found
-- Looking for strdup
-- Looking for strdup - found
-- Looking for strlcpy
-- Looking for strlcpy - not found
-- Looking for err.h
-- Looking for err.h - found
-- Looking for getopt.h
-- Looking for getopt.h - found
-- Looking for inttypes.h
-- Looking for inttypes.h - found
-- Looking for libgen.h
-- Looking for libgen.h - found
-- Looking for limits.h
-- Looking for limits.h - found
-- Looking for memory.h
-- Looking for memory.h - found
-- Looking for nl_types.h
-- Looking for nl_types.h - found
-- Looking for regex.h
-- Looking for regex.h - found
-- Looking for rpc/des_crypt.h
-- Looking for rpc/des_crypt.h - not found
-- Looking for stdbool.h
-- Looking for stdbool.h - found
-- Looking for stdint.h
-- Looking for stdint.h - found
-- Looking for stdlib.h
-- Looking for stdlib.h - found
-- Looking for stddef.h
-- Looking for stddef.h - found
-- Looking for string.h
-- Looking for string.h - found
-- Looking for strings.h
-- Looking for strings.h - found
-- Looking for sys/param.h
-- Looking for sys/param.h - found
-- Looking for sys/stat.h
-- Looking for sys/stat.h - found
-- Looking for sys/types.h
-- Looking for sys/types.h - found
-- Looking for unistd.h
-- Looking for unistd.h - found
-- Check size of char
-- Check size of char - done
-- Check size of short
-- Check size of short - done
-- Check size of int
-- Check size of int - done
-- Check size of long
-- Check size of long - done
-- Check size of long long
-- Check size of long long - done
-- Check size of void *
-- Check size of void * - done
-- Check size of byte_t
-- Check size of byte_t - failed
-- Check size of int8_t
-- Check size of int8_t - done
-- Check size of int16_t
-- Check size of int16_t - done
-- Check size of int32_t
-- Check size of int32_t - done
-- Check size of int64_t
-- Check size of int64_t - done
-- Check size of intptr_t
-- Check size of intptr_t - done
-- Check size of uint8_t
-- Check size of uint8_t - done
-- Check size of uint16_t
-- Check size of uint16_t - done
-- Check size of uint32_t
-- Check size of uint32_t - done
-- Check size of uint64_t
-- Check size of uint64_t - done
-- Check size of uintptr_t
-- Check size of uintptr_t - done
-- Check size of off_t
-- Check size of off_t - done
-- Check size of size_t
-- Check size of size_t - done
-- Check size of pid_t
-- Check size of pid_t - done
-- Check size of off64_t
-- Check size of off64_t - done
-- Checking prototype gethostbyname_r for HAVE_GETHOSTBYNAME_R_GLIBC
-- Checking prototype gethostbyname_r for HAVE_GETHOSTBYNAME_R_GLIBC - True
-- Checking prototype gethostbyname_r for HAVE_GETHOSTBYNAME_R_SOLARIS
-- Checking prototype gethostbyname_r for HAVE_GETHOSTBYNAME_R_SOLARIS - False
-- Checking prototype gethostbyname_r for HAVE_GETHOSTBYNAME_R_HOSTENT_DATA
-- Checking prototype gethostbyname_r for HAVE_GETHOSTBYNAME_R_HOSTENT_DATA - False
-- Performing Test TIME_WITH_SYS_TIME
-- Performing Test TIME_WITH_SYS_TIME - Success
-- Performing Test HAVE_GCC_ATOMIC_BUILTINS
-- Performing Test HAVE_GCC_ATOMIC_BUILTINS - Success
-- Performing Test CMAKE_HAVE_LIBC_PTHREAD
-- Performing Test CMAKE_HAVE_LIBC_PTHREAD - Success
-- Found Threads: TRUE  
-- Looking for sys/sdt.h
-- Looking for sys/sdt.h - found
-- Default install prefix: /home/vimkim/.cub/install/pr7600-timing-base988/release_gcc
-- JAVA_HOME: /home/vimkim/gh/cb/pr7600-timing-base988/build_preset_release_gcc/vm/jdk8
-- Found Java: /home/vimkim/gh/cb/pr7600-timing-base988/build_preset_release_gcc/vm/jdk8/bin/java (found version "1.8.0.462") 
-- Found JNI: /home/vimkim/gh/cb/pr7600-timing-base988/build_preset_release_gcc/vm/jdk8/include  found components: AWT JVM 
-- Found Java: /home/vimkim/gh/cb/pr7600-timing-base988/build_preset_release_gcc/vm/jdk8/bin/java
-- Found JNI: /home/vimkim/gh/cb/pr7600-timing-base988/build_preset_release_gcc/vm/jdk8/include;/home/vimkim/gh/cb/pr7600-timing-base988/build_preset_release_gcc/vm/jdk8/include/linux;/home/vimkim/gh/cb/pr7600-timing-base988/build_preset_release_gcc/vm/jdk8/include
-- ======== WITH_CCI ==========
-- Get version information from /home/vimkim/gh/cb/pr7600-timing-base988/cubrid-cci/BUILD_NUMBER
-- CCI_BUILD_NUMBER:[11.3.0.0048-bd86063]
-- CCI component install dirs: cci/bin, cci/lib, cci/include
-- Building CGW libraries.
CMake Warning (dev) at cm_common/CMakeLists.txt:104 (install):
  Target cmstat has PUBLIC_HEADER files but no PUBLIC_HEADER DESTINATION.
This warning is for project developers.  Use -Wno-dev to suppress it.

CMake Warning (dev) at cm_common/CMakeLists.txt:104 (install):
  Target cmdep has PUBLIC_HEADER files but no PUBLIC_HEADER DESTINATION.
This warning is for project developers.  Use -Wno-dev to suppress it.

-- .. timezone shared library
-- .... gen_timezone executable
-- ...... source files: /home/vimkim/gh/cb/pr7600-timing-base988/src/executables/generate_timezone.cpp
-- .... generate timezone command
-- .... cubrid_timezones lib
  unit_tests/...
CMake Warning (dev) at /usr/share/cmake/Modules/FetchContent.cmake:1282 (message):
  The DOWNLOAD_EXTRACT_TIMESTAMP option was not given and policy CMP0135 is
  not set.  The policy's OLD behavior will be used.  When using a URL
  download, the timestamps of extracted files should preferably be that of
  the time of extraction, otherwise code that depends on the extracted
  contents might not be rebuilt if the URL changes.  The OLD behavior
  preserves the timestamps from the archive instead, but this is usually not
  what you want.  Update your project to the NEW behavior or specify the
  DOWNLOAD_EXTRACT_TIMESTAMP option with a value of true to avoid this
  robustness issue.
Call Stack (most recent call first):
  unit_tests/CMakeLists.txt:65 (FetchContent_Declare)
This warning is for project developers.  Use -Wno-dev to suppress it.

   common
    oos
-- Get version information CCI_VERSION: 11.3.0.0048-bd86063
-- Configuring done (5.6s)
-- Generating done (0.2s)
CMake Warning:
  Manually-specified variables were not used by the project:

    CUBVEC_TEAM_BUILD
    ENABLE_CUBVEC_LOG
    VIMKIM_BUILD


-- Build files have been written to: /home/vimkim/gh/cb/pr7600-timing-base988/build_preset_release_gcc
[cubrid-bootstrap] Building and installing preset: release_gcc
[0mdirenv: loading ~/gh/cb/pr7600-timing-base988/.envrc
Preset Mode: release_gcc
Install Dir: /home/vimkim/.cub/install/pr7600-timing-base988/release_gcc
DB Dir: /home/vimkim/.cub/db/pr7600-timing-base988/commondb
Build Dir: /home/vimkim/gh/cb/pr7600-timing-base988/build_preset_release_gcc
[0mdirenv: loading ~/gh/cb/pr7600-timing-base988/.envrc
Preset Mode: release_gcc
Install Dir: /home/vimkim/.cub/install/pr7600-timing-base988/release_gcc
DB Dir: /home/vimkim/.cub/db/pr7600-timing-base988/commondb
Build Dir: /home/vimkim/gh/cb/pr7600-timing-base988/build_preset_release_gcc
[0mdirenv: loading ~/gh/cb/pr7600-timing-base988/.envrc
Preset Mode: release_gcc
Install Dir: /home/vimkim/.cub/install/pr7600-timing-base988/release_gcc
DB Dir: /home/vimkim/.cub/db/pr7600-timing-base988/commondb
Build Dir: /home/vimkim/gh/cb/pr7600-timing-base988/build_preset_release_gcc
Using JAVA_HOME JDK: /home/vimkim/.local/share/mise/installs/java/temurin-8.0.462+8
[0mdirenv: loading ~/gh/cb/pr7600-timing-base988/.envrc
Preset Mode: release_gcc
Install Dir: /home/vimkim/.cub/install/pr7600-timing-base988/release_gcc
DB Dir: /home/vimkim/.cub/db/pr7600-timing-base988/commondb
Build Dir: /home/vimkim/gh/cb/pr7600-timing-base988/build_preset_release_gcc
Logging build output to: /home/vimkim/gh/cb/pr7600-timing-base988/build_preset_release_gcc/build.log
[0mdirenv: loading ~/gh/cb/pr7600-timing-base988/.envrc
Preset Mode: release_gcc
Install Dir: /home/vimkim/.cub/install/pr7600-timing-base988/release_gcc
DB Dir: /home/vimkim/.cub/db/pr7600-timing-base988/commondb
Build Dir: /home/vimkim/gh/cb/pr7600-timing-base988/build_preset_release_gcc
[1/1434] [FLEX][loader_lexer] Building scanner with flex
/home/vimkim/gh/cb/pr7600-timing-base988/src/loaddb/load_lexer.l:276: warning, rule cannot be matched
/home/vimkim/gh/cb/pr7600-timing-base988/src/loaddb/load_lexer.l:282: warning, rule cannot be matched
/home/vimkim/gh/cb/pr7600-timing-base988/src/loaddb/load_lexer.l:583: warning, rule cannot be matched
/home/vimkim/gh/cb/pr7600-timing-base988/src/loaddb/load_lexer.l:625: warning, -s option given but default rule can be matched
[2/1434] Generating csql_grammar.yy
[3/1434] Creating directories for 'rapidjson'
[4/1434] Creating directories for 'libedit'
[5/1434] Creating directories for 'lz4'
[6/1434] Creating directories for 'libopenssl'
[7/1434] Creating directories for 'libodbc'
[8/1434] Creating directories for 're2'
[9/1434] Creating directories for 'libtbb'
[10/1434] Creating directories for 'libexpat'
[11/1434] Creating directories for 'catch2'
[12/1434] Running utility command for pl_install_jdk
[INFO] Install JDK 8
[13/1434] [FLEX][csql_lexer] Building scanner with flex
[14/1434] [BISON][loader_grammar] Building parser with bison
[15/1434] Generating probes.h, probes.o
[16/1434] Building CXX object util/CMakeFiles/gencat.dir/__/src/base/porting.c.o
[17/1434] Building C object util/CMakeFiles/gencat.dir/__/src/executables/gencat.c.o
[18/1434] Linking CXX executable bin/gencat
[19/1434] Building CXX object unit_tests/common/CMakeFiles/test_common.dir/test_string_collection.cpp.o
[20/1434] Conversion csql.msg in ko_KR.euckr
[21/1434] Conversion utils.msg in ko_KR.euckr
[22/1434] Conversion cubrid.msg in ko_KR.euckr
[23/1434] Copy utils.msg in en_US
[24/1434] Copy csql.msg in en_US.utf8
[25/1434] Copy cubrid.msg in en_US.utf8
[26/1434] Copy cubrid.msg in en_US
[27/1434] Copy utils.msg in ko_KR.utf8
[28/1434] Copy csql.msg in en_US
[29/1434] Copy cubrid.msg in ko_KR.utf8
[30/1434] Copy utils.msg in en_US.utf8
[31/1434] Copy csql.msg in ko_KR.utf8
[32/1434] Generating csql.cat for ko_KR.euckr
[33/1434] Generating utils.cat for ko_KR.euckr
[34/1434] Generating csql.cat for en_US.utf8
[35/1434] Generating utils.cat for en_US
[36/1434] Generating csql.cat for en_US
[37/1434] Generating utils.cat for ko_KR.utf8
[38/1434] Generating csql.cat for ko_KR.utf8
[39/1434] Generating utils.cat for en_US.utf8
[40/1434] Generating cubrid.cat for ko_KR.euckr
[41/1434] Generating cubrid.cat for en_US.utf8
[42/1434] Generating cubrid.cat for en_US
[43/1434] Generating cubrid.cat for ko_KR.utf8
[44/1434] Building CXX object unit_tests/common/CMakeFiles/test_common.dir/test_output.cpp.o
[45/1434] Building CXX object unit_tests/common/CMakeFiles/test_common.dir/test_perf_compare.cpp.o
[46/1434] Performing download step (download, verify and extract) for 're2'
-- Downloading...
   dst='/home/vimkim/gh/cb/pr7600-timing-base988/build_preset_release_gcc/3rdparty/Download/re2/2022-06-01.tar.gz'
   timeout='600 seconds'
   inactivity timeout='none'
-- Using src='https://github.com/CUBRID/3rdparty/raw/develop/re2/2022-06-01.tar.gz'
-- verifying file...
       file='/home/vimkim/gh/cb/pr7600-timing-base988/build_preset_release_gcc/3rdparty/Download/re2/2022-06-01.tar.gz'
-- Downloading... done
-- extracting...
     src='/home/vimkim/gh/cb/pr7600-timing-base988/build_preset_release_gcc/3rdparty/Download/re2/2022-06-01.tar.gz'
     dst='/home/vimkim/gh/cb/pr7600-timing-base988/build_preset_release_gcc/3rdparty/Source/re2'
-- extracting... [tar xfz]
-- extracting... [analysis]
-- extracting... [rename]
-- extracting... [clean up]
-- extracting... done
[47/1434] No update step for 're2'
[48/1434] No patch step for 're2'
[49/1434] No configure step for 're2'
[50/1434] Performing download step (download, verify and extract) for 'lz4'
-- Downloading...
   dst='/home/vimkim/gh/cb/pr7600-timing-base988/build_preset_release_gcc/3rdparty/Download/lz4/v1.9.4.tar.gz'
   timeout='600 seconds'
   inactivity timeout='none'
-- Using src='https://github.com/CUBRID/3rdparty/raw/develop/lz4/v1.9.4.tar.gz'
-- verifying file...
       file='/home/vimkim/gh/cb/pr7600-timing-base988/build_preset_release_gcc/3rdparty/Download/lz4/v1.9.4.tar.gz'
-- Downloading... done
-- extracting...
     src='/home/vimkim/gh/cb/pr7600-timing-base988/build_preset_release_gcc/3rdparty/Download/lz4/v1.9.4.tar.gz'
     dst='/home/vimkim/gh/cb/pr7600-timing-base988/build_preset_release_gcc/3rdparty/Source/lz4'
-- extracting... [tar xfz]
-- extracting... [analysis]
-- extracting... [rename]
-- extracting... [clean up]
-- extracting... done
[51/1434] [BISON][csql_grammar] Building parser with bison
/home/vimkim/gh/cb/pr7600-timing-base988/build_preset_release_gcc/csql_grammar.yy: warning: 822 shift/reduce conflicts [-Wconflicts-sr]
/home/vimkim/gh/cb/pr7600-timing-base988/build_preset_release_gcc/csql_grammar.yy: warning: 1500 reduce/reduce conflicts [-Wconflicts-rr]
[52/1434] No update step for 'lz4'
[53/1434] No patch step for 'lz4'
[54/1434] Linking CXX static library unit_tests/common/libtest_common.a
[55/1434] No configure step for 'lz4'
[56/1434] Performing download step (download, verify and extract) for 'libexpat'
-- Downloading...
   dst='/home/vimkim/gh/cb/pr7600-timing-base988/build_preset_release_gcc/3rdparty/Download/libexpat/expat-2.6.4.tar.gz'
   timeout='600 seconds'
   inactivity timeout='none'
-- Using src='https://github.com/CUBRID/3rdparty/raw/develop/expat/expat-2.6.4.tar.gz'
-- verifying file...
       file='/home/vimkim/gh/cb/pr7600-timing-base988/build_preset_release_gcc/3rdparty/Download/libexpat/expat-2.6.4.tar.gz'
-- Downloading... done
-- extracting...
     src='/home/vimkim/gh/cb/pr7600-timing-base988/build_preset_release_gcc/3rdparty/Download/libexpat/expat-2.6.4.tar.gz'
     dst='/home/vimkim/gh/cb/pr7600-timing-base988/build_preset_release_gcc/3rdparty/Source/libexpat'
-- extracting... [tar xfz]
-- extracting... [analysis]
-- extracting... [rename]
-- extracting... [clean up]
-- extracting... done
[57/1434] No update step for 'libexpat'
[58/1434] No patch step for 'libexpat'
[59/1434] Performing download step (download, verify and extract) for 'rapidjson'
-- Downloading...
   dst='/home/vimkim/gh/cb/pr7600-timing-base988/build_preset_release_gcc/3rdparty/Download/rapidjson/v1.1.0.tar.gz'
   timeout='600 seconds'
   inactivity timeout='none'
-- Using src='https://github.com/CUBRID/3rdparty/raw/develop/rapidjson/v1.1.0.tar.gz'
-- verifying file...
       file='/home/vimkim/gh/cb/pr7600-timing-base988/build_preset_release_gcc/3rdparty/Download/rapidjson/v1.1.0.tar.gz'
-- Downloading... done
-- extracting...
     src='/home/vimkim/gh/cb/pr7600-timing-base988/build_preset_release_gcc/3rdparty/Download/rapidjson/v1.1.0.tar.gz'
     dst='/home/vimkim/gh/cb/pr7600-timing-base988/build_preset_release_gcc/3rdparty/Source/rapidjson'
-- extracting... [tar xfz]
-- extracting... [analysis]
-- extracting... [rename]
-- extracting... [clean up]
-- extracting... done
[60/1434] No update step for 'rapidjson'
[61/1434] Building CXX object _deps/googletest-build/googletest/CMakeFiles/gtest_main.dir/src/gtest_main.cc.o
[62/1434] Performing download step (download, verify and extract) for 'libodbc'
-- Downloading...
   dst='/home/vimkim/gh/cb/pr7600-timing-base988/build_preset_release_gcc/3rdparty/Download/libodbc/unixODBC-2.3.9.tar.gz'
   timeout='600 seconds'
   inactivity timeout='none'
-- Using src='https://github.com/CUBRID/3rdparty/raw/develop/unixODBC/unixODBC-2.3.9.tar.gz'
-- verifying file...
       file='/home/vimkim/gh/cb/pr7600-timing-base988/build_preset_release_gcc/3rdparty/Download/libodbc/unixODBC-2.3.9.tar.gz'
-- Downloading... done
-- extracting...
     src='/home/vimkim/gh/cb/pr7600-timing-base988/build_preset_release_gcc/3rdparty/Download/libodbc/unixODBC-2.3.9.tar.gz'
     dst='/home/vimkim/gh/cb/pr7600-timing-base988/build_preset_release_gcc/3rdparty/Source/libodbc'
-- extracting... [tar xfz]
-- extracting... [analysis]
-- extracting... [rename]
-- extracting... [clean up]
-- extracting... done
[63/1434] No patch step for 'rapidjson'
[64/1434] No update step for 'libodbc'
[65/1434] No patch step for 'libodbc'
[66/1434] Building CXX object _deps/googletest-build/googlemock/CMakeFiles/gmock_main.dir/src/gmock_main.cc.o
[67/1434] Performing configure step for 'rapidjson'
[68/1434] Performing download step (download, verify and extract) for 'libedit'
-- Downloading...
   dst='/home/vimkim/gh/cb/pr7600-timing-base988/build_preset_release_gcc/3rdparty/Download/libedit/csql_v1.2.tar.gz'
   timeout='600 seconds'
   inactivity timeout='none'
-- Using src='https://github.com/CUBRID/libedit/archive/refs/tags/csql_v1.2.tar.gz'
-- verifying file...
       file='/home/vimkim/gh/cb/pr7600-timing-base988/build_preset_release_gcc/3rdparty/Download/libedit/csql_v1.2.tar.gz'
-- Downloading... done
-- extracting...
     src='/home/vimkim/gh/cb/pr7600-timing-base988/build_preset_release_gcc/3rdparty/Download/libedit/csql_v1.2.tar.gz'
     dst='/home/vimkim/gh/cb/pr7600-timing-base988/build_preset_release_gcc/3rdparty/Source/libedit'
-- extracting... [tar xfz]
-- extracting... [analysis]
-- extracting... [rename]
-- extracting... [clean up]
-- extracting... done
[69/1434] Performing build step for 'rapidjson'
[70/1434] No update step for 'libedit'
[71/1434] No patch step for 'libedit'
[72/1434] No install step for 'rapidjson'
[73/1434] Completed 'rapidjson'
[74/1434] Performing download step (download, verify and extract) for 'libtbb'
-- Downloading...
   dst='/home/vimkim/gh/cb/pr7600-timing-base988/build_preset_release_gcc/3rdparty/Download/libtbb/v2021.11.0.tar.gz'
   timeout='600 seconds'
   inactivity timeout='none'
-- Using src='https://github.com/CUBRID/3rdparty/raw/develop/tbb/v2021.11.0.tar.gz'
-- verifying file...
       file='/home/vimkim/gh/cb/pr7600-timing-base988/build_preset_release_gcc/3rdparty/Download/libtbb/v2021.11.0.tar.gz'
-- Downloading... done
-- extracting...
     src='/home/vimkim/gh/cb/pr7600-timing-base988/build_preset_release_gcc/3rdparty/Download/libtbb/v2021.11.0.tar.gz'
     dst='/home/vimkim/gh/cb/pr7600-timing-base988/build_preset_release_gcc/3rdparty/Source/libtbb'
-- extracting... [tar xfz]
-- extracting... [analysis]
-- extracting... [rename]
-- extracting... [clean up]
-- extracting... done
[75/1434] No update step for 'libtbb'
[76/1434] No patch step for 'libtbb'
[77/1434] Performing build step for 're2'
[78/1434] No install step for 're2'
[79/1434] Completed 're2'
[80/1434] Performing configure step for 'libtbb'
[81/1434] Building CXX object _deps/googletest-build/googlemock/CMakeFiles/gmock.dir/src/gmock-all.cc.o
[82/1434] Performing download step (download, verify and extract) for 'libopenssl'
-- Downloading...
   dst='/home/vimkim/gh/cb/pr7600-timing-base988/build_preset_release_gcc/3rdparty/Download/libopenssl/openssl-1.1.1w.tar.gz'
   timeout='600 seconds'
   inactivity timeout='none'
-- Using src='https://github.com/CUBRID/3rdparty/raw/develop/openssl/openssl-1.1.1w.tar.gz'
-- verifying file...
       file='/home/vimkim/gh/cb/pr7600-timing-base988/build_preset_release_gcc/3rdparty/Download/libopenssl/openssl-1.1.1w.tar.gz'
-- Downloading... done
-- extracting...
     src='/home/vimkim/gh/cb/pr7600-timing-base988/build_preset_release_gcc/3rdparty/Download/libopenssl/openssl-1.1.1w.tar.gz'
     dst='/home/vimkim/gh/cb/pr7600-timing-base988/build_preset_release_gcc/3rdparty/Source/libopenssl'
-- extracting... [tar xfz]
-- extracting... [analysis]
-- extracting... [rename]
-- extracting... [clean up]
-- extracting... done
[83/1434] No update step for 'libopenssl'
[84/1434] No patch step for 'libopenssl'
[85/1434] Performing configure step for 'libexpat'
[86/1434] Performing build step for 'libtbb'
[87/1434] Performing install step for 'libtbb'
[88/1434] Completed 'libtbb'
[89/1434] Performing configure step for 'libopenssl'
[90/1434] Performing configure step for 'libedit'
checking for gcc... gcc
checking whether the C compiler works... yes
checking for C compiler default output file name... a.out
checking for suffix of executables... 
checking whether we are cross compiling... no
checking for suffix of object files... o
checking whether we are using the GNU C compiler... yes
checking whether gcc accepts -g... yes
checking for gcc option to accept ISO C89... none needed
checking whether gcc understands -c and -o together... yes
checking how to run the C preprocessor... gcc -E
checking for grep that handles long lines and -e... /usr/bin/grep
checking for egrep... /usr/bin/grep -E
checking for ANSI C header files... yes
checking for sys/types.h... yes
checking for sys/stat.h... yes
checking for stdlib.h... yes
checking for string.h... yes
checking for memory.h... yes
checking for strings.h... yes
checking for inttypes.h... yes
checking for stdint.h... yes
checking for unistd.h... yes
checking minix/config.h usability... no
checking minix/config.h presence... no
checking for minix/config.h... no
checking whether it is safe to define __EXTENSIONS__... yes
checking for a BSD-compatible install... /usr/bin/install -c
checking whether build environment is sane... yes
checking for a thread-safe mkdir -p... /usr/bin/mkdir -p
checking for gawk... gawk
checking whether make sets $(MAKE)... yes
checking for style of include used by make... GNU
checking whether make supports nested variables... yes
checking dependency style of gcc... gcc3
checking build system type... x86_64-unknown-linux-gnu
checking host system type... x86_64-unknown-linux-gnu
checking how to print strings... printf
checking for a sed that does not truncate output... /usr/bin/sed
checking for fgrep... /usr/bin/grep -F
checking for ld used by gcc... /home/linuxbrew/.linuxbrew/bin/ld
checking if the linker (/home/linuxbrew/.linuxbrew/bin/ld) is GNU ld... yes
checking for BSD- or MS-compatible name lister (nm)... /home/linuxbrew/.linuxbrew/bin/nm -B
checking the name lister (/home/linuxbrew/.linuxbrew/bin/nm -B) interface... BSD nm
checking whether ln -s works... yes
checking the maximum length of command line arguments... 1572864
checking how to convert x86_64-unknown-linux-gnu file names to x86_64-unknown-linux-gnu format... func_convert_file_noop
checking how to convert x86_64-unknown-linux-gnu file names to toolchain format... func_convert_file_noop
checking for /home/linuxbrew/.linuxbrew/bin/ld option to reload object files... -r
checking for objdump... objdump
checking how to recognize dependent libraries... pass_all
checking for dlltool... dlltool
checking how to associate runtime and link libraries... printf %s\n
checking for ar... ar
checking for archiver @FILE support... @
checking for strip... strip
checking for ranlib... ranlib
checking command to parse /home/linuxbrew/.linuxbrew/bin/nm -B output from gcc object... ok
checking for sysroot... no
checking for a working dd... /usr/bin/dd
checking how to truncate binary pipes... /usr/bin/dd bs=4096 count=1
checking for mt... no
checking if : is a manifest tool... no
checking for dlfcn.h... yes
checking for objdir... .libs
checking if gcc supports -fno-rtti -fno-exceptions... yes
checking for gcc option to produce PIC... -fPIC -DPIC
checking if gcc PIC flag -fPIC -DPIC works... yes
checking if gcc static flag -static works... yes
checking if gcc supports -c -o file.o... yes
checking if gcc supports -c -o file.o... (cached) yes
checking whether the gcc linker (/home/linuxbrew/.linuxbrew/bin/ld -m elf_x86_64) supports shared libraries... yes
checking dynamic linker characteristics... GNU/Linux ld.so
checking how to hardcode library paths into programs... immediate
checking whether stripping libraries is possible... yes
checking if libtool supports shared libraries... yes
checking whether to build shared libraries... no
checking whether to build static libraries... yes
checking whether make supports nested variables... (cached) yes
checking for gcc option to accept ISO C99... none needed
checking whether ln -s works... yes
checking for gawk... (cached) gawk
checking for nroff... /usr/bin/nroff
checking for tgetent in -lncurses... yes
checking if you want wide-character code... no
configure: WARNING: --enable-widec is deprecated, wide-character/UTF-8 is always enabled
checking for dirent.h that defines DIR... yes
checking for library containing opendir... none required
checking for ANSI C header files... (cached) yes
checking for sys/wait.h that is POSIX.1 compatible... yes
checking fcntl.h usability... yes
checking fcntl.h presence... yes
checking for fcntl.h... yes
checking limits.h usability... yes
checking limits.h presence... yes
checking for limits.h... yes
checking malloc.h usability... yes
checking malloc.h presence... yes
checking for malloc.h... yes
checking for stdlib.h... (cached) yes
checking for string.h... (cached) yes
checking sys/ioctl.h usability... yes
checking sys/ioctl.h presence... yes
checking for sys/ioctl.h... yes
checking sys/param.h usability... yes
checking sys/param.h presence... yes
checking for sys/param.h... yes
checking for unistd.h... (cached) yes
checking curses.h usability... yes
checking curses.h presence... yes
checking for curses.h... yes
checking ncurses.h usability... yes
checking ncurses.h presence... yes
checking for ncurses.h... yes
checking sys/cdefs.h usability... yes
checking sys/cdefs.h presence... yes
checking for sys/cdefs.h... yes
checking termcap.h usability... yes
checking termcap.h presence... yes
checking for termcap.h... yes
checking for ncurses.h... (cached) yes
checking termios.h usability... yes
checking termios.h presence... yes
checking for termios.h... yes
checking for term.h... yes
checking for struct dirent.d_namlen... no
checking for an ANSI C-conforming const... yes
checking for pid_t... yes
checking for size_t... yes
checking for u_int32_t... yes
checking whether closedir returns void... no
checking vfork.h usability... no
checking vfork.h presence... no
checking for vfork.h... no
checking for fork... yes
checking for vfork... yes
checking for working fork... yes
checking for working vfork... (cached) yes
checking whether gcc needs -traditional... no
checking return type of signal handlers... void
checking whether lstat correctly handles trailing slash... yes
checking whether stat accepts an empty string... no
checking for endpwent... yes
checking for isascii... yes
checking for memchr... yes
checking for memset... yes
checking for re_comp... yes
checking for regcomp... yes
checking for strcasecmp... yes
checking for strchr... yes
checking for strcspn... yes
checking for strdup... yes
checking for strerror... yes
checking for strrchr... yes
checking for strstr... yes
checking for strtol... yes
checking for issetugid... no
checking for wcsdup... yes
checking for strlcpy... no
checking for strlcat... no
checking for getline... yes
checking for vis... no
checking for strvis... no
checking for strunvis... no
checking for __secure_getenv... no
checking for secure_getenv... yes
checking for strlcpy... (cached) no
checking for strlcat... (cached) no
checking for vis... (cached) no
checking for unvis... no
checking whether getpwnam_r and getpwuid_r are posix like... yes
checking whether getpwnam_r and getpwuid_r are posix _draft_ like... no
checking that generated files are newer than configure... done
configure: creating ./config.status
config.status: creating Makefile
config.status: creating libedit.pc
config.status: creating src/Makefile
config.status: creating doc/Makefile
config.status: creating examples/Makefile
config.status: creating config.h
config.status: executing depfiles commands
config.status: executing libtool commands
[91/1434] Performing build step for 'libedit'
[92/1434] Performing build step for 'libexpat'
[93/1434] Performing install step for 'libedit'
[94/1434] Completed 'libedit'
[95/1434] Performing install step for 'libexpat'
[96/1434] Completed 'libexpat'
[97/1434] Performing build step for 'lz4'
[98/1434] No install step for 'lz4'
[99/1434] Completed 'lz4'
[100/1434] Performing download step (git clone) for 'catch2'
Cloning into 'catch2'...
HEAD is now at 255aa5f2 v2.11.3
[101/1434] Performing update step for 'catch2'
[102/1434] No patch step for 'catch2'
[103/1434] Performing configure step for 'catch2'
loading initial cache file /home/vimkim/gh/cb/pr7600-timing-base988/build_preset_release_gcc/unit_tests/catch2-prefix/tmp/catch2-cache-RelWithDebInfo.cmake
-- The CXX compiler identification is GNU 11.5.0
-- Detecting CXX compiler ABI info
-- Detecting CXX compiler ABI info - done
-- Check for working CXX compiler: /usr/bin/c++ - skipped
-- Detecting CXX compile features
-- Detecting CXX compile features - done
-- Configuring done (0.6s)
-- Generating done (0.0s)
-- Build files have been written to: /home/vimkim/gh/cb/pr7600-timing-base988/build_preset_release_gcc/unit_tests/catch2-prefix/src/catch2-build
[104/1434] Performing build step for 'catch2'
ninja: no work to do.
[105/1434] No install step for 'catch2'
[106/1434] Completed 'catch2'
[107/1434] Running utility command for pl_build
> Task :pl_server:generateGrammarSource

> Task :pl_server:compileJava
Note: Some input files use or override a deprecated API.
Note: Recompile with -Xlint:deprecation for details.
Note: Some input files use unchecked or unsafe operations.
Note: Recompile with -Xlint:unchecked for details.

> Task :pl_server:processResources
> Task :pl_server:classes
> Task :pl_server:jar
> Task :pl_server:startScripts
> Task :pl_server:distTar
> Task :pl_server:distZip
> Task :pl_server:assemble
> Task :pl_server:check
> Task :pl_server:build

BUILD SUCCESSFUL in 18s
7 actionable tasks: 7 executed
[108/1434] Performing build step for 'libopenssl'
[109/1434] Performing install step for 'libopenssl'
[110/1434] Completed 'libopenssl'
[111/1434] Building CXX object _deps/googletest-build/googletest/CMakeFiles/gtest.dir/src/gtest-all.cc.o
[112/1434] Linking CXX static library lib/libgtest.a
[113/1434] Linking CXX static library lib/libgtest_main.a
[114/1434] Linking CXX static library lib/libgmock.a
[115/1434] Linking CXX static library lib/libgmock_main.a
[116/1434] Performing configure step for 'libodbc'
[117/1434] Performing build step for 'libodbc'
[118/1434] Performing install step for 'libodbc'
[119/1434] Completed 'libodbc'
[120/1434] Building CXX object sa/CMakeFiles/cubridsa.dir/__/src/compat/db_function.cpp.o
[121/1434] Building CXX object sa/CMakeFiles/cubridsa.dir/__/src/base/dynamic_array.c.o
[122/1434] Building CXX object sa/CMakeFiles/cubridsa.dir/__/src/base/process_util.c.o
[123/1434] Building CXX object sa/CMakeFiles/cubridsa.dir/__/src/base/get_clock_freq.c.o
[124/1434] Building CXX object sa/CMakeFiles/cubridsa.dir/__/src/base/bit.c.o
[125/1434] Building CXX object sa/CMakeFiles/cubridsa.dir/__/src/base/sha1.c.o
[126/1434] Building CXX object sa/CMakeFiles/cubridsa.dir/__/src/base/porting.c.o
[127/1434] Building CXX object sa/CMakeFiles/cubridsa.dir/__/src/base/mprec.c.o
[128/1434] Building CXX object sa/CMakeFiles/cubridsa.dir/__/src/base/release_string.c.o
[129/1434] Building CXX object sa/CMakeFiles/cubridsa.dir/__/src/base/chartype.c.o
[130/1434] Building CXX object sa/CMakeFiles/cubridsa.dir/__/src/base/message_catalog.c.o
[131/1434] Building CXX object sa/CMakeFiles/cubridsa.dir/__/src/base/hide_password.cpp.o
[132/1434] Building CXX object sa/CMakeFiles/cubridsa.dir/__/src/base/ini_parser.c.o
[133/1434] Building CXX object sa/CMakeFiles/cubridsa.dir/__/src/base/dtoa.c.o
[134/1434] Building CXX object sa/CMakeFiles/cubridsa.dir/__/src/base/pinning.cpp.o
[135/1434] Building CXX object sa/CMakeFiles/cubridsa.dir/__/src/base/cubrid_getopt_long.c.o
[136/1434] Building CXX object sa/CMakeFiles/cubridsa.dir/__/src/base/misc_string.c.o
[137/1434] Building CXX object sa/CMakeFiles/cubridsa.dir/__/src/base/fixed_alloc.c.o
[138/1434] Building CXX object sa/CMakeFiles/cubridsa.dir/__/src/base/util_func.c.o
[139/1434] Building CXX object sa/CMakeFiles/cubridsa.dir/__/src/base/tsc_timer.c.o
[140/1434] Building CXX object sa/CMakeFiles/cubridsa.dir/__/src/base/xml_parser.c.o
[141/1434] Building CXX object sa/CMakeFiles/cubridsa.dir/__/src/base/variable_string.c.o
[142/1434] Building CXX object sa/CMakeFiles/cubridsa.dir/__/src/base/printer.cpp.o
[143/1434] Building CXX object sa/CMakeFiles/cubridsa.dir/__/src/base/environment_variable.c.o
[144/1434] Building CXX object sa/CMakeFiles/cubridsa.dir/__/src/base/perf.cpp.o
[145/1434] Building CXX object sa/CMakeFiles/cubridsa.dir/__/src/compat/db_json_types_internal.cpp.o
[146/1434] Building CXX object sa/CMakeFiles/cubridsa.dir/__/src/base/memory_private_allocator.cpp.o
[147/1434] Building CXX object sa/CMakeFiles/cubridsa.dir/__/src/base/unicode_support.c.o
[148/1434] Building CXX object sa/CMakeFiles/cubridsa.dir/__/src/base/mem_block.cpp.o
[149/1434] Building CXX object sa/CMakeFiles/cubridsa.dir/__/src/base/lockfree_transaction_system.cpp.o
[150/1434] Building CXX object sa/CMakeFiles/cubridsa.dir/__/src/base/pinnable_buffer.cpp.o
[151/1434] Building CXX object sa/CMakeFiles/cubridsa.dir/__/src/base/encryption.c.o
[152/1434] Building CXX object sa/CMakeFiles/cubridsa.dir/__/src/executables/extract_schema.cpp.o
[153/1434] Building CXX object sa/CMakeFiles/cubridsa.dir/__/src/compat/cnv.c.o
[154/1434] Building CXX object sa/CMakeFiles/cubridsa.dir/__/src/base/base64.c.o
[155/1434] Building CXX object sa/CMakeFiles/cubridsa.dir/__/src/base/stack_dump.c.o
[156/1434] Building CXX object sa/CMakeFiles/cubridsa.dir/__/src/base/error_context.cpp.o
[157/1434] Building CXX object sa/CMakeFiles/cubridsa.dir/__/src/base/filesys_temp.cpp.o
[158/1434] Building CXX object sa/CMakeFiles/cubridsa.dir/__/src/sp/pl_comm.c.o
[159/1434] Building C object sa/CMakeFiles/cubridsa.dir/__/src/compat/dbtype_function.c.o
[160/1434] Building CXX object sa/CMakeFiles/cubridsa.dir/__/src/base/string_buffer.cpp.o
[161/1434] Building CXX object sa/CMakeFiles/cubridsa.dir/__/src/base/databases_file.c.o
[162/1434] Building CXX object sa/CMakeFiles/cubridsa.dir/__/src/base/binaryheap.c.o
[163/1434] Building CXX object sa/CMakeFiles/cubridsa.dir/__/src/executables/file_hash.c.o
[164/1434] Building CXX object sa/CMakeFiles/cubridsa.dir/__/src/compat/db_json_allocator.cpp.o
[165/1434] Building CXX object sa/CMakeFiles/cubridsa.dir/__/src/base/packer.cpp.o
[166/1434] Building CXX object sa/CMakeFiles/cubridsa.dir/__/src/executables/csql_result.c.o
[167/1434] Building CXX object sa/CMakeFiles/cubridsa.dir/__/src/base/lockfree_transaction_descriptor.cpp.o
[168/1434] Building CXX object sa/CMakeFiles/cubridsa.dir/__/src/base/fileline_location.cpp.o
[169/1434] Building CXX object sa/CMakeFiles/cubridsa.dir/__/src/base/lockfree_transaction_table.cpp.o
[170/1434] Building CXX object sa/CMakeFiles/cubridsa.dir/__/src/base/fault_injection.c.o
[171/1434] Building CXX object sa/CMakeFiles/cubridsa.dir/__/src/base/lockfree_bitmap.cpp.o
[172/1434] Building CXX object sa/CMakeFiles/cubridsa.dir/__/src/base/uca_support.c.o
[173/1434] Building CXX object cs/CMakeFiles/cubridcs.dir/__/src/base/dynamic_array.c.o
[174/1434] Building CXX object sa/CMakeFiles/cubridsa.dir/__/src/base/perf_monitor_trackers.cpp.o
[175/1434] Building CXX object sa/CMakeFiles/cubridsa.dir/__/src/base/resource_tracker.cpp.o
[176/1434] Building CXX object sa/CMakeFiles/cubridsa.dir/__/src/executables/util_common.c.o
[177/1434] Building CXX object sa/CMakeFiles/cubridsa.dir/__/src/base/lock_free.c.o
[178/1434] Building CXX object sa/CMakeFiles/cubridsa.dir/__/src/base/locale_helper.cpp.o
[179/1434] Building CXX object sa/CMakeFiles/cubridsa.dir/__/src/heaplayers/customheaps.cpp.o
[180/1434] Building CXX object sa/CMakeFiles/cubridsa.dir/__/src/base/intl_support.c.o
[181/1434] Building CXX object cs/CMakeFiles/cubridcs.dir/__/src/base/environment_variable.c.o
[182/1434] Building CXX object sa/CMakeFiles/cubridsa.dir/__/src/base/error_manager.c.o
[183/1434] Building CXX object sa/CMakeFiles/cubridsa.dir/__/src/base/filesys_parser.cpp.o
[184/1434] Building CXX object sa/CMakeFiles/cubridsa.dir/__/src/sp/pl_file.c.o
[185/1434] Building CXX object sa/CMakeFiles/cubridsa.dir/__/src/sp/pl_sr.cpp.o
[186/1434] Building CXX object sa/CMakeFiles/cubridsa.dir/__/src/connection/connection_less.cpp.o
[187/1434] Building CXX object cs/CMakeFiles/cubridcs.dir/__/src/base/encryption.c.o
[188/1434] Building CXX object sa/CMakeFiles/cubridsa.dir/__/src/base/dynamic_load.c.o
[189/1434] Building CXX object sa/CMakeFiles/cubridsa.dir/__/src/connection/connection_list_cl.cpp.o
[190/1434] Building CXX object sa/CMakeFiles/cubridsa.dir/__/src/connection/connection_globals.c.o
[191/1434] Building CXX object sa/CMakeFiles/cubridsa.dir/__/src/heaplayers/lea_heap.c.o
[192/1434] Building CXX object sa/CMakeFiles/cubridsa.dir/__/src/communication/network_histogram.cpp.o
[193/1434] Building CXX object sa/CMakeFiles/cubridsa.dir/__/src/connection/tcp.c.o
[194/1434] Building CXX object sa/CMakeFiles/cubridsa.dir/__/src/compat/db_elo.c.o
[195/1434] Building CXX object sa/CMakeFiles/cubridsa.dir/__/src/connection/host_lookup.c.o
[196/1434] Building CXX object sa/CMakeFiles/cubridsa.dir/__/src/base/ifsys.cpp.o
[197/1434] Building CXX object sa/CMakeFiles/cubridsa.dir/__/src/base/area_alloc.c.o
[198/1434] Building CXX object sa/CMakeFiles/cubridsa.dir/__/src/compat/db_set.c.o
[199/1434] Building CXX object sa/CMakeFiles/cubridsa.dir/__/src/sp/pl_signature.cpp.o
[200/1434] Building CXX object sa/CMakeFiles/cubridsa.dir/__/src/base/memory_alloc.c.o
[201/1434] Building CXX object sa/CMakeFiles/cubridsa.dir/__/src/method/method_error.cpp.o
[202/1434] Building CXX object sa/CMakeFiles/cubridsa.dir/__/src/executables/csql_result_format.c.o
[203/1434] Building CXX object sa/CMakeFiles/cubridsa.dir/__/src/base/memory_hash.c.o
[204/1434] Building CXX object sa/CMakeFiles/cubridsa.dir/__/src/compat/db_macro.c.o
[205/1434] Building CXX object sa/CMakeFiles/cubridsa.dir/__/src/compat/db_virt.c.o
[206/1434] Building CXX object sa/CMakeFiles/cubridsa.dir/__/src/communication/network_callback_sr.cpp.o
[207/1434] Building CXX object sa/CMakeFiles/cubridsa.dir/__/src/method/method_struct_parameter_info.cpp.o
[208/1434] Building CXX object sa/CMakeFiles/cubridsa.dir/__/src/compat/db_old.c.o
[209/1434] Building CXX object sa/CMakeFiles/cubridsa.dir/__/src/executables/compactdb_common.c.o
[210/1434] Building CXX object sa/CMakeFiles/cubridsa.dir/__/src/executables/csql_session.c.o
[211/1434] Building CXX object sa/CMakeFiles/cubridsa.dir/__/src/monitor/monitor_statistic.cpp.o
[212/1434] Building CXX object sa/CMakeFiles/cubridsa.dir/__/src/compat/db_obj.c.o
[213/1434] Building CXX object sa/CMakeFiles/cubridsa.dir/__/src/compat/db_class.c.o
[214/1434] Building CXX object sa/CMakeFiles/cubridsa.dir/__/src/connection/connection_cl.cpp.o
[215/1434] Building CXX object sa/CMakeFiles/cubridsa.dir/__/src/executables/unloaddb.c.o
[216/1434] Building CXX object sa/CMakeFiles/cubridsa.dir/__/src/method/method_struct_invoke.cpp.o
[217/1434] Building CXX object sa/CMakeFiles/cubridsa.dir/__/src/executables/unload_object_file.c.o
[218/1434] Building CXX object sa/CMakeFiles/cubridsa.dir/__/src/base/lockfree_hashmap.cpp.o
[219/1434] Building CXX object sa/CMakeFiles/cubridsa.dir/__/src/compat/db_info.c.o
[220/1434] Building CXX object sa/CMakeFiles/cubridsa.dir/__/src/executables/csql_support.c.o
[221/1434] Building CXX object sa/CMakeFiles/cubridsa.dir/__/src/compat/db_temp.c.o
[222/1434] Building CXX object sa/CMakeFiles/cubridsa.dir/__/src/compat/db_method_static.cpp.o
[223/1434] Building CXX object sa/CMakeFiles/cubridsa.dir/__/src/sp/pl_connection.cpp.o
[224/1434] Building CXX object sa/CMakeFiles/cubridsa.dir/__/src/executables/compactdb.c.o
[225/1434] Building CXX object sa/CMakeFiles/cubridsa.dir/__/src/compat/db_value_printer.cpp.o
[226/1434] Building CXX object sa/CMakeFiles/cubridsa.dir/__/src/sp/pl_compile_handler.cpp.o
[227/1434] Building CXX object sa/CMakeFiles/cubridsa.dir/__/src/connection/connection_support.cpp.o
[228/1434] Building CXX object sa/CMakeFiles/cubridsa.dir/__/src/compat/db_query.c.o
[229/1434] Building CXX object sa/CMakeFiles/cubridsa.dir/__/src/base/resources.cpp.o
[230/1434] Building CXX object sa/CMakeFiles/cubridsa.dir/__/src/base/locale_support.c.o
[231/1434] Building CXX object sa/CMakeFiles/cubridsa.dir/__/src/base/ddl_log.c.o
[232/1434] Building CXX object sa/CMakeFiles/cubridsa.dir/__/src/monitor/monitor_registration.cpp.o
[233/1434] Building CXX object sa/CMakeFiles/cubridsa.dir/__/src/communication/network_callback_cl.cpp.o
[234/1434] Building CXX object sa/CMakeFiles/cubridsa.dir/__/src/method/method_struct_oid_info.cpp.o
[235/1434] Building CXX object sa/CMakeFiles/cubridsa.dir/__/src/base/cgroup.cpp.o
[236/1434] Building CXX object sa/CMakeFiles/cubridsa.dir/__/src/compat/db_date.c.o
[237/1434] Building CXX object sa/CMakeFiles/cubridsa.dir/__/src/object/lob_locator.cpp.o
[238/1434] Building CXX object sa/CMakeFiles/cubridsa.dir/__/src/object/quick_fit.c.o
[239/1434] Building CXX object sa/CMakeFiles/cubridsa.dir/__/src/method/method_query_util.cpp.o
[240/1434] Building CXX object sa/CMakeFiles/cubridsa.dir/__/src/executables/unload_object.c.o
[241/1434] Building CXX object sa/CMakeFiles/cubridsa.dir/__/src/base/json_builder.cpp.o
[242/1434] Building CXX object sa/CMakeFiles/cubridsa.dir/__/src/compat/db_admin.c.o
[243/1434] Building CXX object sa/CMakeFiles/cubridsa.dir/__/src/object/object_print_util.cpp.o
[244/1434] Building CXX object sa/CMakeFiles/cubridsa.dir/__/src/connection/client_support.cpp.o
[245/1434] Building CXX object sa/CMakeFiles/cubridsa.dir/__/src/executables/util_cs.c.o
[246/1434] Building CXX object sa/CMakeFiles/cubridsa.dir/__/src/sp/pl_struct_compile.cpp.o
[247/1434] Building CXX object sa/CMakeFiles/cubridsa.dir/__/src/method/method_oid_handler.cpp.o
[248/1434] Building CXX object sa/CMakeFiles/cubridsa.dir/__/src/base/language_support.c.o
[249/1434] Building CXX object sa/CMakeFiles/cubridsa.dir/__/src/object/elo.c.o
[250/1434] Building CXX object sa/CMakeFiles/cubridsa.dir/__/src/loaddb/load_object.c.o
[251/1434] Building CXX object sa/CMakeFiles/cubridsa.dir/__/src/object/identifier_store.cpp.o
[252/1434] Building CXX object sa/CMakeFiles/cubridsa.dir/__/src/monitor/monitor_transaction.cpp.o
[253/1434] Building CXX object sa/CMakeFiles/cubridsa.dir/__/src/method/method_struct_query.cpp.o
[254/1434] Building CXX object sa/CMakeFiles/cubridsa.dir/__/src/base/perf_monitor.c.o
[255/1434] Building CXX object sa/CMakeFiles/cubridsa.dir/__/src/executables/csql.c.o
[256/1434] Building CXX object sa/CMakeFiles/cubridsa.dir/__/src/method/method_struct_value.cpp.o
[257/1434] Building CXX object sa/CMakeFiles/cubridsa.dir/__/src/compat/db_vdb.c.o
[258/1434] Building CXX object sa/CMakeFiles/cubridsa.dir/__/src/compat/db_json_path.cpp.o
[259/1434] Building CXX object sa/CMakeFiles/cubridsa.dir/__/src/base/system_parameter.c.o
[260/1434] Building CXX object sa/CMakeFiles/cubridsa.dir/__/src/optimizer/query_bitset.c.o
[261/1434] Building CXX object sa/CMakeFiles/cubridsa.dir/__/src/sp/pl_query_cursor.cpp.o
[262/1434] Building CXX object sa/CMakeFiles/cubridsa.dir/__/src/sp/method_invoke_group.cpp.o
[263/1434] Building CXX object sa/CMakeFiles/cubridsa.dir/__/src/executables/util_sa.c.o
[264/1434] Building CXX object sa/CMakeFiles/cubridsa.dir/__/src/query/parallel/px_scan/px_scan_instnum.cpp.o
[265/1434] Building CXX object sa/CMakeFiles/cubridsa.dir/__/src/monitor/monitor_collect.cpp.o
[266/1434] Building CXX object sa/CMakeFiles/cubridsa.dir/__/src/sp/sp_code.cpp.o
[267/1434] Building CXX object sa/CMakeFiles/cubridsa.dir/__/src/base/object_representation_sr.c.o
[268/1434] Building CXX object sa/CMakeFiles/cubridsa.dir/__/src/object/authenticate_context.cpp.o
[269/1434] Building CXX object sa/CMakeFiles/cubridsa.dir/__/src/query/dblink_2pc_daemon.c.o
[270/1434] Building CXX object sa/CMakeFiles/cubridsa.dir/__/src/query/dblink_global_tran_catalog.c.o
[271/1434] Building CXX object sa/CMakeFiles/cubridsa.dir/__/src/object/schema_information_schema.cpp.o
[272/1434] Building CXX object sa/CMakeFiles/cubridsa.dir/__/src/method/method_scan.cpp.o
[273/1434] Building CXX object sa/CMakeFiles/cubridsa.dir/__/src/object/transform.c.o
[274/1434] Building CXX object sa/CMakeFiles/cubridsa.dir/__/src/object/schema_information_schema_definition.cpp.o
[275/1434] Building CXX object sa/CMakeFiles/cubridsa.dir/__/src/sp/pl_execution_stack_context.cpp.o
[276/1434] Building CXX object sa/CMakeFiles/cubridsa.dir/__/src/query/parallel/px_scan/px_scan_checker.cpp.o
[277/1434] Building CXX object sa/CMakeFiles/cubridsa.dir/__/src/object/authenticate_password.cpp.o
[278/1434] Building CXX object sa/CMakeFiles/cubridsa.dir/__/src/object/authenticate_owner.cpp.o
[279/1434] Building CXX object sa/CMakeFiles/cubridsa.dir/__/src/object/authenticate.c.o
[280/1434] Building CXX object sa/CMakeFiles/cubridsa.dir/__/src/object/deduplicate_key.c.o
[281/1434] Building CXX object sa/CMakeFiles/cubridsa.dir/__/src/object/authenticate_access_class.cpp.o
[282/1434] Building CXX object sa/CMakeFiles/cubridsa.dir/__/src/base/tz_support.c.o
[283/1434] Building CXX object sa/CMakeFiles/cubridsa.dir/__/src/query/parallel/px_query_execute/px_query_checker.cpp.o
[284/1434] Building CXX object sa/CMakeFiles/cubridsa.dir/__/src/object/authenticate_migration.cpp.o
[285/1434] Building CXX object sa/CMakeFiles/cubridsa.dir/__/src/sp/jsp_cl.cpp.o
[286/1434] Building CXX object sa/CMakeFiles/cubridsa.dir/__/src/method/method_query_handler.cpp.o
[287/1434] Building CXX object sa/CMakeFiles/cubridsa.dir/__/src/base/tz_compile.c.o
[288/1434] Building CXX object sa/CMakeFiles/cubridsa.dir/__/src/object/authenticate_cache.cpp.o
[289/1434] Building CXX object sa/CMakeFiles/cubridsa.dir/__/src/object/authenticate_access_user.cpp.o
[290/1434] Building CXX object sa/CMakeFiles/cubridsa.dir/__/src/object/schema_system_catalog.cpp.o
[291/1434] Building CXX object sa/CMakeFiles/cubridsa.dir/__/src/object/object_description.cpp.o
[292/1434] Building CXX object sa/CMakeFiles/cubridsa.dir/__/src/object/authenticate_access_auth.cpp.o
[293/1434] Building CXX object sa/CMakeFiles/cubridsa.dir/__/src/object/schema_system_catalog_definition.cpp.o
[294/1434] Building CXX object sa/CMakeFiles/cubridsa.dir/__/src/object/schema_system_catalog_install_query_spec.cpp.o
[295/1434] Building CXX object sa/CMakeFiles/cubridsa.dir/__/src/parser/func_type.cpp.o
[296/1434] Building CXX object sa/CMakeFiles/cubridsa.dir/__/src/object/class_description.cpp.o
[297/1434] Building CXX object sa/CMakeFiles/cubridsa.dir/__/src/object/authenticate_grant.cpp.o
[298/1434] Building CXX object sa/CMakeFiles/cubridsa.dir/__/src/query/crypt_opfunc.c.o
[299/1434] Building CXX object sa/CMakeFiles/cubridsa.dir/__/src/method/query_method.cpp.o
[300/1434] Building CXX object sa/CMakeFiles/cubridsa.dir/__/src/object/schema_system_catalog_builder.cpp.o
[301/1434] Building CXX object sa/CMakeFiles/cubridsa.dir/__/src/sp/pl_session.cpp.o
[302/1434] Building CXX object sa/CMakeFiles/cubridsa.dir/__/src/object/object_print.c.o
[303/1434] Building CXX object sa/CMakeFiles/cubridsa.dir/__/src/optimizer/rewriter/query_rewrite_subquery.c.o
[304/1434] Building CXX object sa/CMakeFiles/cubridsa.dir/__/src/optimizer/rewriter/query_rewrite_auto_parameterize.c.o
[305/1434] Building CXX object sa/CMakeFiles/cubridsa.dir/__/src/object/schema_class_truncator.cpp.o
[306/1434] Building CXX object sa/CMakeFiles/cubridsa.dir/__/src/object/object_template.c.o
[307/1434] Building CXX object sa/CMakeFiles/cubridsa.dir/__/src/object/schema_information_schema_builder.cpp.o
[308/1434] Building CXX object sa/CMakeFiles/cubridsa.dir/__/src/object/trigger_description.cpp.o
[309/1434] Building CXX object sa/CMakeFiles/cubridsa.dir/__/src/communication/network_interface_cl.c.o
[310/1434] Building CXX object sa/CMakeFiles/cubridsa.dir/__/src/optimizer/rewriter/query_rewrite.c.o
[311/1434] Building CXX object sa/CMakeFiles/cubridsa.dir/__/src/sp/pl_executor.cpp.o
[312/1434] Building CXX object sa/CMakeFiles/cubridsa.dir/__/src/optimizer/rewriter/query_rewrite_set.c.o
[313/1434] Building CXX object sa/CMakeFiles/cubridsa.dir/__/src/object/schema_information_schema_install_query_spec.cpp.o
[314/1434] Building CXX object sa/CMakeFiles/cubridsa.dir/__/src/object/object_printer.cpp.o
[315/1434] Building CXX object sa/CMakeFiles/cubridsa.dir/__/src/object/object_representation.c.o
/home/vimkim/gh/cb/pr7600-timing-base988/src/object/object_representation.c: In function ‘char* or_unpack_spacedb(char*, SPACEDB_ALL*, SPACEDB_ONEVOL**, SPACEDB_FILES*)’:
/home/vimkim/gh/cb/pr7600-timing-base988/src/object/object_representation.c:6261:19: warning: ‘char* strncpy(char*, const char*, size_t)’ specified bound 4096 equals destination size [-Wstringop-truncation]
 6261 |           strncpy ((*vols)[iter_vol].name, volname, DB_MAX_PATH_LENGTH);
      |           ~~~~~~~~^~~~~~~~~~~~~~~~~~~~~~~~~~~~~~~~~~~~~~~~~~~~~~~~~~~~~
[316/1434] Building CXX object sa/CMakeFiles/cubridsa.dir/__/src/object/object_accessor.c.o
[317/1434] Building CXX object sa/CMakeFiles/cubridsa.dir/__/src/object/virtual_object.c.o
[318/1434] Building CXX object sa/CMakeFiles/cubridsa.dir/__/src/query/query_cl.c.o
[319/1434] Building CXX object sa/CMakeFiles/cubridsa.dir/__/src/object/schema_template.c.o
[320/1434] Building CXX object sa/CMakeFiles/cubridsa.dir/__/src/object/set_object.c.o
[321/1434] Building CXX object sa/CMakeFiles/cubridsa.dir/__/src/query/dblink_2pc.c.o
[322/1434] Building CXX object sa/CMakeFiles/cubridsa.dir/__/src/optimizer/rewriter/query_rewrite_select.c.o
[323/1434] Building CXX object sa/CMakeFiles/cubridsa.dir/__/src/query/string_regex_re2.cpp.o
[324/1434] Building CXX object sa/CMakeFiles/cubridsa.dir/__/src/object/work_space.c.o
[325/1434] Building CXX object sa/CMakeFiles/cubridsa.dir/__/src/query/cursor.c.o
[326/1434] Building CXX object sa/CMakeFiles/cubridsa.dir/__/src/executables/unload_schema.c.o
[327/1434] Building CXX object sa/CMakeFiles/cubridsa.dir/__/src/query/vacuum_oos.cpp.o
[328/1434] Building CXX object sa/CMakeFiles/cubridsa.dir/__/src/query/regu_var.cpp.o
[329/1434] Building CXX object sa/CMakeFiles/cubridsa.dir/__/src/object/transform_cl.c.o
[330/1434] Building CXX object sa/CMakeFiles/cubridsa.dir/__/src/object/class_object.c.o
[331/1434] Building CXX object sa/CMakeFiles/cubridsa.dir/__/src/thread/critical_section_tracker.cpp.o
[332/1434] Building CXX object sa/CMakeFiles/cubridsa.dir/__/src/query/query_analytic.cpp.o
[333/1434] Building CXX object sa/CMakeFiles/cubridsa.dir/__/src/query/dblink_scan.c.o
[334/1434] Building CXX object sa/CMakeFiles/cubridsa.dir/__/src/query/numeric_opfunc.c.o
[335/1434] Building CXX object sa/CMakeFiles/cubridsa.dir/__/src/query/scan_json_table.cpp.o
[336/1434] Building CXX object sa/CMakeFiles/cubridsa.dir/__/src/query/query_hash_join.c.o
[337/1434] Building CXX object sa/CMakeFiles/cubridsa.dir/__/src/transaction/lock_table.c.o
[338/1434] Building CXX object sa/CMakeFiles/cubridsa.dir/__/src/query/query_reevaluation.cpp.o
[339/1434] Building CXX object sa/CMakeFiles/cubridsa.dir/__/src/query/partition.c.o
[340/1434] Building CXX object sa/CMakeFiles/cubridsa.dir/__/src/query/query_aggregate.cpp.o
[341/1434] Building CXX object sa/CMakeFiles/cubridsa.dir/__/src/optimizer/rewriter/query_rewrite_term.c.o
[342/1434] Building CXX object sa/CMakeFiles/cubridsa.dir/__/src/parser/cnf.c.o
[343/1434] Building CXX object sa/CMakeFiles/cubridsa.dir/__/src/query/query_dump.c.o
[344/1434] Building CXX object sa/CMakeFiles/cubridsa.dir/__/src/object/trigger_manager.c.o
[345/1434] Building CXX object sa/CMakeFiles/cubridsa.dir/__/src/query/arithmetic.c.o
[346/1434] Building CXX object sa/CMakeFiles/cubridsa.dir/__/src/query/string_regex.cpp.o
[347/1434] Building CXX object sa/CMakeFiles/cubridsa.dir/__/src/parser/parse_type.cpp.o
[348/1434] Building CXX object sa/CMakeFiles/cubridsa.dir/__/src/thread/thread_entry_task.cpp.o
[349/1434] Building CXX object sa/CMakeFiles/cubridsa.dir/__/src/parser/keyword.c.o
[350/1434] Building CXX object sa/CMakeFiles/cubridsa.dir/__/src/method/method_callback.cpp.o
[351/1434] Building CXX object sa/CMakeFiles/cubridsa.dir/__/src/transaction/log_lsa.cpp.o
[352/1434] Building CXX object sa/CMakeFiles/cubridsa.dir/__/src/transaction/client_credentials.cpp.o
[353/1434] Building CXX object sa/CMakeFiles/cubridsa.dir/__/src/parser/parser_allocator.cpp.o
[354/1434] Building CXX object sa/CMakeFiles/cubridsa.dir/__/src/transaction/locator.c.o
[355/1434] Building CXX object sa/CMakeFiles/cubridsa.dir/__/src/query/query_manager.c.o
[356/1434] Building CXX object sa/CMakeFiles/cubridsa.dir/__/src/transaction/wait_for_graph.c.o
[357/1434] Building CXX object sa/CMakeFiles/cubridsa.dir/__/src/parser/show_meta.c.o
[358/1434] Building CXX object sa/CMakeFiles/cubridsa.dir/__/src/parser/double_byte_support.c.o
[359/1434] Building CXX object sa/CMakeFiles/cubridsa.dir/__/src/object/schema_manager.c.o
[360/1434] Building CXX object sa/CMakeFiles/cubridsa.dir/__/src/parser/compile.c.o
[361/1434] Building CXX object sa/CMakeFiles/cubridsa.dir/__/src/query/set_scan.c.o
[362/1434] Building CXX object sa/CMakeFiles/cubridsa.dir/__/src/query/query_hash_scan.c.o
[363/1434] Building C object sa/CMakeFiles/cubridsa.dir/__/csql_lexer.c.o
[364/1434] Building CXX object sa/CMakeFiles/cubridsa.dir/__/src/query/show_scan.c.o
[365/1434] Building CXX object sa/CMakeFiles/cubridsa.dir/__/src/transaction/log_comm.c.o
[366/1434] Building CXX object sa/CMakeFiles/cubridsa.dir/__/src/query/filter_pred_cache.c.o
[367/1434] Building CXX object sa/CMakeFiles/cubridsa.dir/__/src/parser/method_transform.c.o
[368/1434] Building CXX object sa/CMakeFiles/cubridsa.dir/__/src/parser/parse_evaluate.c.o
[369/1434] Building CXX object sa/CMakeFiles/cubridsa.dir/__/src/object/object_primitive.c.o
[370/1434] Building CXX object sa/CMakeFiles/cubridsa.dir/__/src/query/list_file.c.o
[371/1434] Building CXX object sa/CMakeFiles/cubridsa.dir/__/src/storage/byte_order.c.o
[372/1434] Building CXX object sa/CMakeFiles/cubridsa.dir/__/src/storage/es_owfs.c.o
[373/1434] Building CXX object sa/CMakeFiles/cubridsa.dir/__/src/query/query_evaluator.c.o
[374/1434] Building CXX object sa/CMakeFiles/cubridsa.dir/__/src/object/object_domain.c.o
[375/1434] Building CXX object sa/CMakeFiles/cubridsa.dir/__/src/transaction/log_compress.c.o
[376/1434] Building CXX object sa/CMakeFiles/cubridsa.dir/__/src/query/xasl_to_stream.c.o
[377/1434] Building CXX object sa/CMakeFiles/cubridsa.dir/__/src/transaction/log_recovery_redo.cpp.o
[378/1434] Building CXX object sa/CMakeFiles/cubridsa.dir/__/src/thread/thread_lockfree_hash_map.cpp.o
[379/1434] Building CXX object sa/CMakeFiles/cubridsa.dir/__/src/transaction/mvcc.c.o
[380/1434] Building CXX object sa/CMakeFiles/cubridsa.dir/__/src/storage/es_posix.c.o
[381/1434] Building CXX object sa/CMakeFiles/cubridsa.dir/__/src/query/memoize.cpp.o
[382/1434] Building CXX object sa/CMakeFiles/cubridsa.dir/__/src/parser/parse_tree.c.o
[383/1434] Building CXX object sa/CMakeFiles/cubridsa.dir/__/src/transaction/log_postpone_cache.cpp.o
[384/1434] Building CXX object sa/CMakeFiles/cubridsa.dir/__/src/storage/btree_unique.cpp.o
[385/1434] Building CXX object sa/CMakeFiles/cubridsa.dir/__/src/transaction/log_2pc.c.o
[386/1434] Building CXX object sa/CMakeFiles/cubridsa.dir/__/src/query/subquery_cache.c.o
[387/1434] Building CXX object sa/CMakeFiles/cubridsa.dir/__/src/transaction/log_append.cpp.o
[388/1434] Building CXX object sa/CMakeFiles/cubridsa.dir/__/src/transaction/mvcc_active_tran.cpp.o
[389/1434] Building CXX object sa/CMakeFiles/cubridsa.dir/__/src/transaction/log_global.c.o
[390/1434] Building CXX object sa/CMakeFiles/cubridsa.dir/__/src/transaction/mvcc_table.cpp.o
[391/1434] Building CXX object sa/CMakeFiles/cubridsa.dir/__/src/storage/es_common.c.o
[392/1434] Building CXX object sa/CMakeFiles/cubridsa.dir/__/src/transaction/replication.c.o
[393/1434] Building CXX object sa/CMakeFiles/cubridsa.dir/__/src/query/serial.c.o
[394/1434] Building CXX object sa/CMakeFiles/cubridsa.dir/__/src/optimizer/plan_generation.c.o
[395/1434] Building CXX object sa/CMakeFiles/cubridsa.dir/__/src/optimizer/query_planner.c.o
[396/1434] Building CXX object sa/CMakeFiles/cubridsa.dir/__/src/storage/oid.c.o
[397/1434] Building CXX object sa/CMakeFiles/cubridsa.dir/__/src/thread/thread_manager.cpp.o
[398/1434] Building CXX object sa/CMakeFiles/cubridsa.dir/__/src/storage/statistics_ndv.c.o
[399/1434] Building CXX object sa/CMakeFiles/cubridsa.dir/__/src/parser/scanner_support.c.o
[400/1434] Building CXX object sa/CMakeFiles/cubridsa.dir/__/src/storage/oos_util.cpp.o
[401/1434] Building CXX object sa/CMakeFiles/cubridsa.dir/__/src/parser/xasl_regu_alloc.cpp.o
[402/1434] Building CXX object sa/CMakeFiles/cubridsa.dir/__/src/transaction/transaction_transient.cpp.o
[403/1434] Building CXX object sa/CMakeFiles/cubridsa.dir/__/src/storage/storage_common.c.o
[404/1434] Building CXX object sa/CMakeFiles/cubridsa.dir/__/src/parser/query_result.c.o
[405/1434] Building CXX object sa/CMakeFiles/cubridsa.dir/__/src/query/query_opfunc.c.o
[406/1434] Building CXX object sa/CMakeFiles/cubridsa.dir/__/src/xasl/xasl_unpack_info.cpp.o
[407/1434] Building CXX object sa/CMakeFiles/cubridsa.dir/__/src/storage/overflow_file.c.o
[408/1434] Building CXX object sa/CMakeFiles/cubridsa.dir/__/src/parser/parser_support.c.o
[409/1434] Building CXX object sa/CMakeFiles/cubridsa.dir/__/src/query/xasl_cache.c.o
[410/1434] Building CXX object sa/CMakeFiles/cubridsa.dir/__/src/transaction/boot_sr.c.o
[411/1434] Building CXX object sa/CMakeFiles/cubridsa.dir/__/src/xasl/access_json_table.cpp.o
[412/1434] Building CXX object sa/CMakeFiles/cubridsa.dir/__/src/parser/parse_dbi.c.o
[413/1434] Building CXX object sa/CMakeFiles/cubridsa.dir/__/src/transaction/log_writer.c.o
[414/1434] Building CXX object sa/CMakeFiles/cubridsa.dir/__/src/transaction/transaction_cl.c.o
[415/1434] Building CXX object sa/CMakeFiles/cubridsa.dir/__/src/object/schema_information_schema_install.cpp.o
[416/1434] Building CXX object sa/CMakeFiles/cubridsa.dir/__/src/transaction/flashback.c.o
[417/1434] Building CXX object sa/CMakeFiles/cubridsa.dir/__/src/session/session_sr.c.o
[418/1434] Building CXX object sa/CMakeFiles/cubridsa.dir/__/src/storage/ftab_set.cpp.o
[419/1434] Building CXX object sa/CMakeFiles/cubridsa.dir/__/src/storage/record_descriptor.cpp.o
[420/1434] Building CXX object sa/CMakeFiles/cubridsa.dir/__/src/optimizer/query_graph.c.o
[421/1434] Building CXX object sa/CMakeFiles/cubridsa.dir/__/src/loaddb/load_driver.cpp.o
[422/1434] Building CXX object sa/CMakeFiles/cubridsa.dir/__/src/transaction/recovery.c.o
[423/1434] Building CXX object sa/CMakeFiles/cubridsa.dir/__/src/transaction/log_system_tran.cpp.o
[424/1434] Building CXX object sa/CMakeFiles/cubridsa.dir/__/src/loaddb/load_error_handler.cpp.o
[425/1434] Building CXX object sa/CMakeFiles/cubridsa.dir/__/src/compat/db_json.cpp.o
[426/1434] Building CXX object sa/CMakeFiles/cubridsa.dir/__/src/query/stream_to_xasl.c.o
[427/1434] Building CXX object sa/CMakeFiles/cubridsa.dir/__/src/parser/name_resolution.c.o
[428/1434] Building CXX object sa/CMakeFiles/cubridsa.dir/__/src/transaction/transaction_sr.c.o
[429/1434] Building CXX object sa/CMakeFiles/cubridsa.dir/__/src/storage/es.c.o
[430/1434] Building CXX object sa/CMakeFiles/cubridsa.dir/__/load_lexer.cpp.o
[431/1434] Building CXX object sa/CMakeFiles/cubridsa.dir/__/src/transaction/lock_manager.c.o
[432/1434] Building CXX object sa/CMakeFiles/cubridsa.dir/__/src/optimizer/histogram/histogram_reader.cpp.o
[433/1434] Building CXX object cs/CMakeFiles/cubridcs.dir/__/src/executables/extract_schema.cpp.o
[434/1434] Building CXX object sa/CMakeFiles/cubridsa.dir/__/src/transaction/locator_cl.c.o
[435/1434] Building CXX object cs/CMakeFiles/cubridcs.dir/__/src/compat/db_function.cpp.o
[436/1434] Building CXX object sa/CMakeFiles/cubridsa.dir/__/src/xasl/xasl_predicate.cpp.o
[437/1434] Building CXX object sa/CMakeFiles/cubridsa.dir/__/src/storage/statistics_cl.c.o
[438/1434] Building CXX object sa/CMakeFiles/cubridsa.dir/__/src/storage/bestspace.cpp.o
[439/1434] Building CXX object sa/CMakeFiles/cubridsa.dir/__/src/transaction/boot_cl.c.o
[440/1434] Building CXX object cs/CMakeFiles/cubridcs.dir/__/src/executables/file_hash.c.o
[441/1434] Building CXX object sa/CMakeFiles/cubridsa.dir/__/load_grammar.cpp.o
[442/1434] Building CXX object sa/CMakeFiles/cubridsa.dir/__/src/optimizer/histogram/histogram_builder.cpp.o
[443/1434] Building CXX object sa/CMakeFiles/cubridsa.dir/__/src/xasl/xasl_stream.cpp.o
[444/1434] Building CXX object cs/CMakeFiles/cubridcs.dir/__/src/executables/csql_result.c.o
[445/1434] Building CXX object sa/CMakeFiles/cubridsa.dir/__/src/transaction/log_tran_table.c.o
[446/1434] Building CXX object sa/CMakeFiles/cubridsa.dir/__/src/storage/compactdb_sr.c.o
[447/1434] Building CXX object cs/CMakeFiles/cubridcs.dir/__/src/compat/db_json_allocator.cpp.o
[448/1434] Building CXX object sa/CMakeFiles/cubridsa.dir/__/src/thread/thread_entry.cpp.o
[449/1434] Building CXX object cs/CMakeFiles/cubridcs.dir/__/src/compat/cnv.c.o
[450/1434] Building CXX object sa/CMakeFiles/cubridsa.dir/__/src/loaddb/load_common.cpp.o
[451/1434] Building CXX object cs/CMakeFiles/cubridcs.dir/__/src/executables/util_common.c.o
[452/1434] Building CXX object cubrid/CMakeFiles/cubrid.dir/__/src/storage/es.c.o
[453/1434] Building CXX object sa/CMakeFiles/cubridsa.dir/__/src/storage/statistics_sr.c.o
[454/1434] Building CXX object sa/CMakeFiles/cubridsa.dir/__/src/loaddb/load_object_table.c.o
[455/1434] Building CXX object cs/CMakeFiles/cubridcs.dir/__/src/base/chartype.c.o
[456/1434] Building CXX object sa/CMakeFiles/cubridsa.dir/__/src/storage/tde.c.o
[457/1434] Building CXX object cs/CMakeFiles/cubridcs.dir/__/src/compat/db_json_types_internal.cpp.o
[458/1434] Building CXX object sa/CMakeFiles/cubridsa.dir/__/src/xasl/xasl_analytic.cpp.o
[459/1434] Building CXX object cs/CMakeFiles/cubridcs.dir/__/src/executables/csql_session.c.o
[460/1434] Building CXX object sa/CMakeFiles/cubridsa.dir/__/src/query/scan_manager.c.o
[461/1434] Building CXX object cs/CMakeFiles/cubridcs.dir/__/src/base/dtoa.c.o
[462/1434] Building CXX object cs/CMakeFiles/cubridcs.dir/__/src/base/fault_injection.c.o
[463/1434] Building CXX object sa/CMakeFiles/cubridsa.dir/__/src/storage/heap_oos.cpp.o
[464/1434] Building CXX object cs/CMakeFiles/cubridcs.dir/__/src/base/fileline_location.cpp.o
[465/1434] Building CXX object cs/CMakeFiles/cubridcs.dir/__/src/base/cubrid_getopt_long.c.o
[466/1434] Building CXX object cs/CMakeFiles/cubridcs.dir/__/src/base/fixed_alloc.c.o
[467/1434] Building CXX object cs/CMakeFiles/cubridcs.dir/__/src/base/base64.c.o
[468/1434] Building CXX object cs/CMakeFiles/cubridcs.dir/__/src/compat/db_class.c.o
[469/1434] Building CXX object cs/CMakeFiles/cubridcs.dir/__/src/compat/db_elo.c.o
[470/1434] Building CXX object sa/CMakeFiles/cubridsa.dir/__/src/loaddb/load_db.c.o
[471/1434] Building CXX object cs/CMakeFiles/cubridcs.dir/__/src/base/databases_file.c.o
[472/1434] Building CXX object sa/CMakeFiles/cubridsa.dir/__/src/storage/slotted_page.c.o
[473/1434] Building C object cs/CMakeFiles/cubridcs.dir/__/src/compat/dbtype_function.c.o
[474/1434] Building CXX object cs/CMakeFiles/cubridcs.dir/__/src/base/error_context.cpp.o
[475/1434] Building CXX object cs/CMakeFiles/cubridcs.dir/__/src/executables/csql_support.c.o
[476/1434] Building CXX object cs/CMakeFiles/cubridcs.dir/__/src/executables/unloaddb.c.o
[477/1434] Building CXX object cs/CMakeFiles/cubridcs.dir/__/src/base/misc_string.c.o
[478/1434] Building CXX object sa/CMakeFiles/cubridsa.dir/__/src/loaddb/load_semantic_helper.cpp.o
[479/1434] Building CXX object cs/CMakeFiles/cubridcs.dir/__/src/base/ini_parser.c.o
[480/1434] Building CXX object cs/CMakeFiles/cubridcs.dir/__/src/executables/unload_object.c.o
[481/1434] Building CXX object cs/CMakeFiles/cubridcs.dir/__/src/compat/db_info.c.o
[482/1434] Building CXX object sa/CMakeFiles/cubridsa.dir/__/src/transaction/log_recovery.c.o
[483/1434] Building CXX object sa/CMakeFiles/cubridsa.dir/__/src/query/fetch.c.o
[484/1434] Building CXX object cs/CMakeFiles/cubridcs.dir/__/src/base/mprec.c.o
[485/1434] Building CXX object cs/CMakeFiles/cubridcs.dir/__/src/base/get_clock_freq.c.o
[486/1434] Building CXX object cs/CMakeFiles/cubridcs.dir/__/src/base/lockfree_bitmap.cpp.o
[487/1434] Building CXX object cs/CMakeFiles/cubridcs.dir/__/src/base/message_catalog.c.o
[488/1434] Building CXX object cs/CMakeFiles/cubridcs.dir/__/src/base/memory_private_allocator.cpp.o
[489/1434] Building CXX object cs/CMakeFiles/cubridcs.dir/__/src/base/mem_block.cpp.o
[490/1434] Building CXX object cs/CMakeFiles/cubridcs.dir/__/src/base/error_manager.c.o
[491/1434] Building CXX object cs/CMakeFiles/cubridcs.dir/__/src/executables/checksumdb.c.o
[492/1434] Building CXX object cs/CMakeFiles/cubridcs.dir/__/src/executables/csql.c.o
[493/1434] Building CXX object cs/CMakeFiles/cubridcs.dir/__/src/base/locale_support.c.o
[494/1434] Building CXX object cs/CMakeFiles/cubridcs.dir/__/src/executables/csql_result_format.c.o
[495/1434] Building CXX object cs/CMakeFiles/cubridcs.dir/__/src/base/memory_monitor_cl.cpp.o
[496/1434] Building CXX object cs/CMakeFiles/cubridcs.dir/__/src/compat/db_set.c.o
[497/1434] Building CXX object cs/CMakeFiles/cubridcs.dir/__/src/base/sha1.c.o
[498/1434] Building CXX object sa/CMakeFiles/cubridsa.dir/__/src/storage/extendible_hash.c.o
[499/1434] Building CXX object cs/CMakeFiles/cubridcs.dir/__/src/base/process_util.c.o
[500/1434] Building CXX object sa/CMakeFiles/cubridsa.dir/__/src/storage/oos_file.cpp.o
[501/1434] Building CXX object cs/CMakeFiles/cubridcs.dir/__/src/base/porting.c.o
[502/1434] Building CXX object cs/CMakeFiles/cubridcs.dir/__/src/base/hide_password.cpp.o
[503/1434] Building CXX object cs/CMakeFiles/cubridcs.dir/__/src/base/release_string.c.o
[504/1434] Building CXX object cs/CMakeFiles/cubridcs.dir/__/src/executables/unload_object_file.c.o
[505/1434] Building CXX object cs/CMakeFiles/cubridcs.dir/__/src/base/pinning.cpp.o
[506/1434] Building CXX object cs/CMakeFiles/cubridcs.dir/__/src/compat/db_date.c.o
[507/1434] Building CXX object cs/CMakeFiles/cubridcs.dir/__/src/compat/db_macro.c.o
[508/1434] Building CXX object cs/CMakeFiles/cubridcs.dir/__/src/compat/db_admin.c.o
[509/1434] Building CXX object cs/CMakeFiles/cubridcs.dir/__/src/base/tsc_timer.c.o
[510/1434] Building CXX object sa/CMakeFiles/cubridsa.dir/__/src/sp/sp_catalog.cpp.o
[511/1434] Building CXX object cs/CMakeFiles/cubridcs.dir/__/src/base/perf.cpp.o
[512/1434] Building CXX object sa/CMakeFiles/cubridsa.dir/__/src/storage/disk_manager.c.o
/home/vimkim/gh/cb/pr7600-timing-base988/src/storage/disk_manager.c: In function ‘int disk_spacedb(THREAD_ENTRY*, SPACEDB_ALL*, SPACEDB_ONEVOL**)’:
/home/vimkim/gh/cb/pr7600-timing-base988/src/storage/disk_manager.c:6142:19: warning: ‘char* strncpy(char*, const char*, size_t)’ specified bound 4096 equals destination size [-Wstringop-truncation]
 6142 |           strncpy ((*spacevols)[iter_spacevols].name, disk_vhdr_get_vol_fullname (volheader), DB_MAX_PATH_LENGTH);
      |           ~~~~~~~~^~~~~~~~~~~~~~~~~~~~~~~~~~~~~~~~~~~~~~~~~~~~~~~~~~~~~~~~~~~~~~~~~~~~~~~~~~~~~~~~~~~~~~~~~~~~~~~
[513/1434] Building CXX object sa/CMakeFiles/cubridsa.dir/__/src/query/execute_schema.c.o
[514/1434] Building CXX object cs/CMakeFiles/cubridcs.dir/__/src/base/locale_helper.cpp.o
[515/1434] Building CXX object cs/CMakeFiles/cubridcs.dir/__/src/base/pinnable_buffer.cpp.o
[516/1434] Building CXX object cs/CMakeFiles/cubridcs.dir/__/src/compat/db_value_printer.cpp.o
[517/1434] Building CXX object cs/CMakeFiles/cubridcs.dir/__/src/base/resource_tracker.cpp.o
[518/1434] Building CXX object cs/CMakeFiles/cubridcs.dir/__/src/base/intl_support.c.o
[519/1434] Building CXX object cs/CMakeFiles/cubridcs.dir/__/src/base/util_func.c.o
[520/1434] Building CXX object cs/CMakeFiles/cubridcs.dir/__/src/executables/compactdb_cl.c.o
[521/1434] Building CXX object cs/CMakeFiles/cubridcs.dir/__/src/base/variable_string.c.o
[522/1434] Building CXX object sa/CMakeFiles/cubridsa.dir/__/src/transaction/locator_sr.c.o
[523/1434] Building CXX object cs/CMakeFiles/cubridcs.dir/__/src/compat/db_temp.c.o
[524/1434] Building CXX object cs/CMakeFiles/cubridcs.dir/__/src/base/printer.cpp.o
[525/1434] Building CXX object cs/CMakeFiles/cubridcs.dir/__/src/communication/network_common.cpp.o
[526/1434] Building CXX object cs/CMakeFiles/cubridcs.dir/__/src/base/packer.cpp.o
[527/1434] Building CXX object cs/CMakeFiles/cubridcs.dir/__/src/base/uca_support.c.o
[528/1434] Building CXX object cs/CMakeFiles/cubridcs.dir/__/src/base/unicode_support.c.o
[529/1434] Building CXX object cs/CMakeFiles/cubridcs.dir/__/src/base/xml_parser.c.o
[530/1434] Building CXX object cs/CMakeFiles/cubridcs.dir/__/src/executables/util_cs.c.o
[531/1434] Building CXX object cs/CMakeFiles/cubridcs.dir/__/src/base/filesys_temp.cpp.o
[532/1434] Building CXX object sa/CMakeFiles/cubridsa.dir/__/src/optimizer/histogram/histogram_cl.cpp.o
[533/1434] Building CXX object cs/CMakeFiles/cubridcs.dir/__/src/base/stack_dump.c.o
[534/1434] Building CXX object cs/CMakeFiles/cubridcs.dir/__/src/compat/db_method_static.cpp.o
[535/1434] Building CXX object sa/CMakeFiles/cubridsa.dir/__/src/storage/file_manager.c.o
[536/1434] Building CXX object cs/CMakeFiles/cubridcs.dir/__/src/base/string_buffer.cpp.o
[537/1434] Building CXX object cs/CMakeFiles/cubridcs.dir/__/src/compat/db_query.c.o
[538/1434] Building CXX object cs/CMakeFiles/cubridcs.dir/__/src/compat/db_virt.c.o
[539/1434] Building CXX object sa/CMakeFiles/cubridsa.dir/__/src/storage/system_catalog.c.o
[540/1434] Building CXX object sa/CMakeFiles/cubridsa.dir/__/src/transaction/log_page_buffer.c.o
/home/vimkim/gh/cb/pr7600-timing-base988/src/transaction/log_page_buffer.c: In function ‘void logpb_checkpoint_trans(LOG_INFO_CHKPT_TRANS*, log_tdes*, int&, int&, LOG_LSA&)’:
/home/vimkim/gh/cb/pr7600-timing-base988/src/transaction/log_page_buffer.c:7071:15: warning: ‘char* strncpy(char*, const char*, size_t)’ specified bound 33 equals destination size [-Wstringop-truncation]
 7071 |       strncpy (chkpt_entry->user_name, tdes->client.get_db_user (), LOG_USERNAME_MAX);
      |       ~~~~~~~~^~~~~~~~~~~~~~~~~~~~~~~~~~~~~~~~~~~~~~~~~~~~~~~~~~~~~~~~~~~~~~~~~~~~~~~
[541/1434] Building CXX object cs/CMakeFiles/cubridcs.dir/__/src/communication/network_histogram.cpp.o
[542/1434] Building CXX object cs/CMakeFiles/cubridcs.dir/__/src/compat/db_old.c.o
[543/1434] Building CXX object cs/CMakeFiles/cubridcs.dir/__/src/executables/compactdb_common.c.o
[544/1434] Building CXX object cs/CMakeFiles/cubridcs.dir/__/src/base/dynamic_load.c.o
[545/1434] Building CXX object cs/CMakeFiles/cubridcs.dir/__/src/base/memory_alloc.c.o
[546/1434] Building CXX object cs/CMakeFiles/cubridcs.dir/__/src/connection/connection_less.cpp.o
[547/1434] Building CXX object sa/CMakeFiles/cubridsa.dir/__/src/xasl/xasl_iteration.cpp.o
[548/1434] Building CXX object sa/CMakeFiles/cubridsa.dir/__/src/query/vacuum.c.o
[549/1434] Building CXX object cs/CMakeFiles/cubridcs.dir/__/src/base/filesys_parser.cpp.o
[550/1434] Building CXX object cs/CMakeFiles/cubridcs.dir/__/src/compat/db_json_path.cpp.o
[551/1434] Building CXX object sa/CMakeFiles/cubridsa.dir/__/src/loaddb/load_sa_loader.cpp.o
[552/1434] Building CXX object cs/CMakeFiles/cubridcs.dir/__/src/heaplayers/customheaps.cpp.o
[553/1434] Building CXX object sa/CMakeFiles/cubridsa.dir/__/src/transaction/log_manager.c.o
[554/1434] Building CXX object sa/CMakeFiles/cubridsa.dir/__/src/storage/external_sort.c.o
[555/1434] Building CXX object cs/CMakeFiles/cubridcs.dir/__/src/connection/connection_list_cl.cpp.o
[556/1434] Building CXX object cs/CMakeFiles/cubridcs.dir/__/src/base/area_alloc.c.o
[557/1434] Building CXX object cs/CMakeFiles/cubridcs.dir/__/src/connection/connection_globals.c.o
[558/1434] Building CXX object cs/CMakeFiles/cubridcs.dir/__/src/object/object_print_util.cpp.o
[559/1434] Building CXX object cs/CMakeFiles/cubridcs.dir/__/src/connection/tcp.c.o
[560/1434] Building CXX object cs/CMakeFiles/cubridcs.dir/__/src/object/identifier_store.cpp.o
[561/1434] Building CXX object cs/CMakeFiles/cubridcs.dir/__/src/object/elo.c.o
[562/1434] Building CXX object cs/CMakeFiles/cubridcs.dir/__/src/object/quick_fit.c.o
[563/1434] Building CXX object cs/CMakeFiles/cubridcs.dir/__/src/base/memory_hash.c.o
[564/1434] Building CXX object cs/CMakeFiles/cubridcs.dir/__/src/connection/heartbeat.c.o
[565/1434] Building CXX object sa/CMakeFiles/cubridsa.dir/__/src/parser/view_transform.c.o
[566/1434] Building CXX object cs/CMakeFiles/cubridcs.dir/__/src/base/ifsys.cpp.o
[567/1434] Building CXX object cs/CMakeFiles/cubridcs.dir/__/src/heaplayers/lea_heap.c.o
[568/1434] Building CXX object sa/CMakeFiles/cubridsa.dir/__/src/storage/btree_load.c.o
[569/1434] Building CXX object cs/CMakeFiles/cubridcs.dir/__/src/connection/connection_cl.cpp.o
[570/1434] Building CXX object cs/CMakeFiles/cubridcs.dir/__/src/compat/db_obj.c.o
[571/1434] Building CXX object cs/CMakeFiles/cubridcs.dir/__/src/connection/host_lookup.c.o
[572/1434] Building CXX object cs/CMakeFiles/cubridcs.dir/__/src/base/ddl_log.c.o
[573/1434] Building CXX object cs/CMakeFiles/cubridcs.dir/__/src/compat/db_vdb.c.o
[574/1434] Building CXX object cs/CMakeFiles/cubridcs.dir/__/src/communication/network_callback_cl.cpp.o
[575/1434] Building CXX object sa/CMakeFiles/cubridsa.dir/__/src/storage/file_io.c.o
/home/vimkim/gh/cb/pr7600-timing-base988/src/storage/file_io.c: In function ‘int fileio_cache(VOLID, const char*, int, FILEIO_LOCKF_TYPE)’:
/home/vimkim/gh/cb/pr7600-timing-base988/src/storage/file_io.c:5998:15: warning: ‘char* strncpy(char*, const char*, size_t)’ specified bound 4096 equals destination size [-Wstringop-truncation]
 5998 |       strncpy (vol_info_p->vlabel, vol_label_p, PATH_MAX);
      |       ~~~~~~~~^~~~~~~~~~~~~~~~~~~~~~~~~~~~~~~~~~~~~~~~~~~
/home/vimkim/gh/cb/pr7600-timing-base988/src/storage/file_io.c:5998:15: warning: ‘char* strncpy(char*, const char*, size_t)’ specified bound 4096 equals destination size [-Wstringop-truncation]
/home/vimkim/gh/cb/pr7600-timing-base988/src/storage/file_io.c: In function ‘int fileio_backup_volume(THREAD_ENTRY*, FILEIO_BACKUP_SESSION*, const char*, VOLID, PAGEID, bool)’:
/home/vimkim/gh/cb/pr7600-timing-base988/src/storage/file_io.c:8380:11: warning: ‘char* strncpy(char*, const char*, size_t)’ specified bound 4096 equals destination size [-Wstringop-truncation]
 8380 |   strncpy (file_header_p->vlabel, session_p->dbfile.vlabel, PATH_MAX);
      |   ~~~~~~~~^~~~~~~~~~~~~~~~~~~~~~~~~~~~~~~~~~~~~~~~~~~~~~~~~~~~~~~~~~~
[576/1434] Building CXX object cs/CMakeFiles/cubridcs.dir/__/src/object/transform.c.o
[577/1434] Building CXX object cs/CMakeFiles/cubridcs.dir/__/src/object/authenticate_owner.cpp.o
[578/1434] Building CXX object cs/CMakeFiles/cubridcs.dir/__/src/object/authenticate_context.cpp.o
[579/1434] Building CXX object sa/CMakeFiles/cubridsa.dir/__/src/storage/catalog_class.c.o
[580/1434] Building CXX object sa/CMakeFiles/cubridsa.dir/__/src/query/string_opfunc.c.o
[581/1434] Building CXX object sa/CMakeFiles/cubridsa.dir/__/src/parser/semantic_check.c.o
[582/1434] Building CXX object sa/CMakeFiles/cubridsa.dir/__/src/storage/double_write_buffer.cpp.o
[583/1434] Building CXX object cs/CMakeFiles/cubridcs.dir/__/src/object/schema_information_schema.cpp.o
[584/1434] Building CXX object cs/CMakeFiles/cubridcs.dir/__/src/object/schema_information_schema_definition.cpp.o
[585/1434] Building CXX object sa/CMakeFiles/cubridsa.dir/__/src/session/session.c.o
[586/1434] Building CXX object cs/CMakeFiles/cubridcs.dir/__/src/base/cgroup.cpp.o
[587/1434] Building CXX object cs/CMakeFiles/cubridcs.dir/__/src/optimizer/query_bitset.c.o
[588/1434] Building CXX object sa/CMakeFiles/cubridsa.dir/__/src/query/execute_statement.c.o
[589/1434] Building CXX object cs/CMakeFiles/cubridcs.dir/__/src/object/deduplicate_key.c.o
[590/1434] Building CXX object cs/CMakeFiles/cubridcs.dir/__/src/object/object_description.cpp.o
[591/1434] Building CXX object cs/CMakeFiles/cubridcs.dir/__/src/connection/client_support.cpp.o
[592/1434] Building CXX object cs/CMakeFiles/cubridcs.dir/__/src/object/lob_locator.cpp.o
[593/1434] Building CXX object cs/CMakeFiles/cubridcs.dir/__/src/base/json_builder.cpp.o
[594/1434] Building CXX object cs/CMakeFiles/cubridcs.dir/__/src/base/perf_monitor.c.o
[595/1434] Building CXX object cs/CMakeFiles/cubridcs.dir/__/src/object/schema_class_truncator.cpp.o
[596/1434] Building CXX object cs/CMakeFiles/cubridcs.dir/__/src/object/authenticate_password.cpp.o
[597/1434] Building CXX object cs/CMakeFiles/cubridcs.dir/__/src/base/system_parameter.c.o
[598/1434] Building CXX object cs/CMakeFiles/cubridcs.dir/__/src/object/authenticate_migration.cpp.o
[599/1434] Building CXX object cs/CMakeFiles/cubridcs.dir/__/src/base/language_support.c.o
[600/1434] Building CXX object cs/CMakeFiles/cubridcs.dir/__/src/object/schema_system_catalog_builder.cpp.o
[601/1434] Building CXX object cs/CMakeFiles/cubridcs.dir/__/src/object/schema_system_catalog.cpp.o
[602/1434] Building CXX object cs/CMakeFiles/cubridcs.dir/__/src/object/authenticate_grant.cpp.o
[603/1434] Building CXX object cs/CMakeFiles/cubridcs.dir/__/src/communication/network_cl.c.o
[604/1434] Building CXX object cs/CMakeFiles/cubridcs.dir/__/src/object/authenticate_cache.cpp.o
[605/1434] Building CXX object cs/CMakeFiles/cubridcs.dir/__/src/base/resources.cpp.o
[606/1434] Building CXX object cs/CMakeFiles/cubridcs.dir/__/src/connection/connection_support.cpp.o
[607/1434] Building CXX object sa/CMakeFiles/cubridsa.dir/__/src/query/query_executor.c.o
[608/1434] Building CXX object cs/CMakeFiles/cubridcs.dir/__/src/object/authenticate_access_auth.cpp.o
[609/1434] Building CXX object cs/CMakeFiles/cubridcs.dir/__/src/api/cubrid_log.c.o
[610/1434] Building CXX object cs/CMakeFiles/cubridcs.dir/__/src/object/schema_system_catalog_install_query_spec.cpp.o
[611/1434] Building CXX object cs/CMakeFiles/cubridcs.dir/__/src/object/authenticate_access_class.cpp.o
[612/1434] Building CXX object cs/CMakeFiles/cubridcs.dir/__/src/object/authenticate.c.o
[613/1434] Building CXX object cs/CMakeFiles/cubridcs.dir/__/src/base/tz_support.c.o
[614/1434] Building CXX object cs/CMakeFiles/cubridcs.dir/__/src/optimizer/rewriter/query_rewrite_auto_parameterize.c.o
[615/1434] Building CXX object cs/CMakeFiles/cubridcs.dir/__/src/object/authenticate_access_user.cpp.o
[616/1434] Building CXX object cs/CMakeFiles/cubridcs.dir/__/src/object/class_description.cpp.o
[617/1434] Building CXX object cs/CMakeFiles/cubridcs.dir/__/src/optimizer/rewriter/query_rewrite_set.c.o
[618/1434] Building CXX object cs/CMakeFiles/cubridcs.dir/__/src/object/trigger_description.cpp.o
[619/1434] Building CXX object cs/CMakeFiles/cubridcs.dir/__/src/communication/network_interface_cl.c.o
/home/vimkim/gh/cb/pr7600-timing-base988/src/communication/network_interface_cl.c: In function ‘int locator_fetch_all(const HFID*, LOCK*, LC_FETCH_VERSION_TYPE, OID*, int*, int*, OID*, LC_COPYAREA**, int, int, int)’:
/home/vimkim/gh/cb/pr7600-timing-base988/src/communication/network_interface_cl.c:434:22: warning: ‘a_request’ may be used uninitialized [-Wmaybe-uninitialized]
  434 |   ptr = or_pack_hfid (request, hfid);
      |         ~~~~~~~~~~~~~^~~~~~~~~~~~~~~
In file included from /home/vimkim/gh/cb/pr7600-timing-base988/src/communication/network_interface_cl.c:58:
/home/vimkim/gh/cb/pr7600-timing-base988/src/base/object_representation.h:1142:14: note: by argument 1 of type ‘const char*’ to ‘char* or_pack_hfid(const char*, const HFID*)’ declared here
 1142 | extern char *or_pack_hfid (const char *ptr, const HFID * hfid);
      |              ^~~~~~~~~~~~
/home/vimkim/gh/cb/pr7600-timing-base988/src/communication/network_interface_cl.c:426:73: note: ‘a_request’ declared here
  426 |   OR_ALIGNED_BUF (OR_HFID_SIZE + (OR_INT_SIZE * 8) + (OR_OID_SIZE * 2)) a_request;
      |                                                                         ^~~~~~~~~
/home/vimkim/gh/cb/pr7600-timing-base988/src/communication/network_interface_cl.c: In function ‘int heap_create(HFID*, const OID*, bool)’:
/home/vimkim/gh/cb/pr7600-timing-base988/src/communication/network_interface_cl.c:1679:22: warning: ‘a_request’ may be used uninitialized [-Wmaybe-uninitialized]
 1679 |   ptr = or_pack_hfid (request, hfid);
      |         ~~~~~~~~~~~~~^~~~~~~~~~~~~~~
In file included from /home/vimkim/gh/cb/pr7600-timing-base988/src/communication/network_interface_cl.c:58:
/home/vimkim/gh/cb/pr7600-timing-base988/src/base/object_representation.h:1142:14: note: by argument 1 of type ‘const char*’ to ‘char* or_pack_hfid(const char*, const HFID*)’ declared here
 1142 | extern char *or_pack_hfid (const char *ptr, const HFID * hfid);
      |              ^~~~~~~~~~~~
/home/vimkim/gh/cb/pr7600-timing-base988/src/communication/network_interface_cl.c:1671:61: note: ‘a_request’ declared here
 1671 |   OR_ALIGNED_BUF (OR_HFID_SIZE + OR_OID_SIZE + OR_INT_SIZE) a_request;
      |                                                             ^~~~~~~~~
/home/vimkim/gh/cb/pr7600-timing-base988/src/communication/network_interface_cl.c: In function ‘int heap_destroy_newly_created(const HFID*, const OID*, bool)’:
/home/vimkim/gh/cb/pr7600-timing-base988/src/communication/network_interface_cl.c:1779:22: warning: ‘a_request’ may be used uninitialized [-Wmaybe-uninitialized]
 1779 |   ptr = or_pack_hfid (request, hfid);
      |         ~~~~~~~~~~~~~^~~~~~~~~~~~~~~
In file included from /home/vimkim/gh/cb/pr7600-timing-base988/src/communication/network_interface_cl.c:58:
/home/vimkim/gh/cb/pr7600-timing-base988/src/base/object_representation.h:1142:14: note: by argument 1 of type ‘const char*’ to ‘char* or_pack_hfid(const char*, const HFID*)’ declared here
 1142 | extern char *or_pack_hfid (const char *ptr, const HFID * hfid);
      |              ^~~~~~~~~~~~
/home/vimkim/gh/cb/pr7600-timing-base988/src/communication/network_interface_cl.c:1771:61: note: ‘a_request’ declared here
 1771 |   OR_ALIGNED_BUF (OR_HFID_SIZE + OR_OID_SIZE + OR_INT_SIZE) a_request;
      |                                                             ^~~~~~~~~
/home/vimkim/gh/cb/pr7600-timing-base988/src/communication/network_interface_cl.c: In function ‘int heap_get_class_num_objects_pages(HFID*, int, int*, int*)’:
/home/vimkim/gh/cb/pr7600-timing-base988/src/communication/network_interface_cl.c:1831:22: warning: ‘a_request’ may be used uninitialized [-Wmaybe-uninitialized]
 1831 |   ptr = or_pack_hfid (request, hfid);
      |         ~~~~~~~~~~~~~^~~~~~~~~~~~~~~
In file included from /home/vimkim/gh/cb/pr7600-timing-base988/src/communication/network_interface_cl.c:58:
/home/vimkim/gh/cb/pr7600-timing-base988/src/base/object_representation.h:1142:14: note: by argument 1 of type ‘const char*’ to ‘char* or_pack_hfid(const char*, const HFID*)’ declared here
 1142 | extern char *or_pack_hfid (const char *ptr, const HFID * hfid);
      |              ^~~~~~~~~~~~
/home/vimkim/gh/cb/pr7600-timing-base988/src/communication/network_interface_cl.c:1822:47: note: ‘a_request’ declared here
 1822 |   OR_ALIGNED_BUF (OR_HFID_SIZE + OR_INT_SIZE) a_request;
      |                                               ^~~~~~~~~
/home/vimkim/gh/cb/pr7600-timing-base988/src/communication/network_interface_cl.c: In function ‘int heap_has_instance(HFID*, OID*, int)’:
/home/vimkim/gh/cb/pr7600-timing-base988/src/communication/network_interface_cl.c:1885:22: warning: ‘a_request’ may be used uninitialized [-Wmaybe-uninitialized]
 1885 |   ptr = or_pack_hfid (request, hfid);
      |         ~~~~~~~~~~~~~^~~~~~~~~~~~~~~
In file included from /home/vimkim/gh/cb/pr7600-timing-base988/src/communication/network_interface_cl.c:58:
/home/vimkim/gh/cb/pr7600-timing-base988/src/base/object_representation.h:1142:14: note: by argument 1 of type ‘const char*’ to ‘char* or_pack_hfid(const char*, const HFID*)’ declared here
 1142 | extern char *or_pack_hfid (const char *ptr, const HFID * hfid);
      |              ^~~~~~~~~~~~
/home/vimkim/gh/cb/pr7600-timing-base988/src/communication/network_interface_cl.c:1876:61: note: ‘a_request’ declared here
 1876 |   OR_ALIGNED_BUF (OR_HFID_SIZE + OR_OID_SIZE + OR_INT_SIZE) a_request;
      |                                                             ^~~~~~~~~
/home/vimkim/gh/cb/pr7600-timing-base988/src/communication/network_interface_cl.c: In function ‘int heap_reclaim_addresses(const HFID*)’:
/home/vimkim/gh/cb/pr7600-timing-base988/src/communication/network_interface_cl.c:1934:22: warning: ‘a_request’ may be used uninitialized [-Wmaybe-uninitialized]
 1934 |   ptr = or_pack_hfid (request, hfid);
      |         ~~~~~~~~~~~~~^~~~~~~~~~~~~~~
In file included from /home/vimkim/gh/cb/pr7600-timing-base988/src/communication/network_interface_cl.c:58:
/home/vimkim/gh/cb/pr7600-timing-base988/src/base/object_representation.h:1142:14: note: by argument 1 of type ‘const char*’ to ‘char* or_pack_hfid(const char*, const HFID*)’ declared here
 1142 | extern char *or_pack_hfid (const char *ptr, const HFID * hfid);
      |              ^~~~~~~~~~~~
/home/vimkim/gh/cb/pr7600-timing-base988/src/communication/network_interface_cl.c:1926:47: note: ‘a_request’ declared here
 1926 |   OR_ALIGNED_BUF (OR_HFID_SIZE + OR_INT_SIZE) a_request;
      |                                               ^~~~~~~~~
/home/vimkim/gh/cb/pr7600-timing-base988/src/communication/network_interface_cl.c: In function ‘int lob_create_dir(HFID*, int*, int)’:
/home/vimkim/gh/cb/pr7600-timing-base988/src/communication/network_interface_cl.c:11914:22: warning: ‘request’ may be used uninitialized [-Wmaybe-uninitialized]
11914 |   ptr = or_pack_hfid (request, hfid);
      |         ~~~~~~~~~~~~~^~~~~~~~~~~~~~~
In file included from /home/vimkim/gh/cb/pr7600-timing-base988/src/communication/network_interface_cl.c:58:
/home/vimkim/gh/cb/pr7600-timing-base988/src/base/object_representation.h:1142:14: note: by argument 1 of type ‘const char*’ to ‘char* or_pack_hfid(const char*, const HFID*)’ declared here
 1142 | extern char *or_pack_hfid (const char *ptr, const HFID * hfid);
      |              ^~~~~~~~~~~~
/home/vimkim/gh/cb/pr7600-timing-base988/src/communication/network_interface_cl.c:11914:22: warning: ‘request_local’ may be used uninitialized [-Wmaybe-uninitialized]
11914 |   ptr = or_pack_hfid (request, hfid);
      |         ~~~~~~~~~~~~~^~~~~~~~~~~~~~~
In file included from /home/vimkim/gh/cb/pr7600-timing-base988/src/communication/network_interface_cl.c:58:
/home/vimkim/gh/cb/pr7600-timing-base988/src/base/object_representation.h:1142:14: note: by argument 1 of type ‘const char*’ to ‘char* or_pack_hfid(const char*, const HFID*)’ declared here
 1142 | extern char *or_pack_hfid (const char *ptr, const HFID * hfid);
      |              ^~~~~~~~~~~~
/home/vimkim/gh/cb/pr7600-timing-base988/src/communication/network_interface_cl.c:11891:8: note: ‘request_local’ declared here
11891 |   char request_local[OR_HFID_SIZE + OR_INT_SIZE + (OR_INT_SIZE * 2)];
      |        ^~~~~~~~~~~~~
/home/vimkim/gh/cb/pr7600-timing-base988/src/communication/network_interface_cl.c: In function ‘int lob_remove_dir(HFID*, int)’:
/home/vimkim/gh/cb/pr7600-timing-base988/src/communication/network_interface_cl.c:11967:22: warning: ‘a_request’ may be used uninitialized [-Wmaybe-uninitialized]
11967 |   ptr = or_pack_hfid (request, hfid);
      |         ~~~~~~~~~~~~~^~~~~~~~~~~~~~~
In file included from /home/vimkim/gh/cb/pr7600-timing-base988/src/communication/network_interface_cl.c:58:
/home/vimkim/gh/cb/pr7600-timing-base988/src/base/object_representation.h:1142:14: note: by argument 1 of type ‘const char*’ to ‘char* or_pack_hfid(const char*, const HFID*)’ declared here
 1142 | extern char *or_pack_hfid (const char *ptr, const HFID * hfid);
      |              ^~~~~~~~~~~~
/home/vimkim/gh/cb/pr7600-timing-base988/src/communication/network_interface_cl.c:11956:47: note: ‘a_request’ declared here
11956 |   OR_ALIGNED_BUF (OR_HFID_SIZE + OR_INT_SIZE) a_request;
      |                                               ^~~~~~~~~
[620/1434] Building CXX object sa/CMakeFiles/cubridsa.dir/__/src/parser/parse_tree_cl.c.o
[621/1434] Building C object cs/CMakeFiles/cubridcs.dir/__/csql_lexer.c.o
[622/1434] Building CXX object sa/CMakeFiles/cubridsa.dir/__/src/storage/page_buffer.c.o
[623/1434] Building CXX object cs/CMakeFiles/cubridcs.dir/__/src/object/schema_system_catalog_definition.cpp.o
[624/1434] Building CXX object cs/CMakeFiles/cubridcs.dir/__/src/object/object_print.c.o
[625/1434] Building CXX object cs/CMakeFiles/cubridcs.dir/__/src/optimizer/rewriter/query_rewrite_select.c.o
[626/1434] Building CXX object cs/CMakeFiles/cubridcs.dir/__/src/object/schema_information_schema_builder.cpp.o
[627/1434] Building CXX object cs/CMakeFiles/cubridcs.dir/__/src/method/method_query_result.cpp.o
[628/1434] Building CXX object cs/CMakeFiles/cubridcs.dir/__/src/parser/double_byte_support.c.o
[629/1434] Building CXX object cs/CMakeFiles/cubridcs.dir/__/src/query/crypt_opfunc.c.o
[630/1434] Building CXX object cs/CMakeFiles/cubridcs.dir/__/src/object/schema_information_schema_install_query_spec.cpp.o
[631/1434] Building CXX object cs/CMakeFiles/cubridcs.dir/__/src/optimizer/rewriter/query_rewrite.c.o
[632/1434] Building CXX object cs/CMakeFiles/cubridcs.dir/__/src/parser/keyword.c.o
[633/1434] Building CXX object cs/CMakeFiles/cubridcs.dir/__/src/parser/parse_tree.c.o
[634/1434] Building CXX object cs/CMakeFiles/cubridcs.dir/__/src/parser/cnf.c.o
[635/1434] Building CXX object cs/CMakeFiles/cubridcs.dir/__/src/object/virtual_object.c.o
[636/1434] Building CXX object cs/CMakeFiles/cubridcs.dir/__/src/object/object_template.c.o
[637/1434] Building CXX object cs/CMakeFiles/cubridcs.dir/__/src/method/method_error.cpp.o
[638/1434] Building CXX object cs/CMakeFiles/cubridcs.dir/__/src/sp/pl_signature.cpp.o
[639/1434] Building CXX object sa/CMakeFiles/cubridsa.dir/__/src/object/schema_system_catalog_install.cpp.o
[640/1434] Building CXX object cs/CMakeFiles/cubridcs.dir/__/src/object/object_accessor.c.o
[641/1434] Building CXX object cs/CMakeFiles/cubridcs.dir/__/src/parser/parse_dbi.c.o
[642/1434] Building CXX object cs/CMakeFiles/cubridcs.dir/__/src/method/method_struct_parameter_info.cpp.o
[643/1434] Building CXX object cs/CMakeFiles/cubridcs.dir/__/src/parser/scanner_support.c.o
[644/1434] Building CXX object cs/CMakeFiles/cubridcs.dir/__/src/transaction/lock_table.c.o
[645/1434] Building CXX object cs/CMakeFiles/cubridcs.dir/__/src/object/object_representation.c.o
/home/vimkim/gh/cb/pr7600-timing-base988/src/object/object_representation.c: In function ‘char* or_unpack_spacedb(char*, SPACEDB_ALL*, SPACEDB_ONEVOL**, SPACEDB_FILES*)’:
/home/vimkim/gh/cb/pr7600-timing-base988/src/object/object_representation.c:6261:19: warning: ‘char* strncpy(char*, const char*, size_t)’ specified bound 4096 equals destination size [-Wstringop-truncation]
 6261 |           strncpy ((*vols)[iter_vol].name, volname, DB_MAX_PATH_LENGTH);
      |           ~~~~~~~~^~~~~~~~~~~~~~~~~~~~~~~~~~~~~~~~~~~~~~~~~~~~~~~~~~~~~
[646/1434] Building CXX object cs/CMakeFiles/cubridcs.dir/__/src/parser/show_meta.c.o
[647/1434] Building CXX object cs/CMakeFiles/cubridcs.dir/__/src/transaction/log_lsa.cpp.o
[648/1434] Building CXX object cs/CMakeFiles/cubridcs.dir/__/src/parser/compile.c.o
[649/1434] Building CXX object cs/CMakeFiles/cubridcs.dir/__/src/transaction/client_credentials.cpp.o
[650/1434] Building CXX object cs/CMakeFiles/cubridcs.dir/__/src/query/string_regex_re2.cpp.o
[651/1434] Building CXX object cs/CMakeFiles/cubridcs.dir/__/src/parser/parser_allocator.cpp.o
[652/1434] Building CXX object sa/CMakeFiles/cubridsa.dir/__/src/query/string_regex_std.cpp.o
[653/1434] Building CXX object cs/CMakeFiles/cubridcs.dir/__/src/storage/byte_order.c.o
[654/1434] Building CXX object cs/CMakeFiles/cubridcs.dir/__/src/optimizer/rewriter/query_rewrite_subquery.c.o
[655/1434] Building CXX object cs/CMakeFiles/cubridcs.dir/__/src/query/regu_var.cpp.o
[656/1434] Building CXX object cs/CMakeFiles/cubridcs.dir/__/src/transaction/log_compress.c.o
[657/1434] Building CXX object cs/CMakeFiles/cubridcs.dir/__/src/method/method_struct_invoke.cpp.o
[658/1434] Building CXX object cs/CMakeFiles/cubridcs.dir/__/src/parser/parse_type.cpp.o
[659/1434] Building CXX object cs/CMakeFiles/cubridcs.dir/__/src/method/method_query_util.cpp.o
[660/1434] Building CXX object cs/CMakeFiles/cubridcs.dir/__/src/object/schema_template.c.o
[661/1434] Building CXX object cs/CMakeFiles/cubridcs.dir/__/src/storage/es_posix.c.o
[662/1434] Building CXX object cs/CMakeFiles/cubridcs.dir/__/src/object/set_object.c.o
[663/1434] Building CXX object cs/CMakeFiles/cubridcs.dir/__/src/transaction/locator.c.o
[664/1434] Building CXX object cs/CMakeFiles/cubridcs.dir/__/src/method/method_oid_handler.cpp.o
[665/1434] Building CXX object cs/CMakeFiles/cubridcs.dir/__/src/executables/unload_schema.c.o
[666/1434] Building CXX object cs/CMakeFiles/cubridcs.dir/__/src/query/query_dump.c.o
[667/1434] Building CXX object cs/CMakeFiles/cubridcs.dir/__/src/query/query_cl.c.o
[668/1434] Building CXX object cs/CMakeFiles/cubridcs.dir/__/src/storage/es_owfs.c.o
[669/1434] Building CXX object cs/CMakeFiles/cubridcs.dir/__/src/object/work_space.c.o
[670/1434] Building CXX object cs/CMakeFiles/cubridcs.dir/__/src/object/object_printer.cpp.o
[671/1434] Building CXX object cs/CMakeFiles/cubridcs.dir/__/src/storage/es_common.c.o
[672/1434] Building CXX object cs/CMakeFiles/cubridcs.dir/__/src/object/class_object.c.o
[673/1434] Building CXX object cs/CMakeFiles/cubridcs.dir/__/src/storage/oid.c.o
[674/1434] Building CXX object cs/CMakeFiles/cubridcs.dir/__/src/optimizer/plan_generation.c.o
[675/1434] Building CXX object cs/CMakeFiles/cubridcs.dir/__/src/parser/xasl_regu_alloc.cpp.o
[676/1434] Building CXX object cs/CMakeFiles/cubridcs.dir/__/src/parser/method_transform.c.o
[677/1434] Building CXX object cs/CMakeFiles/cubridcs.dir/__/src/xasl/xasl_unpack_info.cpp.o
[678/1434] Building CXX object sa/CMakeFiles/cubridsa.dir/__/src/parser/type_checking.c.o
[679/1434] Building CXX object cs/CMakeFiles/cubridcs.dir/__/src/object/transform_cl.c.o
[680/1434] Building CXX object cs/CMakeFiles/cubridcs.dir/__/src/parser/parse_evaluate.c.o
[681/1434] Building CXX object cs/CMakeFiles/cubridcs.dir/__/src/query/numeric_opfunc.c.o
[682/1434] Building CXX object cs/CMakeFiles/cubridcs.dir/__/src/sp/pl_comm.c.o
[683/1434] Building CXX object cs/CMakeFiles/cubridcs.dir/__/src/query/cursor.c.o
[684/1434] Building CXX object cs/CMakeFiles/cubridcs.dir/__/src/object/trigger_manager.c.o
[685/1434] Building CXX object cs/CMakeFiles/cubridcs.dir/__/src/storage/storage_common.c.o
[686/1434] Building CXX object cs/CMakeFiles/cubridcs.dir/__/src/parser/query_result.c.o
[687/1434] Building CXX object cs/CMakeFiles/cubridcs.dir/__/src/xasl/access_json_table.cpp.o
[688/1434] Building CXX object cs/CMakeFiles/cubridcs.dir/__/src/query/string_regex.cpp.o
[689/1434] Building CXX object cs/CMakeFiles/cubridcs.dir/__/src/sp/pl_struct_compile.cpp.o
[690/1434] Building CXX object cs/CMakeFiles/cubridcs.dir/__/src/method/method_struct_oid_info.cpp.o
[691/1434] Building CXX object cs/CMakeFiles/cubridcs.dir/__/src/storage/tde.c.o
[692/1434] Building CXX object cs/CMakeFiles/cubridcs.dir/__/src/transaction/log_comm.c.o
[693/1434] Building CXX object cs/CMakeFiles/cubridcs.dir/__/src/optimizer/rewriter/query_rewrite_term.c.o
[694/1434] Building CXX object cs/CMakeFiles/cubridcs.dir/__/src/method/method_struct_value.cpp.o
[695/1434] Building CXX object cs/CMakeFiles/cubridcs.dir/__/src/object/object_primitive.c.o
[696/1434] Building CXX object cs/CMakeFiles/cubridcs.dir/__/src/method/method_struct_query.cpp.o
[697/1434] Building CXX object cs/CMakeFiles/cubridcs.dir/__/src/optimizer/histogram/histogram_reader.cpp.o
[698/1434] Building CXX object cs/CMakeFiles/cubridcs.dir/__/src/optimizer/query_planner.c.o
[699/1434] Building CXX object cs/CMakeFiles/cubridcs.dir/__/src/optimizer/histogram/histogram_builder.cpp.o
[700/1434] Building CXX object sa/CMakeFiles/cubridsa.dir/__/src/optimizer/histogram/histogram_sampler_sr.cpp.o
[701/1434] Building CXX object cs/CMakeFiles/cubridcs.dir/__/src/object/schema_manager.c.o
[702/1434] Building CXX object cs/CMakeFiles/cubridcs.dir/__/src/xasl/xasl_predicate.cpp.o
[703/1434] Building CXX object cs/CMakeFiles/cubridcs.dir/__/src/transaction/log_applier_sql_log.c.o
[704/1434] Building CXX object cs/CMakeFiles/cubridcs.dir/__/src/sp/jsp_cl.cpp.o
[705/1434] Building CXX object cubrid/CMakeFiles/cubrid.dir/__/src/base/binaryheap.c.o
[706/1434] Building CXX object cs/CMakeFiles/cubridcs.dir/__/src/transaction/boot_cl.c.o
[707/1434] Building CXX object cs/CMakeFiles/cubridcs.dir/__/src/xasl/xasl_analytic.cpp.o
[708/1434] Building CXX object cs/CMakeFiles/cubridcs.dir/__/src/method/query_method.cpp.o
[709/1434] Building CXX object cs/CMakeFiles/cubridcs.dir/__/src/transaction/transaction_cl.c.o
[710/1434] Building CXX object cs/CMakeFiles/cubridcs.dir/__/src/loaddb/load_common.cpp.o
[711/1434] Building CXX object cs/CMakeFiles/cubridcs.dir/__/src/method/method_struct_schema_info.cpp.o
[712/1434] Building CXX object cs/CMakeFiles/cubridcs.dir/__/src/optimizer/query_graph.c.o
[713/1434] Building CXX object cubrid/CMakeFiles/cubrid.dir/__/src/base/dynamic_array.c.o
[714/1434] Building CXX object cs/CMakeFiles/cubridcs.dir/__/src/query/xasl_to_stream.c.o
[715/1434] Building CXX object cs/CMakeFiles/cubridcs.dir/__/src/storage/es.c.o
[716/1434] Building CXX object cs/CMakeFiles/cubridcs.dir/__/src/transaction/flashback_cl.c.o
[717/1434] Building CXX object cs/CMakeFiles/cubridcs.dir/__/src/method/method_query_handler.cpp.o
[718/1434] Building CXX object cubrid/CMakeFiles/cubrid.dir/__/src/base/chartype.c.o
[719/1434] Building CXX object cs/CMakeFiles/cubridcs.dir/__/src/parser/name_resolution.c.o
[720/1434] Building CXX object cs/CMakeFiles/cubridcs.dir/__/src/query/arithmetic.c.o
[721/1434] Building CXX object cs/CMakeFiles/cubridcs.dir/__/src/parser/parser_support.c.o
[722/1434] Building CXX object cs/CMakeFiles/cubridcs.dir/__/src/parser/func_type.cpp.o
[723/1434] Building CXX object cubrid/CMakeFiles/cubrid.dir/__/src/base/lockfree_transaction_descriptor.cpp.o
[724/1434] Building CXX object cs/CMakeFiles/cubridcs.dir/__/src/xasl/xasl_stream.cpp.o
[725/1434] Building CXX object cs/CMakeFiles/cubridcs.dir/__/src/object/object_domain.c.o
[726/1434] Building CXX object cs/CMakeFiles/cubridcs.dir/__/src/query/parallel/px_scan/px_scan_instnum.cpp.o
[727/1434] Building CXX object cs/CMakeFiles/cubridcs.dir/__/src/parser/view_transform.c.o
[728/1434] Building CXX object cubrid/CMakeFiles/cubrid.dir/__/src/base/fixed_alloc.c.o
[729/1434] Building CXX object cubrid/CMakeFiles/cubrid.dir/__/src/base/dtoa.c.o
[730/1434] Building CXX object cubrid/CMakeFiles/cubrid.dir/__/src/base/encryption.c.o
[731/1434] Building CXX object sa/CMakeFiles/cubridsa.dir/__/src/storage/heap_file.c.o
[732/1434] Building CXX object cubrid/CMakeFiles/cubrid.dir/__/src/base/bit.c.o
[733/1434] Building CXX object cs/CMakeFiles/cubridcs.dir/__/src/storage/file_io.c.o
[734/1434] Building CXX object cs/CMakeFiles/cubridcs.dir/__/src/transaction/log_writer.c.o
/home/vimkim/gh/cb/pr7600-timing-base988/src/transaction/log_writer.c: In function ‘int logwr_copy_log_file(const char*, const char*, int, INT64)’:
/home/vimkim/gh/cb/pr7600-timing-base988/src/transaction/log_writer.c:1813:39: warning: ‘%s’ directive writing up to 16543 bytes into a region of size 8192 [-Wformat-overflow=]
 1813 |           sprintf (log_archive_path, "%s%s%s", logwr_Gl.log_path, FILEIO_PATH_SEPARATOR (logwr_Gl.log_path),
      |                                       ^~       ~~~~~~~~~~~~~~~~~
/home/vimkim/gh/cb/pr7600-timing-base988/src/transaction/log_writer.c:1813:19: note: ‘sprintf’ output between 1 and 16800 bytes into a destination of size 8192
 1813 |           sprintf (log_archive_path, "%s%s%s", logwr_Gl.log_path, FILEIO_PATH_SEPARATOR (logwr_Gl.log_path),
      |           ~~~~~~~~^~~~~~~~~~~~~~~~~~~~~~~~~~~~~~~~~~~~~~~~~~~~~~~~~~~~~~~~~~~~~~~~~~~~~~~~~~~~~~~~~~~~~~~~~~
 1814 |                    dp->d_name);
      |                    ~~~~~~~~~~~
[735/1434] Building CXX object cubrid/CMakeFiles/cubrid.dir/__/src/base/fault_injection.c.o
[736/1434] Building CXX object cubrid/CMakeFiles/cubrid.dir/__/src/base/environment_variable.c.o
[737/1434] Building CXX object cubrid/CMakeFiles/cubrid.dir/__/src/base/lockfree_transaction_table.cpp.o
[738/1434] Building CXX object cubrid/CMakeFiles/cubrid.dir/__/src/base/filesys_temp.cpp.o
[739/1434] Building CXX object cs/CMakeFiles/cubridcs.dir/__/src/storage/statistics_cl.c.o
[740/1434] Building CXX object cubrid/CMakeFiles/cubrid.dir/__/src/base/base64.c.o
[741/1434] Building CXX object cs/CMakeFiles/cubridcs.dir/__/src/transaction/locator_cl.c.o
[742/1434] Building CXX object cubrid/CMakeFiles/cubrid.dir/__/src/base/locale_helper.cpp.o
[743/1434] Building CXX object cubrid/CMakeFiles/cubrid.dir/__/src/base/error_context.cpp.o
[744/1434] Building CXX object cubrid/CMakeFiles/cubrid.dir/__/src/base/fileline_location.cpp.o
[745/1434] Building CXX object cubrid/CMakeFiles/cubrid.dir/__/src/base/area_alloc.c.o
[746/1434] Building CXX object cubrid/CMakeFiles/cubrid.dir/__/src/base/get_clock_freq.c.o
[747/1434] Building CXX object cubrid/CMakeFiles/cubrid.dir/__/src/base/cubrid_getopt_long.c.o
[748/1434] Building CXX object cs/CMakeFiles/cubridcs.dir/__/src/query/parallel/px_query_execute/px_query_checker.cpp.o
[749/1434] Building CXX object cubrid/CMakeFiles/cubrid.dir/__/src/base/databases_file.c.o
[750/1434] Building CXX object cubrid/CMakeFiles/cubrid.dir/__/src/base/locale_support.c.o
[751/1434] Building CXX object cs/CMakeFiles/cubridcs.dir/__/src/loaddb/load_object.c.o
[752/1434] Building CXX object cs/CMakeFiles/cubridcs.dir/__/src/query/execute_schema.c.o
[753/1434] Building CXX object cubrid/CMakeFiles/cubrid.dir/__/src/base/porting.c.o
[754/1434] Building CXX object cubrid/CMakeFiles/cubrid.dir/__/src/base/lockfree_transaction_system.cpp.o
[755/1434] Building CXX object cubrid/CMakeFiles/cubrid.dir/__/src/base/process_util.c.o
[756/1434] Building CXX object cubrid/CMakeFiles/cubrid.dir/__/src/base/misc_string.c.o
[757/1434] Building CXX object cs/CMakeFiles/cubridcs.dir/__/src/query/parallel/px_scan/px_scan_checker.cpp.o
[758/1434] Building CXX object cubrid/CMakeFiles/cubrid.dir/__/src/base/lockfree_bitmap.cpp.o
[759/1434] Building CXX object cubrid/CMakeFiles/cubrid.dir/__/src/base/pinnable_buffer.cpp.o
[760/1434] Building CXX object cs/CMakeFiles/cubridcs.dir/__/src/object/schema_information_schema_install.cpp.o
[761/1434] Building CXX object cubrid/CMakeFiles/cubrid.dir/__/src/base/lock_free.c.o
[762/1434] Building CXX object cubrid/CMakeFiles/cubrid.dir/__/src/base/tsc_timer.c.o
[763/1434] Building CXX object cubrid/CMakeFiles/cubrid.dir/__/src/base/sha1.c.o
[764/1434] Building CXX object cubrid/CMakeFiles/cubrid.dir/__/src/base/release_string.c.o
[765/1434] Building CXX object cubrid/CMakeFiles/cubrid.dir/__/src/base/packer.cpp.o
[766/1434] Building CXX object cubrid/CMakeFiles/cubrid.dir/__/src/base/unicode_support.c.o
[767/1434] Building CXX object cubrid/CMakeFiles/cubrid.dir/__/src/base/memory_monitor_api.cpp.o
[768/1434] Building CXX object cubrid/CMakeFiles/cubrid.dir/__/src/base/resource_tracker.cpp.o
[769/1434] Building CXX object cubrid/CMakeFiles/cubrid.dir/__/src/base/memory_monitor_sr.cpp.o
[770/1434] Building CXX object cubrid/CMakeFiles/cubrid.dir/__/src/compat/cnv.c.o
[771/1434] Building CXX object cubrid/CMakeFiles/cubrid.dir/__/src/base/intl_support.c.o
[772/1434] Building CXX object cubrid/CMakeFiles/cubrid.dir/__/src/base/util_func.c.o
[773/1434] Building CXX object cubrid/CMakeFiles/cubrid.dir/__/src/base/printer.cpp.o
[774/1434] Building CXX object cubrid/CMakeFiles/cubrid.dir/__/src/base/packet_buffer.cpp.o
[775/1434] Building CXX object cubrid/CMakeFiles/cubrid.dir/__/src/base/ini_parser.c.o
[776/1434] Building CXX object cubrid/CMakeFiles/cubrid.dir/__/src/base/error_manager.c.o
[777/1434] Building CXX object cubrid/CMakeFiles/cubrid.dir/__/src/base/mem_block.cpp.o
[778/1434] Building CXX object cubrid/CMakeFiles/cubrid.dir/__/src/base/perf_monitor_trackers.cpp.o
[779/1434] Building CXX object cubrid/CMakeFiles/cubrid.dir/__/src/base/pinning.cpp.o
[780/1434] Building CXX object cs/CMakeFiles/cubridcs.dir/__/src/loaddb/load_db.c.o
[781/1434] Building CXX object cubrid/CMakeFiles/cubrid.dir/__/src/base/epoll.cpp.o
[782/1434] Building CXX object cubrid/CMakeFiles/cubrid.dir/__/src/base/message_catalog.c.o
[783/1434] Building CXX object sa/CMakeFiles/cubridsa.dir/__/src/storage/btree.c.o
/home/vimkim/gh/cb/pr7600-timing-base988/src/storage/btree.c: In function ‘DISK_ISVALID btree_verify_subtree(THREAD_ENTRY*, const OID*, BTID_INT*, const char*, PAGE_PTR, VPID*, BTREE_NODE_INFO*)’:
/home/vimkim/gh/cb/pr7600-timing-base988/src/storage/btree.c:13676:18: warning: ‘prev_sep.db_identifier::volid’ may be used uninitialized in this function [-Wmaybe-uninitialized]
13676 |       if (i >= 2 && OID_GT (&prev_sep, &cur_sep))
/home/vimkim/gh/cb/pr7600-timing-base988/src/storage/btree.c:13503:7: note: ‘prev_sep.db_identifier::volid’ was declared here
13503 |   OID prev_sep, cur_sep;
      |       ^~~~~~~~
[784/1434] Building CXX object cubrid/CMakeFiles/cubrid.dir/__/src/base/perf.cpp.o
[785/1434] Building CXX object cubrid/CMakeFiles/cubrid.dir/__/src/base/DMRBMemoryPool.cpp.o
[786/1434] Building CXX object cs/CMakeFiles/cubridcs.dir/__/src/optimizer/histogram/histogram_cl.cpp.o
[787/1434] Building CXX object cubrid/CMakeFiles/cubrid.dir/__/src/base/nonblocking.cpp.o
[788/1434] Building CXX object cubrid/CMakeFiles/cubrid.dir/__/src/base/memory_private_allocator.cpp.o
[789/1434] Building CXX object cubrid/CMakeFiles/cubrid.dir/__/src/base/memory_hash.c.o
[790/1434] Building CXX object cubrid/CMakeFiles/cubrid.dir/__/src/base/string_buffer.cpp.o
[791/1434] Building CXX object cubrid/CMakeFiles/cubrid.dir/__/src/base/uca_support.c.o
[792/1434] Building CXX object cubrid/CMakeFiles/cubrid.dir/__/src/base/memory_alloc.c.o
[793/1434] Building CXX object cubrid/CMakeFiles/cubrid.dir/__/src/base/trace_event_log.c.o
[794/1434] Building CXX object cs/CMakeFiles/cubridcs.dir/__/src/query/execute_statement.c.o
[795/1434] Building CXX object cubrid/CMakeFiles/cubrid.dir/__/src/base/language_support.c.o
[796/1434] Building CXX object cubrid/CMakeFiles/cubrid.dir/__/src/base/mprec.c.o
[797/1434] Building CXX object cubrid/CMakeFiles/cubrid.dir/__/src/compat/db_elo.c.o
[798/1434] Building CXX object cubrid/CMakeFiles/cubrid.dir/__/src/base/variable_string.c.o
[799/1434] Building CXX object cubrid/CMakeFiles/cubrid.dir/__/src/compat/db_set.c.o
[800/1434] Building CXX object cs/CMakeFiles/cubridcs.dir/__/src/method/method_callback.cpp.o
[801/1434] Building CXX object cubrid/CMakeFiles/cubrid.dir/__/src/base/lockfree_hashmap.cpp.o
[802/1434] Building CXX object cubrid/CMakeFiles/cubrid.dir/__/src/compat/db_function.cpp.o
[803/1434] Building CXX object cubrid/CMakeFiles/cubrid.dir/__/src/base/filesys_parser.cpp.o
[804/1434] Building CXX object sa/CMakeFiles/cubridsa.dir/__/src/parser/xasl_generation.c.o
[805/1434] Building CXX object cubrid/CMakeFiles/cubrid.dir/__/src/base/stack_dump.c.o
[806/1434] Building CXX object cubrid/CMakeFiles/cubrid.dir/__/src/communication/network_callback_sr.cpp.o
[807/1434] Building CXX object cubrid/CMakeFiles/cubrid.dir/__/src/base/xml_parser.c.o
[808/1434] Building CXX object cubrid/CMakeFiles/cubrid.dir/__/src/base/ifsys.cpp.o
[809/1434] Building CXX object cubrid/CMakeFiles/cubrid.dir/__/src/connection/connection_globals.c.o
[810/1434] Building CXX object cs/CMakeFiles/cubridcs.dir/__/src/transaction/log_applier.c.o
/home/vimkim/gh/cb/pr7600-timing-base988/src/transaction/log_applier.c: In function ‘int la_get_copied_log_info(const char*, const char*, INT64, bool, LOG_LSA*, LOG_LSA*)’:
/home/vimkim/gh/cb/pr7600-timing-base988/src/transaction/log_applier.c:8376:35: warning: format ‘%ld’ expects argument of type ‘long int’, but argument 2 has type ‘int’ [-Wformat=]
 8376 |               printf ("offset:%04ld (tid:%d bck p:%lld,o:%ld frw p:%lld,o:%ld type:%d)\n", lsa.offset, lrec->trid,
      |                               ~~~~^                                                        ~~~~~~~~~~
      |                                   |                                                            |
      |                                   long int                                                     int
      |                               %04d
/home/vimkim/gh/cb/pr7600-timing-base988/src/transaction/log_applier.c:8376:60: warning: format ‘%ld’ expects argument of type ‘long int’, but argument 5 has type ‘int’ [-Wformat=]
 8376 |               printf ("offset:%04ld (tid:%d bck p:%lld,o:%ld frw p:%lld,o:%ld type:%d)\n", lsa.offset, lrec->trid,
      |                                                          ~~^
      |                                                            |
      |                                                            long int
      |                                                          %d
 8377 |                       (long long int) lrec->back_lsa.pageid, lrec->back_lsa.offset,
      |                                                              ~~~~~~~~~~~~~~~~~~~~~
      |                                                                             |
      |                                                                             int
/home/vimkim/gh/cb/pr7600-timing-base988/src/transaction/log_applier.c:8376:77: warning: format ‘%ld’ expects argument of type ‘long int’, but argument 7 has type ‘int’ [-Wformat=]
 8376 |               printf ("offset:%04ld (tid:%d bck p:%lld,o:%ld frw p:%lld,o:%ld type:%d)\n", lsa.offset, lrec->trid,
      |                                                                           ~~^
      |                                                                             |
      |                                                                             long int
      |                                                                           %d
 8377 |                       (long long int) lrec->back_lsa.pageid, lrec->back_lsa.offset,
 8378 |                       (long long int) lrec->forw_lsa.pageid, lrec->forw_lsa.offset, lrec->type);
      |                                                              ~~~~~~~~~~~~~~~~~~~~~
      |                                                                             |
      |                                                                             int
[811/1434] Building CXX object cubrid/CMakeFiles/cubrid.dir/__/src/compat/db_json_types_internal.cpp.o
[812/1434] Building CXX object cubrid/CMakeFiles/cubrid.dir/__/src/communication/network_common.cpp.o
[813/1434] Building CXX object cs/CMakeFiles/cubridcs.dir/__/src/parser/semantic_check.c.o
[814/1434] Building CXX object cubrid/CMakeFiles/cubrid.dir/__/src/compat/db_json_allocator.cpp.o
[815/1434] Building CXX object cs/CMakeFiles/cubridcs.dir/__/src/compat/db_json.cpp.o
[816/1434] Building CXX object cubrid/CMakeFiles/cubrid.dir/__/src/connection/buffer.cpp.o
[817/1434] Building CXX object cubrid/CMakeFiles/cubrid.dir/__/src/base/json_builder.cpp.o
[818/1434] Building CXX object cubrid/CMakeFiles/cubrid.dir/__/src/method/method_query_util.cpp.o
[819/1434] Building CXX object cubrid/CMakeFiles/cubrid.dir/__/src/method/method_error.cpp.o
[820/1434] Building CXX object cubrid/CMakeFiles/cubrid.dir/__/src/connection/connection_list_sr.c.o
[821/1434] Building CXX object cubrid/CMakeFiles/cubrid.dir/__/src/connection/connection_context.cpp.o
[822/1434] Building CXX object cubrid/CMakeFiles/cubrid.dir/__/src/sp/pl_file.c.o
[823/1434] Building CXX object cubrid/CMakeFiles/cubrid.dir/__/src/compat/db_date.c.o
[824/1434] Building CXX object cs/CMakeFiles/cubridcs.dir/__/src/parser/parse_tree_cl.c.o
[825/1434] Building CXX object cubrid/CMakeFiles/cubrid.dir/__/src/compat/db_value_printer.cpp.o
[826/1434] Building CXX object cubrid/CMakeFiles/cubrid.dir/__/load_lexer.cpp.o
[827/1434] Building CXX object cubrid/CMakeFiles/cubrid.dir/__/src/connection/transmitter.cpp.o
[828/1434] Building CXX object cubrid/CMakeFiles/cubrid.dir/__/src/monitor/monitor_statistic.cpp.o
[829/1434] Building CXX object cubrid/CMakeFiles/cubrid.dir/__/src/heaplayers/customheaps.cpp.o
[830/1434] Building CXX object cubrid/CMakeFiles/cubrid.dir/__/src/connection/receiver.cpp.o
[831/1434] Building CXX object cs/CMakeFiles/cubridcs.dir/__/src/method/method_schema_info.cpp.o
[832/1434] Building CXX object cubrid/CMakeFiles/cubrid.dir/__/src/query/dblink_2pc_daemon.c.o
[833/1434] Building CXX object cubrid/CMakeFiles/cubrid.dir/__/src/sp/pl_signature.cpp.o
[834/1434] Building CXX object cubrid/CMakeFiles/cubrid.dir/__/src/compat/db_macro.c.o
[835/1434] Building CXX object cubrid/CMakeFiles/cubrid.dir/__/src/connection/host_lookup.c.o
[836/1434] Building CXX object cubrid/CMakeFiles/cubrid.dir/__/src/base/resources.cpp.o
[837/1434] Building CXX object cubrid/CMakeFiles/cubrid.dir/__/src/query/dblink_global_tran_catalog.c.o
[838/1434] Building CXX object cubrid/CMakeFiles/cubrid.dir/__/src/sp/pl_comm.c.o
[839/1434] Building CXX object cubrid/CMakeFiles/cubrid.dir/__/src/connection/heartbeat.c.o
[840/1434] Building CXX object cubrid/CMakeFiles/cubrid.dir/__/src/method/method_struct_value.cpp.o
[841/1434] Building CXX object cubrid/CMakeFiles/cubrid.dir/__/src/method/method_struct_oid_info.cpp.o
[842/1434] Building CXX object cubrid/CMakeFiles/cubrid.dir/__/src/sp/pl_query_cursor.cpp.o
[843/1434] Building CXX object cubrid/CMakeFiles/cubrid.dir/__/src/method/method_struct_query.cpp.o
[844/1434] Building CXX object cubrid/CMakeFiles/cubrid.dir/__/load_grammar.cpp.o
[845/1434] Building CXX object cubrid/CMakeFiles/cubrid.dir/__/src/method/method_struct_parameter_info.cpp.o
[846/1434] Building CXX object cubrid/CMakeFiles/cubrid.dir/__/src/sp/pl_connection.cpp.o
[847/1434] Building CXX object cubrid/CMakeFiles/cubrid.dir/__/src/communication/network_sr.c.o
[848/1434] Building CXX object cubrid/CMakeFiles/cubrid.dir/__/src/loaddb/load_driver.cpp.o
[849/1434] Building CXX object cubrid/CMakeFiles/cubrid.dir/__/src/heaplayers/lea_heap.c.o
[850/1434] Building CXX object cubrid/CMakeFiles/cubrid.dir/__/src/object/identifier_store.cpp.o
[851/1434] Building CXX object cubrid/CMakeFiles/cubrid.dir/__/src/connection/tcp.c.o
[852/1434] Building CXX object cubrid/CMakeFiles/cubrid.dir/__/src/base/perf_monitor.c.o
[853/1434] Building CXX object cubrid/CMakeFiles/cubrid.dir/__/src/executables/util_common.c.o
[854/1434] Building CXX object cubrid/CMakeFiles/cubrid.dir/__/src/method/query_method.cpp.o
[855/1434] Building CXX object cubrid/CMakeFiles/cubrid.dir/__/src/object/deduplicate_key.c.o
[856/1434] Building CXX object cubrid/CMakeFiles/cubrid.dir/__/src/base/tz_support.c.o
[857/1434] Building CXX object cubrid/CMakeFiles/cubrid.dir/__/src/object/lob_locator.cpp.o
[858/1434] Building CXX object cubrid/CMakeFiles/cubrid.dir/__/src/connection/connection_support.cpp.o
[859/1434] Building CXX object cubrid/CMakeFiles/cubrid.dir/__/src/monitor/monitor_registration.cpp.o
[860/1434] Building CXX object cubrid/CMakeFiles/cubrid.dir/__/src/object/elo.c.o
[861/1434] Building CXX object cubrid/CMakeFiles/cubrid.dir/__/src/monitor/monitor_collect.cpp.o
[862/1434] Building CXX object cubrid/CMakeFiles/cubrid.dir/__/src/sp/pl_sr.cpp.o
[863/1434] Building CXX object cubrid/CMakeFiles/cubrid.dir/__/src/sp/pl_compile_handler.cpp.o
[864/1434] Building CXX object cs/CMakeFiles/cubridcs.dir/__/src/query/string_regex_std.cpp.o
[865/1434] Building CXX object cubrid/CMakeFiles/cubrid.dir/__/src/compat/db_json_path.cpp.o
[866/1434] Building CXX object cubrid/CMakeFiles/cubrid.dir/__/src/method/method_struct_schema_info.cpp.o
[867/1434] Building CXX object cubrid/CMakeFiles/cubrid.dir/__/src/method/method_struct_invoke.cpp.o
[868/1434] Building CXX object cubrid/CMakeFiles/cubrid.dir/__/src/base/cgroup.cpp.o
[869/1434] Building CXX object cubrid/CMakeFiles/cubrid.dir/__/src/method/method_scan.cpp.o
[870/1434] Building CXX object cs/CMakeFiles/cubridcs.dir/__/src/parser/type_checking.c.o
[871/1434] Building CXX object cs/CMakeFiles/cubridcs.dir/__/src/object/schema_system_catalog_install.cpp.o
[872/1434] Building CXX object cubrid/CMakeFiles/cubrid.dir/__/src/loaddb/load_class_registry.cpp.o
In file included from /home/vimkim/gh/cb/pr7600-timing-base988/src/base/memory_alloc.h:54,
                 from /home/vimkim/gh/cb/pr7600-timing-base988/src/base/memory_hash.h:30,
                 from /home/vimkim/gh/cb/pr7600-timing-base988/src/storage/file_io.h:33,
                 from /home/vimkim/gh/cb/pr7600-timing-base988/src/transaction/log_manager.h:37,
                 from /home/vimkim/gh/cb/pr7600-timing-base988/src/storage/system_catalog.h:36,
                 from /home/vimkim/gh/cb/pr7600-timing-base988/src/base/object_representation_sr.h:42,
                 from /home/vimkim/gh/cb/pr7600-timing-base988/src/loaddb/load_class_registry.hpp:27,
                 from /home/vimkim/gh/cb/pr7600-timing-base988/src/loaddb/load_class_registry.cpp:23:
In function ‘void cub_free(void*)’,
    inlined from ‘void operator delete(void*, size_t)’ at /home/vimkim/gh/cb/pr7600-timing-base988/src/base/memory_wrapper.hpp:75:12,
    inlined from ‘void __gnu_cxx::new_allocator<_Tp>::deallocate(_Tp*, __gnu_cxx::new_allocator<_Tp>::size_type) [with _Tp = std::_Rb_tree_node<std::pair<const int, const cubload::class_entry*> >]’ at /usr/include/c++/11/ext/new_allocator.h:145:19,
    inlined from ‘static void std::allocator_traits<std::allocator<_Tp1> >::deallocate(std::allocator_traits<std::allocator<_Tp1> >::allocator_type&, std::allocator_traits<std::allocator<_Tp1> >::pointer, std::allocator_traits<std::allocator<_Tp1> >::size_type) [with _Tp = std::_Rb_tree_node<std::pair<const int, const cubload::class_entry*> >]’ at /usr/include/c++/11/bits/alloc_traits.h:496:23,
    inlined from ‘void std::_Rb_tree<_Key, _Val, _KeyOfValue, _Compare, _Alloc>::_M_put_node(std::_Rb_tree<_Key, _Val, _KeyOfValue, _Compare, _Alloc>::_Link_type) [with _Key = int; _Val = std::pair<const int, const cubload::class_entry*>; _KeyOfValue = std::_Select1st<std::pair<const int, const cubload::class_entry*> >; _Compare = std::greater<int>; _Alloc = std::allocator<std::pair<const int, const cubload::class_entry*> >]’ at /usr/include/c++/11/bits/stl_tree.h:565:34,
    inlined from ‘void std::_Rb_tree<_Key, _Val, _KeyOfValue, _Compare, _Alloc>::_M_drop_node(std::_Rb_tree<_Key, _Val, _KeyOfValue, _Compare, _Alloc>::_Link_type) [with _Key = int; _Val = std::pair<const int, const cubload::class_entry*>; _KeyOfValue = std::_Select1st<std::pair<const int, const cubload::class_entry*> >; _Compare = std::greater<int>; _Alloc = std::allocator<std::pair<const int, const cubload::class_entry*> >]’ at /usr/include/c++/11/bits/stl_tree.h:632:13,
    inlined from ‘std::pair<std::_Rb_tree_iterator<_Val>, bool> std::_Rb_tree<_Key, _Val, _KeyOfValue, _Compare, _Alloc>::_M_emplace_unique(_Args&& ...) [with _Args = {std::pair<int, cubload::class_entry*>}; _Key = int; _Val = std::pair<const int, const cubload::class_entry*>; _KeyOfValue = std::_Select1st<std::pair<const int, const cubload::class_entry*> >; _Compare = std::greater<int>; _Alloc = std::allocator<std::pair<const int, const cubload::class_entry*> >]’ at /usr/include/c++/11/bits/stl_tree.h:2393:18,
    inlined from ‘std::__enable_if_t<std::is_constructible<std::pair<const _Key, _Tp>, _Pair>::value, std::pair<typename std::_Rb_tree<_Key, std::pair<const _Key, _Tp>, std::_Select1st<std::pair<const _Key, _Tp> >, _Compare, typename __gnu_cxx::__alloc_traits<_Allocator>::rebind<std::pair<const _Key, _Tp> >::other>::iterator, bool> > std::map<_Key, _Tp, _Compare, _Alloc>::insert(_Pair&&) [with _Pair = std::pair<int, cubload::class_entry*>; _Key = int; _Tp = const cubload::class_entry*; _Compare = std::greater<int>; _Alloc = std::allocator<std::pair<const int, const cubload::class_entry*> >]’ at /usr/include/c++/11/bits/stl_map.h:817:33,
    inlined from ‘void cubload::class_registry::register_ignored_class(cubload::class_entry*, cubload::class_id)’ at /home/vimkim/gh/cb/pr7600-timing-base988/src/loaddb/load_class_registry.cpp:172:26:
/home/vimkim/gh/cb/pr7600-timing-base988/src/base/memory_cwrapper.h:86:8: warning: ‘void free(void*)’ called on pointer returned from a mismatched allocation function [-Wmismatched-new-delete]
   86 |   free (ptr);
      |   ~~~~~^~~~~
In file included from /usr/include/c++/11/x86_64-redhat-linux/bits/c++allocator.h:33,
                 from /usr/include/c++/11/bits/allocator.h:46,
                 from /usr/include/c++/11/unordered_map:40,
                 from /usr/include/c++/11/functional:61,
                 from /home/vimkim/gh/cb/pr7600-timing-base988/src/base/mem_block.hpp:39,
                 from /home/vimkim/gh/cb/pr7600-timing-base988/src/base/packer.hpp:29,
                 from /home/vimkim/gh/cb/pr7600-timing-base988/src/base/packable_object.hpp:28,
                 from /home/vimkim/gh/cb/pr7600-timing-base988/src/loaddb/load_common.hpp:26,
                 from /home/vimkim/gh/cb/pr7600-timing-base988/src/loaddb/load_class_registry.hpp:26,
                 from /home/vimkim/gh/cb/pr7600-timing-base988/src/loaddb/load_class_registry.cpp:23:
/usr/include/c++/11/ext/new_allocator.h: In member function ‘void cubload::class_registry::register_ignored_class(cubload::class_entry*, cubload::class_id)’:
/usr/include/c++/11/ext/new_allocator.h:127:48: note: returned from ‘void* operator new(std::size_t)’
  127 |         return static_cast<_Tp*>(::operator new(__n * sizeof(_Tp)));
      |                                  ~~~~~~~~~~~~~~^~~~~~~~~~~~~~~~~~~
In file included from /home/vimkim/gh/cb/pr7600-timing-base988/src/base/memory_alloc.h:54,
                 from /home/vimkim/gh/cb/pr7600-timing-base988/src/base/memory_hash.h:30,
                 from /home/vimkim/gh/cb/pr7600-timing-base988/src/storage/file_io.h:33,
                 from /home/vimkim/gh/cb/pr7600-timing-base988/src/transaction/log_manager.h:37,
                 from /home/vimkim/gh/cb/pr7600-timing-base988/src/storage/system_catalog.h:36,
                 from /home/vimkim/gh/cb/pr7600-timing-base988/src/base/object_representation_sr.h:42,
                 from /home/vimkim/gh/cb/pr7600-timing-base988/src/loaddb/load_class_registry.hpp:27,
                 from /home/vimkim/gh/cb/pr7600-timing-base988/src/loaddb/load_class_registry.cpp:23:
In function ‘void cub_free(void*)’,
    inlined from ‘void operator delete(void*, size_t)’ at /home/vimkim/gh/cb/pr7600-timing-base988/src/base/memory_wrapper.hpp:75:12,
    inlined from ‘void __gnu_cxx::new_allocator<_Tp>::deallocate(_Tp*, __gnu_cxx::new_allocator<_Tp>::size_type) [with _Tp = std::_Rb_tree_node<std::pair<const int, const cubload::class_entry*> >]’ at /usr/include/c++/11/ext/new_allocator.h:145:19,
    inlined from ‘static void std::allocator_traits<std::allocator<_Tp1> >::deallocate(std::allocator_traits<std::allocator<_Tp1> >::allocator_type&, std::allocator_traits<std::allocator<_Tp1> >::pointer, std::allocator_traits<std::allocator<_Tp1> >::size_type) [with _Tp = std::_Rb_tree_node<std::pair<const int, const cubload::class_entry*> >]’ at /usr/include/c++/11/bits/alloc_traits.h:496:23,
    inlined from ‘void std::_Rb_tree<_Key, _Val, _KeyOfValue, _Compare, _Alloc>::_M_put_node(std::_Rb_tree<_Key, _Val, _KeyOfValue, _Compare, _Alloc>::_Link_type) [with _Key = int; _Val = std::pair<const int, const cubload::class_entry*>; _KeyOfValue = std::_Select1st<std::pair<const int, const cubload::class_entry*> >; _Compare = std::greater<int>; _Alloc = std::allocator<std::pair<const int, const cubload::class_entry*> >]’ at /usr/include/c++/11/bits/stl_tree.h:565:34,
    inlined from ‘void std::_Rb_tree<_Key, _Val, _KeyOfValue, _Compare, _Alloc>::_M_drop_node(std::_Rb_tree<_Key, _Val, _KeyOfValue, _Compare, _Alloc>::_Link_type) [with _Key = int; _Val = std::pair<const int, const cubload::class_entry*>; _KeyOfValue = std::_Select1st<std::pair<const int, const cubload::class_entry*> >; _Compare = std::greater<int>; _Alloc = std::allocator<std::pair<const int, const cubload::class_entry*> >]’ at /usr/include/c++/11/bits/stl_tree.h:632:13,
    inlined from ‘std::pair<std::_Rb_tree_iterator<_Val>, bool> std::_Rb_tree<_Key, _Val, _KeyOfValue, _Compare, _Alloc>::_M_emplace_unique(_Args&& ...) [with _Args = {std::pair<int, const cubload::class_entry*>}; _Key = int; _Val = std::pair<const int, const cubload::class_entry*>; _KeyOfValue = std::_Select1st<std::pair<const int, const cubload::class_entry*> >; _Compare = std::greater<int>; _Alloc = std::allocator<std::pair<const int, const cubload::class_entry*> >]’ at /usr/include/c++/11/bits/stl_tree.h:2393:18,
    inlined from ‘std::__enable_if_t<std::is_constructible<std::pair<const _Key, _Tp>, _Pair>::value, std::pair<typename std::_Rb_tree<_Key, std::pair<const _Key, _Tp>, std::_Select1st<std::pair<const _Key, _Tp> >, _Compare, typename __gnu_cxx::__alloc_traits<_Allocator>::rebind<std::pair<const _Key, _Tp> >::other>::iterator, bool> > std::map<_Key, _Tp, _Compare, _Alloc>::insert(_Pair&&) [with _Pair = std::pair<int, const cubload::class_entry*>; _Key = int; _Tp = const cubload::class_entry*; _Compare = std::greater<int>; _Alloc = std::allocator<std::pair<const int, const cubload::class_entry*> >]’ at /usr/include/c++/11/bits/stl_map.h:817:33,
    inlined from ‘void cubload::class_registry::register_class(const char*, cubload::class_id, OID, std::vector<const cubload::attribute*>&)’ at /home/vimkim/gh/cb/pr7600-timing-base988/src/loaddb/load_class_registry.cpp:161:26:
/home/vimkim/gh/cb/pr7600-timing-base988/src/base/memory_cwrapper.h:86:8: warning: ‘void free(void*)’ called on pointer returned from a mismatched allocation function [-Wmismatched-new-delete]
   86 |   free (ptr);
      |   ~~~~~^~~~~
In file included from /usr/include/c++/11/x86_64-redhat-linux/bits/c++allocator.h:33,
                 from /usr/include/c++/11/bits/allocator.h:46,
                 from /usr/include/c++/11/unordered_map:40,
                 from /usr/include/c++/11/functional:61,
                 from /home/vimkim/gh/cb/pr7600-timing-base988/src/base/mem_block.hpp:39,
                 from /home/vimkim/gh/cb/pr7600-timing-base988/src/base/packer.hpp:29,
                 from /home/vimkim/gh/cb/pr7600-timing-base988/src/base/packable_object.hpp:28,
                 from /home/vimkim/gh/cb/pr7600-timing-base988/src/loaddb/load_common.hpp:26,
                 from /home/vimkim/gh/cb/pr7600-timing-base988/src/loaddb/load_class_registry.hpp:26,
                 from /home/vimkim/gh/cb/pr7600-timing-base988/src/loaddb/load_class_registry.cpp:23:
/usr/include/c++/11/ext/new_allocator.h: In member function ‘void cubload::class_registry::register_class(const char*, cubload::class_id, OID, std::vector<const cubload::attribute*>&)’:
/usr/include/c++/11/ext/new_allocator.h:127:48: note: returned from ‘void* operator new(std::size_t)’
  127 |         return static_cast<_Tp*>(::operator new(__n * sizeof(_Tp)));
      |                                  ~~~~~~~~~~~~~~^~~~~~~~~~~~~~~~~~~
[873/1434] Building CXX object cubrid/CMakeFiles/cubrid.dir/__/src/object/schema_information_schema.cpp.o
[874/1434] Building CXX object cubrid/CMakeFiles/cubrid.dir/__/src/connection/master_connector.cpp.o
[875/1434] Building CXX object cubrid/CMakeFiles/cubrid.dir/__/src/sp/sp_code.cpp.o
[876/1434] Building CXX object cubrid/CMakeFiles/cubrid.dir/__/src/loaddb/load_error_handler.cpp.o
In file included from /home/vimkim/gh/cb/pr7600-timing-base988/src/base/memory_alloc.h:54,
                 from /home/vimkim/gh/cb/pr7600-timing-base988/src/base/memory_hash.h:30,
                 from /home/vimkim/gh/cb/pr7600-timing-base988/src/storage/file_io.h:33,
                 from /home/vimkim/gh/cb/pr7600-timing-base988/src/transaction/log_manager.h:37,
                 from /home/vimkim/gh/cb/pr7600-timing-base988/src/storage/system_catalog.h:36,
                 from /home/vimkim/gh/cb/pr7600-timing-base988/src/base/object_representation_sr.h:42,
                 from /home/vimkim/gh/cb/pr7600-timing-base988/src/loaddb/load_class_registry.hpp:27,
                 from /home/vimkim/gh/cb/pr7600-timing-base988/src/loaddb/load_session.hpp:27,
                 from /home/vimkim/gh/cb/pr7600-timing-base988/src/loaddb/load_error_handler.cpp:28:
In function ‘void cub_free(void*)’,
    inlined from ‘void operator delete [](void*)’ at /home/vimkim/gh/cb/pr7600-timing-base988/src/base/memory_wrapper.hpp:80:12,
    inlined from ‘typename std::enable_if<std::is_convertible<_Up (*)[], _Tp (*)[]>::value>::type std::default_delete<_Tp []>::operator()(_Up*) const [with _Up = char; _Tp = char]’ at /usr/include/c++/11/bits/unique_ptr.h:120:4,
    inlined from ‘std::unique_ptr<_Tp [], _Dp>::~unique_ptr() [with _Tp = char; _Dp = std::default_delete<char []>]’ at /usr/include/c++/11/bits/unique_ptr.h:612:17,
    inlined from ‘static std::string cubload::error_handler::format(const char*, Args&& ...) [with Args = {int&}]’ at /home/vimkim/gh/cb/pr7600-timing-base988/src/loaddb/load_error_handler.hpp:205:3:
/home/vimkim/gh/cb/pr7600-timing-base988/src/base/memory_cwrapper.h:86:8: warning: ‘void free(void*)’ called on pointer returned from a mismatched allocation function [-Wmismatched-new-delete]
   86 |   free (ptr);
      |   ~~~~~^~~~~
In file included from /home/vimkim/gh/cb/pr7600-timing-base988/src/loaddb/load_error_handler.cpp:23:
/home/vimkim/gh/cb/pr7600-timing-base988/src/loaddb/load_error_handler.hpp: In static member function ‘static std::string cubload::error_handler::format(const char*, Args&& ...) [with Args = {int&}]’:
/home/vimkim/gh/cb/pr7600-timing-base988/src/loaddb/load_error_handler.hpp:199:34: note: returned from ‘void* operator new [](std::size_t)’
  199 |     std::unique_ptr<char[]> msg (new char[size]);
      |                                  ^~~~~~~~~~~~~~
[877/1434] Building CXX object cubrid/CMakeFiles/cubrid.dir/__/src/loaddb/load_semantic_helper.cpp.o
[878/1434] Building CXX object cubrid/CMakeFiles/cubrid.dir/__/src/base/system_parameter.c.o
[879/1434] Building CXX object cubrid/CMakeFiles/cubrid.dir/__/src/base/object_representation_sr.c.o
[880/1434] Building CXX object cubrid/CMakeFiles/cubrid.dir/__/src/transaction/log_writer.c.o
[881/1434] Building CXX object cubrid/CMakeFiles/cubrid.dir/__/src/sp/method_invoke_group.cpp.o
[882/1434] Building CXX object cubrid/CMakeFiles/cubrid.dir/__/src/loaddb/load_common.cpp.o
[883/1434] Building CXX object cubrid/CMakeFiles/cubrid.dir/__/src/loaddb/load_db_value_converter.cpp.o
[884/1434] Building CXX object cubrid/CMakeFiles/cubrid.dir/__/src/monitor/monitor_transaction.cpp.o
[885/1434] Building CXX object cubrid/CMakeFiles/cubrid.dir/__/src/sp/pl_execution_stack_context.cpp.o
[886/1434] Building CXX object cubrid/CMakeFiles/cubrid.dir/__/src/object/transform.c.o
[887/1434] Building CXX object cubrid/CMakeFiles/cubrid.dir/__/src/storage/btree_unique.cpp.o
[888/1434] Building CXX object cs/CMakeFiles/cubridcs.dir/__/src/query/string_opfunc.c.o
[889/1434] Building CXX object cubrid/CMakeFiles/cubrid.dir/__/src/object/schema_system_catalog.cpp.o
[890/1434] Building CXX object cubrid/CMakeFiles/cubrid.dir/__/src/connection/connection_pool.cpp.o
[891/1434] Building CXX object cubrid/CMakeFiles/cubrid.dir/__/src/connection/connection_sr.c.o
[892/1434] Building CXX object cubrid/CMakeFiles/cubrid.dir/__/src/object/set_object.c.o
[893/1434] Building CXX object cs/CMakeFiles/cubridcs.dir/__/src/sp/sp_catalog.cpp.o
[894/1434] Building CXX object cubrid/CMakeFiles/cubrid.dir/__/src/connection/coordinator.cpp.o
In file included from /home/vimkim/gh/cb/pr7600-timing-base988/src/base/memory_alloc.h:54,
                 from /home/vimkim/gh/cb/pr7600-timing-base988/src/connection/connection_defs.h:38,
                 from /home/vimkim/gh/cb/pr7600-timing-base988/src/connection/connection_globals.h:29,
                 from /home/vimkim/gh/cb/pr7600-timing-base988/src/connection/connection_context.hpp:26,
                 from /home/vimkim/gh/cb/pr7600-timing-base988/src/connection/connection_pool.hpp:33,
                 from /home/vimkim/gh/cb/pr7600-timing-base988/src/connection/coordinator.cpp:33:
In function ‘void cub_free(void*)’,
    inlined from ‘void operator delete(void*, size_t)’ at /home/vimkim/gh/cb/pr7600-timing-base988/src/base/memory_wrapper.hpp:75:12,
    inlined from ‘void __gnu_cxx::new_allocator<_Tp>::deallocate(_Tp*, __gnu_cxx::new_allocator<_Tp>::size_type) [with _Tp = std::__detail::_Hash_node<std::pair<const long unsigned int, std::pair<cubconn::statistics::metrics<cubconn::statistics::context, double>, cubconn::statistics::metrics<cubconn::statistics::context> > >, false>]’ at /usr/include/c++/11/ext/new_allocator.h:145:19,
    inlined from ‘static void std::allocator_traits<std::allocator<_CharT> >::deallocate(std::allocator_traits<std::allocator<_CharT> >::allocator_type&, std::allocator_traits<std::allocator<_CharT> >::pointer, std::allocator_traits<std::allocator<_CharT> >::size_type) [with _Tp = std::__detail::_Hash_node<std::pair<const long unsigned int, std::pair<cubconn::statistics::metrics<cubconn::statistics::context, double>, cubconn::statistics::metrics<cubconn::statistics::context> > >, false>]’ at /usr/include/c++/11/bits/alloc_traits.h:496:23,
    inlined from ‘void std::__detail::_Hashtable_alloc<_NodeAlloc>::_M_deallocate_node_ptr(std::__detail::_Hashtable_alloc<_NodeAlloc>::__node_ptr) [with _NodeAlloc = std::allocator<std::__detail::_Hash_node<std::pair<const long unsigned int, std::pair<cubconn::statistics::metrics<cubconn::statistics::context, double>, cubconn::statistics::metrics<cubconn::statistics::context> > >, false> >]’ at /usr/include/c++/11/bits/hashtable_policy.h:1909:38,
    inlined from ‘void std::__detail::_Hashtable_alloc<_NodeAlloc>::_M_deallocate_node(std::__detail::_Hashtable_alloc<_NodeAlloc>::__node_ptr) [with _NodeAlloc = std::allocator<std::__detail::_Hash_node<std::pair<const long unsigned int, std::pair<cubconn::statistics::metrics<cubconn::statistics::context, double>, cubconn::statistics::metrics<cubconn::statistics::context> > >, false> >]’ at /usr/include/c++/11/bits/hashtable_policy.h:1899:29,
    inlined from ‘std::_Hashtable<_Key, _Value, _Alloc, _ExtractKey, _Equal, _Hash, _RangeHash, _Unused, _RehashPolicy, _Traits>::_Scoped_node::~_Scoped_node() [with _Key = long unsigned int; _Value = std::pair<const long unsigned int, std::pair<cubconn::statistics::metrics<cubconn::statistics::context, double>, cubconn::statistics::metrics<cubconn::statistics::context> > >; _Alloc = std::allocator<std::pair<const long unsigned int, std::pair<cubconn::statistics::metrics<cubconn::statistics::context, double>, cubconn::statistics::metrics<cubconn::statistics::context> > > >; _ExtractKey = std::__detail::_Select1st; _Equal = std::equal_to<long unsigned int>; _Hash = std::hash<long unsigned int>; _RangeHash = std::__detail::_Mod_range_hashing; _Unused = std::__detail::_Default_ranged_hash; _RehashPolicy = std::__detail::_Prime_rehash_policy; _Traits = std::__detail::_Hashtable_traits<false, false, true>]’ at /usr/include/c++/11/bits/hashtable.h:308:57,
    inlined from ‘std::pair<typename std::__detail::_Insert<_Key, _Value, _Alloc, _ExtractKey, _Equal, _Hash, _RangeHash, _Unused, _RehashPolicy, _Traits>::iterator, bool> std::_Hashtable<_Key, _Value, _Alloc, _ExtractKey, _Equal, _Hash, _RangeHash, _Unused, _RehashPolicy, _Traits>::_M_emplace(std::true_type, _Args&& ...) [with _Args = {long unsigned int&, std::pair<cubconn::statistics::metrics<cubconn::statistics::context, double>, cubconn::statistics::metrics<cubconn::statistics::context, long unsigned int> >}; _Key = long unsigned int; _Value = std::pair<const long unsigned int, std::pair<cubconn::statistics::metrics<cubconn::statistics::context, double>, cubconn::statistics::metrics<cubconn::statistics::context> > >; _Alloc = std::allocator<std::pair<const long unsigned int, std::pair<cubconn::statistics::metrics<cubconn::statistics::context, double>, cubconn::statistics::metrics<cubconn::statistics::context> > > >; _ExtractKey = std::__detail::_Select1st; _Equal = std::equal_to<long unsigned int>; _Hash = std::hash<long unsigned int>; _RangeHash = std::__detail::_Mod_range_hashing; _Unused = std::__detail::_Default_ranged_hash; _RehashPolicy = std::__detail::_Prime_rehash_policy; _Traits = std::__detail::_Hashtable_traits<false, false, true>]’ at /usr/include/c++/11/bits/hashtable.h:1978:7,
    inlined from ‘std::_Hashtable<_Key, _Value, _Alloc, _ExtractKey, _Equal, _Hash, _RangeHash, _Unused, _RehashPolicy, _Traits>::__ireturn_type std::_Hashtable<_Key, _Value, _Alloc, _ExtractKey, _Equal, _Hash, _RangeHash, _Unused, _RehashPolicy, _Traits>::emplace(_Args&& ...) [with _Args = {long unsigned int&, std::pair<cubconn::statistics::metrics<cubconn::statistics::context, double>, cubconn::statistics::metrics<cubconn::statistics::context, long unsigned int> >}; _Key = long unsigned int; _Value = std::pair<const long unsigned int, std::pair<cubconn::statistics::metrics<cubconn::statistics::context, double>, cubconn::statistics::metrics<cubconn::statistics::context> > >; _Alloc = std::allocator<std::pair<const long unsigned int, std::pair<cubconn::statistics::metrics<cubconn::statistics::context, double>, cubconn::statistics::metrics<cubconn::statistics::context> > > >; _ExtractKey = std::__detail::_Select1st; _Equal = std::equal_to<long unsigned int>; _Hash = std::hash<long unsigned int>; _RangeHash = std::__detail::_Mod_range_hashing; _Unused = std::__detail::_Default_ranged_hash; _RehashPolicy = std::__detail::_Prime_rehash_policy; _Traits = std::__detail::_Hashtable_traits<false, false, true>]’ at /usr/include/c++/11/bits/hashtable.h:915:21,
    inlined from ‘std::pair<typename std::_Hashtable<_Key, std::pair<const _Key, _Tp>, _Alloc, std::__detail::_Select1st, _Pred, _Hash, std::__detail::_Mod_range_hashing, std::__detail::_Default_ranged_hash, std::__detail::_Prime_rehash_policy, std::__detail::_Hashtable_traits<std::__not_<std::__and_<std::__is_fast_hash<_Hash>, std::__is_nothrow_invocable<const _Hash&, const _Key&> > >::value, false, true> >::iterator, bool> std::unordered_map<_Key, _Tp, _Hash, _Pred, _Alloc>::emplace(_Args&& ...) [with _Args = {long unsigned int&, std::pair<cubconn::statistics::metrics<cubconn::statistics::context, double>, cubconn::statistics::metrics<cubconn::statistics::context, long unsigned int> >}; _Key = long unsigned int; _Tp = std::pair<cubconn::statistics::metrics<cubconn::statistics::context, double>, cubconn::statistics::metrics<cubconn::statistics::context> >; _Hash = std::hash<long unsigned int>; _Pred = std::equal_to<long unsigned int>; _Alloc = std::allocator<std::pair<const long unsigned int, std::pair<cubconn::statistics::metrics<cubconn::statistics::context, double>, cubconn::statistics::metrics<cubconn::statistics::context> > > >]’ at /usr/include/c++/11/bits/unordered_map.h:389:23,
    inlined from ‘bool cubconn::connection::coordinator::handle_message_queue_new_client(cubconn::connection::coordinator::message&)’ at /home/vimkim/gh/cb/pr7600-timing-base988/src/connection/coordinator.cpp:967:45:
/home/vimkim/gh/cb/pr7600-timing-base988/src/base/memory_cwrapper.h:86:8: warning: ‘void free(void*)’ called on pointer returned from a mismatched allocation function [-Wmismatched-new-delete]
   86 |   free (ptr);
      |   ~~~~~^~~~~
In file included from /usr/include/c++/11/x86_64-redhat-linux/bits/c++allocator.h:33,
                 from /usr/include/c++/11/bits/allocator.h:46,
                 from /usr/include/c++/11/string:41,
                 from /usr/include/c++/11/random:40,
                 from /home/vimkim/gh/cb/pr7600-timing-base988/src/connection/coordinator.cpp:23:
/usr/include/c++/11/ext/new_allocator.h: In member function ‘bool cubconn::connection::coordinator::handle_message_queue_new_client(cubconn::connection::coordinator::message&)’:
/usr/include/c++/11/ext/new_allocator.h:127:48: note: returned from ‘void* operator new(std::size_t)’
  127 |         return static_cast<_Tp*>(::operator new(__n * sizeof(_Tp)));
      |                                  ~~~~~~~~~~~~~~^~~~~~~~~~~~~~~~~~~
In file included from /home/vimkim/gh/cb/pr7600-timing-base988/src/base/memory_alloc.h:54,
                 from /home/vimkim/gh/cb/pr7600-timing-base988/src/connection/connection_defs.h:38,
                 from /home/vimkim/gh/cb/pr7600-timing-base988/src/connection/connection_globals.h:29,
                 from /home/vimkim/gh/cb/pr7600-timing-base988/src/connection/connection_context.hpp:26,
                 from /home/vimkim/gh/cb/pr7600-timing-base988/src/connection/connection_pool.hpp:33,
                 from /home/vimkim/gh/cb/pr7600-timing-base988/src/connection/coordinator.cpp:33:
In function ‘void cub_free(void*)’,
    inlined from ‘void operator delete(void*, size_t)’ at /home/vimkim/gh/cb/pr7600-timing-base988/src/base/memory_wrapper.hpp:75:12,
    inlined from ‘void __gnu_cxx::new_allocator<_Tp>::deallocate(_Tp*, __gnu_cxx::new_allocator<_Tp>::size_type) [with _Tp = std::__detail::_Hash_node<std::pair<const long unsigned int, std::pair<cubconn::statistics::metrics<cubconn::statistics::context, double>, cubconn::statistics::metrics<cubconn::statistics::context> > >, false>]’ at /usr/include/c++/11/ext/new_allocator.h:145:19,
    inlined from ‘static void std::allocator_traits<std::allocator<_CharT> >::deallocate(std::allocator_traits<std::allocator<_CharT> >::allocator_type&, std::allocator_traits<std::allocator<_CharT> >::pointer, std::allocator_traits<std::allocator<_CharT> >::size_type) [with _Tp = std::__detail::_Hash_node<std::pair<const long unsigned int, std::pair<cubconn::statistics::metrics<cubconn::statistics::context, double>, cubconn::statistics::metrics<cubconn::statistics::context> > >, false>]’ at /usr/include/c++/11/bits/alloc_traits.h:496:23,
    inlined from ‘void std::__detail::_Hashtable_alloc<_NodeAlloc>::_M_deallocate_node_ptr(std::__detail::_Hashtable_alloc<_NodeAlloc>::__node_ptr) [with _NodeAlloc = std::allocator<std::__detail::_Hash_node<std::pair<const long unsigned int, std::pair<cubconn::statistics::metrics<cubconn::statistics::context, double>, cubconn::statistics::metrics<cubconn::statistics::context> > >, false> >]’ at /usr/include/c++/11/bits/hashtable_policy.h:1909:38,
    inlined from ‘void std::__detail::_Hashtable_alloc<_NodeAlloc>::_M_deallocate_node(std::__detail::_Hashtable_alloc<_NodeAlloc>::__node_ptr) [with _NodeAlloc = std::allocator<std::__detail::_Hash_node<std::pair<const long unsigned int, std::pair<cubconn::statistics::metrics<cubconn::statistics::context, double>, cubconn::statistics::metrics<cubconn::statistics::context> > >, false> >]’ at /usr/include/c++/11/bits/hashtable_policy.h:1899:29,
    inlined from ‘std::_Hashtable<_Key, _Value, _Alloc, _ExtractKey, _Equal, _Hash, _RangeHash, _Unused, _RehashPolicy, _Traits>::_Scoped_node::~_Scoped_node() [with _Key = long unsigned int; _Value = std::pair<const long unsigned int, std::pair<cubconn::statistics::metrics<cubconn::statistics::context, double>, cubconn::statistics::metrics<cubconn::statistics::context> > >; _Alloc = std::allocator<std::pair<const long unsigned int, std::pair<cubconn::statistics::metrics<cubconn::statistics::context, double>, cubconn::statistics::metrics<cubconn::statistics::context> > > >; _ExtractKey = std::__detail::_Select1st; _Equal = std::equal_to<long unsigned int>; _Hash = std::hash<long unsigned int>; _RangeHash = std::__detail::_Mod_range_hashing; _Unused = std::__detail::_Default_ranged_hash; _RehashPolicy = std::__detail::_Prime_rehash_policy; _Traits = std::__detail::_Hashtable_traits<false, false, true>]’ at /usr/include/c++/11/bits/hashtable.h:308:57,
    inlined from ‘std::pair<typename std::__detail::_Insert<_Key, _Value, _Alloc, _ExtractKey, _Equal, _Hash, _RangeHash, _Unused, _RehashPolicy, _Traits>::iterator, bool> std::_Hashtable<_Key, _Value, _Alloc, _ExtractKey, _Equal, _Hash, _RangeHash, _Unused, _RehashPolicy, _Traits>::_M_emplace(std::true_type, _Args&& ...) [with _Args = {const long unsigned int&, std::pair<cubconn::statistics::metrics<cubconn::statistics::context, double>, cubconn::statistics::metrics<cubconn::statistics::context, long unsigned int> >}; _Key = long unsigned int; _Value = std::pair<const long unsigned int, std::pair<cubconn::statistics::metrics<cubconn::statistics::context, double>, cubconn::statistics::metrics<cubconn::statistics::context> > >; _Alloc = std::allocator<std::pair<const long unsigned int, std::pair<cubconn::statistics::metrics<cubconn::statistics::context, double>, cubconn::statistics::metrics<cubconn::statistics::context> > > >; _ExtractKey = std::__detail::_Select1st; _Equal = std::equal_to<long unsigned int>; _Hash = std::hash<long unsigned int>; _RangeHash = std::__detail::_Mod_range_hashing; _Unused = std::__detail::_Default_ranged_hash; _RehashPolicy = std::__detail::_Prime_rehash_policy; _Traits = std::__detail::_Hashtable_traits<false, false, true>]’ at /usr/include/c++/11/bits/hashtable.h:1978:7,
    inlined from ‘std::_Hashtable<_Key, _Value, _Alloc, _ExtractKey, _Equal, _Hash, _RangeHash, _Unused, _RehashPolicy, _Traits>::__ireturn_type std::_Hashtable<_Key, _Value, _Alloc, _ExtractKey, _Equal, _Hash, _RangeHash, _Unused, _RehashPolicy, _Traits>::emplace(_Args&& ...) [with _Args = {const long unsigned int&, std::pair<cubconn::statistics::metrics<cubconn::statistics::context, double>, cubconn::statistics::metrics<cubconn::statistics::context, long unsigned int> >}; _Key = long unsigned int; _Value = std::pair<const long unsigned int, std::pair<cubconn::statistics::metrics<cubconn::statistics::context, double>, cubconn::statistics::metrics<cubconn::statistics::context> > >; _Alloc = std::allocator<std::pair<const long unsigned int, std::pair<cubconn::statistics::metrics<cubconn::statistics::context, double>, cubconn::statistics::metrics<cubconn::statistics::context> > > >; _ExtractKey = std::__detail::_Select1st; _Equal = std::equal_to<long unsigned int>; _Hash = std::hash<long unsigned int>; _RangeHash = std::__detail::_Mod_range_hashing; _Unused = std::__detail::_Default_ranged_hash; _RehashPolicy = std::__detail::_Prime_rehash_policy; _Traits = std::__detail::_Hashtable_traits<false, false, true>]’ at /usr/include/c++/11/bits/hashtable.h:915:21,
    inlined from ‘std::pair<typename std::_Hashtable<_Key, std::pair<const _Key, _Tp>, _Alloc, std::__detail::_Select1st, _Pred, _Hash, std::__detail::_Mod_range_hashing, std::__detail::_Default_ranged_hash, std::__detail::_Prime_rehash_policy, std::__detail::_Hashtable_traits<std::__not_<std::__and_<std::__is_fast_hash<_Hash>, std::__is_nothrow_invocable<const _Hash&, const _Key&> > >::value, false, true> >::iterator, bool> std::unordered_map<_Key, _Tp, _Hash, _Pred, _Alloc>::emplace(_Args&& ...) [with _Args = {const long unsigned int&, std::pair<cubconn::statistics::metrics<cubconn::statistics::context, double>, cubconn::statistics::metrics<cubconn::statistics::context, long unsigned int> >}; _Key = long unsigned int; _Tp = std::pair<cubconn::statistics::metrics<cubconn::statistics::context, double>, cubconn::statistics::metrics<cubconn::statistics::context> >; _Hash = std::hash<long unsigned int>; _Pred = std::equal_to<long unsigned int>; _Alloc = std::allocator<std::pair<const long unsigned int, std::pair<cubconn::statistics::metrics<cubconn::statistics::context, double>, cubconn::statistics::metrics<cubconn::statistics::context> > > >]’ at /usr/include/c++/11/bits/unordered_map.h:389:23,
    inlined from ‘bool cubconn::connection::coordinator::transfer_connection(uint64_t, int, int)’ at /home/vimkim/gh/cb/pr7600-timing-base988/src/connection/coordinator.cpp:268:41:
/home/vimkim/gh/cb/pr7600-timing-base988/src/base/memory_cwrapper.h:86:8: warning: ‘void free(void*)’ called on pointer returned from a mismatched allocation function [-Wmismatched-new-delete]
   86 |   free (ptr);
      |   ~~~~~^~~~~
In file included from /usr/include/c++/11/x86_64-redhat-linux/bits/c++allocator.h:33,
                 from /usr/include/c++/11/bits/allocator.h:46,
                 from /usr/include/c++/11/string:41,
                 from /usr/include/c++/11/random:40,
                 from /home/vimkim/gh/cb/pr7600-timing-base988/src/connection/coordinator.cpp:23:
/usr/include/c++/11/ext/new_allocator.h: In member function ‘bool cubconn::connection::coordinator::transfer_connection(uint64_t, int, int)’:
/usr/include/c++/11/ext/new_allocator.h:127:48: note: returned from ‘void* operator new(std::size_t)’
  127 |         return static_cast<_Tp*>(::operator new(__n * sizeof(_Tp)));
      |                                  ~~~~~~~~~~~~~~^~~~~~~~~~~~~~~~~~~
[895/1434] Building CXX object cubrid/CMakeFiles/cubrid.dir/__/src/monitor/monitor_vacuum_ovfp_threshold.cpp.o
[896/1434] Building CXX object cubrid/CMakeFiles/cubrid.dir/__/src/query/crypt_opfunc.c.o
[897/1434] Building CXX object cubrid/CMakeFiles/cubrid.dir/__/src/query/string_regex.cpp.o
[898/1434] Building CXX object cubrid/CMakeFiles/cubrid.dir/__/src/storage/byte_order.c.o
[899/1434] Building CXX object cubrid/CMakeFiles/cubrid.dir/__/src/query/numeric_opfunc.c.o
[900/1434] Building CXX object cubrid/CMakeFiles/cubrid.dir/__/src/object/object_representation.c.o
/home/vimkim/gh/cb/pr7600-timing-base988/src/object/object_representation.c: In function ‘char* or_unpack_spacedb(char*, SPACEDB_ALL*, SPACEDB_ONEVOL**, SPACEDB_FILES*)’:
/home/vimkim/gh/cb/pr7600-timing-base988/src/object/object_representation.c:6261:19: warning: ‘char* strncpy(char*, const char*, size_t)’ specified bound 4096 equals destination size [-Wstringop-truncation]
 6261 |           strncpy ((*vols)[iter_vol].name, volname, DB_MAX_PATH_LENGTH);
      |           ~~~~~~~~^~~~~~~~~~~~~~~~~~~~~~~~~~~~~~~~~~~~~~~~~~~~~~~~~~~~~
[901/1434] Building CXX object cubrid/CMakeFiles/cubrid.dir/__/src/query/query_reevaluation.cpp.o
[902/1434] Building CXX object cubrid/CMakeFiles/cubrid.dir/__/src/connection/server_support.c.o
[903/1434] Building CXX object cubrid/CMakeFiles/cubrid.dir/__/src/query/query_analytic.cpp.o
[904/1434] Building CXX object cubrid/CMakeFiles/cubrid.dir/__/src/sp/pl_session.cpp.o
[905/1434] Building CXX object cubrid/CMakeFiles/cubrid.dir/__/src/query/regu_var.cpp.o
[906/1434] Building CXX object cubrid/CMakeFiles/cubrid.dir/__/src/query/query_evaluator.c.o
[907/1434] Building CXX object cubrid/CMakeFiles/cubrid.dir/__/src/query/dblink_scan.c.o
[908/1434] Building CXX object cubrid/CMakeFiles/cubrid.dir/__/src/storage/es_common.c.o
[909/1434] Building CXX object cubrid/CMakeFiles/cubrid.dir/__/src/storage/es_posix.c.o
[910/1434] Building CXX object cubrid/CMakeFiles/cubrid.dir/__/src/storage/storage_common.c.o
[911/1434] Building CXX object cubrid/CMakeFiles/cubrid.dir/__/src/storage/oid.c.o
[912/1434] Building CXX object cubrid/CMakeFiles/cubrid.dir/__/src/query/set_scan.c.o
[913/1434] Building CXX object cubrid/CMakeFiles/cubrid.dir/__/src/storage/statistics_ndv.c.o
[914/1434] Building CXX object cubrid/CMakeFiles/cubrid.dir/__/src/query/string_regex_re2.cpp.o
[915/1434] Building CXX object cubrid/CMakeFiles/cubrid.dir/__/src/storage/oos_util.cpp.o
[916/1434] Building CXX object cubrid/CMakeFiles/cubrid.dir/__/src/connection/connection_worker.cpp.o
[917/1434] Building CXX object cubrid/CMakeFiles/cubrid.dir/__/src/storage/es_owfs.c.o
[918/1434] Building CXX object cubrid/CMakeFiles/cubrid.dir/__/src/query/subquery_cache.c.o
[919/1434] Building CXX object cubrid/CMakeFiles/cubrid.dir/__/src/query/dblink_2pc.c.o
[920/1434] Building CXX object cubrid/CMakeFiles/cubrid.dir/__/src/query/vacuum_oos.cpp.o
[921/1434] Building CXX object cubrid/CMakeFiles/cubrid.dir/__/src/query/scan_json_table.cpp.o
[922/1434] Building CXX object cubrid/CMakeFiles/cubrid.dir/__/src/query/partition.c.o
[923/1434] Building CXX object cubrid/CMakeFiles/cubrid.dir/__/src/query/query_hash_scan.c.o
[924/1434] Building CXX object cubrid/CMakeFiles/cubrid.dir/__/src/sp/pl_executor.cpp.o
[925/1434] Building CXX object cubrid/CMakeFiles/cubrid.dir/__/src/query/show_scan.c.o
[926/1434] Building CXX object cubrid/CMakeFiles/cubrid.dir/__/src/storage/ftab_set.cpp.o
[927/1434] Building CXX object cubrid/CMakeFiles/cubrid.dir/__/src/storage/compactdb_sr.c.o
[928/1434] Building CXX object cubrid/CMakeFiles/cubrid.dir/__/src/object/object_domain.c.o
[929/1434] Building CXX object cubrid/CMakeFiles/cubrid.dir/__/src/thread/critical_section_tracker.cpp.o
[930/1434] Building CXX object cs/CMakeFiles/cubridcs.dir/__/src/parser/xasl_generation.c.o
[931/1434] Building CXX object cubrid/CMakeFiles/cubrid.dir/__/src/thread/thread_waiter.cpp.o
[932/1434] Building CXX object cubrid/CMakeFiles/cubrid.dir/__/src/query/query_aggregate.cpp.o
[933/1434] Building CXX object cubrid/CMakeFiles/cubrid.dir/__/src/query/query_hash_join.c.o
[934/1434] Building CXX object cubrid/CMakeFiles/cubrid.dir/__/src/loaddb/load_session.cpp.o
In file included from /home/vimkim/gh/cb/pr7600-timing-base988/src/base/memory_alloc.h:54,
                 from /home/vimkim/gh/cb/pr7600-timing-base988/src/base/memory_hash.h:30,
                 from /home/vimkim/gh/cb/pr7600-timing-base988/src/storage/file_io.h:33,
                 from /home/vimkim/gh/cb/pr7600-timing-base988/src/transaction/log_manager.h:37,
                 from /home/vimkim/gh/cb/pr7600-timing-base988/src/storage/system_catalog.h:36,
                 from /home/vimkim/gh/cb/pr7600-timing-base988/src/base/object_representation_sr.h:42,
                 from /home/vimkim/gh/cb/pr7600-timing-base988/src/loaddb/load_class_registry.hpp:27,
                 from /home/vimkim/gh/cb/pr7600-timing-base988/src/loaddb/load_session.hpp:27,
                 from /home/vimkim/gh/cb/pr7600-timing-base988/src/loaddb/load_session.cpp:23:
In function ‘void cub_free(void*)’,
    inlined from ‘void operator delete [](void*)’ at /home/vimkim/gh/cb/pr7600-timing-base988/src/base/memory_wrapper.hpp:80:12,
    inlined from ‘typename std::enable_if<std::is_convertible<_Up (*)[], _Tp (*)[]>::value>::type std::default_delete<_Tp []>::operator()(_Up*) const [with _Up = char; _Tp = char]’ at /usr/include/c++/11/bits/unique_ptr.h:120:4,
    inlined from ‘std::unique_ptr<_Tp [], _Dp>::~unique_ptr() [with _Tp = char; _Dp = std::default_delete<char []>]’ at /usr/include/c++/11/bits/unique_ptr.h:612:17,
    inlined from ‘static std::string cubload::error_handler::format(const char*, Args&& ...) [with Args = {}]’ at /home/vimkim/gh/cb/pr7600-timing-base988/src/loaddb/load_error_handler.hpp:205:3:
/home/vimkim/gh/cb/pr7600-timing-base988/src/base/memory_cwrapper.h:86:8: warning: ‘void free(void*)’ called on pointer returned from a mismatched allocation function [-Wmismatched-new-delete]
   86 |   free (ptr);
      |   ~~~~~^~~~~
In file included from /home/vimkim/gh/cb/pr7600-timing-base988/src/loaddb/load_session.hpp:29,
                 from /home/vimkim/gh/cb/pr7600-timing-base988/src/loaddb/load_session.cpp:23:
/home/vimkim/gh/cb/pr7600-timing-base988/src/loaddb/load_error_handler.hpp: In static member function ‘static std::string cubload::error_handler::format(const char*, Args&& ...) [with Args = {}]’:
/home/vimkim/gh/cb/pr7600-timing-base988/src/loaddb/load_error_handler.hpp:199:34: note: returned from ‘void* operator new [](std::size_t)’
  199 |     std::unique_ptr<char[]> msg (new char[size]);
      |                                  ^~~~~~~~~~~~~~
In file included from /home/vimkim/gh/cb/pr7600-timing-base988/src/base/memory_alloc.h:54,
                 from /home/vimkim/gh/cb/pr7600-timing-base988/src/base/memory_hash.h:30,
                 from /home/vimkim/gh/cb/pr7600-timing-base988/src/storage/file_io.h:33,
                 from /home/vimkim/gh/cb/pr7600-timing-base988/src/transaction/log_manager.h:37,
                 from /home/vimkim/gh/cb/pr7600-timing-base988/src/storage/system_catalog.h:36,
                 from /home/vimkim/gh/cb/pr7600-timing-base988/src/base/object_representation_sr.h:42,
                 from /home/vimkim/gh/cb/pr7600-timing-base988/src/loaddb/load_class_registry.hpp:27,
                 from /home/vimkim/gh/cb/pr7600-timing-base988/src/loaddb/load_session.hpp:27,
                 from /home/vimkim/gh/cb/pr7600-timing-base988/src/loaddb/load_session.cpp:23:
In function ‘void cub_free(void*)’,
    inlined from ‘void operator delete [](void*)’ at /home/vimkim/gh/cb/pr7600-timing-base988/src/base/memory_wrapper.hpp:80:12,
    inlined from ‘typename std::enable_if<std::is_convertible<_Up (*)[], _Tp (*)[]>::value>::type std::default_delete<_Tp []>::operator()(_Up*) const [with _Up = char; _Tp = char]’ at /usr/include/c++/11/bits/unique_ptr.h:120:4,
    inlined from ‘std::unique_ptr<_Tp [], _Dp>::~unique_ptr() [with _Tp = char; _Dp = std::default_delete<char []>]’ at /usr/include/c++/11/bits/unique_ptr.h:612:17,
    inlined from ‘static std::string cubload::error_handler::format(const char*, Args&& ...) [with Args = {int&}]’ at /home/vimkim/gh/cb/pr7600-timing-base988/src/loaddb/load_error_handler.hpp:205:3,
    inlined from ‘void cubload::error_handler::on_error_with_line(int, MSGCAT_LOADDB_MSG, Args&& ...) [with Args = {}]’ at /home/vimkim/gh/cb/pr7600-timing-base988/src/loaddb/load_error_handler.hpp:152:20:
/home/vimkim/gh/cb/pr7600-timing-base988/src/base/memory_cwrapper.h:86:8: warning: ‘void free(void*)’ called on pointer returned from a mismatched allocation function [-Wmismatched-new-delete]
   86 |   free (ptr);
      |   ~~~~~^~~~~
In file included from /home/vimkim/gh/cb/pr7600-timing-base988/src/loaddb/load_session.hpp:29,
                 from /home/vimkim/gh/cb/pr7600-timing-base988/src/loaddb/load_session.cpp:23:
/home/vimkim/gh/cb/pr7600-timing-base988/src/loaddb/load_error_handler.hpp: In member function ‘void cubload::error_handler::on_error_with_line(int, MSGCAT_LOADDB_MSG, Args&& ...) [with Args = {}]’:
/home/vimkim/gh/cb/pr7600-timing-base988/src/loaddb/load_error_handler.hpp:199:34: note: returned from ‘void* operator new [](std::size_t)’
  199 |     std::unique_ptr<char[]> msg (new char[size]);
      |                                  ^~~~~~~~~~~~~~
In file included from /home/vimkim/gh/cb/pr7600-timing-base988/src/base/memory_alloc.h:54,
                 from /home/vimkim/gh/cb/pr7600-timing-base988/src/base/memory_hash.h:30,
                 from /home/vimkim/gh/cb/pr7600-timing-base988/src/storage/file_io.h:33,
                 from /home/vimkim/gh/cb/pr7600-timing-base988/src/transaction/log_manager.h:37,
                 from /home/vimkim/gh/cb/pr7600-timing-base988/src/storage/system_catalog.h:36,
                 from /home/vimkim/gh/cb/pr7600-timing-base988/src/base/object_representation_sr.h:42,
                 from /home/vimkim/gh/cb/pr7600-timing-base988/src/loaddb/load_class_registry.hpp:27,
                 from /home/vimkim/gh/cb/pr7600-timing-base988/src/loaddb/load_session.hpp:27,
                 from /home/vimkim/gh/cb/pr7600-timing-base988/src/loaddb/load_session.cpp:23:
In function ‘void cub_free(void*)’,
    inlined from ‘void operator delete [](void*)’ at /home/vimkim/gh/cb/pr7600-timing-base988/src/base/memory_wrapper.hpp:80:12,
    inlined from ‘typename std::enable_if<std::is_convertible<_Up (*)[], _Tp (*)[]>::value>::type std::default_delete<_Tp []>::operator()(_Up*) const [with _Up = char; _Tp = char]’ at /usr/include/c++/11/bits/unique_ptr.h:120:4,
    inlined from ‘std::unique_ptr<_Tp [], _Dp>::~unique_ptr() [with _Tp = char; _Dp = std::default_delete<char []>]’ at /usr/include/c++/11/bits/unique_ptr.h:612:17,
    inlined from ‘static std::string cubload::error_handler::format(const char*, Args&& ...) [with Args = {int}]’ at /home/vimkim/gh/cb/pr7600-timing-base988/src/loaddb/load_error_handler.hpp:205:3:
/home/vimkim/gh/cb/pr7600-timing-base988/src/base/memory_cwrapper.h:86:8: warning: ‘void free(void*)’ called on pointer returned from a mismatched allocation function [-Wmismatched-new-delete]
   86 |   free (ptr);
      |   ~~~~~^~~~~
In file included from /home/vimkim/gh/cb/pr7600-timing-base988/src/loaddb/load_session.hpp:29,
                 from /home/vimkim/gh/cb/pr7600-timing-base988/src/loaddb/load_session.cpp:23:
/home/vimkim/gh/cb/pr7600-timing-base988/src/loaddb/load_error_handler.hpp: In static member function ‘static std::string cubload::error_handler::format(const char*, Args&& ...) [with Args = {int}]’:
/home/vimkim/gh/cb/pr7600-timing-base988/src/loaddb/load_error_handler.hpp:199:34: note: returned from ‘void* operator new [](std::size_t)’
  199 |     std::unique_ptr<char[]> msg (new char[size]);
      |                                  ^~~~~~~~~~~~~~
In file included from /home/vimkim/gh/cb/pr7600-timing-base988/src/base/memory_alloc.h:54,
                 from /home/vimkim/gh/cb/pr7600-timing-base988/src/base/memory_hash.h:30,
                 from /home/vimkim/gh/cb/pr7600-timing-base988/src/storage/file_io.h:33,
                 from /home/vimkim/gh/cb/pr7600-timing-base988/src/transaction/log_manager.h:37,
                 from /home/vimkim/gh/cb/pr7600-timing-base988/src/storage/system_catalog.h:36,
                 from /home/vimkim/gh/cb/pr7600-timing-base988/src/base/object_representation_sr.h:42,
                 from /home/vimkim/gh/cb/pr7600-timing-base988/src/loaddb/load_class_registry.hpp:27,
                 from /home/vimkim/gh/cb/pr7600-timing-base988/src/loaddb/load_session.hpp:27,
                 from /home/vimkim/gh/cb/pr7600-timing-base988/src/loaddb/load_session.cpp:23:
In function ‘void cub_free(void*)’,
    inlined from ‘void operator delete [](void*)’ at /home/vimkim/gh/cb/pr7600-timing-base988/src/base/memory_wrapper.hpp:80:12,
    inlined from ‘typename std::enable_if<std::is_convertible<_Up (*)[], _Tp (*)[]>::value>::type std::default_delete<_Tp []>::operator()(_Up*) const [with _Up = char; _Tp = char]’ at /usr/include/c++/11/bits/unique_ptr.h:120:4,
    inlined from ‘std::unique_ptr<_Tp [], _Dp>::~unique_ptr() [with _Tp = char; _Dp = std::default_delete<char []>]’ at /usr/include/c++/11/bits/unique_ptr.h:612:17,
    inlined from ‘static std::string cubload::error_handler::format(const char*, Args&& ...) [with Args = {const char*, long unsigned int&}]’ at /home/vimkim/gh/cb/pr7600-timing-base988/src/loaddb/load_error_handler.hpp:205:3,
    inlined from ‘static std::string cubload::error_handler::format_log_msg(MSGCAT_LOADDB_MSG, Args&& ...) [with Args = {const char*, long unsigned int&}]’ at /home/vimkim/gh/cb/pr7600-timing-base988/src/loaddb/load_error_handler.hpp:225:20:
/home/vimkim/gh/cb/pr7600-timing-base988/src/base/memory_cwrapper.h:86:8: warning: ‘void free(void*)’ called on pointer returned from a mismatched allocation function [-Wmismatched-new-delete]
   86 |   free (ptr);
      |   ~~~~~^~~~~
In file included from /home/vimkim/gh/cb/pr7600-timing-base988/src/loaddb/load_session.hpp:29,
                 from /home/vimkim/gh/cb/pr7600-timing-base988/src/loaddb/load_session.cpp:23:
/home/vimkim/gh/cb/pr7600-timing-base988/src/loaddb/load_error_handler.hpp: In static member function ‘static std::string cubload::error_handler::format_log_msg(MSGCAT_LOADDB_MSG, Args&& ...) [with Args = {const char*, long unsigned int&}]’:
/home/vimkim/gh/cb/pr7600-timing-base988/src/loaddb/load_error_handler.hpp:199:34: note: returned from ‘void* operator new [](std::size_t)’
  199 |     std::unique_ptr<char[]> msg (new char[size]);
      |                                  ^~~~~~~~~~~~~~
[935/1434] Building CXX object cubrid/CMakeFiles/cubrid.dir/__/src/query/arithmetic.c.o
[936/1434] Building CXX object cubrid/CMakeFiles/cubrid.dir/__/src/query/query_manager.c.o
[937/1434] Building CXX object cubrid/CMakeFiles/cubrid.dir/__/src/storage/record_descriptor.cpp.o
[938/1434] Building CXX object cubrid/CMakeFiles/cubrid.dir/__/src/thread/thread_looper.cpp.o
[939/1434] Building CXX object cubrid/CMakeFiles/cubrid.dir/__/src/transaction/wait_for_graph.c.o
[940/1434] Building CXX object cubrid/CMakeFiles/cubrid.dir/__/src/transaction/client_credentials.cpp.o
[941/1434] Building CXX object cubrid/CMakeFiles/cubrid.dir/__/src/query/query_dump.c.o
[942/1434] Building CXX object cubrid/CMakeFiles/cubrid.dir/__/src/transaction/log_lsa.cpp.o
[943/1434] Building CXX object cubrid/CMakeFiles/cubrid.dir/__/src/query/scan_manager.c.o
[944/1434] Building CXX object cubrid/CMakeFiles/cubrid.dir/__/src/transaction/lock_table.c.o
[945/1434] Building CXX object cubrid/CMakeFiles/cubrid.dir/__/src/thread/thread_worker_pool_impl.cpp.o
[946/1434] Building CXX object cubrid/CMakeFiles/cubrid.dir/__/src/storage/overflow_file.c.o
[947/1434] Building CXX object cubrid/CMakeFiles/cubrid.dir/__/src/query/filter_pred_cache.c.o
[948/1434] Building CXX object cubrid/CMakeFiles/cubrid.dir/__/src/session/session_sr.c.o
[949/1434] Building CXX object cubrid/CMakeFiles/cubrid.dir/__/src/thread/thread_daemon.cpp.o
[950/1434] Building CXX object cubrid/CMakeFiles/cubrid.dir/__/src/query/query_opfunc.c.o
[951/1434] Building CXX object cubrid/CMakeFiles/cubrid.dir/__/src/object/object_primitive.c.o
[952/1434] Building CXX object cubrid/CMakeFiles/cubrid.dir/__/src/thread/thread_worker_pool_taskcap.cpp.o
[953/1434] Building CXX object cubrid/CMakeFiles/cubrid.dir/__/src/query/stream_to_xasl.c.o
[954/1434] Building CXX object cubrid/CMakeFiles/cubrid.dir/__/src/loaddb/load_server_loader.cpp.o
In file included from /home/vimkim/gh/cb/pr7600-timing-base988/src/base/memory_alloc.h:54,
                 from /home/vimkim/gh/cb/pr7600-timing-base988/src/base/memory_hash.h:30,
                 from /home/vimkim/gh/cb/pr7600-timing-base988/src/storage/file_io.h:33,
                 from /home/vimkim/gh/cb/pr7600-timing-base988/src/transaction/log_manager.h:37,
                 from /home/vimkim/gh/cb/pr7600-timing-base988/src/storage/system_catalog.h:36,
                 from /home/vimkim/gh/cb/pr7600-timing-base988/src/base/object_representation_sr.h:42,
                 from /home/vimkim/gh/cb/pr7600-timing-base988/src/query/heap_attrinfo.h:27,
                 from /home/vimkim/gh/cb/pr7600-timing-base988/src/loaddb/load_server_loader.hpp:27,
                 from /home/vimkim/gh/cb/pr7600-timing-base988/src/loaddb/load_server_loader.cpp:23:
In function ‘void cub_free(void*)’,
    inlined from ‘void operator delete [](void*)’ at /home/vimkim/gh/cb/pr7600-timing-base988/src/base/memory_wrapper.hpp:80:12,
    inlined from ‘typename std::enable_if<std::is_convertible<_Up (*)[], _Tp (*)[]>::value>::type std::default_delete<_Tp []>::operator()(_Up*) const [with _Up = char; _Tp = char]’ at /usr/include/c++/11/bits/unique_ptr.h:120:4,
    inlined from ‘std::unique_ptr<_Tp [], _Dp>::~unique_ptr() [with _Tp = char; _Dp = std::default_delete<char []>]’ at /usr/include/c++/11/bits/unique_ptr.h:612:17,
    inlined from ‘static std::string cubload::error_handler::format(const char*, Args&& ...) [with Args = {}]’ at /home/vimkim/gh/cb/pr7600-timing-base988/src/loaddb/load_error_handler.hpp:205:3:
/home/vimkim/gh/cb/pr7600-timing-base988/src/base/memory_cwrapper.h:86:8: warning: ‘void free(void*)’ called on pointer returned from a mismatched allocation function [-Wmismatched-new-delete]
   86 |   free (ptr);
      |   ~~~~~^~~~~
In file included from /home/vimkim/gh/cb/pr7600-timing-base988/src/loaddb/load_scanner.hpp:26,
                 from /home/vimkim/gh/cb/pr7600-timing-base988/src/loaddb/load_driver.hpp:32,
                 from /home/vimkim/gh/cb/pr7600-timing-base988/src/loaddb/load_server_loader.cpp:29:
/home/vimkim/gh/cb/pr7600-timing-base988/src/loaddb/load_error_handler.hpp: In static member function ‘static std::string cubload::error_handler::format(const char*, Args&& ...) [with Args = {}]’:
/home/vimkim/gh/cb/pr7600-timing-base988/src/loaddb/load_error_handler.hpp:199:34: note: returned from ‘void* operator new [](std::size_t)’
  199 |     std::unique_ptr<char[]> msg (new char[size]);
      |                                  ^~~~~~~~~~~~~~
In file included from /home/vimkim/gh/cb/pr7600-timing-base988/src/base/memory_alloc.h:54,
                 from /home/vimkim/gh/cb/pr7600-timing-base988/src/base/memory_hash.h:30,
                 from /home/vimkim/gh/cb/pr7600-timing-base988/src/storage/file_io.h:33,
                 from /home/vimkim/gh/cb/pr7600-timing-base988/src/transaction/log_manager.h:37,
                 from /home/vimkim/gh/cb/pr7600-timing-base988/src/storage/system_catalog.h:36,
                 from /home/vimkim/gh/cb/pr7600-timing-base988/src/base/object_representation_sr.h:42,
                 from /home/vimkim/gh/cb/pr7600-timing-base988/src/query/heap_attrinfo.h:27,
                 from /home/vimkim/gh/cb/pr7600-timing-base988/src/loaddb/load_server_loader.hpp:27,
                 from /home/vimkim/gh/cb/pr7600-timing-base988/src/loaddb/load_server_loader.cpp:23:
In function ‘void cub_free(void*)’,
    inlined from ‘void operator delete [](void*)’ at /home/vimkim/gh/cb/pr7600-timing-base988/src/base/memory_wrapper.hpp:80:12,
    inlined from ‘typename std::enable_if<std::is_convertible<_Up (*)[], _Tp (*)[]>::value>::type std::default_delete<_Tp []>::operator()(_Up*) const [with _Up = char; _Tp = char]’ at /usr/include/c++/11/bits/unique_ptr.h:120:4,
    inlined from ‘std::unique_ptr<_Tp [], _Dp>::~unique_ptr() [with _Tp = char; _Dp = std::default_delete<char []>]’ at /usr/include/c++/11/bits/unique_ptr.h:612:17,
    inlined from ‘static std::string cubload::error_handler::format(const char*, Args&& ...) [with Args = {int}]’ at /home/vimkim/gh/cb/pr7600-timing-base988/src/loaddb/load_error_handler.hpp:205:3:
/home/vimkim/gh/cb/pr7600-timing-base988/src/base/memory_cwrapper.h:86:8: warning: ‘void free(void*)’ called on pointer returned from a mismatched allocation function [-Wmismatched-new-delete]
   86 |   free (ptr);
      |   ~~~~~^~~~~
In file included from /home/vimkim/gh/cb/pr7600-timing-base988/src/loaddb/load_scanner.hpp:26,
                 from /home/vimkim/gh/cb/pr7600-timing-base988/src/loaddb/load_driver.hpp:32,
                 from /home/vimkim/gh/cb/pr7600-timing-base988/src/loaddb/load_server_loader.cpp:29:
/home/vimkim/gh/cb/pr7600-timing-base988/src/loaddb/load_error_handler.hpp: In static member function ‘static std::string cubload::error_handler::format(const char*, Args&& ...) [with Args = {int}]’:
/home/vimkim/gh/cb/pr7600-timing-base988/src/loaddb/load_error_handler.hpp:199:34: note: returned from ‘void* operator new [](std::size_t)’
  199 |     std::unique_ptr<char[]> msg (new char[size]);
      |                                  ^~~~~~~~~~~~~~
In file included from /home/vimkim/gh/cb/pr7600-timing-base988/src/base/memory_alloc.h:54,
                 from /home/vimkim/gh/cb/pr7600-timing-base988/src/base/memory_hash.h:30,
                 from /home/vimkim/gh/cb/pr7600-timing-base988/src/storage/file_io.h:33,
                 from /home/vimkim/gh/cb/pr7600-timing-base988/src/transaction/log_manager.h:37,
                 from /home/vimkim/gh/cb/pr7600-timing-base988/src/storage/system_catalog.h:36,
                 from /home/vimkim/gh/cb/pr7600-timing-base988/src/base/object_representation_sr.h:42,
                 from /home/vimkim/gh/cb/pr7600-timing-base988/src/query/heap_attrinfo.h:27,
                 from /home/vimkim/gh/cb/pr7600-timing-base988/src/loaddb/load_server_loader.hpp:27,
                 from /home/vimkim/gh/cb/pr7600-timing-base988/src/loaddb/load_server_loader.cpp:23:
In function ‘void cub_free(void*)’,
    inlined from ‘void operator delete [](void*)’ at /home/vimkim/gh/cb/pr7600-timing-base988/src/base/memory_wrapper.hpp:80:12,
    inlined from ‘typename std::enable_if<std::is_convertible<_Up (*)[], _Tp (*)[]>::value>::type std::default_delete<_Tp []>::operator()(_Up*) const [with _Up = char; _Tp = char]’ at /usr/include/c++/11/bits/unique_ptr.h:120:4,
    inlined from ‘std::unique_ptr<_Tp [], _Dp>::~unique_ptr() [with _Tp = char; _Dp = std::default_delete<char []>]’ at /usr/include/c++/11/bits/unique_ptr.h:612:17,
    inlined from ‘static std::string cubload::error_handler::format(const char*, Args&& ...) [with Args = {char*&, const char*}]’ at /home/vimkim/gh/cb/pr7600-timing-base988/src/loaddb/load_error_handler.hpp:205:3,
    inlined from ‘void cubload::error_handler::log_date_time_conversion_error(Args&& ...) [with Args = {char*&, const char*}]’ at /home/vimkim/gh/cb/pr7600-timing-base988/src/loaddb/load_error_handler.hpp:214:20:
/home/vimkim/gh/cb/pr7600-timing-base988/src/base/memory_cwrapper.h:86:8: warning: ‘void free(void*)’ called on pointer returned from a mismatched allocation function [-Wmismatched-new-delete]
   86 |   free (ptr);
      |   ~~~~~^~~~~
In file included from /home/vimkim/gh/cb/pr7600-timing-base988/src/loaddb/load_scanner.hpp:26,
                 from /home/vimkim/gh/cb/pr7600-timing-base988/src/loaddb/load_driver.hpp:32,
                 from /home/vimkim/gh/cb/pr7600-timing-base988/src/loaddb/load_server_loader.cpp:29:
/home/vimkim/gh/cb/pr7600-timing-base988/src/loaddb/load_error_handler.hpp: In member function ‘void cubload::error_handler::log_date_time_conversion_error(Args&& ...) [with Args = {char*&, const char*}]’:
/home/vimkim/gh/cb/pr7600-timing-base988/src/loaddb/load_error_handler.hpp:199:34: note: returned from ‘void* operator new [](std::size_t)’
  199 |     std::unique_ptr<char[]> msg (new char[size]);
      |                                  ^~~~~~~~~~~~~~
In file included from /home/vimkim/gh/cb/pr7600-timing-base988/src/base/memory_alloc.h:54,
                 from /home/vimkim/gh/cb/pr7600-timing-base988/src/base/memory_hash.h:30,
                 from /home/vimkim/gh/cb/pr7600-timing-base988/src/storage/file_io.h:33,
                 from /home/vimkim/gh/cb/pr7600-timing-base988/src/transaction/log_manager.h:37,
                 from /home/vimkim/gh/cb/pr7600-timing-base988/src/storage/system_catalog.h:36,
                 from /home/vimkim/gh/cb/pr7600-timing-base988/src/base/object_representation_sr.h:42,
                 from /home/vimkim/gh/cb/pr7600-timing-base988/src/query/heap_attrinfo.h:27,
                 from /home/vimkim/gh/cb/pr7600-timing-base988/src/loaddb/load_server_loader.hpp:27,
                 from /home/vimkim/gh/cb/pr7600-timing-base988/src/loaddb/load_server_loader.cpp:23:
In function ‘void cub_free(void*)’,
    inlined from ‘void operator delete [](void*)’ at /home/vimkim/gh/cb/pr7600-timing-base988/src/base/memory_wrapper.hpp:80:12,
    inlined from ‘typename std::enable_if<std::is_convertible<_Up (*)[], _Tp (*)[]>::value>::type std::default_delete<_Tp []>::operator()(_Up*) const [with _Up = char; _Tp = char]’ at /usr/include/c++/11/bits/unique_ptr.h:120:4,
    inlined from ‘std::unique_ptr<_Tp [], _Dp>::~unique_ptr() [with _Tp = char; _Dp = std::default_delete<char []>]’ at /usr/include/c++/11/bits/unique_ptr.h:612:17,
    inlined from ‘static std::string cubload::error_handler::format(const char*, Args&& ...) [with Args = {const char*&}]’ at /home/vimkim/gh/cb/pr7600-timing-base988/src/loaddb/load_error_handler.hpp:205:3:
/home/vimkim/gh/cb/pr7600-timing-base988/src/base/memory_cwrapper.h:86:8: warning: ‘void free(void*)’ called on pointer returned from a mismatched allocation function [-Wmismatched-new-delete]
   86 |   free (ptr);
      |   ~~~~~^~~~~
In file included from /home/vimkim/gh/cb/pr7600-timing-base988/src/loaddb/load_scanner.hpp:26,
                 from /home/vimkim/gh/cb/pr7600-timing-base988/src/loaddb/load_driver.hpp:32,
                 from /home/vimkim/gh/cb/pr7600-timing-base988/src/loaddb/load_server_loader.cpp:29:
/home/vimkim/gh/cb/pr7600-timing-base988/src/loaddb/load_error_handler.hpp: In static member function ‘static std::string cubload::error_handler::format(const char*, Args&& ...) [with Args = {const char*&}]’:
/home/vimkim/gh/cb/pr7600-timing-base988/src/loaddb/load_error_handler.hpp:199:34: note: returned from ‘void* operator new [](std::size_t)’
  199 |     std::unique_ptr<char[]> msg (new char[size]);
      |                                  ^~~~~~~~~~~~~~
In file included from /home/vimkim/gh/cb/pr7600-timing-base988/src/base/memory_alloc.h:54,
                 from /home/vimkim/gh/cb/pr7600-timing-base988/src/base/memory_hash.h:30,
                 from /home/vimkim/gh/cb/pr7600-timing-base988/src/storage/file_io.h:33,
                 from /home/vimkim/gh/cb/pr7600-timing-base988/src/transaction/log_manager.h:37,
                 from /home/vimkim/gh/cb/pr7600-timing-base988/src/storage/system_catalog.h:36,
                 from /home/vimkim/gh/cb/pr7600-timing-base988/src/base/object_representation_sr.h:42,
                 from /home/vimkim/gh/cb/pr7600-timing-base988/src/query/heap_attrinfo.h:27,
                 from /home/vimkim/gh/cb/pr7600-timing-base988/src/loaddb/load_server_loader.hpp:27,
                 from /home/vimkim/gh/cb/pr7600-timing-base988/src/loaddb/load_server_loader.cpp:23:
In function ‘void cub_free(void*)’,
    inlined from ‘void operator delete [](void*)’ at /home/vimkim/gh/cb/pr7600-timing-base988/src/base/memory_wrapper.hpp:80:12,
    inlined from ‘typename std::enable_if<std::is_convertible<_Up (*)[], _Tp (*)[]>::value>::type std::default_delete<_Tp []>::operator()(_Up*) const [with _Up = char; _Tp = char]’ at /usr/include/c++/11/bits/unique_ptr.h:120:4,
    inlined from ‘std::unique_ptr<_Tp [], _Dp>::~unique_ptr() [with _Tp = char; _Dp = std::default_delete<char []>]’ at /usr/include/c++/11/bits/unique_ptr.h:612:17,
    inlined from ‘static std::string cubload::error_handler::format(const char*, Args&& ...) [with Args = {int&}]’ at /home/vimkim/gh/cb/pr7600-timing-base988/src/loaddb/load_error_handler.hpp:205:3,
    inlined from ‘void cubload::error_handler::on_error_with_line(int, MSGCAT_LOADDB_MSG, Args&& ...) [with Args = {const char*&}]’ at /home/vimkim/gh/cb/pr7600-timing-base988/src/loaddb/load_error_handler.hpp:152:20:
/home/vimkim/gh/cb/pr7600-timing-base988/src/base/memory_cwrapper.h:86:8: warning: ‘void free(void*)’ called on pointer returned from a mismatched allocation function [-Wmismatched-new-delete]
   86 |   free (ptr);
      |   ~~~~~^~~~~
In file included from /home/vimkim/gh/cb/pr7600-timing-base988/src/loaddb/load_scanner.hpp:26,
                 from /home/vimkim/gh/cb/pr7600-timing-base988/src/loaddb/load_driver.hpp:32,
                 from /home/vimkim/gh/cb/pr7600-timing-base988/src/loaddb/load_server_loader.cpp:29:
/home/vimkim/gh/cb/pr7600-timing-base988/src/loaddb/load_error_handler.hpp: In member function ‘void cubload::error_handler::on_error_with_line(int, MSGCAT_LOADDB_MSG, Args&& ...) [with Args = {const char*&}]’:
/home/vimkim/gh/cb/pr7600-timing-base988/src/loaddb/load_error_handler.hpp:199:34: note: returned from ‘void* operator new [](std::size_t)’
  199 |     std::unique_ptr<char[]> msg (new char[size]);
      |                                  ^~~~~~~~~~~~~~
[955/1434] Building CXX object cubrid/CMakeFiles/cubrid.dir/__/src/query/memoize.cpp.o
[956/1434] Building CXX object cubrid/CMakeFiles/cubrid.dir/__/src/query/list_file.c.o
[957/1434] Building CXX object cubrid/CMakeFiles/cubrid.dir/__/src/thread/critical_section.c.o
[958/1434] Building CXX object cubrid/CMakeFiles/cubrid.dir/__/src/loaddb/load_worker_manager.cpp.o
[959/1434] Building CXX object cubrid/CMakeFiles/cubrid.dir/__/src/storage/extendible_hash.c.o
[960/1434] Building CXX object cubrid/CMakeFiles/cubrid.dir/__/src/thread/thread_entry_task.cpp.o
[961/1434] Building CXX object cubrid/CMakeFiles/cubrid.dir/__/src/storage/bestspace.cpp.o
[962/1434] Building CXX object cubrid/CMakeFiles/cubrid.dir/__/src/thread/thread_manager.cpp.o
[963/1434] Building CXX object cubrid/CMakeFiles/cubrid.dir/__/src/storage/heap_oos.cpp.o
In file included from /home/vimkim/gh/cb/pr7600-timing-base988/src/base/memory_alloc.h:54,
                 from /home/vimkim/gh/cb/pr7600-timing-base988/src/base/memory_hash.h:30,
                 from /home/vimkim/gh/cb/pr7600-timing-base988/src/storage/file_io.h:33,
                 from /home/vimkim/gh/cb/pr7600-timing-base988/src/transaction/log_manager.h:37,
                 from /home/vimkim/gh/cb/pr7600-timing-base988/src/storage/file_manager.h:33,
                 from /home/vimkim/gh/cb/pr7600-timing-base988/src/storage/heap_file.h:34,
                 from /home/vimkim/gh/cb/pr7600-timing-base988/src/storage/heap_oos.hpp:26,
                 from /home/vimkim/gh/cb/pr7600-timing-base988/src/storage/heap_oos.cpp:26:
In function ‘void cub_free(void*)’,
    inlined from ‘void operator delete(void*, size_t)’ at /home/vimkim/gh/cb/pr7600-timing-base988/src/base/memory_wrapper.hpp:75:12,
    inlined from ‘void __gnu_cxx::new_allocator<_Tp>::deallocate(_Tp*, __gnu_cxx::new_allocator<_Tp>::size_type) [with _Tp = char]’ at /usr/include/c++/11/ext/new_allocator.h:145:19,
    inlined from ‘static void std::allocator_traits<std::allocator<_Tp1> >::deallocate(std::allocator_traits<std::allocator<_Tp1> >::allocator_type&, std::allocator_traits<std::allocator<_Tp1> >::pointer, std::allocator_traits<std::allocator<_Tp1> >::size_type) [with _Tp = char]’ at /usr/include/c++/11/bits/alloc_traits.h:496:23,
    inlined from ‘void std::_Vector_base<_Tp, _Alloc>::_M_deallocate(std::_Vector_base<_Tp, _Alloc>::pointer, std::size_t) [with _Tp = char; _Alloc = std::allocator<char>]’ at /usr/include/c++/11/bits/stl_vector.h:354:19,
    inlined from ‘std::_Vector_base<_Tp, _Alloc>::~_Vector_base() [with _Tp = char; _Alloc = std::allocator<char>]’ at /usr/include/c++/11/bits/stl_vector.h:335:15,
    inlined from ‘std::vector<_Tp, _Alloc>::~vector() [with _Tp = char; _Alloc = std::allocator<char>]’ at /usr/include/c++/11/bits/stl_vector.h:683:7,
    inlined from ‘SCAN_CODE heap_record_replace_oos_oids(THREAD_ENTRY*, HEAP_GET_CONTEXT*)’ at /home/vimkim/gh/cb/pr7600-timing-base988/src/storage/heap_oos.cpp:411:5:
/home/vimkim/gh/cb/pr7600-timing-base988/src/base/memory_cwrapper.h:86:8: warning: ‘void free(void*)’ called on pointer returned from a mismatched allocation function [-Wmismatched-new-delete]
   86 |   free (ptr);
      |   ~~~~~^~~~~
In file included from /usr/include/c++/11/x86_64-redhat-linux/bits/c++allocator.h:33,
                 from /usr/include/c++/11/bits/allocator.h:46,
                 from /usr/include/c++/11/vector:64,
                 from /home/vimkim/gh/cb/pr7600-timing-base988/src/transaction/log_lsa.hpp:30,
                 from /home/vimkim/gh/cb/pr7600-timing-base988/src/storage/disk_manager.h:30,
                 from /home/vimkim/gh/cb/pr7600-timing-base988/src/storage/file_manager.h:32,
                 from /home/vimkim/gh/cb/pr7600-timing-base988/src/storage/heap_file.h:34,
                 from /home/vimkim/gh/cb/pr7600-timing-base988/src/storage/heap_oos.hpp:26,
                 from /home/vimkim/gh/cb/pr7600-timing-base988/src/storage/heap_oos.cpp:26:
/usr/include/c++/11/ext/new_allocator.h: In function ‘SCAN_CODE heap_record_replace_oos_oids(THREAD_ENTRY*, HEAP_GET_CONTEXT*)’:
/usr/include/c++/11/ext/new_allocator.h:127:48: note: returned from ‘void* operator new(std::size_t)’
  127 |         return static_cast<_Tp*>(::operator new(__n * sizeof(_Tp)));
      |                                  ~~~~~~~~~~~~~~^~~~~~~~~~~~~~~~~~~
[964/1434] Building CXX object cubrid/CMakeFiles/cubrid.dir/__/src/transaction/locator.c.o
[965/1434] Building CXX object cubrid/CMakeFiles/cubrid.dir/__/src/xasl/access_json_table.cpp.o
[966/1434] Building CXX object cubrid/CMakeFiles/cubrid.dir/__/src/transaction/log_recovery_redo.cpp.o
[967/1434] Building CXX object cubrid/CMakeFiles/cubrid.dir/__/src/transaction/log_comm.c.o
[968/1434] Building CXX object cubrid/CMakeFiles/cubrid.dir/__/src/thread/thread_entry.cpp.o
[969/1434] Building CXX object cubrid/CMakeFiles/cubrid.dir/__/src/storage/tde.c.o
[970/1434] Building CXX object cubrid/CMakeFiles/cubrid.dir/__/src/thread/thread_lockfree_hash_map.cpp.o
[971/1434] Building CXX object cubrid/CMakeFiles/cubrid.dir/__/src/communication/network_interface_sr.cpp.o
In file included from /home/vimkim/gh/cb/pr7600-timing-base988/src/base/memory_alloc.h:54,
                 from /home/vimkim/gh/cb/pr7600-timing-base988/src/connection/connection_defs.h:38,
                 from /home/vimkim/gh/cb/pr7600-timing-base988/src/base/perf_monitor.h:30,
                 from /home/vimkim/gh/cb/pr7600-timing-base988/src/communication/network_interface_sr.cpp:36:
In function ‘void cub_free(void*)’,
    inlined from ‘void operator delete(void*, size_t)’ at /home/vimkim/gh/cb/pr7600-timing-base988/src/base/memory_wrapper.hpp:75:12,
    inlined from ‘void __gnu_cxx::new_allocator<_Tp>::deallocate(_Tp*, __gnu_cxx::new_allocator<_Tp>::size_type) [with _Tp = std::__detail::_Hash_node<db_identifier, true>]’ at /usr/include/c++/11/ext/new_allocator.h:145:19,
    inlined from ‘static void std::allocator_traits<std::allocator<_Tp1> >::deallocate(std::allocator_traits<std::allocator<_Tp1> >::allocator_type&, std::allocator_traits<std::allocator<_Tp1> >::pointer, std::allocator_traits<std::allocator<_Tp1> >::size_type) [with _Tp = std::__detail::_Hash_node<db_identifier, true>]’ at /usr/include/c++/11/bits/alloc_traits.h:496:23,
    inlined from ‘void std::__detail::_Hashtable_alloc<_NodeAlloc>::_M_deallocate_node_ptr(std::__detail::_Hashtable_alloc<_NodeAlloc>::__node_ptr) [with _NodeAlloc = std::allocator<std::__detail::_Hash_node<db_identifier, true> >]’ at /usr/include/c++/11/bits/hashtable_policy.h:1909:38,
    inlined from ‘void std::__detail::_Hashtable_alloc<_NodeAlloc>::_M_deallocate_node(std::__detail::_Hashtable_alloc<_NodeAlloc>::__node_ptr) [with _NodeAlloc = std::allocator<std::__detail::_Hash_node<db_identifier, true> >]’ at /usr/include/c++/11/bits/hashtable_policy.h:1899:29,
    inlined from ‘std::_Hashtable<_Key, _Value, _Alloc, _ExtractKey, _Equal, _Hash, _RangeHash, _Unused, _RehashPolicy, _Traits>::_Scoped_node::~_Scoped_node() [with _Key = db_identifier; _Value = db_identifier; _Alloc = std::allocator<db_identifier>; _ExtractKey = std::__detail::_Identity; _Equal = std::equal_to<db_identifier>; _Hash = std::hash<db_identifier>; _RangeHash = std::__detail::_Mod_range_hashing; _Unused = std::__detail::_Default_ranged_hash; _RehashPolicy = std::__detail::_Prime_rehash_policy; _Traits = std::__detail::_Hashtable_traits<true, true, true>]’ at /usr/include/c++/11/bits/hashtable.h:308:57,
    inlined from ‘std::pair<typename std::__detail::_Insert<_Key, _Value, _Alloc, _ExtractKey, _Equal, _Hash, _RangeHash, _Unused, _RehashPolicy, _Traits>::iterator, bool> std::_Hashtable<_Key, _Value, _Alloc, _ExtractKey, _Equal, _Hash, _RangeHash, _Unused, _RehashPolicy, _Traits>::_M_emplace(std::true_type, _Args&& ...) [with _Args = {db_identifier&}; _Key = db_identifier; _Value = db_identifier; _Alloc = std::allocator<db_identifier>; _ExtractKey = std::__detail::_Identity; _Equal = std::equal_to<db_identifier>; _Hash = std::hash<db_identifier>; _RangeHash = std::__detail::_Mod_range_hashing; _Unused = std::__detail::_Default_ranged_hash; _RehashPolicy = std::__detail::_Prime_rehash_policy; _Traits = std::__detail::_Hashtable_traits<true, true, true>]’ at /usr/include/c++/11/bits/hashtable.h:1978:7,
    inlined from ‘std::_Hashtable<_Key, _Value, _Alloc, _ExtractKey, _Equal, _Hash, _RangeHash, _Unused, _RehashPolicy, _Traits>::__ireturn_type std::_Hashtable<_Key, _Value, _Alloc, _ExtractKey, _Equal, _Hash, _RangeHash, _Unused, _RehashPolicy, _Traits>::emplace(_Args&& ...) [with _Args = {db_identifier&}; _Key = db_identifier; _Value = db_identifier; _Alloc = std::allocator<db_identifier>; _ExtractKey = std::__detail::_Identity; _Equal = std::equal_to<db_identifier>; _Hash = std::hash<db_identifier>; _RangeHash = std::__detail::_Mod_range_hashing; _Unused = std::__detail::_Default_ranged_hash; _RehashPolicy = std::__detail::_Prime_rehash_policy; _Traits = std::__detail::_Hashtable_traits<true, true, true>]’ at /usr/include/c++/11/bits/hashtable.h:915:21,
    inlined from ‘std::pair<typename std::_Hashtable<_Value, _Value, _Alloc, std::__detail::_Identity, _Pred, _Hash, std::__detail::_Mod_range_hashing, std::__detail::_Default_ranged_hash, std::__detail::_Prime_rehash_policy, std::__detail::_Hashtable_traits<std::__not_<std::__and_<std::__is_fast_hash<_Hash>, std::__is_nothrow_invocable<const _Hash&, const _Tp&> > >::value, true, true> >::iterator, bool> std::unordered_set<_Value, _Hash, _Pred, _Alloc>::emplace(_Args&& ...) [with _Args = {db_identifier&}; _Value = db_identifier; _Hash = std::hash<db_identifier>; _Pred = std::equal_to<db_identifier>; _Alloc = std::allocator<db_identifier>]’ at /usr/include/c++/11/bits/unordered_set.h:378:23,
    inlined from ‘void sflashback_get_loginfo(THREAD_ENTRY*, unsigned int, char*, int)’ at /home/vimkim/gh/cb/pr7600-timing-base988/src/communication/network_interface_sr.cpp:12022:36:
/home/vimkim/gh/cb/pr7600-timing-base988/src/base/memory_cwrapper.h:86:8: warning: ‘void free(void*)’ called on pointer returned from a mismatched allocation function [-Wmismatched-new-delete]
   86 |   free (ptr);
      |   ~~~~~^~~~~
In file included from /usr/include/c++/11/x86_64-redhat-linux/bits/c++allocator.h:33,
                 from /usr/include/c++/11/bits/allocator.h:46,
                 from /usr/include/c++/11/memory:64,
                 from /home/vimkim/gh/cb/pr7600-timing-base988/src/base/filesys.hpp:26,
                 from /home/vimkim/gh/cb/pr7600-timing-base988/src/communication/network_interface_sr.cpp:32:
/usr/include/c++/11/ext/new_allocator.h: In function ‘void sflashback_get_loginfo(THREAD_ENTRY*, unsigned int, char*, int)’:
/usr/include/c++/11/ext/new_allocator.h:127:48: note: returned from ‘void* operator new(std::size_t)’
  127 |         return static_cast<_Tp*>(::operator new(__n * sizeof(_Tp)));
      |                                  ~~~~~~~~~~~~~~^~~~~~~~~~~~~~~~~~~
[972/1434] Building CXX object cubrid/CMakeFiles/cubrid.dir/__/src/transaction/log_postpone_cache.cpp.o
[973/1434] Building CXX object cubrid/CMakeFiles/cubrid.dir/__/src/query/serial.c.o
[974/1434] Building CXX object cubrid/CMakeFiles/cubrid.dir/__/src/transaction/log_append.cpp.o
[975/1434] Building CXX object cubrid/CMakeFiles/cubrid.dir/__/src/transaction/log_global.c.o
[976/1434] Building CXX object cubrid/CMakeFiles/cubrid.dir/__/src/xasl/xasl_unpack_info.cpp.o
[977/1434] Building CXX object cubrid/CMakeFiles/cubrid.dir/__/src/transaction/mvcc_table.cpp.o
[978/1434] Building CXX object cubrid/CMakeFiles/cubrid.dir/__/src/transaction/log_2pc.c.o
[979/1434] Building CXX object util/CMakeFiles/csql.dir/__/src/base/porting.c.o
[980/1434] Building CXX object cubrid/CMakeFiles/cubrid.dir/__/src/storage/statistics_sr.c.o
[981/1434] Building CXX object cubrid/CMakeFiles/cubrid.dir/__/src/transaction/log_compress.c.o
[982/1434] Building CXX object cubrid/CMakeFiles/cubrid.dir/__/src/transaction/recovery.c.o
[983/1434] Building CXX object cubrid/CMakeFiles/cubrid.dir/__/src/transaction/replication.c.o
[984/1434] Building CXX object util/CMakeFiles/csql.dir/__/src/base/cubrid_getopt_long.c.o
[985/1434] Building CXX object cubrid/CMakeFiles/cubrid.dir/__/src/xasl/xasl_predicate.cpp.o
[986/1434] Building CXX object cubrid/CMakeFiles/cubrid.dir/__/src/transaction/mvcc.c.o
[987/1434] Building CXX object util/CMakeFiles/csql.dir/__/src/executables/util_support.c.o
[988/1434] Building CXX object cubrid/CMakeFiles/cubrid.dir/__/src/xasl/xasl_analytic.cpp.o
[989/1434] Building CXX object cubrid/CMakeFiles/cubrid.dir/__/src/transaction/transaction_sr.c.o
[990/1434] Building CXX object util/CMakeFiles/cub_master.dir/__/src/executables/master_util.c.o
[991/1434] Building CXX object cubrid/CMakeFiles/cubrid.dir/__/src/transaction/mvcc_active_tran.cpp.o
[992/1434] Building CXX object cubrid/CMakeFiles/cubrid.dir/__/src/transaction/log_system_tran.cpp.o
[993/1434] Building CXX object cubrid/CMakeFiles/cubrid.dir/__/src/storage/oos_file.cpp.o
[994/1434] Building CXX object util/CMakeFiles/cubrid_rel.dir/__/src/executables/cubrid_version.c.o
[995/1434] Building CXX object util/CMakeFiles/csql.dir/__/src/executables/csql_launcher.c.o
[996/1434] Building CXX object cubrid/CMakeFiles/cubrid.dir/__/src/query/fetch.c.o
[997/1434] Building CXX object util/CMakeFiles/cub_commdb.dir/__/src/executables/util_support.c.o
[998/1434] Building CXX object util/CMakeFiles/cub_admin.dir/__/src/base/cubrid_getopt_long.c.o
[999/1434] Building CXX object util/CMakeFiles/cub_commdb.dir/__/src/executables/master_util.c.o
[1000/1434] Building CXX object util/CMakeFiles/cubrid-bin.dir/__/src/executables/util_support.c.o
[1001/1434] Building CXX object cubrid/CMakeFiles/cubrid.dir/__/src/storage/slotted_page.c.o
[1002/1434] Building CXX object cubrid/CMakeFiles/cubrid.dir/__/src/transaction/transaction_transient.cpp.o
[1003/1434] Building CXX object cubrid/CMakeFiles/cubrid.dir/__/src/query/xasl_cache.c.o
[1004/1434] Building CXX object cubrid/CMakeFiles/cubrid.dir/__/src/query/parallel/px_worker_manager.cpp.o
[1005/1434] Building CXX object cubrid/CMakeFiles/cubrid.dir/__/src/query/parallel/px_callable_task.cpp.o
[1006/1434] Building CXX object cubrid/CMakeFiles/cubrid.dir/__/src/query/parallel/px_sort.c.o
[1007/1434] Building CXX object cubrid/CMakeFiles/cubrid.dir/__/src/query/parallel/px_scan/index/px_scan_index_key_range_list.cpp.o
[1008/1434] Building CXX object cubrid/CMakeFiles/cubrid.dir/__/src/storage/disk_manager.c.o
/home/vimkim/gh/cb/pr7600-timing-base988/src/storage/disk_manager.c: In function ‘int disk_spacedb(THREAD_ENTRY*, SPACEDB_ALL*, SPACEDB_ONEVOL**)’:
/home/vimkim/gh/cb/pr7600-timing-base988/src/storage/disk_manager.c:6142:19: warning: ‘char* strncpy(char*, const char*, size_t)’ specified bound 4096 equals destination size [-Wstringop-truncation]
 6142 |           strncpy ((*spacevols)[iter_spacevols].name, disk_vhdr_get_vol_fullname (volheader), DB_MAX_PATH_LENGTH);
      |           ~~~~~~~~^~~~~~~~~~~~~~~~~~~~~~~~~~~~~~~~~~~~~~~~~~~~~~~~~~~~~~~~~~~~~~~~~~~~~~~~~~~~~~~~~~~~~~~~~~~~~~~
[1009/1434] Building CXX object util/CMakeFiles/cub_admin.dir/__/src/executables/util_support.c.o
[1010/1434] Building CXX object util/CMakeFiles/cub_admin.dir/__/src/base/porting.c.o
[1011/1434] Building CXX object cubrid/CMakeFiles/cubrid.dir/__/src/transaction/flashback.c.o
In file included from /home/vimkim/gh/cb/pr7600-timing-base988/src/base/memory_alloc.h:54,
                 from /home/vimkim/gh/cb/pr7600-timing-base988/src/base/memory_hash.h:30,
                 from /home/vimkim/gh/cb/pr7600-timing-base988/src/storage/file_io.h:33,
                 from /home/vimkim/gh/cb/pr7600-timing-base988/src/transaction/flashback.h:38,
                 from /home/vimkim/gh/cb/pr7600-timing-base988/src/transaction/flashback.c:45:
In function ‘void cub_free(void*)’,
    inlined from ‘void operator delete(void*, size_t)’ at /home/vimkim/gh/cb/pr7600-timing-base988/src/base/memory_wrapper.hpp:75:12,
    inlined from ‘void __gnu_cxx::new_allocator<_Tp>::deallocate(_Tp*, __gnu_cxx::new_allocator<_Tp>::size_type) [with _Tp = std::__detail::_Hash_node<db_identifier, true>]’ at /usr/include/c++/11/ext/new_allocator.h:145:19,
    inlined from ‘static void std::allocator_traits<std::allocator<_Tp1> >::deallocate(std::allocator_traits<std::allocator<_Tp1> >::allocator_type&, std::allocator_traits<std::allocator<_Tp1> >::pointer, std::allocator_traits<std::allocator<_Tp1> >::size_type) [with _Tp = std::__detail::_Hash_node<db_identifier, true>]’ at /usr/include/c++/11/bits/alloc_traits.h:496:23,
    inlined from ‘void std::__detail::_Hashtable_alloc<_NodeAlloc>::_M_deallocate_node_ptr(std::__detail::_Hashtable_alloc<_NodeAlloc>::__node_ptr) [with _NodeAlloc = std::allocator<std::__detail::_Hash_node<db_identifier, true> >]’ at /usr/include/c++/11/bits/hashtable_policy.h:1909:38,
    inlined from ‘void std::__detail::_Hashtable_alloc<_NodeAlloc>::_M_deallocate_node(std::__detail::_Hashtable_alloc<_NodeAlloc>::__node_ptr) [with _NodeAlloc = std::allocator<std::__detail::_Hash_node<db_identifier, true> >]’ at /usr/include/c++/11/bits/hashtable_policy.h:1899:29,
    inlined from ‘std::_Hashtable<_Key, _Value, _Alloc, _ExtractKey, _Equal, _Hash, _RangeHash, _Unused, _RehashPolicy, _Traits>::_Scoped_node::~_Scoped_node() [with _Key = db_identifier; _Value = db_identifier; _Alloc = std::allocator<db_identifier>; _ExtractKey = std::__detail::_Identity; _Equal = std::equal_to<db_identifier>; _Hash = std::hash<db_identifier>; _RangeHash = std::__detail::_Mod_range_hashing; _Unused = std::__detail::_Default_ranged_hash; _RehashPolicy = std::__detail::_Prime_rehash_policy; _Traits = std::__detail::_Hashtable_traits<true, true, true>]’ at /usr/include/c++/11/bits/hashtable.h:308:57,
    inlined from ‘std::pair<typename std::__detail::_Insert<_Key, _Value, _Alloc, _ExtractKey, _Equal, _Hash, _RangeHash, _Unused, _RehashPolicy, _Traits>::iterator, bool> std::_Hashtable<_Key, _Value, _Alloc, _ExtractKey, _Equal, _Hash, _RangeHash, _Unused, _RehashPolicy, _Traits>::_M_emplace(std::true_type, _Args&& ...) [with _Args = {db_identifier&}; _Key = db_identifier; _Value = db_identifier; _Alloc = std::allocator<db_identifier>; _ExtractKey = std::__detail::_Identity; _Equal = std::equal_to<db_identifier>; _Hash = std::hash<db_identifier>; _RangeHash = std::__detail::_Mod_range_hashing; _Unused = std::__detail::_Default_ranged_hash; _RehashPolicy = std::__detail::_Prime_rehash_policy; _Traits = std::__detail::_Hashtable_traits<true, true, true>]’ at /usr/include/c++/11/bits/hashtable.h:1978:7,
    inlined from ‘std::_Hashtable<_Key, _Value, _Alloc, _ExtractKey, _Equal, _Hash, _RangeHash, _Unused, _RehashPolicy, _Traits>::__ireturn_type std::_Hashtable<_Key, _Value, _Alloc, _ExtractKey, _Equal, _Hash, _RangeHash, _Unused, _RehashPolicy, _Traits>::emplace(_Args&& ...) [with _Args = {db_identifier&}; _Key = db_identifier; _Value = db_identifier; _Alloc = std::allocator<db_identifier>; _ExtractKey = std::__detail::_Identity; _Equal = std::equal_to<db_identifier>; _Hash = std::hash<db_identifier>; _RangeHash = std::__detail::_Mod_range_hashing; _Unused = std::__detail::_Default_ranged_hash; _RehashPolicy = std::__detail::_Prime_rehash_policy; _Traits = std::__detail::_Hashtable_traits<true, true, true>]’ at /usr/include/c++/11/bits/hashtable.h:915:21,
    inlined from ‘std::pair<typename std::_Hashtable<_Value, _Value, _Alloc, std::__detail::_Identity, _Pred, _Hash, std::__detail::_Mod_range_hashing, std::__detail::_Default_ranged_hash, std::__detail::_Prime_rehash_policy, std::__detail::_Hashtable_traits<std::__not_<std::__and_<std::__is_fast_hash<_Hash>, std::__is_nothrow_invocable<const _Hash&, const _Tp&> > >::value, true, true> >::iterator, bool> std::unordered_set<_Value, _Hash, _Pred, _Alloc>::emplace(_Args&& ...) [with _Args = {db_identifier&}; _Value = db_identifier; _Hash = std::hash<db_identifier>; _Pred = std::equal_to<db_identifier>; _Alloc = std::allocator<db_identifier>]’ at /usr/include/c++/11/bits/unordered_set.h:378:23,
    inlined from ‘void flashback_fill_dml_summary(FLASHBACK_SUMMARY_ENTRY*, OID, SUPPLEMENT_REC_TYPE)’ at /home/vimkim/gh/cb/pr7600-timing-base988/src/transaction/flashback.c:250:43,
    inlined from ‘int flashback_make_summary_list(THREAD_ENTRY*, FLASHBACK_SUMMARY_CONTEXT*)’ at /home/vimkim/gh/cb/pr7600-timing-base988/src/transaction/flashback.c:491:32:
/home/vimkim/gh/cb/pr7600-timing-base988/src/base/memory_cwrapper.h:86:8: warning: ‘void free(void*)’ called on pointer returned from a mismatched allocation function [-Wmismatched-new-delete]
   86 |   free (ptr);
      |   ~~~~~^~~~~
In file included from /usr/include/c++/11/x86_64-redhat-linux/bits/c++allocator.h:33,
                 from /usr/include/c++/11/bits/allocator.h:46,
                 from /usr/include/c++/11/unordered_map:40,
                 from /usr/include/c++/11/functional:61,
                 from /usr/include/c++/11/pstl/glue_algorithm_defs.h:13,
                 from /usr/include/c++/11/algorithm:74,
                 from /home/vimkim/gh/cb/pr7600-timing-base988/src/transaction/flashback.h:30,
                 from /home/vimkim/gh/cb/pr7600-timing-base988/src/transaction/flashback.c:45:
/usr/include/c++/11/ext/new_allocator.h: In function ‘int flashback_make_summary_list(THREAD_ENTRY*, FLASHBACK_SUMMARY_CONTEXT*)’:
/usr/include/c++/11/ext/new_allocator.h:127:48: note: returned from ‘void* operator new(std::size_t)’
  127 |         return static_cast<_Tp*>(::operator new(__n * sizeof(_Tp)));
      |                                  ~~~~~~~~~~~~~~^~~~~~~~~~~~~~~~~~~
[1012/1434] Building CXX object cubrid/CMakeFiles/cubrid.dir/__/src/optimizer/histogram/histogram_reader.cpp.o
[1013/1434] Building CXX object util/CMakeFiles/cub_admin.dir/__/src/executables/util_admin.c.o
[1014/1434] Building CXX object cubrid/CMakeFiles/cubrid.dir/__/src/xasl/xasl_stream.cpp.o
[1015/1434] Building CXX object cubrid/CMakeFiles/cubrid.dir/__/src/query/parallel/px_scan/index/px_scan_index_leaf_page_dispatcher.cpp.o
[1016/1434] Building CXX object cubrid/CMakeFiles/cubrid.dir/__/src/storage/external_sort.c.o
[1017/1434] Building CXX object cubrid/CMakeFiles/cubrid.dir/__/src/transaction/boot_sr.c.o
[1018/1434] Building CXX object cubrid/CMakeFiles/cubrid.dir/__/src/query/parallel/px_scan/px_scan_instnum.cpp.o
[1019/1434] Building CXX object util/CMakeFiles/cub_master.dir/__/src/executables/master.c.o
[1020/1434] Building CXX object cubrid/CMakeFiles/cubrid.dir/__/src/query/parallel/px_scan/px_scan_input_handler_heap.cpp.o
[1021/1434] Building CXX object cubrid/CMakeFiles/cubrid.dir/__/src/query/parallel/px_scan/px_scan_slot_iterator_index.cpp.o
[1022/1434] Building CXX object cubrid/CMakeFiles/cubrid.dir/__/src/storage/catalog_class.c.o
[1023/1434] Building CXX object cubrid/CMakeFiles/cubrid.dir/__/src/storage/file_io.c.o
/home/vimkim/gh/cb/pr7600-timing-base988/src/storage/file_io.c: In function ‘int fileio_cache(VOLID, const char*, int, FILEIO_LOCKF_TYPE)’:
/home/vimkim/gh/cb/pr7600-timing-base988/src/storage/file_io.c:5998:15: warning: ‘char* strncpy(char*, const char*, size_t)’ specified bound 4096 equals destination size [-Wstringop-truncation]
 5998 |       strncpy (vol_info_p->vlabel, vol_label_p, PATH_MAX);
      |       ~~~~~~~~^~~~~~~~~~~~~~~~~~~~~~~~~~~~~~~~~~~~~~~~~~~
/home/vimkim/gh/cb/pr7600-timing-base988/src/storage/file_io.c: In function ‘int fileio_backup_volume(THREAD_ENTRY*, FILEIO_BACKUP_SESSION*, const char*, VOLID, PAGEID, bool)’:
/home/vimkim/gh/cb/pr7600-timing-base988/src/storage/file_io.c:8380:11: warning: ‘char* strncpy(char*, const char*, size_t)’ specified bound 4096 equals destination size [-Wstringop-truncation]
 8380 |   strncpy (file_header_p->vlabel, session_p->dbfile.vlabel, PATH_MAX);
      |   ~~~~~~~~^~~~~~~~~~~~~~~~~~~~~~~~~~~~~~~~~~~~~~~~~~~~~~~~~~~~~~~~~~~
[1024/1434] Building CXX object cubrid/CMakeFiles/cubrid.dir/__/src/query/parallel/px_scan/px_scan_input_handler_index.cpp.o
[1025/1434] Building CXX object util/CMakeFiles/unittests_bit.dir/__/src/executables/unittests_bit.c.o
[1026/1434] Building CXX object cubrid-cci/cci/CMakeFiles/cascci.dir/__/src/base/porting.c.o
[1027/1434] Building CXX object cubrid/CMakeFiles/cubrid.dir/__/src/query/parallel/px_scan/index/px_scan_index_overflow_chain_pool.cpp.o
[1028/1434] Building CXX object cubrid-cci/cci/CMakeFiles/cascci.dir/__/src/cci/cci_net_buf.c.o
[1029/1434] Building CXX object util/CMakeFiles/cub_commdb.dir/__/src/executables/commdb.c.o
[1030/1434] Building CXX object cubrid/CMakeFiles/cubrid.dir/__/src/query/parallel/px_hash_join/px_hash_join_spawn_manager.cpp.o
[1031/1434] Building CXX object util/CMakeFiles/cub_master.dir/__/src/executables/master_request.c.o
[1032/1434] Building CXX object util/CMakeFiles/unittests_lf.dir/__/src/executables/unittests_lf.c.o
[1033/1434] Building CXX object cubrid-cci/tools/CMakeFiles/cci_applier.dir/__/src/base/cubrid_getopt_long.c.o
[1034/1434] Building CXX object cubrid/CMakeFiles/cubrid.dir/__/src/query/parallel/px_scan/px_scan_slot_iterator.cpp.o
[1035/1434] Building CXX object cubrid-cci/cci/CMakeFiles/cascci.dir/__/src/cci/cci_t_lob.c.o
[1036/1434] Building CXX object cubrid-cci/cci/CMakeFiles/cascci.dir/__/src/cci/cci_common.c.o
[1037/1434] Building CXX object cubrid-cci/tools/CMakeFiles/cci_applier.dir/__/src/tools/cci_applier.c.o
[1038/1434] Building CXX object cubrid/CMakeFiles/cubrid.dir/__/src/query/parallel/px_scan/px_scan_input_handler_list.cpp.o
[1039/1434] Building CXX object cubrid/CMakeFiles/cubrid.dir/__/src/optimizer/histogram/histogram_builder.cpp.o
[1040/1434] Building CXX object cubrid-cci/cci/CMakeFiles/cascci.dir/__/src/cci/cci_t_set.c.o
[1041/1434] Building CXX object broker/CMakeFiles/cub_broker.dir/__/src/broker/broker_error.c.o
[1042/1434] Building CXX object cubrid/CMakeFiles/cubrid.dir/__/src/query/parallel/px_parallel.cpp.o
[1043/1434] Building CXX object cubrid-cci/cci/CMakeFiles/cascci.dir/__/src/cci/cci_ssl.c.o
[1044/1434] Building CXX object broker/CMakeFiles/cub_broker.dir/__/src/broker/broker_max_heap.c.o
[1045/1434] Building CXX object cubrid/CMakeFiles/cubrid.dir/__/src/query/parallel/px_scan/index/px_scan_index_leaf_slot_walker.cpp.o
[1046/1434] Building CXX object broker/CMakeFiles/cub_broker.dir/__/src/broker/broker_process_size.c.o
[1047/1434] Building C object sa/CMakeFiles/cubridsa.dir/__/csql_grammar.c.o
/home/vimkim/gh/cb/pr7600-timing-base988/build_preset_release_gcc/csql_grammar.c: In function ‘yyuserAction’:
/home/vimkim/gh/cb/pr7600-timing-base988/build_preset_release_gcc/csql_grammar.c:42255:80: warning: implicit conversion from ‘enum pt_currency_types’ to ‘DB_CURRENCY’ [-Wenum-conversion]
42255 |                             pt_value_set_monetary (this_parser, val, str, txt, PT_CURRENCY_YEN);
      |                                                                                ^~~~~~~~~~~~~~~
/home/vimkim/gh/cb/pr7600-timing-base988/build_preset_release_gcc/csql_grammar.c:42275:80: warning: implicit conversion from ‘enum pt_currency_types’ to ‘DB_CURRENCY’ [-Wenum-conversion]
42275 |                             pt_value_set_monetary (this_parser, val, str, txt, PT_CURRENCY_DOLLAR);
      |                                                                                ^~~~~~~~~~~~~~~~~~
/home/vimkim/gh/cb/pr7600-timing-base988/build_preset_release_gcc/csql_grammar.c:42295:80: warning: implicit conversion from ‘enum pt_currency_types’ to ‘DB_CURRENCY’ [-Wenum-conversion]
42295 |                             pt_value_set_monetary (this_parser, val, str, txt, PT_CURRENCY_WON);
      |                                                                                ^~~~~~~~~~~~~~~
/home/vimkim/gh/cb/pr7600-timing-base988/build_preset_release_gcc/csql_grammar.c:42315:80: warning: implicit conversion from ‘enum pt_currency_types’ to ‘DB_CURRENCY’ [-Wenum-conversion]
42315 |                             pt_value_set_monetary (this_parser, val, str, txt, PT_CURRENCY_TL);
      |                                                                                ^~~~~~~~~~~~~~
/home/vimkim/gh/cb/pr7600-timing-base988/build_preset_release_gcc/csql_grammar.c:42335:80: warning: implicit conversion from ‘enum pt_currency_types’ to ‘DB_CURRENCY’ [-Wenum-conversion]
42335 |                             pt_value_set_monetary (this_parser, val, str, txt, PT_CURRENCY_BRITISH_POUND);
      |                                                                                ^~~~~~~~~~~~~~~~~~~~~~~~~
/home/vimkim/gh/cb/pr7600-timing-base988/build_preset_release_gcc/csql_grammar.c:42354:80: warning: implicit conversion from ‘enum pt_currency_types’ to ‘DB_CURRENCY’ [-Wenum-conversion]
42354 |                             pt_value_set_monetary (this_parser, val, str, txt, PT_CURRENCY_CAMBODIAN_RIEL);
      |                                                                                ^~~~~~~~~~~~~~~~~~~~~~~~~~
/home/vimkim/gh/cb/pr7600-timing-base988/build_preset_release_gcc/csql_grammar.c:42373:80: warning: implicit conversion from ‘enum pt_currency_types’ to ‘DB_CURRENCY’ [-Wenum-conversion]
42373 |                             pt_value_set_monetary (this_parser, val, str, txt, PT_CURRENCY_CHINESE_RENMINBI);
      |                                                                                ^~~~~~~~~~~~~~~~~~~~~~~~~~~~
/home/vimkim/gh/cb/pr7600-timing-base988/build_preset_release_gcc/csql_grammar.c:42392:80: warning: implicit conversion from ‘enum pt_currency_types’ to ‘DB_CURRENCY’ [-Wenum-conversion]
42392 |                             pt_value_set_monetary (this_parser, val, str, txt, PT_CURRENCY_INDIAN_RUPEE);
      |                                                                                ^~~~~~~~~~~~~~~~~~~~~~~~
/home/vimkim/gh/cb/pr7600-timing-base988/build_preset_release_gcc/csql_grammar.c:42411:80: warning: implicit conversion from ‘enum pt_currency_types’ to ‘DB_CURRENCY’ [-Wenum-conversion]
42411 |                             pt_value_set_monetary (this_parser, val, str, txt, PT_CURRENCY_RUSSIAN_RUBLE);
      |                                                                                ^~~~~~~~~~~~~~~~~~~~~~~~~
/home/vimkim/gh/cb/pr7600-timing-base988/build_preset_release_gcc/csql_grammar.c:42430:80: warning: implicit conversion from ‘enum pt_currency_types’ to ‘DB_CURRENCY’ [-Wenum-conversion]
42430 |                             pt_value_set_monetary (this_parser, val, str, txt, PT_CURRENCY_AUSTRALIAN_DOLLAR);
      |                                                                                ^~~~~~~~~~~~~~~~~~~~~~~~~~~~~
/home/vimkim/gh/cb/pr7600-timing-base988/build_preset_release_gcc/csql_grammar.c:42449:80: warning: implicit conversion from ‘enum pt_currency_types’ to ‘DB_CURRENCY’ [-Wenum-conversion]
42449 |                             pt_value_set_monetary (this_parser, val, str, txt, PT_CURRENCY_CANADIAN_DOLLAR);
      |                                                                                ^~~~~~~~~~~~~~~~~~~~~~~~~~~
/home/vimkim/gh/cb/pr7600-timing-base988/build_preset_release_gcc/csql_grammar.c:42468:80: warning: implicit conversion from ‘enum pt_currency_types’ to ‘DB_CURRENCY’ [-Wenum-conversion]
42468 |                             pt_value_set_monetary (this_parser, val, str, txt, PT_CURRENCY_BRASILIAN_REAL);
      |                                                                                ^~~~~~~~~~~~~~~~~~~~~~~~~~
/home/vimkim/gh/cb/pr7600-timing-base988/build_preset_release_gcc/csql_grammar.c:42487:80: warning: implicit conversion from ‘enum pt_currency_types’ to ‘DB_CURRENCY’ [-Wenum-conversion]
42487 |                             pt_value_set_monetary (this_parser, val, str, txt, PT_CURRENCY_ROMANIAN_LEU);
      |                                                                                ^~~~~~~~~~~~~~~~~~~~~~~~
/home/vimkim/gh/cb/pr7600-timing-base988/build_preset_release_gcc/csql_grammar.c:42506:80: warning: implicit conversion from ‘enum pt_currency_types’ to ‘DB_CURRENCY’ [-Wenum-conversion]
42506 |                             pt_value_set_monetary (this_parser, val, str, txt, PT_CURRENCY_EURO);
      |                                                                                ^~~~~~~~~~~~~~~~
/home/vimkim/gh/cb/pr7600-timing-base988/build_preset_release_gcc/csql_grammar.c:42525:80: warning: implicit conversion from ‘enum pt_currency_types’ to ‘DB_CURRENCY’ [-Wenum-conversion]
42525 |                             pt_value_set_monetary (this_parser, val, str, txt, PT_CURRENCY_SWISS_FRANC);
      |                                                                                ^~~~~~~~~~~~~~~~~~~~~~~
/home/vimkim/gh/cb/pr7600-timing-base988/build_preset_release_gcc/csql_grammar.c:42544:80: warning: implicit conversion from ‘enum pt_currency_types’ to ‘DB_CURRENCY’ [-Wenum-conversion]
42544 |                             pt_value_set_monetary (this_parser, val, str, txt, PT_CURRENCY_DANISH_KRONE);
      |                                                                                ^~~~~~~~~~~~~~~~~~~~~~~~
/home/vimkim/gh/cb/pr7600-timing-base988/build_preset_release_gcc/csql_grammar.c:42563:80: warning: implicit conversion from ‘enum pt_currency_types’ to ‘DB_CURRENCY’ [-Wenum-conversion]
42563 |                             pt_value_set_monetary (this_parser, val, str, txt, PT_CURRENCY_NORWEGIAN_KRONE);
      |                                                                                ^~~~~~~~~~~~~~~~~~~~~~~~~~~
/home/vimkim/gh/cb/pr7600-timing-base988/build_preset_release_gcc/csql_grammar.c:42582:80: warning: implicit conversion from ‘enum pt_currency_types’ to ‘DB_CURRENCY’ [-Wenum-conversion]
42582 |                             pt_value_set_monetary (this_parser, val, str, txt, PT_CURRENCY_BULGARIAN_LEV);
      |                                                                                ^~~~~~~~~~~~~~~~~~~~~~~~~
/home/vimkim/gh/cb/pr7600-timing-base988/build_preset_release_gcc/csql_grammar.c:42601:80: warning: implicit conversion from ‘enum pt_currency_types’ to ‘DB_CURRENCY’ [-Wenum-conversion]
42601 |                             pt_value_set_monetary (this_parser, val, str, txt, PT_CURRENCY_VIETNAMESE_DONG);
      |                                                                                ^~~~~~~~~~~~~~~~~~~~~~~~~~~
/home/vimkim/gh/cb/pr7600-timing-base988/build_preset_release_gcc/csql_grammar.c:42620:80: warning: implicit conversion from ‘enum pt_currency_types’ to ‘DB_CURRENCY’ [-Wenum-conversion]
42620 |                             pt_value_set_monetary (this_parser, val, str, txt, PT_CURRENCY_CZECH_KORUNA);
      |                                                                                ^~~~~~~~~~~~~~~~~~~~~~~~
/home/vimkim/gh/cb/pr7600-timing-base988/build_preset_release_gcc/csql_grammar.c:42639:80: warning: implicit conversion from ‘enum pt_currency_types’ to ‘DB_CURRENCY’ [-Wenum-conversion]
42639 |                             pt_value_set_monetary (this_parser, val, str, txt, PT_CURRENCY_POLISH_ZLOTY);
      |                                                                                ^~~~~~~~~~~~~~~~~~~~~~~~
/home/vimkim/gh/cb/pr7600-timing-base988/build_preset_release_gcc/csql_grammar.c:42658:80: warning: implicit conversion from ‘enum pt_currency_types’ to ‘DB_CURRENCY’ [-Wenum-conversion]
42658 |                             pt_value_set_monetary (this_parser, val, str, txt, PT_CURRENCY_SWEDISH_KRONA);
      |                                                                                ^~~~~~~~~~~~~~~~~~~~~~~~~
/home/vimkim/gh/cb/pr7600-timing-base988/build_preset_release_gcc/csql_grammar.c:42677:80: warning: implicit conversion from ‘enum pt_currency_types’ to ‘DB_CURRENCY’ [-Wenum-conversion]
42677 |                             pt_value_set_monetary (this_parser, val, str, txt, PT_CURRENCY_CROATIAN_KUNA);
      |                                                                                ^~~~~~~~~~~~~~~~~~~~~~~~~
/home/vimkim/gh/cb/pr7600-timing-base988/build_preset_release_gcc/csql_grammar.c:42696:80: warning: implicit conversion from ‘enum pt_currency_types’ to ‘DB_CURRENCY’ [-Wenum-conversion]
42696 |                             pt_value_set_monetary (this_parser, val, str, txt, PT_CURRENCY_SERBIAN_DINAR);
      |                                                                                ^~~~~~~~~~~~~~~~~~~~~~~~~
/home/vimkim/gh/cb/pr7600-timing-base988/build_preset_release_gcc/csql_grammar.c: In function ‘pt_value_set_monetary’:
/home/vimkim/gh/cb/pr7600-timing-base988/build_preset_release_gcc/csql_grammar.c:48751:42: warning: implicit conversion from ‘DB_CURRENCY’ to ‘PT_CURRENCY’ {aka ‘enum pt_currency_types’} [-Wenum-conversion]
48751 |   node->info.value.data_value.money.type = type;
      |                                          ^
[1048/1434] Building CXX object cubrid/CMakeFiles/cubrid.dir/__/src/compat/db_json.cpp.o
[1049/1434] Building CXX object cubrid/CMakeFiles/cubrid.dir/__/src/query/parallel/px_scan/px_scan_slot_iterator_list.cpp.o
[1050/1434] Building CXX object cubrid-cci/cci/CMakeFiles/cascci.dir/__/src/cci/cci_properties.c.o
[1051/1434] Building CXX object cubrid/CMakeFiles/cubrid.dir/__/src/query/parallel/px_query_execute/px_query_task.cpp.o
[1052/1434] Building CXX object cubrid/CMakeFiles/cubrid.dir/__/src/query/parallel/px_thread_safe_queue.cpp.o
[1053/1434] Building CXX object broker/CMakeFiles/cub_broker.dir/__/src/broker/broker_shm.c.o
[1054/1434] Building CXX object broker/CMakeFiles/cub_broker.dir/__/src/broker/broker_access_list.c.o
[1055/1434] Building CXX object util/CMakeFiles/cub_pl.dir/__/src/sp/pl_sr_jvm.cpp.o
[1056/1434] Building CXX object cubrid/CMakeFiles/cubrid.dir/__/src/query/parallel/px_scan/index/px_scan_index_overflow_drain_fsm.cpp.o
[1057/1434] Building CXX object cubrid/CMakeFiles/cubrid.dir/__/src/query/parallel/px_scan/px_scan_trace_handler.cpp.o
[1058/1434] Building CXX object cubrid/CMakeFiles/cubrid.dir/__/src/xasl/xasl_iteration.cpp.o
[1059/1434] Building CXX object cubrid-cci/cci/CMakeFiles/cascci.dir/__/src/cci/cci_network.c.o
[1060/1434] Building CXX object broker/CMakeFiles/cub_broker.dir/__/src/broker/broker_send_fd.c.o
[1061/1434] Building CXX object util/CMakeFiles/cub_master.dir/__/src/executables/master_server_monitor.cpp.o
[1062/1434] Building CXX object broker/CMakeFiles/cub_gateway.dir/__/src/broker/broker_error.c.o
[1063/1434] Building CXX object broker/CMakeFiles/cub_gateway.dir/__/src/broker/broker_access_list.c.o
[1064/1434] Building CXX object cubrid-cci/cci/CMakeFiles/cascci.dir/__/src/cci/cci_handle_mng.c.o
[1065/1434] Building CXX object cubrid/CMakeFiles/cubrid.dir/__/src/session/session.c.o
[1066/1434] Building CXX object broker/CMakeFiles/cub_gateway.dir/__/src/broker/broker_max_heap.c.o
[1067/1434] Building CXX object broker/CMakeFiles/cub_broker.dir/__/src/broker/broker_util.c.o
[1068/1434] Building CXX object broker/CMakeFiles/cub_gateway.dir/__/src/broker/broker_process_size.c.o
[1069/1434] Building CXX object cubrid/CMakeFiles/cubrid.dir/__/src/query/parallel/px_hash_join/px_hash_join.cpp.o
[1070/1434] Building CXX object cubrid/CMakeFiles/cubrid.dir/__/src/query/parallel/px_hash_join/px_hash_join_task_manager.cpp.o
[1071/1434] Building CXX object cubrid-cci/cci/CMakeFiles/cascci.dir/__/src/cci/cci_map.cpp.o
[1072/1434] Building CXX object broker/CMakeFiles/cub_gateway.dir/__/src/broker/broker_send_fd.c.o
[1073/1434] Building CXX object util/CMakeFiles/cub_pl.dir/__/src/executables/pl.cpp.o
[1074/1434] Building CXX object util/CMakeFiles/unittests_lf.dir/__/src/base/porting.c.o
[1075/1434] Building CXX object broker/CMakeFiles/cub_gateway.dir/__/src/broker/broker_shm.c.o
[1076/1434] Building CXX object broker/CMakeFiles/broker_monitor.dir/__/src/broker/broker_error.c.o
[1077/1434] Building CXX object broker/CMakeFiles/broker_monitor.dir/__/src/broker/broker_process_info.c.o
[1078/1434] Building CXX object broker/CMakeFiles/broker_monitor.dir/__/src/broker/broker_process_size.c.o
[1079/1434] Building CXX object cubrid/CMakeFiles/cubrid.dir/__/src/storage/file_manager.c.o
In file included from /home/vimkim/gh/cb/pr7600-timing-base988/src/base/memory_alloc.h:54,
                 from /home/vimkim/gh/cb/pr7600-timing-base988/src/base/memory_hash.h:30,
                 from /home/vimkim/gh/cb/pr7600-timing-base988/src/storage/file_io.h:33,
                 from /home/vimkim/gh/cb/pr7600-timing-base988/src/transaction/log_manager.h:37,
                 from /home/vimkim/gh/cb/pr7600-timing-base988/src/storage/file_manager.h:33,
                 from /home/vimkim/gh/cb/pr7600-timing-base988/src/storage/file_manager.c:35:
In function ‘void cub_free(void*)’,
    inlined from ‘void operator delete(void*, size_t)’ at /home/vimkim/gh/cb/pr7600-timing-base988/src/base/memory_wrapper.hpp:75:12,
    inlined from ‘void __gnu_cxx::new_allocator<_Tp>::deallocate(_Tp*, __gnu_cxx::new_allocator<_Tp>::size_type) [with _Tp = std::__detail::_Hash_node<std::pair<const vfid, FILE_TYPE>, true>]’ at /usr/include/c++/11/ext/new_allocator.h:145:19,
    inlined from ‘static void std::allocator_traits<std::allocator<_Tp1> >::deallocate(std::allocator_traits<std::allocator<_Tp1> >::allocator_type&, std::allocator_traits<std::allocator<_Tp1> >::pointer, std::allocator_traits<std::allocator<_Tp1> >::size_type) [with _Tp = std::__detail::_Hash_node<std::pair<const vfid, FILE_TYPE>, true>]’ at /usr/include/c++/11/bits/alloc_traits.h:496:23,
    inlined from ‘void std::__detail::_Hashtable_alloc<_NodeAlloc>::_M_deallocate_node_ptr(std::__detail::_Hashtable_alloc<_NodeAlloc>::__node_ptr) [with _NodeAlloc = std::allocator<std::__detail::_Hash_node<std::pair<const vfid, FILE_TYPE>, true> >]’ at /usr/include/c++/11/bits/hashtable_policy.h:1909:38,
    inlined from ‘void std::__detail::_Hashtable_alloc<_NodeAlloc>::_M_deallocate_node(std::__detail::_Hashtable_alloc<_NodeAlloc>::__node_ptr) [with _NodeAlloc = std::allocator<std::__detail::_Hash_node<std::pair<const vfid, FILE_TYPE>, true> >]’ at /usr/include/c++/11/bits/hashtable_policy.h:1899:29,
    inlined from ‘std::_Hashtable<_Key, _Value, _Alloc, _ExtractKey, _Equal, _Hash, _RangeHash, _Unused, _RehashPolicy, _Traits>::_Scoped_node::~_Scoped_node() [with _Key = vfid; _Value = std::pair<const vfid, FILE_TYPE>; _Alloc = std::allocator<std::pair<const vfid, FILE_TYPE> >; _ExtractKey = std::__detail::_Select1st; _Equal = std::equal_to<vfid>; _Hash = std::hash<vfid>; _RangeHash = std::__detail::_Mod_range_hashing; _Unused = std::__detail::_Default_ranged_hash; _RehashPolicy = std::__detail::_Prime_rehash_policy; _Traits = std::__detail::_Hashtable_traits<true, false, true>]’ at /usr/include/c++/11/bits/hashtable.h:308:57,
    inlined from ‘std::pair<typename std::__detail::_Insert<_Key, _Value, _Alloc, _ExtractKey, _Equal, _Hash, _RangeHash, _Unused, _RehashPolicy, _Traits>::iterator, bool> std::_Hashtable<_Key, _Value, _Alloc, _ExtractKey, _Equal, _Hash, _RangeHash, _Unused, _RehashPolicy, _Traits>::_M_emplace(std::true_type, _Args&& ...) [with _Args = {vfid, FILE_TYPE&}; _Key = vfid; _Value = std::pair<const vfid, FILE_TYPE>; _Alloc = std::allocator<std::pair<const vfid, FILE_TYPE> >; _ExtractKey = std::__detail::_Select1st; _Equal = std::equal_to<vfid>; _Hash = std::hash<vfid>; _RangeHash = std::__detail::_Mod_range_hashing; _Unused = std::__detail::_Default_ranged_hash; _RehashPolicy = std::__detail::_Prime_rehash_policy; _Traits = std::__detail::_Hashtable_traits<true, false, true>]’ at /usr/include/c++/11/bits/hashtable.h:1978:7,
    inlined from ‘std::_Hashtable<_Key, _Value, _Alloc, _ExtractKey, _Equal, _Hash, _RangeHash, _Unused, _RehashPolicy, _Traits>::__ireturn_type std::_Hashtable<_Key, _Value, _Alloc, _ExtractKey, _Equal, _Hash, _RangeHash, _Unused, _RehashPolicy, _Traits>::emplace(_Args&& ...) [with _Args = {vfid, FILE_TYPE&}; _Key = vfid; _Value = std::pair<const vfid, FILE_TYPE>; _Alloc = std::allocator<std::pair<const vfid, FILE_TYPE> >; _ExtractKey = std::__detail::_Select1st; _Equal = std::equal_to<vfid>; _Hash = std::hash<vfid>; _RangeHash = std::__detail::_Mod_range_hashing; _Unused = std::__detail::_Default_ranged_hash; _RehashPolicy = std::__detail::_Prime_rehash_policy; _Traits = std::__detail::_Hashtable_traits<true, false, true>]’ at /usr/include/c++/11/bits/hashtable.h:915:21,
    inlined from ‘std::pair<typename std::_Hashtable<_Key, std::pair<const _Key, _Tp>, _Alloc, std::__detail::_Select1st, _Pred, _Hash, std::__detail::_Mod_range_hashing, std::__detail::_Default_ranged_hash, std::__detail::_Prime_rehash_policy, std::__detail::_Hashtable_traits<std::__not_<std::__and_<std::__is_fast_hash<_Hash>, std::__is_nothrow_invocable<const _Hash&, const _Key&> > >::value, false, true> >::iterator, bool> std::unordered_map<_Key, _Tp, _Hash, _Pred, _Alloc>::emplace(_Args&& ...) [with _Args = {vfid, FILE_TYPE&}; _Key = vfid; _Tp = FILE_TYPE; _Hash = std::hash<vfid>; _Pred = std::equal_to<vfid>; _Alloc = std::allocator<std::pair<const vfid, FILE_TYPE> >]’ at /usr/include/c++/11/bits/unordered_map.h:389:23,
    inlined from ‘int file_tracker_item_collect_invalid_file(THREAD_ENTRY*, PAGE_PTR, FILE_EXTENSIBLE_DATA*, int, bool*, void*)’ at /home/vimkim/gh/cb/pr7600-timing-base988/src/storage/file_manager.c:11633:52:
/home/vimkim/gh/cb/pr7600-timing-base988/src/base/memory_cwrapper.h:86:8: warning: ‘void free(void*)’ called on pointer returned from a mismatched allocation function [-Wmismatched-new-delete]
   86 |   free (ptr);
      |   ~~~~~^~~~~
In file included from /usr/include/c++/11/x86_64-redhat-linux/bits/c++allocator.h:33,
                 from /usr/include/c++/11/bits/allocator.h:46,
                 from /usr/include/c++/11/unordered_map:40,
                 from /home/vimkim/gh/cb/pr7600-timing-base988/src/storage/file_manager.c:32:
/usr/include/c++/11/ext/new_allocator.h: In function ‘int file_tracker_item_collect_invalid_file(THREAD_ENTRY*, PAGE_PTR, FILE_EXTENSIBLE_DATA*, int, bool*, void*)’:
/usr/include/c++/11/ext/new_allocator.h:127:48: note: returned from ‘void* operator new(std::size_t)’
  127 |         return static_cast<_Tp*>(::operator new(__n * sizeof(_Tp)));
      |                                  ~~~~~~~~~~~~~~^~~~~~~~~~~~~~~~~~~
[1080/1434] Building CXX object broker/CMakeFiles/cub_gateway.dir/__/src/broker/broker_util.c.o
[1081/1434] Building CXX object broker/CMakeFiles/cub_gateway.dir/__/src/broker/broker_proxy_conn.c.o
[1082/1434] Building CXX object broker/CMakeFiles/broker_monitor.dir/__/src/broker/broker_max_heap.c.o
[1083/1434] Building CXX object util/CMakeFiles/cub_master.dir/__/src/executables/master_heartbeat.c.o
In file included from /home/vimkim/gh/cb/pr7600-timing-base988/src/base/packer.hpp:26,
                 from /home/vimkim/gh/cb/pr7600-timing-base988/src/base/packable_object.hpp:28,
                 from /home/vimkim/gh/cb/pr7600-timing-base988/src/transaction/client_credentials.hpp:28,
                 from /home/vimkim/gh/cb/pr7600-timing-base988/src/transaction/boot.h:26,
                 from /home/vimkim/gh/cb/pr7600-timing-base988/src/connection/connection_defs.h:30,
                 from /home/vimkim/gh/cb/pr7600-timing-base988/src/connection/connection_cl.h:29,
                 from /home/vimkim/gh/cb/pr7600-timing-base988/src/executables/master_heartbeat.c:49:
In function ‘int hb_set_net_header(HBP_HEADER*, unsigned char, bool, short unsigned int, unsigned int, char*)’,
    inlined from ‘int hb_cluster_send_heartbeat_internal(sockaddr_in*, socklen_t, char*, bool)’ at /home/vimkim/gh/cb/pr7600-timing-base988/src/executables/master_heartbeat.c:1712:38:
/home/vimkim/gh/cb/pr7600-timing-base988/src/base/porting.h:329:11: warning: ‘char* strncpy(char*, const char*, size_t)’ output may be truncated copying 63 bytes from a string of length 63 [-Wstringop-truncation]
  329 |   strncpy (buf, str, size); buf[(size) - 1] = '\0'
      |   ~~~~~~~~^~~~~~~~~~~~~~~~
/home/vimkim/gh/cb/pr7600-timing-base988/src/base/porting.h:339:3: note: in expansion of macro ‘strncpy_size’
  339 |   strncpy_size (buf, str, sizeof (buf)); check_is_array (buf)
      |   ^~~~~~~~~~~~
/home/vimkim/gh/cb/pr7600-timing-base988/src/executables/master_heartbeat.c:1927:3: note: in expansion of macro ‘strncpy_bufsize’
 1927 |   strncpy_bufsize (header->group_id, hb_Cluster->group_id);
      |   ^~~~~~~~~~~~~~~
/home/vimkim/gh/cb/pr7600-timing-base988/src/base/porting.h:329:11: warning: ‘char* strncpy(char*, const char*, size_t)’ output may be truncated copying 255 bytes from a string of length 255 [-Wstringop-truncation]
  329 |   strncpy (buf, str, size); buf[(size) - 1] = '\0'
      |   ~~~~~~~~^~~~~~~~~~~~~~~~
/home/vimkim/gh/cb/pr7600-timing-base988/src/base/porting.h:339:3: note: in expansion of macro ‘strncpy_size’
  339 |   strncpy_size (buf, str, sizeof (buf)); check_is_array (buf)
      |   ^~~~~~~~~~~~
/home/vimkim/gh/cb/pr7600-timing-base988/src/executables/master_heartbeat.c:1929:3: note: in expansion of macro ‘strncpy_bufsize’
 1929 |   strncpy_bufsize (header->orig_host_name, hb_Cluster->myself->host_name);
      |   ^~~~~~~~~~~~~~~
/home/vimkim/gh/cb/pr7600-timing-base988/src/executables/master_heartbeat.c: In function ‘void hb_register_new_process(CSS_CONN_ENTRY*)’:
/home/vimkim/gh/cb/pr7600-timing-base988/src/executables/master_heartbeat.c:4339:83: warning: ‘%s’ directive output may be truncated writing up to 3959 bytes into a region of size 2002 [-Wformat-truncation=]
 4339 |   snprintf (error_string, LINE_MAX, "%s (expected pid: %d, pid:%d, state:%s, args:%s)", HB_RESULT_FAILURE_STR,
      |                                                                                   ^~
/home/vimkim/gh/cb/pr7600-timing-base988/src/executables/master_heartbeat.c:4339:12: note: ‘snprintf’ output 48 or more bytes (assuming 4007) into a destination of size 2048
 4339 |   snprintf (error_string, LINE_MAX, "%s (expected pid: %d, pid:%d, state:%s, args:%s)", HB_RESULT_FAILURE_STR,
      |   ~~~~~~~~~^~~~~~~~~~~~~~~~~~~~~~~~~~~~~~~~~~~~~~~~~~~~~~~~~~~~~~~~~~~~~~~~~~~~~~~~~~~~~~~~~~~~~~~~~~~~~~~~~~~
 4340 |             proc->pid, ntohl (hbp_proc_register->pid), hb_process_state_string (proc->type, proc->state),
      |             ~~~~~~~~~~~~~~~~~~~~~~~~~~~~~~~~~~~~~~~~~~~~~~~~~~~~~~~~~~~~~~~~~~~~~~~~~~~~~~~~~~~~~~~~~~~~~
 4341 |             hbp_proc_register->args);
      |             ~~~~~~~~~~~~~~~~~~~~~~~~
/home/vimkim/gh/cb/pr7600-timing-base988/src/executables/master_heartbeat.c:4327:69: warning: ‘%s’ directive output may be truncated writing up to 3959 bytes into a region of size 2019 [-Wformat-truncation=]
 4327 |       snprintf (error_string, LINE_MAX, "%s (pid:%d, state:%s, args:%s)", HB_RESULT_SUCCESS_STR,
      |                                                                     ^~
/home/vimkim/gh/cb/pr7600-timing-base988/src/executables/master_heartbeat.c:4327:16: note: ‘snprintf’ output 31 or more bytes (assuming 3990) into a destination of size 2048
 4327 |       snprintf (error_string, LINE_MAX, "%s (pid:%d, state:%s, args:%s)", HB_RESULT_SUCCESS_STR,
      |       ~~~~~~~~~^~~~~~~~~~~~~~~~~~~~~~~~~~~~~~~~~~~~~~~~~~~~~~~~~~~~~~~~~~~~~~~~~~~~~~~~~~~~~~~~~
 4328 |                 ntohl (hbp_proc_register->pid), hb_process_state_string (proc->type, proc->state),
      |                 ~~~~~~~~~~~~~~~~~~~~~~~~~~~~~~~~~~~~~~~~~~~~~~~~~~~~~~~~~~~~~~~~~~~~~~~~~~~~~~~~~~
 4329 |                 hbp_proc_register->args);
      |                 ~~~~~~~~~~~~~~~~~~~~~~~~
[1084/1434] Building CXX object broker/CMakeFiles/cub_broker.dir/__/src/broker/broker_filename.c.o
[1085/1434] Building CXX object cubrid/CMakeFiles/cubrid.dir/__/src/query/parallel/px_scan/px_scan_pre_execution_info.cpp.o
In file included from /home/vimkim/gh/cb/pr7600-timing-base988/src/base/memory_alloc.h:54,
                 from /home/vimkim/gh/cb/pr7600-timing-base988/src/base/memory_hash.h:30,
                 from /home/vimkim/gh/cb/pr7600-timing-base988/src/query/xasl.h:32,
                 from /home/vimkim/gh/cb/pr7600-timing-base988/src/query/parallel/px_scan/px_scan_pre_execution_info.hpp:28,
                 from /home/vimkim/gh/cb/pr7600-timing-base988/src/query/parallel/px_scan/px_scan_pre_execution_info.cpp:23:
In function ‘void cub_free(void*)’,
    inlined from ‘void operator delete(void*, size_t)’ at /home/vimkim/gh/cb/pr7600-timing-base988/src/base/memory_wrapper.hpp:75:12,
    inlined from ‘void __gnu_cxx::new_allocator<_Tp>::deallocate(_Tp*, __gnu_cxx::new_allocator<_Tp>::size_type) [with _Tp = std::_Rb_tree_node<std::pair<const int, db_value> >]’ at /usr/include/c++/11/ext/new_allocator.h:145:19,
    inlined from ‘static void std::allocator_traits<std::allocator<_CharT> >::deallocate(std::allocator_traits<std::allocator<_CharT> >::allocator_type&, std::allocator_traits<std::allocator<_CharT> >::pointer, std::allocator_traits<std::allocator<_CharT> >::size_type) [with _Tp = std::_Rb_tree_node<std::pair<const int, db_value> >]’ at /usr/include/c++/11/bits/alloc_traits.h:496:23,
    inlined from ‘void std::_Rb_tree<_Key, _Val, _KeyOfValue, _Compare, _Alloc>::_M_put_node(std::_Rb_tree<_Key, _Val, _KeyOfValue, _Compare, _Alloc>::_Link_type) [with _Key = int; _Val = std::pair<const int, db_value>; _KeyOfValue = std::_Select1st<std::pair<const int, db_value> >; _Compare = std::less<int>; _Alloc = std::allocator<std::pair<const int, db_value> >]’ at /usr/include/c++/11/bits/stl_tree.h:565:34,
    inlined from ‘void std::_Rb_tree<_Key, _Val, _KeyOfValue, _Compare, _Alloc>::_M_drop_node(std::_Rb_tree<_Key, _Val, _KeyOfValue, _Compare, _Alloc>::_Link_type) [with _Key = int; _Val = std::pair<const int, db_value>; _KeyOfValue = std::_Select1st<std::pair<const int, db_value> >; _Compare = std::less<int>; _Alloc = std::allocator<std::pair<const int, db_value> >]’ at /usr/include/c++/11/bits/stl_tree.h:632:13,
    inlined from ‘std::pair<std::_Rb_tree_iterator<_Val>, bool> std::_Rb_tree<_Key, _Val, _KeyOfValue, _Compare, _Alloc>::_M_emplace_unique(_Args&& ...) [with _Args = {int&, db_value&}; _Key = int; _Val = std::pair<const int, db_value>; _KeyOfValue = std::_Select1st<std::pair<const int, db_value> >; _Compare = std::less<int>; _Alloc = std::allocator<std::pair<const int, db_value> >]’ at /usr/include/c++/11/bits/stl_tree.h:2393:18,
    inlined from ‘std::pair<typename std::_Rb_tree<_Key, std::pair<const _Key, _Tp>, std::_Select1st<std::pair<const _Key, _Tp> >, _Compare, typename __gnu_cxx::__alloc_traits<_Allocator>::rebind<std::pair<const _Key, _Tp> >::other>::iterator, bool> std::map<_Key, _Tp, _Compare, _Alloc>::emplace(_Args&& ...) [with _Args = {int&, db_value&}; _Key = int; _Tp = db_value; _Compare = std::less<int>; _Alloc = std::allocator<std::pair<const int, db_value> >]’ at /usr/include/c++/11/bits/stl_map.h:577:33,
    inlined from ‘void parallel_scan::pre_execution_info::capture_precomp_vals(xasl_node*)’ at /home/vimkim/gh/cb/pr7600-timing-base988/src/query/parallel/px_scan/px_scan_pre_execution_info.cpp:113:29:
/home/vimkim/gh/cb/pr7600-timing-base988/src/base/memory_cwrapper.h:86:8: warning: ‘void free(void*)’ called on pointer returned from a mismatched allocation function [-Wmismatched-new-delete]
   86 |   free (ptr);
      |   ~~~~~^~~~~
In file included from /usr/include/c++/11/x86_64-redhat-linux/bits/c++allocator.h:33,
                 from /usr/include/c++/11/bits/allocator.h:46,
                 from /usr/include/c++/11/string:41,
                 from /home/vimkim/gh/cb/pr7600-timing-base988/src/xasl/access_json_table.hpp:26,
                 from /home/vimkim/gh/cb/pr7600-timing-base988/src/query/xasl.h:30,
                 from /home/vimkim/gh/cb/pr7600-timing-base988/src/query/parallel/px_scan/px_scan_pre_execution_info.hpp:28,
                 from /home/vimkim/gh/cb/pr7600-timing-base988/src/query/parallel/px_scan/px_scan_pre_execution_info.cpp:23:
/usr/include/c++/11/ext/new_allocator.h: In member function ‘void parallel_scan::pre_execution_info::capture_precomp_vals(xasl_node*)’:
/usr/include/c++/11/ext/new_allocator.h:127:48: note: returned from ‘void* operator new(std::size_t)’
  127 |         return static_cast<_Tp*>(::operator new(__n * sizeof(_Tp)));
      |                                  ~~~~~~~~~~~~~~^~~~~~~~~~~~~~~~~~~
[1086/1434] Building CXX object broker/CMakeFiles/broker_monitor.dir/__/src/broker/broker_shm.c.o
[1087/1434] Building CXX object util/CMakeFiles/cub_server.dir/__/src/executables/server.c.o
[1088/1434] Building CXX object broker/CMakeFiles/gateway_monitor.dir/__/src/broker/broker_process_size.c.o
[1089/1434] Building CXX object broker/CMakeFiles/gateway_monitor.dir/__/src/broker/broker_max_heap.c.o
[1090/1434] Building CXX object broker/CMakeFiles/gateway_monitor.dir/__/src/broker/broker_error.c.o
[1091/1434] Building CXX object util/CMakeFiles/unittests_snapshot.dir/__/src/base/memory_monitor_api.cpp.o
[1092/1434] Building CXX object broker/CMakeFiles/gateway_monitor.dir/__/src/broker/broker_process_info.c.o
[1093/1434] Building CXX object broker/CMakeFiles/cub_broker.dir/__/src/broker/shard_metadata.c.o
[1094/1434] Building CXX object broker/CMakeFiles/broker_monitor.dir/__/src/broker/broker_util.c.o
[1095/1434] Building CXX object broker/CMakeFiles/cub_broker.dir/__/src/broker/broker_proxy_conn.c.o
[1096/1434] Building CXX object broker/CMakeFiles/gateway_monitor.dir/__/src/broker/broker_shm.c.o
[1097/1434] Building CXX object broker/CMakeFiles/cub_broker.dir/__/src/broker/broker.c.o
[1098/1434] Building CXX object util/CMakeFiles/unittests_area.dir/__/src/base/memory_monitor_api.cpp.o
[1099/1434] Building CXX object broker/CMakeFiles/broker_changer.dir/__/src/broker/broker_error.c.o
[1100/1434] Building CXX object broker/CMakeFiles/cub_broker.dir/__/src/broker/shard_shm.c.o
[1101/1434] Building CXX object broker/CMakeFiles/broker_changer.dir/__/src/broker/broker_process_size.c.o
[1102/1434] Building CXX object cubrid/CMakeFiles/cubrid.dir/__/src/storage/system_catalog.c.o
[1103/1434] Building CXX object util/CMakeFiles/unittests_lf.dir/__/src/base/memory_monitor_api.cpp.o
[1104/1434] Building CXX object cubrid/CMakeFiles/cubrid.dir/__/src/thread/concurrency_slot.cpp.o
[1105/1434] Building CXX object broker/CMakeFiles/cub_gateway.dir/__/src/broker/shard_metadata.c.o
[1106/1434] Building CXX object broker/CMakeFiles/broker_changer.dir/__/src/broker/broker_max_heap.c.o
[1107/1434] Building CXX object util/CMakeFiles/cubrid-bin.dir/__/src/executables/util_service.c.o
/home/vimkim/gh/cb/pr7600-timing-base988/src/executables/util_service.c: In function ‘int process_pl(int, int, const char**, bool, bool, bool, bool)’:
/home/vimkim/gh/cb/pr7600-timing-base988/src/executables/util_service.c:3031:15: warning: ‘char* strncpy(char*, const char*, size_t)’ specified bound 4096 equals destination size [-Wstringop-truncation]
 3031 |       strncpy (buf, argv[0], buf_size);
      |       ~~~~~~~~^~~~~~~~~~~~~~~~~~~~~~~~
[1108/1434] Building CXX object cubrid/CMakeFiles/cubrid.dir/__/src/transaction/log_recovery_redo_parallel.cpp.o
[1109/1434] Building CXX object broker/CMakeFiles/broker_monitor.dir/__/src/broker/broker_filename.c.o
[1110/1434] Building CXX object util/CMakeFiles/unittests_bit.dir/__/src/base/memory_monitor_api.cpp.o
[1111/1434] Building CXX object broker/CMakeFiles/broker_changer.dir/__/src/broker/shard_key_func.c.o
[1112/1434] Building CXX object broker/CMakeFiles/gateway_monitor.dir/__/src/broker/broker_util.c.o
[1113/1434] Building CXX object broker/CMakeFiles/cubrid_broker.dir/__/src/broker/broker_error.c.o
[1114/1434] Building CXX object broker/CMakeFiles/gateway_monitor.dir/__/src/base/util_func.c.o
[1115/1434] Building CXX object broker/CMakeFiles/cub_gateway.dir/__/src/broker/broker_filename.c.o
[1116/1434] Building CXX object cubrid/CMakeFiles/cubrid.dir/__/src/storage/double_write_buffer.cpp.o
[1117/1434] Building CXX object broker/CMakeFiles/cub_gateway.dir/__/src/broker/shard_shm.c.o
[1118/1434] Building CXX object broker/CMakeFiles/broker_monitor.dir/__/src/base/util_func.c.o
[1119/1434] Building CXX object cubrid/CMakeFiles/cubrid.dir/__/src/query/parallel/px_worker_manager_global.cpp.o
[1120/1434] Building CXX object cubrid-cci/cci/CMakeFiles/cascci.dir/__/src/cci/cci_log.cpp.o
[1121/1434] Building CXX object util/CMakeFiles/unittests_area.dir/__/src/executables/unittests_area.c.o
[1122/1434] Building CXX object cubrid/CMakeFiles/cubrid.dir/__/src/transaction/log_tran_table.c.o
[1123/1434] Building CXX object cubrid/CMakeFiles/cubrid.dir/__/src/storage/btree_load.c.o
[1124/1434] Building CXX object broker/CMakeFiles/gateway_monitor.dir/__/src/broker/shard_shm.c.o
[1125/1434] Building CXX object broker/CMakeFiles/cubrid_broker.dir/__/src/broker/broker_process_size.c.o
[1126/1434] Building CXX object util/CMakeFiles/unittests_snapshot.dir/__/src/base/memory_monitor_sr.cpp.o
[1127/1434] Building CXX object broker/CMakeFiles/cubrid_broker.dir/__/src/broker/broker_max_heap.c.o
[1128/1434] Building CXX object broker/CMakeFiles/broker_changer.dir/__/src/broker/broker_changer.c.o
[1129/1434] Building CXX object broker/CMakeFiles/broker_changer.dir/__/src/broker/broker_util.c.o
[1130/1434] Building CXX object broker/CMakeFiles/cubrid_broker.dir/__/src/base/porting.c.o
[1131/1434] Building CXX object broker/CMakeFiles/broker_monitor.dir/__/src/broker/shard_metadata.c.o
[1132/1434] Building CXX object broker/CMakeFiles/broker_monitor.dir/__/src/broker/cas_util.c.o
[1133/1434] Building CXX object broker/CMakeFiles/broker_monitor.dir/__/src/broker/shard_shm.c.o
[1134/1434] Building CXX object broker/CMakeFiles/broker_changer.dir/__/src/broker/broker_acl.c.o
[1135/1434] Building CXX object broker/CMakeFiles/cubrid_broker.dir/__/src/broker/shard_key_func.c.o
[1136/1434] Building CXX object broker/CMakeFiles/broker_changer.dir/__/src/broker/broker_shm.c.o
[1137/1434] Building CXX object cubrid/CMakeFiles/cubrid.dir/__/src/xasl/xasl_spawner.cpp.o
[1138/1434] Building CXX object broker/CMakeFiles/cubrid_gateway.dir/__/src/broker/broker_max_heap.c.o
[1139/1434] Building CXX object util/CMakeFiles/unittests_lf.dir/__/src/base/memory_monitor_sr.cpp.o
[1140/1434] Building CXX object broker/CMakeFiles/gateway_monitor.dir/__/src/broker/shard_metadata.c.o
[1141/1434] Building CXX object broker/CMakeFiles/cubrid_broker.dir/__/src/broker/broker_acl.c.o
[1142/1434] Building CXX object cubrid-cci/cci/CMakeFiles/cascci.dir/__/src/cci/cas_cci.c.o
[1143/1434] Building CXX object broker/CMakeFiles/cubrid_gateway.dir/__/src/broker/broker_process_size.c.o
[1144/1434] Building CXX object broker/CMakeFiles/cubrid_gateway.dir/__/src/broker/broker_error.c.o
[1145/1434] Building CXX object broker/CMakeFiles/cubrid_gateway.dir/__/src/base/porting.c.o
[1146/1434] Building CXX object broker/CMakeFiles/gateway_monitor.dir/__/src/broker/broker_filename.c.o
[1147/1434] Building CXX object broker/CMakeFiles/cubrid_broker.dir/__/src/broker/broker_shm.c.o
[1148/1434] Building CXX object broker/CMakeFiles/cas_common_lib.dir/__/src/broker/cas_sql_log2.c.o
[1149/1434] Building CXX object broker/CMakeFiles/cas_common_lib.dir/__/src/broker/cas_optimization.c.o
[1150/1434] Building CXX object broker/CMakeFiles/cubrid_broker.dir/__/src/broker/broker_util.c.o
[1151/1434] Building CXX object broker/CMakeFiles/cubrid_gateway.dir/__/src/broker/shard_key_func.c.o
[1152/1434] Building CXX object broker/CMakeFiles/cubrid_gateway.dir/__/src/broker/broker_acl.c.o
[1153/1434] Building CXX object cubrid/CMakeFiles/cubrid.dir/__/src/sp/pl_struct_compile.cpp.o
[1154/1434] Building CXX object broker/CMakeFiles/cub_gateway.dir/__/src/broker/broker.c.o
[1155/1434] Building CXX object broker/CMakeFiles/cas_common_lib.dir/__/src/broker/cas_meta.c.o
[1156/1434] Building CXX object broker/CMakeFiles/cubrid_broker.dir/__/src/broker/broker_filename.c.o
[1157/1434] Building CXX object broker/CMakeFiles/broker_changer.dir/__/src/broker/broker_filename.c.o
[1158/1434] Building CXX object broker/CMakeFiles/cas_common_lib.dir/__/src/broker/cas_common_vars.c.o
[1159/1434] Building CXX object broker/CMakeFiles/cubrid_gateway.dir/__/src/broker/broker_util.c.o
[1160/1434] Building CXX object broker/CMakeFiles/gateway_monitor.dir/__/src/broker/cas_util.c.o
[1161/1434] Building CXX object broker/CMakeFiles/cas_common_lib.dir/__/src/broker/cas_ssl.c.o
[1162/1434] Building CXX object util/CMakeFiles/unittests_lf.dir/__/src/base/lock_free.c.o
[1163/1434] Building CXX object broker/CMakeFiles/cubrid_broker.dir/__/src/base/util_func.c.o
[1164/1434] Building CXX object broker/CMakeFiles/broker_changer.dir/__/src/broker/shard_metadata.c.o
[1165/1434] Building CXX object broker/CMakeFiles/broker_changer.dir/__/src/broker/shard_shm.c.o
[1166/1434] Building CXX object broker/CMakeFiles/cubrid_gateway.dir/__/src/broker/broker_shm.c.o
[1167/1434] Building CXX object broker/CMakeFiles/cas_common_lib.dir/__/src/broker/broker_util.c.o
[1168/1434] Building CXX object broker/CMakeFiles/cas_common_lib.dir/__/src/broker/cas_network.c.o
[1169/1434] Building CXX object broker/CMakeFiles/cas_common_lib.dir/__/src/broker/broker_acl.c.o
[1170/1434] Building CXX object broker/CMakeFiles/cubrid_gateway.dir/__/src/broker/broker_filename.c.o
[1171/1434] Building CXX object broker/CMakeFiles/cub_cas.dir/__/src/broker/broker_process_size.c.o
[1172/1434] Building CXX object broker/CMakeFiles/cubrid_gateway.dir/__/src/broker/shard_metadata.c.o
[1173/1434] Building CXX object broker/CMakeFiles/cub_cas.dir/__/src/broker/broker_error.c.o
[1174/1434] Building CXX object util/CMakeFiles/unittests_bit.dir/__/src/base/memory_monitor_sr.cpp.o
[1175/1434] Building CXX object broker/CMakeFiles/cubrid_gateway.dir/__/src/broker/shard_shm.c.o
[1176/1434] Building CXX object broker/CMakeFiles/cub_cas_cgw.dir/__/src/broker/broker_error.c.o
[1177/1434] Building CXX object broker/CMakeFiles/cubrid_gateway.dir/__/src/base/util_func.c.o
[1178/1434] Building CXX object broker/CMakeFiles/cubrid_broker.dir/__/src/broker/shard_metadata.c.o
[1179/1434] Building CXX object broker/CMakeFiles/cas_common_lib.dir/__/src/broker/cas_util.c.o
[1180/1434] Building CXX object broker/CMakeFiles/cub_cas.dir/__/src/broker/broker_recv_fd.c.o
[1181/1434] Building CXX object broker/CMakeFiles/cas_common_lib.dir/__/src/broker/cas_log.c.o
[1182/1434] Building CXX object broker/CMakeFiles/cas_common_lib.dir/__/src/broker/cas_net_buf.c.o
[1183/1434] Building CXX object cubrid-cci/cci/CMakeFiles/cascci.dir/__/src/cci/cci_query_execute.c.o
[1184/1434] Building CXX object broker/CMakeFiles/cub_cas_cgw.dir/__/src/broker/broker_process_size.c.o
[1185/1434] Building CXX object broker/CMakeFiles/cub_cas_cgw.dir/__/src/broker/broker_recv_fd.c.o
[1186/1434] Building CXX object broker/CMakeFiles/cub_broker.dir/__/src/broker/query_replace.c.o
[1187/1434] Building CXX object broker/CMakeFiles/cub_cas.dir/__/src/broker/cas_schema_info.c.o
[1188/1434] Building CXX object broker/CMakeFiles/cas_common_lib.dir/__/src/broker/broker_shm.c.o
[1189/1434] Building CXX object broker/CMakeFiles/cas_common_lib.dir/__/src/broker/cas_common_function.c.o
[1190/1434] Building CXX object broker/CMakeFiles/cub_proxy.dir/__/src/broker/broker_error.c.o
[1191/1434] Building CXX object broker/CMakeFiles/cub_proxy.dir/__/src/broker/broker_process_size.c.o
[1192/1434] Building CXX object util/CMakeFiles/unittests_snapshot.dir/__/src/executables/unittests_snapshot.c.o
[1193/1434] Building CXX object util/CMakeFiles/unittests_area.dir/__/src/base/memory_monitor_sr.cpp.o
[1194/1434] Building CXX object cubrid/CMakeFiles/cubrid.dir/__/src/transaction/log_recovery.c.o
[1195/1434] Building CXX object broker/CMakeFiles/cas_common_lib.dir/__/src/broker/cas_common_execute.c.o
[1196/1434] Building CXX object cubrid/CMakeFiles/cubrid.dir/__/src/query/vacuum.c.o
[1197/1434] Building CXX object broker/CMakeFiles/cub_proxy.dir/__/src/broker/shard_key_func.c.o
[1198/1434] Building CXX object broker/CMakeFiles/broker_monitor.dir/__/src/broker/broker_monitor.c.o
[1199/1434] Building CXX object broker/CMakeFiles/broker_monitor.dir/__/src/broker/broker_config.c.o
[1200/1434] Building CXX object broker/CMakeFiles/cub_proxy.dir/__/src/broker/cas_meta.c.o
[1201/1434] Building CXX object broker/CMakeFiles/cub_proxy.dir/__/src/broker/broker_recv_fd.c.o
[1202/1434] Building CXX object broker/CMakeFiles/broker_log_converter.dir/__/src/broker/broker_log_converter.c.o
[1203/1434] Building CXX object broker/CMakeFiles/cas_common_lib.dir/__/src/broker/cas_error.c.o
[1204/1434] Building CXX object broker/CMakeFiles/broker_log_converter.dir/__/src/broker/log_top_string.c.o
[1205/1434] Building CXX object cubrid/CMakeFiles/cubrid.dir/__/src/query/string_regex_std.cpp.o
[1206/1434] Building CXX object broker/CMakeFiles/cubrid_broker.dir/__/src/broker/shard_shm.c.o
[1207/1434] Building CXX object broker/CMakeFiles/cubrid_gateway.dir/__/src/broker/broker_admin.c.o
[1208/1434] Building CXX object broker/CMakeFiles/cas_common_lib.dir/__/src/broker/broker_filename.c.o
[1209/1434] Building CXX object broker/CMakeFiles/broker_log_converter.dir/__/src/broker/broker_log_util.c.o
[1210/1434] Building CXX object broker/CMakeFiles/cubrid_broker.dir/__/src/broker/broker_admin.c.o
[1211/1434] Building CXX object broker/CMakeFiles/broker_log_runner.dir/__/src/broker/log_top_string.c.o
[1212/1434] Building CXX object broker/CMakeFiles/broker_tester.dir/__/src/broker/broker_error.c.o
[1213/1434] Building CXX object broker/CMakeFiles/broker_log_runner.dir/__/src/broker/broker_log_util.c.o
[1214/1434] Building CXX object broker/CMakeFiles/gateway_monitor.dir/__/src/broker/broker_monitor.c.o
[1215/1434] Building CXX object broker/CMakeFiles/cub_proxy.dir/__/src/broker/broker_shm.c.o
[1216/1434] Building CXX object broker/CMakeFiles/cub_proxy.dir/__/src/broker/shard_parser.c.o
[1217/1434] Building CXX object broker/CMakeFiles/cub_proxy.dir/__/src/broker/broker_acl.c.o
[1218/1434] Building CXX object broker/CMakeFiles/cub_cas.dir/__/src/broker/cas_str_like.c.o
[1219/1434] Building CXX object broker/CMakeFiles/cas_common_lib.dir/__/src/broker/cas_handle.c.o
[1220/1434] Building CXX object broker/CMakeFiles/cub_proxy.dir/__/src/broker/broker_util.c.o
[1221/1434] Building CXX object cubrid/CMakeFiles/cubrid.dir/__/src/transaction/locator_sr.c.o
[1222/1434] Building CXX object broker/CMakeFiles/broker_log_top.dir/__/src/broker/log_top_string.c.o
[1223/1434] Building CXX object broker/CMakeFiles/cub_proxy.dir/__/src/broker/cas_util.c.o
[1224/1434] Building CXX object broker/CMakeFiles/broker_log_top.dir/__/src/broker/broker_log_time.c.o
[1225/1434] Building CXX object broker/CMakeFiles/broker_tester.dir/__/src/broker/log_top_string.c.o
[1226/1434] Building CXX object broker/CMakeFiles/broker_log_top.dir/__/src/broker/cas_query_info.c.o
[1227/1434] Building CXX object broker/CMakeFiles/broker_tester.dir/__/src/broker/broker_shm.c.o
[1228/1434] Building CXX object broker/CMakeFiles/cub_proxy.dir/__/src/broker/shard_proxy_log.c.o
[1229/1434] Building CXX object broker/CMakeFiles/cub_proxy.dir/__/src/broker/shard_metadata.c.o
[1230/1434] Building CXX object broker/CMakeFiles/broker_log_top.dir/__/src/broker/broker_error.c.o
[1231/1434] Building CXX object broker/CMakeFiles/gateway_monitor.dir/__/src/broker/broker_config.c.o
[1232/1434] Building CXX object broker/CMakeFiles/cub_proxy.dir/__/src/broker/shard_shm.c.o
[1233/1434] Building CXX object broker/CMakeFiles/broker_log_top.dir/__/src/broker/broker_log_sql_list.c.o
[1234/1434] Building CXX object broker/CMakeFiles/broker_log_top.dir/__/src/broker/broker_log_util.c.o
[1235/1434] Building CXX object broker/CMakeFiles/cub_proxy.dir/__/src/broker/shard_proxy.c.o
[1236/1434] Building CXX object broker/CMakeFiles/broker_log_top.dir/__/src/broker/broker_log_top_tran.c.o
[1237/1434] Building CXX object broker/CMakeFiles/cub_proxy.dir/__/src/broker/cas_net_buf.c.o
[1238/1434] Building CXX object broker/CMakeFiles/cub_proxy.dir/__/src/broker/broker_filename.c.o
[1239/1434] Building CXX object broker/CMakeFiles/cub_cas.dir/__/src/broker/cas_xa.c.o
[1240/1434] Building CXX object broker/CMakeFiles/brokeradmin.dir/__/src/broker/broker_error.c.o
[1241/1434] Building CXX object broker/CMakeFiles/cubrid_gateway.dir/__/src/broker/broker_admin_pub.c.o
/home/vimkim/gh/cb/pr7600-timing-base988/src/broker/broker_admin_pub.c: In function ‘int admin_getid_cmd(int, int, const char**)’:
/home/vimkim/gh/cb/pr7600-timing-base988/src/broker/broker_admin_pub.c:1719:49: warning: ‘%s’ directive writing up to 4095 bytes into a region of size 2033 [-Wformat-overflow=]
 1719 |         sprintf (buf + buf_len, "LIBRARY_NAME : %s, ",
      |                                                 ^~
/home/vimkim/gh/cb/pr7600-timing-base988/src/broker/broker_admin_pub.c:1719:17: note: ‘sprintf’ output between 18 and 4113 bytes into a destination of size 2048
 1719 |         sprintf (buf + buf_len, "LIBRARY_NAME : %s, ",
      |         ~~~~~~~~^~~~~~~~~~~~~~~~~~~~~~~~~~~~~~~~~~~~~~
 1720 |                  (shm_proxy_p->shard_key_library_name[0] == 0) ? "NOT DEFINED" : shm_proxy_p->shard_key_library_name);
      |                  ~~~~~~~~~~~~~~~~~~~~~~~~~~~~~~~~~~~~~~~~~~~~~~~~~~~~~~~~~~~~~~~~~~~~~~~~~~~~~~~~~~~~~~~~~~~~~~~~~~~~
/home/vimkim/gh/cb/pr7600-timing-base988/src/broker/broker_admin_pub.c:1722:50: warning: ‘%s’ directive writing up to 4095 bytes into a region of size 2032 [-Wformat-overflow=]
 1722 |         sprintf (buf + buf_len, "FUNCTION_NAME : %s ",
      |                                                  ^~
/home/vimkim/gh/cb/pr7600-timing-base988/src/broker/broker_admin_pub.c:1722:17: note: ‘sprintf’ output between 18 and 4113 bytes into a destination of size 2048
 1722 |         sprintf (buf + buf_len, "FUNCTION_NAME : %s ",
      |         ~~~~~~~~^~~~~~~~~~~~~~~~~~~~~~~~~~~~~~~~~~~~~~
 1723 |                  (shm_proxy_p->shard_key_function_name[0] == 0) ? "NOT DEFINED" : shm_proxy_p->shard_key_function_name);
      |                  ~~~~~~~~~~~~~~~~~~~~~~~~~~~~~~~~~~~~~~~~~~~~~~~~~~~~~~~~~~~~~~~~~~~~~~~~~~~~~~~~~~~~~~~~~~~~~~~~~~~~~~
[1242/1434] Building CXX object broker/CMakeFiles/broker_tester.dir/__/src/broker/broker_filename.c.o
[1243/1434] Building CXX object broker/CMakeFiles/brokeradmin.dir/__/src/broker/broker_process_size.c.o
[1244/1434] Building CXX object broker/CMakeFiles/cubrid_replay.dir/__/src/broker/log_top_string.c.o
[1245/1434] Building CXX object broker/CMakeFiles/cub_proxy.dir/__/src/broker/shard_proxy_queue.c.o
[1246/1434] Building CXX object broker/CMakeFiles/cubrid_replay.dir/__/src/broker/broker_log_util.c.o
[1247/1434] Building CXX object broker/CMakeFiles/broker_log_top.dir/__/src/broker/broker_log_top.c.o
[1248/1434] Building CXX object broker/CMakeFiles/brokeradmin.dir/__/src/broker/broker_process_info.c.o
[1249/1434] Building CXX object broker/CMakeFiles/gateway_monitor.dir/__/src/broker/query_replace.c.o
[1250/1434] Building CXX object broker/CMakeFiles/broker_tester.dir/__/src/broker/shard_metadata.c.o
[1251/1434] Building CXX object broker/CMakeFiles/brokeradmin.dir/__/src/broker/shard_key_func.c.o
[1252/1434] Building CXX object cm_common/CMakeFiles/cmstat.dir/__/src/cm_common/cm_errmsg.c.o
[1253/1434] Building CXX object broker/CMakeFiles/brokeradmin.dir/__/src/broker/broker_max_heap.c.o
[1254/1434] Building CXX object broker/CMakeFiles/broker_tester.dir/__/src/broker/broker_util.c.o
[1255/1434] Building CXX object cubrid/CMakeFiles/cubrid.dir/__/src/query/parallel/px_query_execute/px_query_executor.cpp.o
[1256/1434] Building CXX object broker/CMakeFiles/cubrid_gateway.dir/__/src/broker/broker_config.c.o
[1257/1434] Building CXX object broker/CMakeFiles/cub_proxy.dir/__/src/broker/shard_proxy_handler.c.o
[1258/1434] Building CXX object broker/CMakeFiles/brokeradmin.dir/__/src/broker/broker_acl.c.o
[1259/1434] Building CXX object broker/CMakeFiles/broker_log_top.dir/__/src/broker/broker_util.c.o
[1260/1434] Building CXX object cm_common/CMakeFiles/cmdep.dir/__/src/cm_common/cm_dstring.c.o
[1261/1434] Building CXX object broker/CMakeFiles/cub_proxy.dir/__/src/broker/shard_proxy_io.c.o
[1262/1434] Building CXX object broker/CMakeFiles/broker_log_top.dir/__/src/broker/shard_metadata.c.o
[1263/1434] Building CXX object cm_common/CMakeFiles/cmdep.dir/__/src/cm_common/cm_nameval.c.o
[1264/1434] Building CXX object broker/CMakeFiles/cub_proxy.dir/__/src/broker/shard_proxy_function.c.o
[1265/1434] Building CXX object broker/CMakeFiles/cubrid_broker.dir/__/src/broker/broker_admin_pub.c.o
/home/vimkim/gh/cb/pr7600-timing-base988/src/broker/broker_admin_pub.c: In function ‘int admin_getid_cmd(int, int, const char**)’:
/home/vimkim/gh/cb/pr7600-timing-base988/src/broker/broker_admin_pub.c:1719:49: warning: ‘%s’ directive writing up to 4095 bytes into a region of size 2033 [-Wformat-overflow=]
 1719 |         sprintf (buf + buf_len, "LIBRARY_NAME : %s, ",
      |                                                 ^~
/home/vimkim/gh/cb/pr7600-timing-base988/src/broker/broker_admin_pub.c:1719:17: note: ‘sprintf’ output between 18 and 4113 bytes into a destination of size 2048
 1719 |         sprintf (buf + buf_len, "LIBRARY_NAME : %s, ",
      |         ~~~~~~~~^~~~~~~~~~~~~~~~~~~~~~~~~~~~~~~~~~~~~~
 1720 |                  (shm_proxy_p->shard_key_library_name[0] == 0) ? "NOT DEFINED" : shm_proxy_p->shard_key_library_name);
      |                  ~~~~~~~~~~~~~~~~~~~~~~~~~~~~~~~~~~~~~~~~~~~~~~~~~~~~~~~~~~~~~~~~~~~~~~~~~~~~~~~~~~~~~~~~~~~~~~~~~~~~
/home/vimkim/gh/cb/pr7600-timing-base988/src/broker/broker_admin_pub.c:1722:50: warning: ‘%s’ directive writing up to 4095 bytes into a region of size 2032 [-Wformat-overflow=]
 1722 |         sprintf (buf + buf_len, "FUNCTION_NAME : %s ",
      |                                                  ^~
/home/vimkim/gh/cb/pr7600-timing-base988/src/broker/broker_admin_pub.c:1722:17: note: ‘sprintf’ output between 18 and 4113 bytes into a destination of size 2048
 1722 |         sprintf (buf + buf_len, "FUNCTION_NAME : %s ",
      |         ~~~~~~~~^~~~~~~~~~~~~~~~~~~~~~~~~~~~~~~~~~~~~~
 1723 |                  (shm_proxy_p->shard_key_function_name[0] == 0) ? "NOT DEFINED" : shm_proxy_p->shard_key_function_name);
      |                  ~~~~~~~~~~~~~~~~~~~~~~~~~~~~~~~~~~~~~~~~~~~~~~~~~~~~~~~~~~~~~~~~~~~~~~~~~~~~~~~~~~~~~~~~~~~~~~~~~~~~~~
[1266/1434] Building CXX object broker/CMakeFiles/broker_log_top.dir/__/src/broker/broker_shm.c.o
[1267/1434] Building CXX object broker/CMakeFiles/broker_log_runner.dir/__/src/broker/cas_runner.c.o
[1268/1434] Building CXX object broker/CMakeFiles/cub_proxy.dir/__/src/broker/shard_statement.c.o
[1269/1434] Building CXX object broker/CMakeFiles/broker_changer.dir/__/src/broker/query_replace.c.o
[1270/1434] Building C object cm_common/CMakeFiles/cmstat.dir/__/src/cm_common/cm_broker_jni.c.o
[1271/1434] Building CXX object broker/CMakeFiles/broker_log_top.dir/__/src/broker/broker_filename.c.o
[1272/1434] Building CXX object broker/CMakeFiles/brokeradmin.dir/__/src/broker/broker_filename.c.o
[1273/1434] Building CXX object broker/CMakeFiles/cubrid_replay.dir/__/src/broker/broker_log_replay.c.o
[1274/1434] Building CXX object broker/CMakeFiles/cubrid_broker.dir/__/src/broker/broker_config.c.o
[1275/1434] Building CXX object cm_common/CMakeFiles/cmstat.dir/__/src/cm_common/cm_mem_cpu_stat.c.o
[1276/1434] Building CXX object cm_common/CMakeFiles/cmstat.dir/__/src/cm_common/cm_utils.c.o
[1277/1434] Building CXX object cm_common/CMakeFiles/cmstat.dir/__/src/cm_common/cm_broker_admin.c.o
[1278/1434] Building CXX object cm_common/CMakeFiles/cub_jobsa.dir/__/src/cm_common/cm_class_info_sa.c.o
[1279/1434] Building CXX object timezones/CMakeFiles/gen_timezone.dir/__/src/executables/generate_timezone.cpp.o
[1280/1434] Building CXX object broker/CMakeFiles/broker_tester.dir/__/src/broker/broker_tester.c.o
[1281/1434] Building CXX object broker/CMakeFiles/brokeradmin.dir/__/src/broker/broker_admin_so.c.o
[1282/1434] Building CXX object cm_common/CMakeFiles/cmdep.dir/__/src/cm_common/cm_utils.c.o
[1283/1434] Building CXX object broker/CMakeFiles/broker_changer.dir/__/src/broker/broker_config.c.o
[1284/1434] Building CXX object broker/CMakeFiles/brokeradmin.dir/__/src/broker/broker_shm.c.o
[1285/1434] Building CXX object broker/CMakeFiles/brokeradmin.dir/__/src/broker/shard_shm.c.o
[1286/1434] Building CXX object broker/CMakeFiles/broker_tester.dir/__/src/broker/shard_shm.c.o
[1287/1434] Building CXX object broker/CMakeFiles/brokeradmin.dir/__/src/broker/broker_util.c.o
[1288/1434] Building CXX object broker/CMakeFiles/broker_log_top.dir/__/src/broker/shard_shm.c.o
[1289/1434] Building CXX object broker/CMakeFiles/brokeradmin.dir/__/src/broker/shard_metadata.c.o
[1290/1434] Building CXX object broker/CMakeFiles/broker_changer.dir/__/src/broker/broker_admin_pub.c.o
/home/vimkim/gh/cb/pr7600-timing-base988/src/broker/broker_admin_pub.c: In function ‘int admin_getid_cmd(int, int, const char**)’:
/home/vimkim/gh/cb/pr7600-timing-base988/src/broker/broker_admin_pub.c:1719:49: warning: ‘%s’ directive writing up to 4095 bytes into a region of size 2033 [-Wformat-overflow=]
 1719 |         sprintf (buf + buf_len, "LIBRARY_NAME : %s, ",
      |                                                 ^~
/home/vimkim/gh/cb/pr7600-timing-base988/src/broker/broker_admin_pub.c:1719:17: note: ‘sprintf’ output between 18 and 4113 bytes into a destination of size 2048
 1719 |         sprintf (buf + buf_len, "LIBRARY_NAME : %s, ",
      |         ~~~~~~~~^~~~~~~~~~~~~~~~~~~~~~~~~~~~~~~~~~~~~~
 1720 |                  (shm_proxy_p->shard_key_library_name[0] == 0) ? "NOT DEFINED" : shm_proxy_p->shard_key_library_name);
      |                  ~~~~~~~~~~~~~~~~~~~~~~~~~~~~~~~~~~~~~~~~~~~~~~~~~~~~~~~~~~~~~~~~~~~~~~~~~~~~~~~~~~~~~~~~~~~~~~~~~~~~
/home/vimkim/gh/cb/pr7600-timing-base988/src/broker/broker_admin_pub.c:1722:50: warning: ‘%s’ directive writing up to 4095 bytes into a region of size 2032 [-Wformat-overflow=]
 1722 |         sprintf (buf + buf_len, "FUNCTION_NAME : %s ",
      |                                                  ^~
/home/vimkim/gh/cb/pr7600-timing-base988/src/broker/broker_admin_pub.c:1722:17: note: ‘sprintf’ output between 18 and 4113 bytes into a destination of size 2048
 1722 |         sprintf (buf + buf_len, "FUNCTION_NAME : %s ",
      |         ~~~~~~~~^~~~~~~~~~~~~~~~~~~~~~~~~~~~~~~~~~~~~~
 1723 |                  (shm_proxy_p->shard_key_function_name[0] == 0) ? "NOT DEFINED" : shm_proxy_p->shard_key_function_name);
      |                  ~~~~~~~~~~~~~~~~~~~~~~~~~~~~~~~~~~~~~~~~~~~~~~~~~~~~~~~~~~~~~~~~~~~~~~~~~~~~~~~~~~~~~~~~~~~~~~~~~~~~~~
[1291/1434] Building CXX object cubrid/CMakeFiles/cubrid.dir/__/src/transaction/log_page_buffer.c.o
/home/vimkim/gh/cb/pr7600-timing-base988/src/transaction/log_page_buffer.c: In function ‘void logpb_checkpoint_trans(LOG_INFO_CHKPT_TRANS*, log_tdes*, int&, int&, LOG_LSA&)’:
/home/vimkim/gh/cb/pr7600-timing-base988/src/transaction/log_page_buffer.c:7071:15: warning: ‘char* strncpy(char*, const char*, size_t)’ specified bound 33 equals destination size [-Wstringop-truncation]
 7071 |       strncpy (chkpt_entry->user_name, tdes->client.get_db_user (), LOG_USERNAME_MAX);
      |       ~~~~~~~~^~~~~~~~~~~~~~~~~~~~~~~~~~~~~~~~~~~~~~~~~~~~~~~~~~~~~~~~~~~~~~~~~~~~~~~
[1292/1434] Building CXX object cm_common/CMakeFiles/cub_sainfo.dir/__/src/cm_common/cm_class_info_sa.c.o
[1293/1434] Building CXX object broker/CMakeFiles/cubrid_replay.dir/__/src/base/filesys_temp.cpp.o
[1294/1434] Building CXX object broker/CMakeFiles/cas_common_lib.dir/__/src/broker/cas_common_main.c.o
[1295/1434] Building CXX object cubrid/CMakeFiles/cubrid.dir/__/src/query/parallel/px_scan/px_scan_task.cpp.o
In file included from /home/vimkim/gh/cb/pr7600-timing-base988/src/base/memory_alloc.h:54,
                 from /home/vimkim/gh/cb/pr7600-timing-base988/src/base/memory_hash.h:30,
                 from /home/vimkim/gh/cb/pr7600-timing-base988/src/storage/file_io.h:33,
                 from /home/vimkim/gh/cb/pr7600-timing-base988/src/transaction/log_manager.h:37,
                 from /home/vimkim/gh/cb/pr7600-timing-base988/src/storage/file_manager.h:33,
                 from /home/vimkim/gh/cb/pr7600-timing-base988/src/query/query_manager.h:34,
                 from /home/vimkim/gh/cb/pr7600-timing-base988/src/query/parallel/px_scan/px_scan_task.hpp:26,
                 from /home/vimkim/gh/cb/pr7600-timing-base988/src/query/parallel/px_scan/px_scan_task.cpp:23:
In function ‘void cub_free(void*)’,
    inlined from ‘void operator delete(void*, size_t)’ at /home/vimkim/gh/cb/pr7600-timing-base988/src/base/memory_wrapper.hpp:75:12,
    inlined from ‘void __gnu_cxx::new_allocator<_Tp>::deallocate(_Tp*, __gnu_cxx::new_allocator<_Tp>::size_type) [with _Tp = std::_Rb_tree_node<std::pair<const int, parallel_scan::scan_info> >]’ at /usr/include/c++/11/ext/new_allocator.h:145:19,
    inlined from ‘static void std::allocator_traits<std::allocator<_Tp1> >::deallocate(std::allocator_traits<std::allocator<_Tp1> >::allocator_type&, std::allocator_traits<std::allocator<_Tp1> >::pointer, std::allocator_traits<std::allocator<_Tp1> >::size_type) [with _Tp = std::_Rb_tree_node<std::pair<const int, parallel_scan::scan_info> >]’ at /usr/include/c++/11/bits/alloc_traits.h:496:23,
    inlined from ‘void std::_Rb_tree<_Key, _Val, _KeyOfValue, _Compare, _Alloc>::_M_put_node(std::_Rb_tree<_Key, _Val, _KeyOfValue, _Compare, _Alloc>::_Link_type) [with _Key = int; _Val = std::pair<const int, parallel_scan::scan_info>; _KeyOfValue = std::_Select1st<std::pair<const int, parallel_scan::scan_info> >; _Compare = std::less<int>; _Alloc = std::allocator<std::pair<const int, parallel_scan::scan_info> >]’ at /usr/include/c++/11/bits/stl_tree.h:565:34,
    inlined from ‘void std::_Rb_tree<_Key, _Val, _KeyOfValue, _Compare, _Alloc>::_M_drop_node(std::_Rb_tree<_Key, _Val, _KeyOfValue, _Compare, _Alloc>::_Link_type) [with _Key = int; _Val = std::pair<const int, parallel_scan::scan_info>; _KeyOfValue = std::_Select1st<std::pair<const int, parallel_scan::scan_info> >; _Compare = std::less<int>; _Alloc = std::allocator<std::pair<const int, parallel_scan::scan_info> >]’ at /usr/include/c++/11/bits/stl_tree.h:632:13,
    inlined from ‘std::_Rb_tree<_Key, _Val, _KeyOfValue, _Compare, _Alloc>::iterator std::_Rb_tree<_Key, _Val, _KeyOfValue, _Compare, _Alloc>::_M_emplace_hint_unique(std::_Rb_tree<_Key, _Val, _KeyOfValue, _Compare, _Alloc>::const_iterator, _Args&& ...) [with _Args = {const std::piecewise_construct_t&, std::tuple<const int&>, std::tuple<>}; _Key = int; _Val = std::pair<const int, parallel_scan::scan_info>; _KeyOfValue = std::_Select1st<std::pair<const int, parallel_scan::scan_info> >; _Compare = std::less<int>; _Alloc = std::allocator<std::pair<const int, parallel_scan::scan_info> >]’ at /usr/include/c++/11/bits/stl_tree.h:2440:18,
    inlined from ‘std::map<_Key, _Tp, _Compare, _Alloc>::mapped_type& std::map<_Key, _Tp, _Compare, _Alloc>::operator[](const key_type&) [with _Key = int; _Tp = parallel_scan::scan_info; _Compare = std::less<int>; _Alloc = std::allocator<std::pair<const int, parallel_scan::scan_info> >]’ at /usr/include/c++/11/bits/stl_map.h:501:37,
    inlined from ‘parallel_scan::scan_info parallel_scan::pre_execution_info::get_scan_info(parallel_scan::XASL_NODE_ID)’ at /home/vimkim/gh/cb/pr7600-timing-base988/src/query/parallel/px_scan/px_scan_pre_execution_info.hpp:61:29,
    inlined from ‘int parallel_scan::task<result_type, ST>::initialize(cubthread::entry&) [with parallel_scan::RESULT_TYPE result_type = parallel_scan::RESULT_TYPE::BUILDVALUE_OPT; parallel_scan::SCAN_TYPE ST = parallel_scan::SCAN_TYPE::INDEX]’ at /home/vimkim/gh/cb/pr7600-timing-base988/src/query/parallel/px_scan/px_scan_task.cpp:239:61:
/home/vimkim/gh/cb/pr7600-timing-base988/src/base/memory_cwrapper.h:86:8: warning: ‘void free(void*)’ called on pointer returned from a mismatched allocation function [-Wmismatched-new-delete]
   86 |   free (ptr);
      |   ~~~~~^~~~~
In file included from /usr/include/c++/11/x86_64-redhat-linux/bits/c++allocator.h:33,
                 from /usr/include/c++/11/bits/allocator.h:46,
                 from /usr/include/c++/11/vector:64,
                 from /home/vimkim/gh/cb/pr7600-timing-base988/src/transaction/log_lsa.hpp:30,
                 from /home/vimkim/gh/cb/pr7600-timing-base988/src/storage/disk_manager.h:30,
                 from /home/vimkim/gh/cb/pr7600-timing-base988/src/storage/file_manager.h:32,
                 from /home/vimkim/gh/cb/pr7600-timing-base988/src/query/query_manager.h:34,
                 from /home/vimkim/gh/cb/pr7600-timing-base988/src/query/parallel/px_scan/px_scan_task.hpp:26,
                 from /home/vimkim/gh/cb/pr7600-timing-base988/src/query/parallel/px_scan/px_scan_task.cpp:23:
/usr/include/c++/11/ext/new_allocator.h: In member function ‘int parallel_scan::task<result_type, ST>::initialize(cubthread::entry&) [with parallel_scan::RESULT_TYPE result_type = parallel_scan::RESULT_TYPE::BUILDVALUE_OPT; parallel_scan::SCAN_TYPE ST = parallel_scan::SCAN_TYPE::INDEX]’:
/usr/include/c++/11/ext/new_allocator.h:127:48: note: returned from ‘void* operator new(std::size_t)’
  127 |         return static_cast<_Tp*>(::operator new(__n * sizeof(_Tp)));
      |                                  ~~~~~~~~~~~~~~^~~~~~~~~~~~~~~~~~~
In file included from /home/vimkim/gh/cb/pr7600-timing-base988/src/base/memory_alloc.h:54,
                 from /home/vimkim/gh/cb/pr7600-timing-base988/src/base/memory_hash.h:30,
                 from /home/vimkim/gh/cb/pr7600-timing-base988/src/storage/file_io.h:33,
                 from /home/vimkim/gh/cb/pr7600-timing-base988/src/transaction/log_manager.h:37,
                 from /home/vimkim/gh/cb/pr7600-timing-base988/src/storage/file_manager.h:33,
                 from /home/vimkim/gh/cb/pr7600-timing-base988/src/query/query_manager.h:34,
                 from /home/vimkim/gh/cb/pr7600-timing-base988/src/query/parallel/px_scan/px_scan_task.hpp:26,
                 from /home/vimkim/gh/cb/pr7600-timing-base988/src/query/parallel/px_scan/px_scan_task.cpp:23:
In function ‘void cub_free(void*)’,
    inlined from ‘void operator delete(void*, size_t)’ at /home/vimkim/gh/cb/pr7600-timing-base988/src/base/memory_wrapper.hpp:75:12,
    inlined from ‘void __gnu_cxx::new_allocator<_Tp>::deallocate(_Tp*, __gnu_cxx::new_allocator<_Tp>::size_type) [with _Tp = std::_Rb_tree_node<std::pair<const int, parallel_scan::scan_info> >]’ at /usr/include/c++/11/ext/new_allocator.h:145:19,
    inlined from ‘static void std::allocator_traits<std::allocator<_Tp1> >::deallocate(std::allocator_traits<std::allocator<_Tp1> >::allocator_type&, std::allocator_traits<std::allocator<_Tp1> >::pointer, std::allocator_traits<std::allocator<_Tp1> >::size_type) [with _Tp = std::_Rb_tree_node<std::pair<const int, parallel_scan::scan_info> >]’ at /usr/include/c++/11/bits/alloc_traits.h:496:23,
    inlined from ‘void std::_Rb_tree<_Key, _Val, _KeyOfValue, _Compare, _Alloc>::_M_put_node(std::_Rb_tree<_Key, _Val, _KeyOfValue, _Compare, _Alloc>::_Link_type) [with _Key = int; _Val = std::pair<const int, parallel_scan::scan_info>; _KeyOfValue = std::_Select1st<std::pair<const int, parallel_scan::scan_info> >; _Compare = std::less<int>; _Alloc = std::allocator<std::pair<const int, parallel_scan::scan_info> >]’ at /usr/include/c++/11/bits/stl_tree.h:565:34,
    inlined from ‘void std::_Rb_tree<_Key, _Val, _KeyOfValue, _Compare, _Alloc>::_M_drop_node(std::_Rb_tree<_Key, _Val, _KeyOfValue, _Compare, _Alloc>::_Link_type) [with _Key = int; _Val = std::pair<const int, parallel_scan::scan_info>; _KeyOfValue = std::_Select1st<std::pair<const int, parallel_scan::scan_info> >; _Compare = std::less<int>; _Alloc = std::allocator<std::pair<const int, parallel_scan::scan_info> >]’ at /usr/include/c++/11/bits/stl_tree.h:632:13,
    inlined from ‘std::_Rb_tree<_Key, _Val, _KeyOfValue, _Compare, _Alloc>::iterator std::_Rb_tree<_Key, _Val, _KeyOfValue, _Compare, _Alloc>::_M_emplace_hint_unique(std::_Rb_tree<_Key, _Val, _KeyOfValue, _Compare, _Alloc>::const_iterator, _Args&& ...) [with _Args = {const std::piecewise_construct_t&, std::tuple<const int&>, std::tuple<>}; _Key = int; _Val = std::pair<const int, parallel_scan::scan_info>; _KeyOfValue = std::_Select1st<std::pair<const int, parallel_scan::scan_info> >; _Compare = std::less<int>; _Alloc = std::allocator<std::pair<const int, parallel_scan::scan_info> >]’ at /usr/include/c++/11/bits/stl_tree.h:2440:18,
    inlined from ‘std::map<_Key, _Tp, _Compare, _Alloc>::mapped_type& std::map<_Key, _Tp, _Compare, _Alloc>::operator[](const key_type&) [with _Key = int; _Tp = parallel_scan::scan_info; _Compare = std::less<int>; _Alloc = std::allocator<std::pair<const int, parallel_scan::scan_info> >]’ at /usr/include/c++/11/bits/stl_map.h:501:37,
    inlined from ‘parallel_scan::scan_info parallel_scan::pre_execution_info::get_scan_info(parallel_scan::XASL_NODE_ID)’ at /home/vimkim/gh/cb/pr7600-timing-base988/src/query/parallel/px_scan/px_scan_pre_execution_info.hpp:61:29,
    inlined from ‘int parallel_scan::task<result_type, ST>::initialize(cubthread::entry&) [with parallel_scan::RESULT_TYPE result_type = parallel_scan::RESULT_TYPE::MERGEABLE_LIST; parallel_scan::SCAN_TYPE ST = parallel_scan::SCAN_TYPE::HEAP]’ at /home/vimkim/gh/cb/pr7600-timing-base988/src/query/parallel/px_scan/px_scan_task.cpp:239:61:
/home/vimkim/gh/cb/pr7600-timing-base988/src/base/memory_cwrapper.h:86:8: warning: ‘void free(void*)’ called on pointer returned from a mismatched allocation function [-Wmismatched-new-delete]
   86 |   free (ptr);
      |   ~~~~~^~~~~
In file included from /usr/include/c++/11/x86_64-redhat-linux/bits/c++allocator.h:33,
                 from /usr/include/c++/11/bits/allocator.h:46,
                 from /usr/include/c++/11/vector:64,
                 from /home/vimkim/gh/cb/pr7600-timing-base988/src/transaction/log_lsa.hpp:30,
                 from /home/vimkim/gh/cb/pr7600-timing-base988/src/storage/disk_manager.h:30,
                 from /home/vimkim/gh/cb/pr7600-timing-base988/src/storage/file_manager.h:32,
                 from /home/vimkim/gh/cb/pr7600-timing-base988/src/query/query_manager.h:34,
                 from /home/vimkim/gh/cb/pr7600-timing-base988/src/query/parallel/px_scan/px_scan_task.hpp:26,
                 from /home/vimkim/gh/cb/pr7600-timing-base988/src/query/parallel/px_scan/px_scan_task.cpp:23:
/usr/include/c++/11/ext/new_allocator.h: In member function ‘int parallel_scan::task<result_type, ST>::initialize(cubthread::entry&) [with parallel_scan::RESULT_TYPE result_type = parallel_scan::RESULT_TYPE::MERGEABLE_LIST; parallel_scan::SCAN_TYPE ST = parallel_scan::SCAN_TYPE::HEAP]’:
/usr/include/c++/11/ext/new_allocator.h:127:48: note: returned from ‘void* operator new(std::size_t)’
  127 |         return static_cast<_Tp*>(::operator new(__n * sizeof(_Tp)));
      |                                  ~~~~~~~~~~~~~~^~~~~~~~~~~~~~~~~~~
In file included from /home/vimkim/gh/cb/pr7600-timing-base988/src/base/memory_alloc.h:54,
                 from /home/vimkim/gh/cb/pr7600-timing-base988/src/base/memory_hash.h:30,
                 from /home/vimkim/gh/cb/pr7600-timing-base988/src/storage/file_io.h:33,
                 from /home/vimkim/gh/cb/pr7600-timing-base988/src/transaction/log_manager.h:37,
                 from /home/vimkim/gh/cb/pr7600-timing-base988/src/storage/file_manager.h:33,
                 from /home/vimkim/gh/cb/pr7600-timing-base988/src/query/query_manager.h:34,
                 from /home/vimkim/gh/cb/pr7600-timing-base988/src/query/parallel/px_scan/px_scan_task.hpp:26,
                 from /home/vimkim/gh/cb/pr7600-timing-base988/src/query/parallel/px_scan/px_scan_task.cpp:23:
In function ‘void cub_free(void*)’,
    inlined from ‘void operator delete(void*, size_t)’ at /home/vimkim/gh/cb/pr7600-timing-base988/src/base/memory_wrapper.hpp:75:12,
    inlined from ‘void __gnu_cxx::new_allocator<_Tp>::deallocate(_Tp*, __gnu_cxx::new_allocator<_Tp>::size_type) [with _Tp = std::_Rb_tree_node<std::pair<const int, parallel_scan::scan_info> >]’ at /usr/include/c++/11/ext/new_allocator.h:145:19,
    inlined from ‘static void std::allocator_traits<std::allocator<_Tp1> >::deallocate(std::allocator_traits<std::allocator<_Tp1> >::allocator_type&, std::allocator_traits<std::allocator<_Tp1> >::pointer, std::allocator_traits<std::allocator<_Tp1> >::size_type) [with _Tp = std::_Rb_tree_node<std::pair<const int, parallel_scan::scan_info> >]’ at /usr/include/c++/11/bits/alloc_traits.h:496:23,
    inlined from ‘void std::_Rb_tree<_Key, _Val, _KeyOfValue, _Compare, _Alloc>::_M_put_node(std::_Rb_tree<_Key, _Val, _KeyOfValue, _Compare, _Alloc>::_Link_type) [with _Key = int; _Val = std::pair<const int, parallel_scan::scan_info>; _KeyOfValue = std::_Select1st<std::pair<const int, parallel_scan::scan_info> >; _Compare = std::less<int>; _Alloc = std::allocator<std::pair<const int, parallel_scan::scan_info> >]’ at /usr/include/c++/11/bits/stl_tree.h:565:34,
    inlined from ‘void std::_Rb_tree<_Key, _Val, _KeyOfValue, _Compare, _Alloc>::_M_drop_node(std::_Rb_tree<_Key, _Val, _KeyOfValue, _Compare, _Alloc>::_Link_type) [with _Key = int; _Val = std::pair<const int, parallel_scan::scan_info>; _KeyOfValue = std::_Select1st<std::pair<const int, parallel_scan::scan_info> >; _Compare = std::less<int>; _Alloc = std::allocator<std::pair<const int, parallel_scan::scan_info> >]’ at /usr/include/c++/11/bits/stl_tree.h:632:13,
    inlined from ‘std::_Rb_tree<_Key, _Val, _KeyOfValue, _Compare, _Alloc>::iterator std::_Rb_tree<_Key, _Val, _KeyOfValue, _Compare, _Alloc>::_M_emplace_hint_unique(std::_Rb_tree<_Key, _Val, _KeyOfValue, _Compare, _Alloc>::const_iterator, _Args&& ...) [with _Args = {const std::piecewise_construct_t&, std::tuple<const int&>, std::tuple<>}; _Key = int; _Val = std::pair<const int, parallel_scan::scan_info>; _KeyOfValue = std::_Select1st<std::pair<const int, parallel_scan::scan_info> >; _Compare = std::less<int>; _Alloc = std::allocator<std::pair<const int, parallel_scan::scan_info> >]’ at /usr/include/c++/11/bits/stl_tree.h:2440:18,
    inlined from ‘std::map<_Key, _Tp, _Compare, _Alloc>::mapped_type& std::map<_Key, _Tp, _Compare, _Alloc>::operator[](const key_type&) [with _Key = int; _Tp = parallel_scan::scan_info; _Compare = std::less<int>; _Alloc = std::allocator<std::pair<const int, parallel_scan::scan_info> >]’ at /usr/include/c++/11/bits/stl_map.h:501:37,
    inlined from ‘parallel_scan::scan_info parallel_scan::pre_execution_info::get_scan_info(parallel_scan::XASL_NODE_ID)’ at /home/vimkim/gh/cb/pr7600-timing-base988/src/query/parallel/px_scan/px_scan_pre_execution_info.hpp:61:29,
    inlined from ‘int parallel_scan::task<result_type, ST>::initialize(cubthread::entry&) [with parallel_scan::RESULT_TYPE result_type = parallel_scan::RESULT_TYPE::BUILDVALUE_OPT; parallel_scan::SCAN_TYPE ST = parallel_scan::SCAN_TYPE::HEAP]’ at /home/vimkim/gh/cb/pr7600-timing-base988/src/query/parallel/px_scan/px_scan_task.cpp:239:61:
/home/vimkim/gh/cb/pr7600-timing-base988/src/base/memory_cwrapper.h:86:8: warning: ‘void free(void*)’ called on pointer returned from a mismatched allocation function [-Wmismatched-new-delete]
   86 |   free (ptr);
      |   ~~~~~^~~~~
In file included from /usr/include/c++/11/x86_64-redhat-linux/bits/c++allocator.h:33,
                 from /usr/include/c++/11/bits/allocator.h:46,
                 from /usr/include/c++/11/vector:64,
                 from /home/vimkim/gh/cb/pr7600-timing-base988/src/transaction/log_lsa.hpp:30,
                 from /home/vimkim/gh/cb/pr7600-timing-base988/src/storage/disk_manager.h:30,
                 from /home/vimkim/gh/cb/pr7600-timing-base988/src/storage/file_manager.h:32,
                 from /home/vimkim/gh/cb/pr7600-timing-base988/src/query/query_manager.h:34,
                 from /home/vimkim/gh/cb/pr7600-timing-base988/src/query/parallel/px_scan/px_scan_task.hpp:26,
                 from /home/vimkim/gh/cb/pr7600-timing-base988/src/query/parallel/px_scan/px_scan_task.cpp:23:
/usr/include/c++/11/ext/new_allocator.h: In member function ‘int parallel_scan::task<result_type, ST>::initialize(cubthread::entry&) [with parallel_scan::RESULT_TYPE result_type = parallel_scan::RESULT_TYPE::BUILDVALUE_OPT; parallel_scan::SCAN_TYPE ST = parallel_scan::SCAN_TYPE::HEAP]’:
/usr/include/c++/11/ext/new_allocator.h:127:48: note: returned from ‘void* operator new(std::size_t)’
  127 |         return static_cast<_Tp*>(::operator new(__n * sizeof(_Tp)));
      |                                  ~~~~~~~~~~~~~~^~~~~~~~~~~~~~~~~~~
In file included from /home/vimkim/gh/cb/pr7600-timing-base988/src/base/memory_alloc.h:54,
                 from /home/vimkim/gh/cb/pr7600-timing-base988/src/base/memory_hash.h:30,
                 from /home/vimkim/gh/cb/pr7600-timing-base988/src/storage/file_io.h:33,
                 from /home/vimkim/gh/cb/pr7600-timing-base988/src/transaction/log_manager.h:37,
                 from /home/vimkim/gh/cb/pr7600-timing-base988/src/storage/file_manager.h:33,
                 from /home/vimkim/gh/cb/pr7600-timing-base988/src/query/query_manager.h:34,
                 from /home/vimkim/gh/cb/pr7600-timing-base988/src/query/parallel/px_scan/px_scan_task.hpp:26,
                 from /home/vimkim/gh/cb/pr7600-timing-base988/src/query/parallel/px_scan/px_scan_task.cpp:23:
In function ‘void cub_free(void*)’,
    inlined from ‘void operator delete(void*, size_t)’ at /home/vimkim/gh/cb/pr7600-timing-base988/src/base/memory_wrapper.hpp:75:12,
    inlined from ‘void __gnu_cxx::new_allocator<_Tp>::deallocate(_Tp*, __gnu_cxx::new_allocator<_Tp>::size_type) [with _Tp = std::_Rb_tree_node<std::pair<const int, parallel_scan::scan_info> >]’ at /usr/include/c++/11/ext/new_allocator.h:145:19,
    inlined from ‘static void std::allocator_traits<std::allocator<_Tp1> >::deallocate(std::allocator_traits<std::allocator<_Tp1> >::allocator_type&, std::allocator_traits<std::allocator<_Tp1> >::pointer, std::allocator_traits<std::allocator<_Tp1> >::size_type) [with _Tp = std::_Rb_tree_node<std::pair<const int, parallel_scan::scan_info> >]’ at /usr/include/c++/11/bits/alloc_traits.h:496:23,
    inlined from ‘void std::_Rb_tree<_Key, _Val, _KeyOfValue, _Compare, _Alloc>::_M_put_node(std::_Rb_tree<_Key, _Val, _KeyOfValue, _Compare, _Alloc>::_Link_type) [with _Key = int; _Val = std::pair<const int, parallel_scan::scan_info>; _KeyOfValue = std::_Select1st<std::pair<const int, parallel_scan::scan_info> >; _Compare = std::less<int>; _Alloc = std::allocator<std::pair<const int, parallel_scan::scan_info> >]’ at /usr/include/c++/11/bits/stl_tree.h:565:34,
    inlined from ‘void std::_Rb_tree<_Key, _Val, _KeyOfValue, _Compare, _Alloc>::_M_drop_node(std::_Rb_tree<_Key, _Val, _KeyOfValue, _Compare, _Alloc>::_Link_type) [with _Key = int; _Val = std::pair<const int, parallel_scan::scan_info>; _KeyOfValue = std::_Select1st<std::pair<const int, parallel_scan::scan_info> >; _Compare = std::less<int>; _Alloc = std::allocator<std::pair<const int, parallel_scan::scan_info> >]’ at /usr/include/c++/11/bits/stl_tree.h:632:13,
    inlined from ‘std::_Rb_tree<_Key, _Val, _KeyOfValue, _Compare, _Alloc>::iterator std::_Rb_tree<_Key, _Val, _KeyOfValue, _Compare, _Alloc>::_M_emplace_hint_unique(std::_Rb_tree<_Key, _Val, _KeyOfValue, _Compare, _Alloc>::const_iterator, _Args&& ...) [with _Args = {const std::piecewise_construct_t&, std::tuple<const int&>, std::tuple<>}; _Key = int; _Val = std::pair<const int, parallel_scan::scan_info>; _KeyOfValue = std::_Select1st<std::pair<const int, parallel_scan::scan_info> >; _Compare = std::less<int>; _Alloc = std::allocator<std::pair<const int, parallel_scan::scan_info> >]’ at /usr/include/c++/11/bits/stl_tree.h:2440:18,
    inlined from ‘std::map<_Key, _Tp, _Compare, _Alloc>::mapped_type& std::map<_Key, _Tp, _Compare, _Alloc>::operator[](const key_type&) [with _Key = int; _Tp = parallel_scan::scan_info; _Compare = std::less<int>; _Alloc = std::allocator<std::pair<const int, parallel_scan::scan_info> >]’ at /usr/include/c++/11/bits/stl_map.h:501:37,
    inlined from ‘parallel_scan::scan_info parallel_scan::pre_execution_info::get_scan_info(parallel_scan::XASL_NODE_ID)’ at /home/vimkim/gh/cb/pr7600-timing-base988/src/query/parallel/px_scan/px_scan_pre_execution_info.hpp:61:29,
    inlined from ‘int parallel_scan::task<result_type, ST>::initialize(cubthread::entry&) [with parallel_scan::RESULT_TYPE result_type = parallel_scan::RESULT_TYPE::MERGEABLE_LIST; parallel_scan::SCAN_TYPE ST = parallel_scan::SCAN_TYPE::LIST]’ at /home/vimkim/gh/cb/pr7600-timing-base988/src/query/parallel/px_scan/px_scan_task.cpp:239:61:
/home/vimkim/gh/cb/pr7600-timing-base988/src/base/memory_cwrapper.h:86:8: warning: ‘void free(void*)’ called on pointer returned from a mismatched allocation function [-Wmismatched-new-delete]
   86 |   free (ptr);
      |   ~~~~~^~~~~
In file included from /usr/include/c++/11/x86_64-redhat-linux/bits/c++allocator.h:33,
                 from /usr/include/c++/11/bits/allocator.h:46,
                 from /usr/include/c++/11/vector:64,
                 from /home/vimkim/gh/cb/pr7600-timing-base988/src/transaction/log_lsa.hpp:30,
                 from /home/vimkim/gh/cb/pr7600-timing-base988/src/storage/disk_manager.h:30,
                 from /home/vimkim/gh/cb/pr7600-timing-base988/src/storage/file_manager.h:32,
                 from /home/vimkim/gh/cb/pr7600-timing-base988/src/query/query_manager.h:34,
                 from /home/vimkim/gh/cb/pr7600-timing-base988/src/query/parallel/px_scan/px_scan_task.hpp:26,
                 from /home/vimkim/gh/cb/pr7600-timing-base988/src/query/parallel/px_scan/px_scan_task.cpp:23:
/usr/include/c++/11/ext/new_allocator.h: In member function ‘int parallel_scan::task<result_type, ST>::initialize(cubthread::entry&) [with parallel_scan::RESULT_TYPE result_type = parallel_scan::RESULT_TYPE::MERGEABLE_LIST; parallel_scan::SCAN_TYPE ST = parallel_scan::SCAN_TYPE::LIST]’:
/usr/include/c++/11/ext/new_allocator.h:127:48: note: returned from ‘void* operator new(std::size_t)’
  127 |         return static_cast<_Tp*>(::operator new(__n * sizeof(_Tp)));
      |                                  ~~~~~~~~~~~~~~^~~~~~~~~~~~~~~~~~~
In file included from /home/vimkim/gh/cb/pr7600-timing-base988/src/base/memory_alloc.h:54,
                 from /home/vimkim/gh/cb/pr7600-timing-base988/src/base/memory_hash.h:30,
                 from /home/vimkim/gh/cb/pr7600-timing-base988/src/storage/file_io.h:33,
                 from /home/vimkim/gh/cb/pr7600-timing-base988/src/transaction/log_manager.h:37,
                 from /home/vimkim/gh/cb/pr7600-timing-base988/src/storage/file_manager.h:33,
                 from /home/vimkim/gh/cb/pr7600-timing-base988/src/query/query_manager.h:34,
                 from /home/vimkim/gh/cb/pr7600-timing-base988/src/query/parallel/px_scan/px_scan_task.hpp:26,
                 from /home/vimkim/gh/cb/pr7600-timing-base988/src/query/parallel/px_scan/px_scan_task.cpp:23:
In function ‘void cub_free(void*)’,
    inlined from ‘void operator delete(void*, size_t)’ at /home/vimkim/gh/cb/pr7600-timing-base988/src/base/memory_wrapper.hpp:75:12,
    inlined from ‘void __gnu_cxx::new_allocator<_Tp>::deallocate(_Tp*, __gnu_cxx::new_allocator<_Tp>::size_type) [with _Tp = std::_Rb_tree_node<std::pair<const int, parallel_scan::scan_info> >]’ at /usr/include/c++/11/ext/new_allocator.h:145:19,
    inlined from ‘static void std::allocator_traits<std::allocator<_Tp1> >::deallocate(std::allocator_traits<std::allocator<_Tp1> >::allocator_type&, std::allocator_traits<std::allocator<_Tp1> >::pointer, std::allocator_traits<std::allocator<_Tp1> >::size_type) [with _Tp = std::_Rb_tree_node<std::pair<const int, parallel_scan::scan_info> >]’ at /usr/include/c++/11/bits/alloc_traits.h:496:23,
    inlined from ‘void std::_Rb_tree<_Key, _Val, _KeyOfValue, _Compare, _Alloc>::_M_put_node(std::_Rb_tree<_Key, _Val, _KeyOfValue, _Compare, _Alloc>::_Link_type) [with _Key = int; _Val = std::pair<const int, parallel_scan::scan_info>; _KeyOfValue = std::_Select1st<std::pair<const int, parallel_scan::scan_info> >; _Compare = std::less<int>; _Alloc = std::allocator<std::pair<const int, parallel_scan::scan_info> >]’ at /usr/include/c++/11/bits/stl_tree.h:565:34,
    inlined from ‘void std::_Rb_tree<_Key, _Val, _KeyOfValue, _Compare, _Alloc>::_M_drop_node(std::_Rb_tree<_Key, _Val, _KeyOfValue, _Compare, _Alloc>::_Link_type) [with _Key = int; _Val = std::pair<const int, parallel_scan::scan_info>; _KeyOfValue = std::_Select1st<std::pair<const int, parallel_scan::scan_info> >; _Compare = std::less<int>; _Alloc = std::allocator<std::pair<const int, parallel_scan::scan_info> >]’ at /usr/include/c++/11/bits/stl_tree.h:632:13,
    inlined from ‘std::_Rb_tree<_Key, _Val, _KeyOfValue, _Compare, _Alloc>::iterator std::_Rb_tree<_Key, _Val, _KeyOfValue, _Compare, _Alloc>::_M_emplace_hint_unique(std::_Rb_tree<_Key, _Val, _KeyOfValue, _Compare, _Alloc>::const_iterator, _Args&& ...) [with _Args = {const std::piecewise_construct_t&, std::tuple<const int&>, std::tuple<>}; _Key = int; _Val = std::pair<const int, parallel_scan::scan_info>; _KeyOfValue = std::_Select1st<std::pair<const int, parallel_scan::scan_info> >; _Compare = std::less<int>; _Alloc = std::allocator<std::pair<const int, parallel_scan::scan_info> >]’ at /usr/include/c++/11/bits/stl_tree.h:2440:18,
    inlined from ‘std::map<_Key, _Tp, _Compare, _Alloc>::mapped_type& std::map<_Key, _Tp, _Compare, _Alloc>::operator[](const key_type&) [with _Key = int; _Tp = parallel_scan::scan_info; _Compare = std::less<int>; _Alloc = std::allocator<std::pair<const int, parallel_scan::scan_info> >]’ at /usr/include/c++/11/bits/stl_map.h:501:37,
    inlined from ‘parallel_scan::scan_info parallel_scan::pre_execution_info::get_scan_info(parallel_scan::XASL_NODE_ID)’ at /home/vimkim/gh/cb/pr7600-timing-base988/src/query/parallel/px_scan/px_scan_pre_execution_info.hpp:61:29,
    inlined from ‘int parallel_scan::task<result_type, ST>::initialize(cubthread::entry&) [with parallel_scan::RESULT_TYPE result_type = parallel_scan::RESULT_TYPE::BUILDVALUE_OPT; parallel_scan::SCAN_TYPE ST = parallel_scan::SCAN_TYPE::LIST]’ at /home/vimkim/gh/cb/pr7600-timing-base988/src/query/parallel/px_scan/px_scan_task.cpp:239:61:
/home/vimkim/gh/cb/pr7600-timing-base988/src/base/memory_cwrapper.h:86:8: warning: ‘void free(void*)’ called on pointer returned from a mismatched allocation function [-Wmismatched-new-delete]
   86 |   free (ptr);
      |   ~~~~~^~~~~
In file included from /usr/include/c++/11/x86_64-redhat-linux/bits/c++allocator.h:33,
                 from /usr/include/c++/11/bits/allocator.h:46,
                 from /usr/include/c++/11/vector:64,
                 from /home/vimkim/gh/cb/pr7600-timing-base988/src/transaction/log_lsa.hpp:30,
                 from /home/vimkim/gh/cb/pr7600-timing-base988/src/storage/disk_manager.h:30,
                 from /home/vimkim/gh/cb/pr7600-timing-base988/src/storage/file_manager.h:32,
                 from /home/vimkim/gh/cb/pr7600-timing-base988/src/query/query_manager.h:34,
                 from /home/vimkim/gh/cb/pr7600-timing-base988/src/query/parallel/px_scan/px_scan_task.hpp:26,
                 from /home/vimkim/gh/cb/pr7600-timing-base988/src/query/parallel/px_scan/px_scan_task.cpp:23:
/usr/include/c++/11/ext/new_allocator.h: In member function ‘int parallel_scan::task<result_type, ST>::initialize(cubthread::entry&) [with parallel_scan::RESULT_TYPE result_type = parallel_scan::RESULT_TYPE::BUILDVALUE_OPT; parallel_scan::SCAN_TYPE ST = parallel_scan::SCAN_TYPE::LIST]’:
/usr/include/c++/11/ext/new_allocator.h:127:48: note: returned from ‘void* operator new(std::size_t)’
  127 |         return static_cast<_Tp*>(::operator new(__n * sizeof(_Tp)));
      |                                  ~~~~~~~~~~~~~~^~~~~~~~~~~~~~~~~~~
In file included from /home/vimkim/gh/cb/pr7600-timing-base988/src/base/memory_alloc.h:54,
                 from /home/vimkim/gh/cb/pr7600-timing-base988/src/base/memory_hash.h:30,
                 from /home/vimkim/gh/cb/pr7600-timing-base988/src/storage/file_io.h:33,
                 from /home/vimkim/gh/cb/pr7600-timing-base988/src/transaction/log_manager.h:37,
                 from /home/vimkim/gh/cb/pr7600-timing-base988/src/storage/file_manager.h:33,
                 from /home/vimkim/gh/cb/pr7600-timing-base988/src/query/query_manager.h:34,
                 from /home/vimkim/gh/cb/pr7600-timing-base988/src/query/parallel/px_scan/px_scan_task.hpp:26,
                 from /home/vimkim/gh/cb/pr7600-timing-base988/src/query/parallel/px_scan/px_scan_task.cpp:23:
In function ‘void cub_free(void*)’,
    inlined from ‘void operator delete(void*, size_t)’ at /home/vimkim/gh/cb/pr7600-timing-base988/src/base/memory_wrapper.hpp:75:12,
    inlined from ‘void __gnu_cxx::new_allocator<_Tp>::deallocate(_Tp*, __gnu_cxx::new_allocator<_Tp>::size_type) [with _Tp = std::_Rb_tree_node<std::pair<const int, parallel_scan::scan_info> >]’ at /usr/include/c++/11/ext/new_allocator.h:145:19,
    inlined from ‘static void std::allocator_traits<std::allocator<_Tp1> >::deallocate(std::allocator_traits<std::allocator<_Tp1> >::allocator_type&, std::allocator_traits<std::allocator<_Tp1> >::pointer, std::allocator_traits<std::allocator<_Tp1> >::size_type) [with _Tp = std::_Rb_tree_node<std::pair<const int, parallel_scan::scan_info> >]’ at /usr/include/c++/11/bits/alloc_traits.h:496:23,
    inlined from ‘void std::_Rb_tree<_Key, _Val, _KeyOfValue, _Compare, _Alloc>::_M_put_node(std::_Rb_tree<_Key, _Val, _KeyOfValue, _Compare, _Alloc>::_Link_type) [with _Key = int; _Val = std::pair<const int, parallel_scan::scan_info>; _KeyOfValue = std::_Select1st<std::pair<const int, parallel_scan::scan_info> >; _Compare = std::less<int>; _Alloc = std::allocator<std::pair<const int, parallel_scan::scan_info> >]’ at /usr/include/c++/11/bits/stl_tree.h:565:34,
    inlined from ‘void std::_Rb_tree<_Key, _Val, _KeyOfValue, _Compare, _Alloc>::_M_drop_node(std::_Rb_tree<_Key, _Val, _KeyOfValue, _Compare, _Alloc>::_Link_type) [with _Key = int; _Val = std::pair<const int, parallel_scan::scan_info>; _KeyOfValue = std::_Select1st<std::pair<const int, parallel_scan::scan_info> >; _Compare = std::less<int>; _Alloc = std::allocator<std::pair<const int, parallel_scan::scan_info> >]’ at /usr/include/c++/11/bits/stl_tree.h:632:13,
    inlined from ‘std::_Rb_tree<_Key, _Val, _KeyOfValue, _Compare, _Alloc>::iterator std::_Rb_tree<_Key, _Val, _KeyOfValue, _Compare, _Alloc>::_M_emplace_hint_unique(std::_Rb_tree<_Key, _Val, _KeyOfValue, _Compare, _Alloc>::const_iterator, _Args&& ...) [with _Args = {const std::piecewise_construct_t&, std::tuple<const int&>, std::tuple<>}; _Key = int; _Val = std::pair<const int, parallel_scan::scan_info>; _KeyOfValue = std::_Select1st<std::pair<const int, parallel_scan::scan_info> >; _Compare = std::less<int>; _Alloc = std::allocator<std::pair<const int, parallel_scan::scan_info> >]’ at /usr/include/c++/11/bits/stl_tree.h:2440:18,
    inlined from ‘std::map<_Key, _Tp, _Compare, _Alloc>::mapped_type& std::map<_Key, _Tp, _Compare, _Alloc>::operator[](const key_type&) [with _Key = int; _Tp = parallel_scan::scan_info; _Compare = std::less<int>; _Alloc = std::allocator<std::pair<const int, parallel_scan::scan_info> >]’ at /usr/include/c++/11/bits/stl_map.h:501:37,
    inlined from ‘parallel_scan::scan_info parallel_scan::pre_execution_info::get_scan_info(parallel_scan::XASL_NODE_ID)’ at /home/vimkim/gh/cb/pr7600-timing-base988/src/query/parallel/px_scan/px_scan_pre_execution_info.hpp:61:29,
    inlined from ‘int parallel_scan::task<result_type, ST>::initialize(cubthread::entry&) [with parallel_scan::RESULT_TYPE result_type = parallel_scan::RESULT_TYPE::MERGEABLE_LIST; parallel_scan::SCAN_TYPE ST = parallel_scan::SCAN_TYPE::INDEX]’ at /home/vimkim/gh/cb/pr7600-timing-base988/src/query/parallel/px_scan/px_scan_task.cpp:239:61:
/home/vimkim/gh/cb/pr7600-timing-base988/src/base/memory_cwrapper.h:86:8: warning: ‘void free(void*)’ called on pointer returned from a mismatched allocation function [-Wmismatched-new-delete]
   86 |   free (ptr);
      |   ~~~~~^~~~~
In file included from /usr/include/c++/11/x86_64-redhat-linux/bits/c++allocator.h:33,
                 from /usr/include/c++/11/bits/allocator.h:46,
                 from /usr/include/c++/11/vector:64,
                 from /home/vimkim/gh/cb/pr7600-timing-base988/src/transaction/log_lsa.hpp:30,
                 from /home/vimkim/gh/cb/pr7600-timing-base988/src/storage/disk_manager.h:30,
                 from /home/vimkim/gh/cb/pr7600-timing-base988/src/storage/file_manager.h:32,
                 from /home/vimkim/gh/cb/pr7600-timing-base988/src/query/query_manager.h:34,
                 from /home/vimkim/gh/cb/pr7600-timing-base988/src/query/parallel/px_scan/px_scan_task.hpp:26,
                 from /home/vimkim/gh/cb/pr7600-timing-base988/src/query/parallel/px_scan/px_scan_task.cpp:23:
/usr/include/c++/11/ext/new_allocator.h: In member function ‘int parallel_scan::task<result_type, ST>::initialize(cubthread::entry&) [with parallel_scan::RESULT_TYPE result_type = parallel_scan::RESULT_TYPE::MERGEABLE_LIST; parallel_scan::SCAN_TYPE ST = parallel_scan::SCAN_TYPE::INDEX]’:
/usr/include/c++/11/ext/new_allocator.h:127:48: note: returned from ‘void* operator new(std::size_t)’
  127 |         return static_cast<_Tp*>(::operator new(__n * sizeof(_Tp)));
      |                                  ~~~~~~~~~~~~~~^~~~~~~~~~~~~~~~~~~
[1296/1434] Building CXX object broker/CMakeFiles/cas_common_lib.dir/__/src/base/ddl_log.c.o
[1297/1434] Building CXX object broker/CMakeFiles/cub_cas.dir/__/src/broker/cas_function.c.o
[1298/1434] Building CXX object broker/CMakeFiles/cubrid_broker.dir/__/src/broker/query_replace.c.o
[1299/1434] Building CXX object broker/CMakeFiles/cas_cgw_lib.dir/__/src/broker/cas_cgw_execute.c.o
[1300/1434] Building CXX object broker/CMakeFiles/cub_cas.dir/__/src/broker/cas.c.o
[1301/1434] Building CXX object broker/CMakeFiles/cub_cas_cgw.dir/__/src/broker/cas_cgw.c.o
[1302/1434] Building CXX object cubrid/CMakeFiles/cubrid.dir/__/src/query/parallel/px_scan/px_scan_result_handler.cpp.o
[1303/1434] Building CXX object broker/CMakeFiles/cas_cgw_lib.dir/__/src/broker/cas_cgw_odbc.c.o
[1304/1434] Building CXX object broker/CMakeFiles/brokeradmin.dir/__/src/broker/broker_config.c.o
[1305/1434] Building CXX object cubrid/CMakeFiles/cubrid.dir/__/src/query/string_opfunc.c.o
[1306/1434] Building CXX object broker/CMakeFiles/broker_tester.dir/__/src/broker/broker_config.c.o
[1307/1434] Building CXX object broker/CMakeFiles/broker_monitor.dir/__/src/broker/query_replace.c.o
[1308/1434] Building CXX object broker/CMakeFiles/cas_cgw_lib.dir/__/src/broker/cas_cgw_function.c.o
[1309/1434] Building CXX object broker/CMakeFiles/broker_log_top.dir/__/src/broker/broker_config.c.o
[1310/1434] Building CXX object broker/CMakeFiles/cub_gateway.dir/__/src/broker/query_replace.c.o
[1311/1434] Building CXX object unit_tests/oos/CMakeFiles/test_oos_tde_gate.dir/test_oos_tde_gate.cpp.o
[1312/1434] Building CXX object broker/CMakeFiles/cubrid_gateway.dir/__/src/broker/query_replace.c.o
[1313/1434] Building CXX object cubrid/CMakeFiles/cubrid.dir/__/src/transaction/lock_manager.c.o
[1314/1434] Building CXX object broker/CMakeFiles/broker_tester.dir/__/src/broker/query_replace.c.o
[1315/1434] Building CXX object cubrid/CMakeFiles/cubrid.dir/__/src/query/parallel/px_scan/px_scan.cpp.o
[1316/1434] Building CXX object unit_tests/oos/CMakeFiles/test_byte_span_writer.dir/test_byte_span_writer.cpp.o
[1317/1434] Building CXX object broker/CMakeFiles/broker_log_top.dir/__/src/broker/query_replace.c.o
[1318/1434] Building CXX object broker/CMakeFiles/brokeradmin.dir/__/src/broker/broker_admin_pub.c.o
/home/vimkim/gh/cb/pr7600-timing-base988/src/broker/broker_admin_pub.c: In function ‘int admin_getid_cmd(int, int, const char**)’:
/home/vimkim/gh/cb/pr7600-timing-base988/src/broker/broker_admin_pub.c:1719:49: warning: ‘%s’ directive writing up to 4095 bytes into a region of size 2033 [-Wformat-overflow=]
 1719 |         sprintf (buf + buf_len, "LIBRARY_NAME : %s, ",
      |                                                 ^~
/home/vimkim/gh/cb/pr7600-timing-base988/src/broker/broker_admin_pub.c:1719:17: note: ‘sprintf’ output between 18 and 4113 bytes into a destination of size 2048
 1719 |         sprintf (buf + buf_len, "LIBRARY_NAME : %s, ",
      |         ~~~~~~~~^~~~~~~~~~~~~~~~~~~~~~~~~~~~~~~~~~~~~~
 1720 |                  (shm_proxy_p->shard_key_library_name[0] == 0) ? "NOT DEFINED" : shm_proxy_p->shard_key_library_name);
      |                  ~~~~~~~~~~~~~~~~~~~~~~~~~~~~~~~~~~~~~~~~~~~~~~~~~~~~~~~~~~~~~~~~~~~~~~~~~~~~~~~~~~~~~~~~~~~~~~~~~~~~
/home/vimkim/gh/cb/pr7600-timing-base988/src/broker/broker_admin_pub.c:1722:50: warning: ‘%s’ directive writing up to 4095 bytes into a region of size 2032 [-Wformat-overflow=]
 1722 |         sprintf (buf + buf_len, "FUNCTION_NAME : %s ",
      |                                                  ^~
/home/vimkim/gh/cb/pr7600-timing-base988/src/broker/broker_admin_pub.c:1722:17: note: ‘sprintf’ output between 18 and 4113 bytes into a destination of size 2048
 1722 |         sprintf (buf + buf_len, "FUNCTION_NAME : %s ",
      |         ~~~~~~~~^~~~~~~~~~~~~~~~~~~~~~~~~~~~~~~~~~~~~~
 1723 |                  (shm_proxy_p->shard_key_function_name[0] == 0) ? "NOT DEFINED" : shm_proxy_p->shard_key_function_name);
      |                  ~~~~~~~~~~~~~~~~~~~~~~~~~~~~~~~~~~~~~~~~~~~~~~~~~~~~~~~~~~~~~~~~~~~~~~~~~~~~~~~~~~~~~~~~~~~~~~~~~~~~~~
[1319/1434] Building CXX object broker/CMakeFiles/brokeradmin.dir/__/src/broker/query_replace.c.o
[1320/1434] Building CXX object broker/CMakeFiles/cas_common_lib.dir/__/src/broker/query_replace.c.o
[1321/1434] Building CXX object broker/CMakeFiles/cub_proxy.dir/__/src/broker/query_replace.c.o
[1322/1434] Building CXX object unit_tests/oos/CMakeFiles/test_oos_record_flags.dir/test_oos_record_flags.cpp.o
[1323/1434] Building CXX object cm_common/CMakeFiles/cmdep.dir/__/src/cm_common/cm_dep_tasks.c.o
[1324/1434] Building CXX object broker/CMakeFiles/cub_cas.dir/__/src/broker/cas_execute.c.o
[1325/1434] Building CXX object cubrid/CMakeFiles/cubrid.dir/__/src/transaction/log_manager.c.o
In file included from /home/vimkim/gh/cb/pr7600-timing-base988/src/base/memory_alloc.h:54,
                 from /home/vimkim/gh/cb/pr7600-timing-base988/src/base/memory_hash.h:30,
                 from /home/vimkim/gh/cb/pr7600-timing-base988/src/storage/file_io.h:33,
                 from /home/vimkim/gh/cb/pr7600-timing-base988/src/transaction/log_manager.h:37,
                 from /home/vimkim/gh/cb/pr7600-timing-base988/src/transaction/log_manager.c:47:
In function ‘void cub_free(void*)’,
    inlined from ‘void operator delete(void*, size_t)’ at /home/vimkim/gh/cb/pr7600-timing-base988/src/base/memory_wrapper.hpp:75:12,
    inlined from ‘void __gnu_cxx::new_allocator<_Tp>::deallocate(_Tp*, __gnu_cxx::new_allocator<_Tp>::size_type) [with _Tp = std::__detail::_Hash_node<std::pair<const int, int>, false>]’ at /usr/include/c++/11/ext/new_allocator.h:145:19,
    inlined from ‘static void std::allocator_traits<std::allocator<_Tp1> >::deallocate(std::allocator_traits<std::allocator<_Tp1> >::allocator_type&, std::allocator_traits<std::allocator<_Tp1> >::pointer, std::allocator_traits<std::allocator<_Tp1> >::size_type) [with _Tp = std::__detail::_Hash_node<std::pair<const int, int>, false>]’ at /usr/include/c++/11/bits/alloc_traits.h:496:23,
    inlined from ‘void std::__detail::_Hashtable_alloc<_NodeAlloc>::_M_deallocate_node_ptr(std::__detail::_Hashtable_alloc<_NodeAlloc>::__node_ptr) [with _NodeAlloc = std::allocator<std::__detail::_Hash_node<std::pair<const int, int>, false> >]’ at /usr/include/c++/11/bits/hashtable_policy.h:1909:38,
    inlined from ‘void std::__detail::_Hashtable_alloc<_NodeAlloc>::_M_deallocate_node(std::__detail::_Hashtable_alloc<_NodeAlloc>::__node_ptr) [with _NodeAlloc = std::allocator<std::__detail::_Hash_node<std::pair<const int, int>, false> >]’ at /usr/include/c++/11/bits/hashtable_policy.h:1899:29,
    inlined from ‘std::_Hashtable<_Key, _Value, _Alloc, _ExtractKey, _Equal, _Hash, _RangeHash, _Unused, _RehashPolicy, _Traits>::_Scoped_node::~_Scoped_node() [with _Key = int; _Value = std::pair<const int, int>; _Alloc = std::allocator<std::pair<const int, int> >; _ExtractKey = std::__detail::_Select1st; _Equal = std::equal_to<int>; _Hash = std::hash<int>; _RangeHash = std::__detail::_Mod_range_hashing; _Unused = std::__detail::_Default_ranged_hash; _RehashPolicy = std::__detail::_Prime_rehash_policy; _Traits = std::__detail::_Hashtable_traits<false, false, true>]’ at /usr/include/c++/11/bits/hashtable.h:308:57,
    inlined from ‘std::pair<typename std::__detail::_Insert<_Key, _Value, _Alloc, _ExtractKey, _Equal, _Hash, _RangeHash, _Unused, _RehashPolicy, _Traits>::iterator, bool> std::_Hashtable<_Key, _Value, _Alloc, _ExtractKey, _Equal, _Hash, _RangeHash, _Unused, _RehashPolicy, _Traits>::_M_emplace(std::true_type, _Args&& ...) [with _Args = {std::pair<int, int>}; _Key = int; _Value = std::pair<const int, int>; _Alloc = std::allocator<std::pair<const int, int> >; _ExtractKey = std::__detail::_Select1st; _Equal = std::equal_to<int>; _Hash = std::hash<int>; _RangeHash = std::__detail::_Mod_range_hashing; _Unused = std::__detail::_Default_ranged_hash; _RehashPolicy = std::__detail::_Prime_rehash_policy; _Traits = std::__detail::_Hashtable_traits<false, false, true>]’ at /usr/include/c++/11/bits/hashtable.h:1978:7,
    inlined from ‘std::_Hashtable<_Key, _Value, _Alloc, _ExtractKey, _Equal, _Hash, _RangeHash, _Unused, _RehashPolicy, _Traits>::__ireturn_type std::_Hashtable<_Key, _Value, _Alloc, _ExtractKey, _Equal, _Hash, _RangeHash, _Unused, _RehashPolicy, _Traits>::emplace(_Args&& ...) [with _Args = {std::pair<int, int>}; _Key = int; _Value = std::pair<const int, int>; _Alloc = std::allocator<std::pair<const int, int> >; _ExtractKey = std::__detail::_Select1st; _Equal = std::equal_to<int>; _Hash = std::hash<int>; _RangeHash = std::__detail::_Mod_range_hashing; _Unused = std::__detail::_Default_ranged_hash; _RehashPolicy = std::__detail::_Prime_rehash_policy; _Traits = std::__detail::_Hashtable_traits<false, false, true>]’ at /usr/include/c++/11/bits/hashtable.h:915:21,
    inlined from ‘std::__enable_if_t<std::is_constructible<typename std::_Hashtable<_Key, std::pair<const _Key, _Tp>, _Alloc, std::__detail::_Select1st, _Pred, _Hash, std::__detail::_Mod_range_hashing, std::__detail::_Default_ranged_hash, std::__detail::_Prime_rehash_policy, std::__detail::_Hashtable_traits<std::__not_<std::__and_<std::__is_fast_hash<_Hash>, std::__is_nothrow_invocable<const _Hash&, const _Key&> > >::value, false, true> >::value_type, _Pair&&>::value, std::pair<typename std::_Hashtable<_Key, std::pair<const _Key, _Tp>, _Alloc, std::__detail::_Select1st, _Pred, _Hash, std::__detail::_Mod_range_hashing, std::__detail::_Default_ranged_hash, std::__detail::_Prime_rehash_policy, std::__detail::_Hashtable_traits<std::__not_<std::__and_<std::__is_fast_hash<_Hash>, std::__is_nothrow_invocable<const _Hash&, const _Key&> > >::value, false, true> >::iterator, bool> > std::unordered_map<_Key, _Tp, _Hash, _Pred, _Alloc>::insert(_Pair&&) [with _Pair = std::pair<int, int>; _Key = int; _Tp = int; _Hash = std::hash<int>; _Pred = std::equal_to<int>; _Alloc = std::allocator<std::pair<const int, int> >]’ at /usr/include/c++/11/bits/unordered_map.h:564:30,
    inlined from ‘int cdc_log_extract(THREAD_ENTRY*, LOG_LSA*, CDC_LOGINFO_ENTRY*)’ at /home/vimkim/gh/cb/pr7600-timing-base988/src/transaction/log_manager.c:10930:42:
/home/vimkim/gh/cb/pr7600-timing-base988/src/base/memory_cwrapper.h:86:8: warning: ‘void free(void*)’ called on pointer returned from a mismatched allocation function [-Wmismatched-new-delete]
   86 |   free (ptr);
      |   ~~~~~^~~~~
In file included from /usr/include/c++/11/x86_64-redhat-linux/bits/c++allocator.h:33,
                 from /usr/include/c++/11/bits/allocator.h:46,
                 from /usr/include/c++/11/vector:64,
                 from /home/vimkim/gh/cb/pr7600-timing-base988/src/transaction/log_lsa.hpp:30,
                 from /home/vimkim/gh/cb/pr7600-timing-base988/src/storage/disk_manager.h:30,
                 from /home/vimkim/gh/cb/pr7600-timing-base988/src/transaction/log_manager.h:35,
                 from /home/vimkim/gh/cb/pr7600-timing-base988/src/transaction/log_manager.c:47:
/usr/include/c++/11/ext/new_allocator.h: In function ‘int cdc_log_extract(THREAD_ENTRY*, LOG_LSA*, CDC_LOGINFO_ENTRY*)’:
/usr/include/c++/11/ext/new_allocator.h:127:48: note: returned from ‘void* operator new(std::size_t)’
  127 |         return static_cast<_Tp*>(::operator new(__n * sizeof(_Tp)));
      |                                  ~~~~~~~~~~~~~~^~~~~~~~~~~~~~~~~~~
[1326/1434] Building CXX object cubrid-cci/cci/CMakeFiles/cascci.dir/__/src/cci/cci_util.c.o
[1327/1434] Building CXX object unit_tests/oos/CMakeFiles/test_oos_delete.dir/test_oos_delete.cpp.o
[1328/1434] Linking CXX shared library cubrid-cci/cci/libcascci.so.11.3
[1329/1434] Creating library symlink cubrid-cci/cci/libcascci.so
[1330/1434] Building CXX object unit_tests/oos/sql/CMakeFiles/test_oos_sql_visible_version.dir/test_oos_sql_visible_version.cpp.o
[1331/1434] Building CXX object cubrid/CMakeFiles/cubrid.dir/__/src/storage/heap_file.c.o
[1332/1434] Linking CXX executable bin/cci_applier
[1333/1434] Building CXX object unit_tests/oos/sql/CMakeFiles/test_oos_sql_show.dir/test_oos_sql_show.cpp.o
FAILED: unit_tests/oos/sql/CMakeFiles/test_oos_sql_show.dir/test_oos_sql_show.cpp.o 
ccache /usr/bin/g++ -DCUBRID_UNIT_TEST_ENABLED -DGCC -DI386 -DLINUX -DMAXPATHLEN=1024 -DSA_MODE -DSYSV -DX86 -D_FILE_OFFSET_BITS=64 -D_GNU_SOURCE -D_LARGEFILE64_SOURCE -D_REENTRANT -I/home/vimkim/gh/cb/pr7600-timing-base988/build_preset_release_gcc -I/home/vimkim/gh/cb/pr7600-timing-base988/include -I/home/vimkim/gh/cb/pr7600-timing-base988/src/api -I/home/vimkim/gh/cb/pr7600-timing-base988/src/base -I/home/vimkim/gh/cb/pr7600-timing-base988/src/broker -I/home/vimkim/gh/cb/pr7600-timing-base988/src/communication -I/home/vimkim/gh/cb/pr7600-timing-base988/src/compat -I/home/vimkim/gh/cb/pr7600-timing-base988/src/connection -I/home/vimkim/gh/cb/pr7600-timing-base988/src/debugging -I/home/vimkim/gh/cb/pr7600-timing-base988/src/executables -I/home/vimkim/gh/cb/pr7600-timing-base988/src/heaplayers -I/home/vimkim/gh/cb/pr7600-timing-base988/src/sp -I/home/vimkim/gh/cb/pr7600-timing-base988/src/loaddb -I/home/vimkim/gh/cb/pr7600-timing-base988/src/method -I/home/vimkim/gh/cb/pr7600-timing-base988/src/monitor -I/home/vimkim/gh/cb/pr7600-timing-base988/src/object -I/home/vimkim/gh/cb/pr7600-timing-base988/src/optimizer -I/home/vimkim/gh/cb/pr7600-timing-base988/src/optimizer/histogram -I/home/vimkim/gh/cb/pr7600-timing-base988/src/parser -I/home/vimkim/gh/cb/pr7600-timing-base988/src/replication -I/home/vimkim/gh/cb/pr7600-timing-base988/src/query -I/home/vimkim/gh/cb/pr7600-timing-base988/src/session -I/home/vimkim/gh/cb/pr7600-timing-base988/src/storage -I/home/vimkim/gh/cb/pr7600-timing-base988/src/thread -I/home/vimkim/gh/cb/pr7600-timing-base988/src/transaction -I/home/vimkim/gh/cb/pr7600-timing-base988/src/xasl -I/home/vimkim/gh/cb/pr7600-timing-base988/src/query/parallel/px_hash_join -I/home/vimkim/gh/cb/pr7600-timing-base988/src/query/parallel/px_scan -I/home/vimkim/gh/cb/pr7600-timing-base988/src/query/parallel/px_scan/index -I/home/vimkim/gh/cb/pr7600-timing-base988/src/query/parallel -I/home/vimkim/gh/cb/pr7600-timing-base988/src/query/parallel/px_query_execute -I/home/vimkim/gh/cb/pr7600-timing-base988/cubrid-cci/src/cci -I/home/vimkim/gh/cb/pr7600-timing-base988/cubrid-cci/src/tools -I/home/vimkim/gh/cb/pr7600-timing-base988/build_preset_release_gcc/unit_tests/catch2-prefix/src/catch2/single_include -I/home/vimkim/gh/cb/pr7600-timing-base988/build_preset_release_gcc/3rdparty/include/expat -I/home/vimkim/gh/cb/pr7600-timing-base988/build_preset_release_gcc/3rdparty/include -I/home/vimkim/gh/cb/pr7600-timing-base988/build_preset_release_gcc/3rdparty/Source/lz4/lib -I/home/vimkim/gh/cb/pr7600-timing-base988/build_preset_release_gcc/3rdparty/Source/rapidjson/include -I/home/vimkim/gh/cb/pr7600-timing-base988/build_preset_release_gcc/3rdparty/Source/re2 -I/home/vimkim/gh/cb/pr7600-timing-base988/unit_tests/common -I/home/vimkim/gh/cb/pr7600-timing-base988/unit_tests/oos/sql -I/home/vimkim/gh/cb/pr7600-timing-base988/build_preset_release_gcc/3rdparty/Source/libtbb/include/tbb -I/home/vimkim/gh/cb/pr7600-timing-base988/build_preset_release_gcc/3rdparty/Source/libtbb/include/oneapi -I/home/vimkim/gh/cb/pr7600-timing-base988/build_preset_release_gcc/3rdparty/Source/libtbb/include/oneapi/tbb -I/home/vimkim/gh/cb/pr7600-timing-base988/build_preset_release_gcc/3rdparty/Source/libtbb/include/oneapi/tbb/detail -isystem /home/vimkim/gh/cb/pr7600-timing-base988/build_preset_release_gcc/_deps/googletest-src/googletest/include -isystem /home/vimkim/gh/cb/pr7600-timing-base988/build_preset_release_gcc/_deps/googletest-src/googletest -fdiagnostics-color=always -Wno-error=maybe-uninitialized -Wall -Werror -Wformat -Wformat-security -Werror=format-security -Wwrite-strings  -Wredundant-decls -Wclobbered -Wextra -Wno-unused -Wno-unused-result -Wno-unused-parameter -pthread -O2 -ggdb3 -DNDEBUG -finline-functions -Wno-error=mismatched-new-delete -Wno-error=enum-conversion -Wno-error=stringop-truncation -Wno-error=format-overflow= -Wno-error=format= -Wno-error=format-truncation -O2 -DNDEBUG -finline-functions -ggdb -fno-omit-frame-pointer -fPIE -std=c++17 -std=gnu++17 -fdiagnostics-color=always -MD -MT unit_tests/oos/sql/CMakeFiles/test_oos_sql_show.dir/test_oos_sql_show.cpp.o -MF unit_tests/oos/sql/CMakeFiles/test_oos_sql_show.dir/test_oos_sql_show.cpp.o.d -o unit_tests/oos/sql/CMakeFiles/test_oos_sql_show.dir/test_oos_sql_show.cpp.o -c /home/vimkim/gh/cb/pr7600-timing-base988/unit_tests/oos/sql/test_oos_sql_show.cpp
/home/vimkim/gh/cb/pr7600-timing-base988/unit_tests/oos/sql/test_oos_sql_show.cpp: In member function ‘virtual void OosSqlShow_EffectiveUpdateRouteUsesMissingHistoricalKeyDefault_Test::TestBody()’:
/home/vimkim/gh/cb/pr7600-timing-base988/unit_tests/oos/sql/test_oos_sql_show.cpp:888:17: error: ‘partition_prune_update_by_attrinfo’ was not declared in this scope; did you mean ‘partition_prune_update’?
  888 |     int error = partition_prune_update_by_attrinfo (thread_p, &root_oid, &candidate, &historical, &context,
      |                 ^~~~~~~~~~~~~~~~~~~~~~~~~~~~~~~~~~
      |                 partition_prune_update
/home/vimkim/gh/cb/pr7600-timing-base988/unit_tests/oos/sql/test_oos_sql_show.cpp: In member function ‘virtual void OosSqlShow_EffectiveUpdateRoutePreservesOldKeyAndPendingIncrement_Test::TestBody()’:
/home/vimkim/gh/cb/pr7600-timing-base988/unit_tests/oos/sql/test_oos_sql_show.cpp:957:21: error: ‘partition_prune_update_by_attrinfo’ was not declared in this scope; did you mean ‘partition_prune_update’?
  957 |         int error = partition_prune_update_by_attrinfo (thread_p, &child_oid, &candidate, &old_recdes, NULL,
      |                     ^~~~~~~~~~~~~~~~~~~~~~~~~~~~~~~~~~
      |                     partition_prune_update
In file included from /home/vimkim/gh/cb/pr7600-timing-base988/build_preset_release_gcc/_deps/googletest-src/googletest/include/gtest/gtest.h:71,
                 from /home/vimkim/gh/cb/pr7600-timing-base988/unit_tests/oos/sql/test_oos_sql_common.hpp:29,
                 from /home/vimkim/gh/cb/pr7600-timing-base988/unit_tests/oos/sql/test_oos_sql_show.cpp:32:
/home/vimkim/gh/cb/pr7600-timing-base988/unit_tests/oos/sql/test_oos_sql_show.cpp:981:24: error: ‘heap_attrinfo_transform_to_disk_with_oos_owner’ was not declared in this scope; did you mean ‘heap_attrinfo_transform_to_disk_oos_class’?
  981 |             EXPECT_EQ (heap_attrinfo_transform_to_disk_with_oos_owner (thread_p, &candidate, &old_recdes,
      |                        ^~~~~~~~~~~~~~~~~~~~~~~~~~~~~~~~~~~~~~~~~~~~~~
/home/vimkim/gh/cb/pr7600-timing-base988/unit_tests/oos/sql/test_oos_sql_show.cpp: In member function ‘virtual void OosSqlShow_EffectiveKeyCodecFailureClearsOutputAndPreservesAssignment_Test::TestBody()’:
/home/vimkim/gh/cb/pr7600-timing-base988/unit_tests/oos/sql/test_oos_sql_show.cpp:1183:21: error: ‘heap_attrinfo_get_effective_key’ was not declared in this scope; did you mean ‘heap_attrinfo_generate_key’?
 1183 |         int error = heap_attrinfo_get_effective_key (thread_p, &cache, key_id, NULL, &key);
      |                     ^~~~~~~~~~~~~~~~~~~~~~~~~~~~~~~
      |                     heap_attrinfo_generate_key
/home/vimkim/gh/cb/pr7600-timing-base988/unit_tests/oos/sql/test_oos_sql_show.cpp: In member function ‘virtual void OosSqlShow_EffectiveRoutingFailurePreservesAssignmentsAndPublication_Test::TestBody()’:
/home/vimkim/gh/cb/pr7600-timing-base988/unit_tests/oos/sql/test_oos_sql_show.cpp:1242:21: error: ‘partition_prune_insert_by_attrinfo’ was not declared in this scope; did you mean ‘partition_prune_insert’?
 1242 |         int error = partition_prune_insert_by_attrinfo (thread_p, &root_oid, &cache, &context,
      |                     ^~~~~~~~~~~~~~~~~~~~~~~~~~~~~~~~~~
      |                     partition_prune_insert
/home/vimkim/gh/cb/pr7600-timing-base988/unit_tests/oos/sql/test_oos_sql_show.cpp: In member function ‘virtual void OosSqlShow_EffectiveInsertRoutePreservesOmittedAssignments_Test::TestBody()’:
/home/vimkim/gh/cb/pr7600-timing-base988/unit_tests/oos/sql/test_oos_sql_show.cpp:1302:17: error: ‘partition_prune_insert_by_attrinfo’ was not declared in this scope; did you mean ‘partition_prune_insert’?
 1302 |     int error = partition_prune_insert_by_attrinfo (thread_p, &root_oid, &candidate, NULL, DB_PARTITIONED_CLASS,
      |                 ^~~~~~~~~~~~~~~~~~~~~~~~~~~~~~~~~~
      |                 partition_prune_insert
/home/vimkim/gh/cb/pr7600-timing-base988/unit_tests/oos/sql/test_oos_sql_show.cpp: In member function ‘virtual void OosSqlShow_EffectiveInsertRoutePreservesAssignedChar_Test::TestBody()’:
/home/vimkim/gh/cb/pr7600-timing-base988/unit_tests/oos/sql/test_oos_sql_show.cpp:1382:13: error: ‘partition_prune_insert_by_attrinfo’ was not declared in this scope; did you mean ‘partition_prune_insert’?
 1382 |     error = partition_prune_insert_by_attrinfo (thread_p, &root_oid, &candidate, NULL, DB_PARTITIONED_CLASS,
      |             ^~~~~~~~~~~~~~~~~~~~~~~~~~~~~~~~~~
      |             partition_prune_insert
/home/vimkim/gh/cb/pr7600-timing-base988/unit_tests/oos/sql/test_oos_sql_show.cpp: In member function ‘virtual void OosSqlShow_EffectiveInsertRouteLegalKeyDefaults_Test::TestBody()’:
/home/vimkim/gh/cb/pr7600-timing-base988/unit_tests/oos/sql/test_oos_sql_show.cpp:1465:17: error: ‘partition_prune_insert_by_attrinfo’ was not declared in this scope; did you mean ‘partition_prune_insert’?
 1465 |         error = partition_prune_insert_by_attrinfo (thread_p, &root_oid, &candidate, NULL, DB_PARTITIONED_CLASS,
      |                 ^~~~~~~~~~~~~~~~~~~~~~~~~~~~~~~~~~
      |                 partition_prune_insert
[1334/1434] Building CXX object unit_tests/oos/sql/CMakeFiles/test_oos_sql_bigone.dir/test_oos_sql_bigone.cpp.o
[1335/1434] Building CXX object cubrid/CMakeFiles/cubrid.dir/__/src/query/query_executor.c.o
[1336/1434] Building CXX object util/CMakeFiles/loadjava.dir/__/src/executables/loadjava.cpp.o
[1337/1434] Building CXX object unit_tests/oos/sql/CMakeFiles/test_oos_sql_ddl.dir/test_oos_sql_ddl.cpp.o
[1338/1434] Building CXX object unit_tests/oos/sql/CMakeFiles/test_oos_sql_txn.dir/test_oos_sql_txn.cpp.o
[1339/1434] Building CXX object unit_tests/oos/sql/CMakeFiles/test_oos_sql_crud.dir/test_oos_sql_crud.cpp.o
[1340/1434] Building CXX object unit_tests/oos/CMakeFiles/test_oos_delete_server.dir/test_oos_delete_server.cpp.o
[1341/1434] Building CXX object unit_tests/oos/sql/CMakeFiles/test_oos_sql_boundary.dir/test_oos_sql_boundary.cpp.o
[1342/1434] Building CXX object unit_tests/oos/sql/CMakeFiles/test_oos_sql_pr7600_stream.dir/test_oos_sql_pr7600_stream.cpp.o
[1343/1434] Building CXX object cubrid/CMakeFiles/cubrid.dir/__/src/storage/btree.c.o
/home/vimkim/gh/cb/pr7600-timing-base988/src/storage/btree.c: In function ‘DISK_ISVALID btree_verify_subtree(THREAD_ENTRY*, const OID*, BTID_INT*, const char*, PAGE_PTR, VPID*, BTREE_NODE_INFO*)’:
/home/vimkim/gh/cb/pr7600-timing-base988/src/storage/btree.c:13676:18: warning: ‘prev_sep.db_identifier::volid’ may be used uninitialized in this function [-Wmaybe-uninitialized]
13676 |       if (i >= 2 && OID_GT (&prev_sep, &cur_sep))
/home/vimkim/gh/cb/pr7600-timing-base988/src/storage/btree.c:13503:7: note: ‘prev_sep.db_identifier::volid’ was declared here
13503 |   OID prev_sep, cur_sep;
      |       ^~~~~~~~
[1344/1434] Building CXX object unit_tests/oos/sql/CMakeFiles/test_oos_sql_update_delete.dir/test_oos_sql_update_delete.cpp.o
[1345/1434] Building CXX object unit_tests/oos/sql/CMakeFiles/test_oos_sql_delete.dir/test_oos_sql_delete.cpp.o
[1346/1434] Building CXX object unit_tests/oos/sql/CMakeFiles/test_oos_sql_eager_cleanup.dir/test_oos_sql_eager_cleanup.cpp.o
[1347/1434] Building CXX object unit_tests/oos/CMakeFiles/test_oos_remove_file.dir/test_oos_remove_file.cpp.o
[1348/1434] Building CXX object unit_tests/oos/CMakeFiles/test_oos.dir/test_oos.cpp.o
[1349/1434] Building CXX object cubrid/CMakeFiles/cubrid.dir/__/src/optimizer/histogram/histogram_sampler_sr.cpp.o
[1350/1434] Building CXX object unit_tests/oos/CMakeFiles/test_oos_mock_vacuum_server.dir/test_oos_mock_vacuum_server.cpp.o
[1351/1434] Building CXX object unit_tests/oos/CMakeFiles/test_oos_remove_file_server.dir/test_oos_remove_file_server.cpp.o
[1352/1434] Building CXX object unit_tests/oos/sql/CMakeFiles/test_oos_sql_storage.dir/test_oos_sql_storage.cpp.o
[1353/1434] Linking CXX shared library sa/libcubridsa.so.11.5
[1354/1434] Building CXX object unit_tests/oos/CMakeFiles/test_oos_real_vacuum_server.dir/test_oos_real_vacuum_server.cpp.o
[1355/1434] Building CXX object cubrid/CMakeFiles/cubrid.dir/__/src/storage/page_buffer.c.o
[1356/1434] Building CXX object unit_tests/oos/CMakeFiles/test_oos_growth_sweep.dir/test_oos_growth_sweep.cpp.o
[1357/1434] Building C object cs/CMakeFiles/cubridcs.dir/__/csql_grammar.c.o
/home/vimkim/gh/cb/pr7600-timing-base988/build_preset_release_gcc/csql_grammar.c: In function ‘yyuserAction’:
/home/vimkim/gh/cb/pr7600-timing-base988/build_preset_release_gcc/csql_grammar.c:42255:80: warning: implicit conversion from ‘enum pt_currency_types’ to ‘DB_CURRENCY’ [-Wenum-conversion]
42255 |                             pt_value_set_monetary (this_parser, val, str, txt, PT_CURRENCY_YEN);
      |                                                                                ^~~~~~~~~~~~~~~
/home/vimkim/gh/cb/pr7600-timing-base988/build_preset_release_gcc/csql_grammar.c:42275:80: warning: implicit conversion from ‘enum pt_currency_types’ to ‘DB_CURRENCY’ [-Wenum-conversion]
42275 |                             pt_value_set_monetary (this_parser, val, str, txt, PT_CURRENCY_DOLLAR);
      |                                                                                ^~~~~~~~~~~~~~~~~~
/home/vimkim/gh/cb/pr7600-timing-base988/build_preset_release_gcc/csql_grammar.c:42295:80: warning: implicit conversion from ‘enum pt_currency_types’ to ‘DB_CURRENCY’ [-Wenum-conversion]
42295 |                             pt_value_set_monetary (this_parser, val, str, txt, PT_CURRENCY_WON);
      |                                                                                ^~~~~~~~~~~~~~~
/home/vimkim/gh/cb/pr7600-timing-base988/build_preset_release_gcc/csql_grammar.c:42315:80: warning: implicit conversion from ‘enum pt_currency_types’ to ‘DB_CURRENCY’ [-Wenum-conversion]
42315 |                             pt_value_set_monetary (this_parser, val, str, txt, PT_CURRENCY_TL);
      |                                                                                ^~~~~~~~~~~~~~
/home/vimkim/gh/cb/pr7600-timing-base988/build_preset_release_gcc/csql_grammar.c:42335:80: warning: implicit conversion from ‘enum pt_currency_types’ to ‘DB_CURRENCY’ [-Wenum-conversion]
42335 |                             pt_value_set_monetary (this_parser, val, str, txt, PT_CURRENCY_BRITISH_POUND);
      |                                                                                ^~~~~~~~~~~~~~~~~~~~~~~~~
/home/vimkim/gh/cb/pr7600-timing-base988/build_preset_release_gcc/csql_grammar.c:42354:80: warning: implicit conversion from ‘enum pt_currency_types’ to ‘DB_CURRENCY’ [-Wenum-conversion]
42354 |                             pt_value_set_monetary (this_parser, val, str, txt, PT_CURRENCY_CAMBODIAN_RIEL);
      |                                                                                ^~~~~~~~~~~~~~~~~~~~~~~~~~
/home/vimkim/gh/cb/pr7600-timing-base988/build_preset_release_gcc/csql_grammar.c:42373:80: warning: implicit conversion from ‘enum pt_currency_types’ to ‘DB_CURRENCY’ [-Wenum-conversion]
42373 |                             pt_value_set_monetary (this_parser, val, str, txt, PT_CURRENCY_CHINESE_RENMINBI);
      |                                                                                ^~~~~~~~~~~~~~~~~~~~~~~~~~~~
/home/vimkim/gh/cb/pr7600-timing-base988/build_preset_release_gcc/csql_grammar.c:42392:80: warning: implicit conversion from ‘enum pt_currency_types’ to ‘DB_CURRENCY’ [-Wenum-conversion]
42392 |                             pt_value_set_monetary (this_parser, val, str, txt, PT_CURRENCY_INDIAN_RUPEE);
      |                                                                                ^~~~~~~~~~~~~~~~~~~~~~~~
/home/vimkim/gh/cb/pr7600-timing-base988/build_preset_release_gcc/csql_grammar.c:42411:80: warning: implicit conversion from ‘enum pt_currency_types’ to ‘DB_CURRENCY’ [-Wenum-conversion]
42411 |                             pt_value_set_monetary (this_parser, val, str, txt, PT_CURRENCY_RUSSIAN_RUBLE);
      |                                                                                ^~~~~~~~~~~~~~~~~~~~~~~~~
/home/vimkim/gh/cb/pr7600-timing-base988/build_preset_release_gcc/csql_grammar.c:42430:80: warning: implicit conversion from ‘enum pt_currency_types’ to ‘DB_CURRENCY’ [-Wenum-conversion]
42430 |                             pt_value_set_monetary (this_parser, val, str, txt, PT_CURRENCY_AUSTRALIAN_DOLLAR);
      |                                                                                ^~~~~~~~~~~~~~~~~~~~~~~~~~~~~
/home/vimkim/gh/cb/pr7600-timing-base988/build_preset_release_gcc/csql_grammar.c:42449:80: warning: implicit conversion from ‘enum pt_currency_types’ to ‘DB_CURRENCY’ [-Wenum-conversion]
42449 |                             pt_value_set_monetary (this_parser, val, str, txt, PT_CURRENCY_CANADIAN_DOLLAR);
      |                                                                                ^~~~~~~~~~~~~~~~~~~~~~~~~~~
/home/vimkim/gh/cb/pr7600-timing-base988/build_preset_release_gcc/csql_grammar.c:42468:80: warning: implicit conversion from ‘enum pt_currency_types’ to ‘DB_CURRENCY’ [-Wenum-conversion]
42468 |                             pt_value_set_monetary (this_parser, val, str, txt, PT_CURRENCY_BRASILIAN_REAL);
      |                                                                                ^~~~~~~~~~~~~~~~~~~~~~~~~~
/home/vimkim/gh/cb/pr7600-timing-base988/build_preset_release_gcc/csql_grammar.c:42487:80: warning: implicit conversion from ‘enum pt_currency_types’ to ‘DB_CURRENCY’ [-Wenum-conversion]
42487 |                             pt_value_set_monetary (this_parser, val, str, txt, PT_CURRENCY_ROMANIAN_LEU);
      |                                                                                ^~~~~~~~~~~~~~~~~~~~~~~~
/home/vimkim/gh/cb/pr7600-timing-base988/build_preset_release_gcc/csql_grammar.c:42506:80: warning: implicit conversion from ‘enum pt_currency_types’ to ‘DB_CURRENCY’ [-Wenum-conversion]
42506 |                             pt_value_set_monetary (this_parser, val, str, txt, PT_CURRENCY_EURO);
      |                                                                                ^~~~~~~~~~~~~~~~
/home/vimkim/gh/cb/pr7600-timing-base988/build_preset_release_gcc/csql_grammar.c:42525:80: warning: implicit conversion from ‘enum pt_currency_types’ to ‘DB_CURRENCY’ [-Wenum-conversion]
42525 |                             pt_value_set_monetary (this_parser, val, str, txt, PT_CURRENCY_SWISS_FRANC);
      |                                                                                ^~~~~~~~~~~~~~~~~~~~~~~
/home/vimkim/gh/cb/pr7600-timing-base988/build_preset_release_gcc/csql_grammar.c:42544:80: warning: implicit conversion from ‘enum pt_currency_types’ to ‘DB_CURRENCY’ [-Wenum-conversion]
42544 |                             pt_value_set_monetary (this_parser, val, str, txt, PT_CURRENCY_DANISH_KRONE);
      |                                                                                ^~~~~~~~~~~~~~~~~~~~~~~~
/home/vimkim/gh/cb/pr7600-timing-base988/build_preset_release_gcc/csql_grammar.c:42563:80: warning: implicit conversion from ‘enum pt_currency_types’ to ‘DB_CURRENCY’ [-Wenum-conversion]
42563 |                             pt_value_set_monetary (this_parser, val, str, txt, PT_CURRENCY_NORWEGIAN_KRONE);
      |                                                                                ^~~~~~~~~~~~~~~~~~~~~~~~~~~
/home/vimkim/gh/cb/pr7600-timing-base988/build_preset_release_gcc/csql_grammar.c:42582:80: warning: implicit conversion from ‘enum pt_currency_types’ to ‘DB_CURRENCY’ [-Wenum-conversion]
42582 |                             pt_value_set_monetary (this_parser, val, str, txt, PT_CURRENCY_BULGARIAN_LEV);
      |                                                                                ^~~~~~~~~~~~~~~~~~~~~~~~~
/home/vimkim/gh/cb/pr7600-timing-base988/build_preset_release_gcc/csql_grammar.c:42601:80: warning: implicit conversion from ‘enum pt_currency_types’ to ‘DB_CURRENCY’ [-Wenum-conversion]
42601 |                             pt_value_set_monetary (this_parser, val, str, txt, PT_CURRENCY_VIETNAMESE_DONG);
      |                                                                                ^~~~~~~~~~~~~~~~~~~~~~~~~~~
/home/vimkim/gh/cb/pr7600-timing-base988/build_preset_release_gcc/csql_grammar.c:42620:80: warning: implicit conversion from ‘enum pt_currency_types’ to ‘DB_CURRENCY’ [-Wenum-conversion]
42620 |                             pt_value_set_monetary (this_parser, val, str, txt, PT_CURRENCY_CZECH_KORUNA);
      |                                                                                ^~~~~~~~~~~~~~~~~~~~~~~~
/home/vimkim/gh/cb/pr7600-timing-base988/build_preset_release_gcc/csql_grammar.c:42639:80: warning: implicit conversion from ‘enum pt_currency_types’ to ‘DB_CURRENCY’ [-Wenum-conversion]
42639 |                             pt_value_set_monetary (this_parser, val, str, txt, PT_CURRENCY_POLISH_ZLOTY);
      |                                                                                ^~~~~~~~~~~~~~~~~~~~~~~~
/home/vimkim/gh/cb/pr7600-timing-base988/build_preset_release_gcc/csql_grammar.c:42658:80: warning: implicit conversion from ‘enum pt_currency_types’ to ‘DB_CURRENCY’ [-Wenum-conversion]
42658 |                             pt_value_set_monetary (this_parser, val, str, txt, PT_CURRENCY_SWEDISH_KRONA);
      |                                                                                ^~~~~~~~~~~~~~~~~~~~~~~~~
/home/vimkim/gh/cb/pr7600-timing-base988/build_preset_release_gcc/csql_grammar.c:42677:80: warning: implicit conversion from ‘enum pt_currency_types’ to ‘DB_CURRENCY’ [-Wenum-conversion]
42677 |                             pt_value_set_monetary (this_parser, val, str, txt, PT_CURRENCY_CROATIAN_KUNA);
      |                                                                                ^~~~~~~~~~~~~~~~~~~~~~~~~
/home/vimkim/gh/cb/pr7600-timing-base988/build_preset_release_gcc/csql_grammar.c:42696:80: warning: implicit conversion from ‘enum pt_currency_types’ to ‘DB_CURRENCY’ [-Wenum-conversion]
42696 |                             pt_value_set_monetary (this_parser, val, str, txt, PT_CURRENCY_SERBIAN_DINAR);
      |                                                                                ^~~~~~~~~~~~~~~~~~~~~~~~~
/home/vimkim/gh/cb/pr7600-timing-base988/build_preset_release_gcc/csql_grammar.c: In function ‘pt_value_set_monetary’:
/home/vimkim/gh/cb/pr7600-timing-base988/build_preset_release_gcc/csql_grammar.c:48751:42: warning: implicit conversion from ‘DB_CURRENCY’ to ‘PT_CURRENCY’ {aka ‘enum pt_currency_types’} [-Wenum-conversion]
48751 |   node->info.value.data_value.money.type = type;
      |                                          ^
[1358/1434] Building CXX object unit_tests/oos/CMakeFiles/test_oos_vacuum_server.dir/test_oos_vacuum_server.cpp.o
[1359/1434] Building CXX object unit_tests/oos/CMakeFiles/test_oos_bestspace.dir/test_oos_bestspace.cpp.o
[1360/1434] Building CXX object unit_tests/oos/CMakeFiles/test_oos_server.dir/test_oos_server.cpp.o
ninja: build stopped: subcommand failed.
error: recipe `build` failed with exit code 1
