[0mdirenv: loading ~/gh/cb/pr7925-simplification-integration/.envrc
Preset Mode: debug_gcc
Install Dir: /home/vimkim/.cub/install/pr7925-simplification-integration/debug_gcc
DB Dir: /home/vimkim/gh/cb/pr7925-simplification-integration/.cub-workenv/databases
Build Dir: /home/vimkim/gh/cb/pr7925-simplification-integration/build_preset_debug_gcc
[0mdirenv: loading ~/gh/cb/pr7925-simplification-integration/.envrc
Preset Mode: debug_gcc
Install Dir: /home/vimkim/.cub/install/pr7925-simplification-integration/debug_gcc
DB Dir: /home/vimkim/gh/cb/pr7925-simplification-integration/.cub-workenv/databases
Build Dir: /home/vimkim/gh/cb/pr7925-simplification-integration/build_preset_debug_gcc
[0mdirenv: loading ~/gh/cb/pr7925-simplification-integration/.envrc
Preset Mode: debug_gcc
Install Dir: /home/vimkim/.cub/install/pr7925-simplification-integration/debug_gcc
DB Dir: /home/vimkim/gh/cb/pr7925-simplification-integration/.cub-workenv/databases
Build Dir: /home/vimkim/gh/cb/pr7925-simplification-integration/build_preset_debug_gcc
Using JAVA_HOME JDK: /home/vimkim/.local/share/mise/installs/java/temurin-8.0.462+8
[0mdirenv: loading ~/gh/cb/pr7925-simplification-integration/.envrc
Preset Mode: debug_gcc
Install Dir: /home/vimkim/.cub/install/pr7925-simplification-integration/debug_gcc
DB Dir: /home/vimkim/gh/cb/pr7925-simplification-integration/.cub-workenv/databases
Build Dir: /home/vimkim/gh/cb/pr7925-simplification-integration/build_preset_debug_gcc
Logging build output to: /home/vimkim/gh/cb/pr7925-simplification-integration/build_preset_debug_gcc/build.log
[0mdirenv: loading ~/gh/cb/pr7925-simplification-integration/.envrc
Preset Mode: debug_gcc
Install Dir: /home/vimkim/.cub/install/pr7925-simplification-integration/debug_gcc
DB Dir: /home/vimkim/gh/cb/pr7925-simplification-integration/.cub-workenv/databases
Build Dir: /home/vimkim/gh/cb/pr7925-simplification-integration/build_preset_debug_gcc
[0/2] Re-checking globbed directories...
[1/1305] Running utility command for pl_install_jdk
[INFO] Install JDK 8
[2/1305] Building CXX object sa/CMakeFiles/cubridsa.dir/__/src/base/chartype.c.o
[3/1305] Building CXX object sa/CMakeFiles/cubridsa.dir/__/src/base/process_util.c.o
[4/1305] Building CXX object sa/CMakeFiles/cubridsa.dir/__/src/base/get_clock_freq.c.o
[5/1305] Building CXX object sa/CMakeFiles/cubridsa.dir/__/src/base/mprec.c.o
[6/1305] Building CXX object sa/CMakeFiles/cubridsa.dir/__/src/base/variable_string.c.o
[7/1305] Building CXX object sa/CMakeFiles/cubridsa.dir/__/src/base/sha1.c.o
[8/1305] Building CXX object sa/CMakeFiles/cubridsa.dir/__/src/base/bit.c.o
[9/1305] Building CXX object sa/CMakeFiles/cubridsa.dir/__/src/base/dtoa.c.o
[10/1305] Building CXX object sa/CMakeFiles/cubridsa.dir/__/src/base/porting.c.o
[11/1305] Building CXX object sa/CMakeFiles/cubridsa.dir/__/src/base/ini_parser.c.o
[12/1305] Building CXX object sa/CMakeFiles/cubridsa.dir/__/src/base/environment_variable.c.o
[13/1305] Building CXX object sa/CMakeFiles/cubridsa.dir/__/src/base/hide_password.cpp.o
[14/1305] Building CXX object sa/CMakeFiles/cubridsa.dir/__/src/base/release_string.c.o
[15/1305] Building CXX object sa/CMakeFiles/cubridsa.dir/__/src/base/message_catalog.c.o
[16/1305] Building CXX object sa/CMakeFiles/cubridsa.dir/__/src/base/cubrid_getopt_long.c.o
[17/1305] Building CXX object sa/CMakeFiles/cubridsa.dir/__/src/base/misc_string.c.o
[18/1305] Building CXX object sa/CMakeFiles/cubridsa.dir/__/src/base/unicode_support.c.o
[19/1305] Building CXX object sa/CMakeFiles/cubridsa.dir/__/src/base/xml_parser.c.o
[20/1305] Building CXX object sa/CMakeFiles/cubridsa.dir/__/src/base/fileline_location.cpp.o
[21/1305] Building CXX object sa/CMakeFiles/cubridsa.dir/__/src/base/tsc_timer.c.o
[22/1305] Building CXX object sa/CMakeFiles/cubridsa.dir/__/src/base/util_func.c.o
[23/1305] Building CXX object sa/CMakeFiles/cubridsa.dir/__/src/base/perf.cpp.o
[24/1305] Building CXX object sa/CMakeFiles/cubridsa.dir/__/src/base/fixed_alloc.c.o
[25/1305] Building CXX object sa/CMakeFiles/cubridsa.dir/__/src/base/intl_support.c.o
[26/1305] Building CXX object sa/CMakeFiles/cubridsa.dir/__/src/base/printer.cpp.o
[27/1305] Building CXX object sa/CMakeFiles/cubridsa.dir/__/src/base/uca_support.c.o
[28/1305] Building CXX object sa/CMakeFiles/cubridsa.dir/__/src/base/memory_private_allocator.cpp.o
[29/1305] Building C object sa/CMakeFiles/cubridsa.dir/__/src/compat/dbtype_function.c.o
[30/1305] Building CXX object sa/CMakeFiles/cubridsa.dir/__/src/base/mem_block.cpp.o
[31/1305] Building CXX object sa/CMakeFiles/cubridsa.dir/__/src/base/error_context.cpp.o
[32/1305] Building CXX object sa/CMakeFiles/cubridsa.dir/__/src/base/filesys_temp.cpp.o
[33/1305] Building CXX object sa/CMakeFiles/cubridsa.dir/__/src/base/stack_dump.c.o
[34/1305] Building CXX object sa/CMakeFiles/cubridsa.dir/__/src/base/base64.c.o
[35/1305] Building CXX object sa/CMakeFiles/cubridsa.dir/__/src/executables/extract_schema.cpp.o
[36/1305] Building CXX object sa/CMakeFiles/cubridsa.dir/__/src/base/databases_file.c.o
[37/1305] Building CXX object sa/CMakeFiles/cubridsa.dir/__/src/base/pinnable_buffer.cpp.o
[38/1305] Building CXX object sa/CMakeFiles/cubridsa.dir/__/src/base/binaryheap.c.o
[39/1305] Building CXX object sa/CMakeFiles/cubridsa.dir/__/src/base/encryption.c.o
[40/1305] Building CXX object sa/CMakeFiles/cubridsa.dir/__/src/compat/cnv.c.o
[41/1305] Building CXX object sa/CMakeFiles/cubridsa.dir/__/src/base/packer.cpp.o
[42/1305] Building CXX object sa/CMakeFiles/cubridsa.dir/__/src/base/string_buffer.cpp.o
[43/1305] Building CXX object sa/CMakeFiles/cubridsa.dir/__/src/base/locale_helper.cpp.o
[44/1305] Building CXX object sa/CMakeFiles/cubridsa.dir/__/src/base/lock_free.c.o
[45/1305] Building CXX object sa/CMakeFiles/cubridsa.dir/__/src/executables/file_hash.c.o
[46/1305] Building CXX object sa/CMakeFiles/cubridsa.dir/__/src/base/lockfree_bitmap.cpp.o
[47/1305] Building CXX object sa/CMakeFiles/cubridsa.dir/__/src/storage/oos_util.cpp.o
[48/1305] Building CXX object sa/CMakeFiles/cubridsa.dir/__/src/base/resource_tracker.cpp.o
[49/1305] Building CXX object sa/CMakeFiles/cubridsa.dir/__/src/executables/csql_result.c.o
[50/1305] Building CXX object sa/CMakeFiles/cubridsa.dir/__/src/base/error_manager.c.o
[51/1305] Building CXX object sa/CMakeFiles/cubridsa.dir/__/src/base/perf_monitor_trackers.cpp.o
[52/1305] Building CXX object sa/CMakeFiles/cubridsa.dir/__/src/compat/db_json_allocator.cpp.o
[53/1305] Building CXX object sa/CMakeFiles/cubridsa.dir/__/src/base/fault_injection.c.o
[54/1305] Building CXX object sa/CMakeFiles/cubridsa.dir/__/src/sp/pl_file.c.o
[55/1305] Building CXX object cs/CMakeFiles/cubridcs.dir/__/src/compat/cnv.c.o
[56/1305] Running utility command for pl_build
> Task :pl_server:generateGrammarSource UP-TO-DATE
> Task :pl_server:compileJava UP-TO-DATE
> Task :pl_server:processResources UP-TO-DATE
> Task :pl_server:classes UP-TO-DATE
> Task :pl_server:jar UP-TO-DATE
> Task :pl_server:startScripts UP-TO-DATE
> Task :pl_server:distTar UP-TO-DATE
> Task :pl_server:distZip UP-TO-DATE
> Task :pl_server:assemble UP-TO-DATE
> Task :pl_server:check
> Task :pl_server:build

BUILD SUCCESSFUL in 2s
7 actionable tasks: 7 up-to-date
[57/1305] Building CXX object sa/CMakeFiles/cubridsa.dir/__/src/heaplayers/lea_heap.c.o
[58/1305] Building CXX object sa/CMakeFiles/cubridsa.dir/__/src/connection/connection_less.cpp.o
[59/1305] Building CXX object sa/CMakeFiles/cubridsa.dir/__/src/heaplayers/customheaps.cpp.o
[60/1305] Building CXX object sa/CMakeFiles/cubridsa.dir/__/src/base/filesys_parser.cpp.o
[61/1305] Building CXX object sa/CMakeFiles/cubridsa.dir/__/src/base/dynamic_load.c.o
[62/1305] Building CXX object sa/CMakeFiles/cubridsa.dir/__/src/base/lockfree_hashmap.cpp.o
[63/1305] Building CXX object sa/CMakeFiles/cubridsa.dir/__/src/base/locale_support.c.o
[64/1305] Building CXX object sa/CMakeFiles/cubridsa.dir/__/src/connection/connection_globals.c.o
[65/1305] Building CXX object sa/CMakeFiles/cubridsa.dir/__/src/connection/connection_list_cl.cpp.o
[66/1305] Building CXX object sa/CMakeFiles/cubridsa.dir/__/src/compat/db_elo.c.o
[67/1305] Building CXX object sa/CMakeFiles/cubridsa.dir/__/src/connection/host_lookup.c.o
[68/1305] Building CXX object sa/CMakeFiles/cubridsa.dir/__/src/base/area_alloc.c.o
[69/1305] Building CXX object sa/CMakeFiles/cubridsa.dir/__/src/sp/pl_signature.cpp.o
[70/1305] Building CXX object sa/CMakeFiles/cubridsa.dir/__/src/communication/network_histogram.cpp.o
[71/1305] Building CXX object sa/CMakeFiles/cubridsa.dir/__/src/base/memory_hash.c.o
[72/1305] Building CXX object sa/CMakeFiles/cubridsa.dir/__/src/connection/tcp.c.o
[73/1305] Building CXX object sa/CMakeFiles/cubridsa.dir/__/src/compat/db_set.c.o
[74/1305] Building CXX object sa/CMakeFiles/cubridsa.dir/__/src/executables/util_common.c.o
[75/1305] Building CXX object sa/CMakeFiles/cubridsa.dir/__/src/compat/db_date.c.o
[76/1305] Building CXX object sa/CMakeFiles/cubridsa.dir/__/src/base/cgroup.cpp.o
[77/1305] Building CXX object sa/CMakeFiles/cubridsa.dir/__/src/executables/csql_support.c.o
[78/1305] Building CXX object sa/CMakeFiles/cubridsa.dir/__/src/base/memory_alloc.c.o
[79/1305] Building CXX object sa/CMakeFiles/cubridsa.dir/__/src/sp/pl_comm.c.o
[80/1305] Building CXX object sa/CMakeFiles/cubridsa.dir/__/src/compat/db_macro.c.o
[81/1305] Building CXX object sa/CMakeFiles/cubridsa.dir/__/src/connection/connection_cl.cpp.o
[82/1305] Building CXX object sa/CMakeFiles/cubridsa.dir/__/src/compat/db_old.c.o
[83/1305] Building CXX object sa/CMakeFiles/cubridsa.dir/__/src/method/method_error.cpp.o
[84/1305] Building CXX object sa/CMakeFiles/cubridsa.dir/__/src/base/resources.cpp.o
[85/1305] Building CXX object sa/CMakeFiles/cubridsa.dir/__/src/compat/db_value_printer.cpp.o
[86/1305] Building CXX object sa/CMakeFiles/cubridsa.dir/__/src/communication/network_callback_sr.cpp.o
[87/1305] Building CXX object sa/CMakeFiles/cubridsa.dir/__/src/compat/db_class.c.o
[88/1305] Building CXX object sa/CMakeFiles/cubridsa.dir/__/src/compat/db_virt.c.o
[89/1305] Building CXX object sa/CMakeFiles/cubridsa.dir/__/src/executables/csql_result_format.c.o
[90/1305] Building CXX object sa/CMakeFiles/cubridsa.dir/__/src/executables/unloaddb.c.o
[91/1305] Building CXX object sa/CMakeFiles/cubridsa.dir/__/src/compat/db_method_static.cpp.o
[92/1305] Building CXX object sa/CMakeFiles/cubridsa.dir/__/src/compat/db_obj.c.o
[93/1305] Building CXX object sa/CMakeFiles/cubridsa.dir/__/src/method/method_struct_parameter_info.cpp.o
[94/1305] Building CXX object sa/CMakeFiles/cubridsa.dir/__/src/executables/csql_session.c.o
[95/1305] Building CXX object sa/CMakeFiles/cubridsa.dir/__/src/sp/pl_compile_handler.cpp.o
[96/1305] Building CXX object sa/CMakeFiles/cubridsa.dir/__/src/executables/unload_object_file.c.o
[97/1305] Building CXX object sa/CMakeFiles/cubridsa.dir/__/src/base/ddl_log.c.o
[98/1305] Building CXX object sa/CMakeFiles/cubridsa.dir/__/src/compat/db_info.c.o
[99/1305] Building CXX object sa/CMakeFiles/cubridsa.dir/__/src/sp/pl_connection.cpp.o
[100/1305] Building CXX object sa/CMakeFiles/cubridsa.dir/__/src/compat/db_temp.c.o
[101/1305] Building CXX object sa/CMakeFiles/cubridsa.dir/__/src/connection/connection_support.cpp.o
[102/1305] Building CXX object sa/CMakeFiles/cubridsa.dir/__/src/method/method_struct_invoke.cpp.o
[103/1305] Building CXX object sa/CMakeFiles/cubridsa.dir/__/src/executables/compactdb_common.c.o
[104/1305] Building CXX object sa/CMakeFiles/cubridsa.dir/__/src/base/language_support.c.o
[105/1305] Building CXX object sa/CMakeFiles/cubridsa.dir/__/src/sp/pl_struct_compile.cpp.o
[106/1305] Building CXX object sa/CMakeFiles/cubridsa.dir/__/src/method/method_query_util.cpp.o
[107/1305] Building CXX object sa/CMakeFiles/cubridsa.dir/__/src/sp/pl_sr.cpp.o
[108/1305] Building CXX object sa/CMakeFiles/cubridsa.dir/__/src/executables/csql.c.o
[109/1305] Building CXX object cs/CMakeFiles/cubridcs.dir/__/src/compat/db_class.c.o
[110/1305] Building CXX object sa/CMakeFiles/cubridsa.dir/__/src/compat/db_query.c.o
[111/1305] Building CXX object sa/CMakeFiles/cubridsa.dir/__/src/executables/unload_object.c.o
[112/1305] Building CXX object sa/CMakeFiles/cubridsa.dir/__/src/method/method_struct_oid_info.cpp.o
[113/1305] Building CXX object sa/CMakeFiles/cubridsa.dir/__/src/compat/db_json_path.cpp.o
[114/1305] Building CXX object cs/CMakeFiles/cubridcs.dir/__/src/compat/db_date.c.o
[115/1305] Building CXX object sa/CMakeFiles/cubridsa.dir/__/src/executables/compactdb.c.o
[116/1305] Building CXX object sa/CMakeFiles/cubridsa.dir/__/src/communication/network_callback_cl.cpp.o
[117/1305] Building CXX object sa/CMakeFiles/cubridsa.dir/__/src/object/quick_fit.c.o
[118/1305] Building CXX object sa/CMakeFiles/cubridsa.dir/__/src/parser/double_byte_support.c.o
[119/1305] Building CXX object sa/CMakeFiles/cubridsa.dir/__/src/object/lob_locator.cpp.o
[120/1305] Building CXX object sa/CMakeFiles/cubridsa.dir/__/src/base/tz_compile.c.o
[121/1305] Building CXX object sa/CMakeFiles/cubridsa.dir/__/src/base/perf_monitor.c.o
[122/1305] Building CXX object sa/CMakeFiles/cubridsa.dir/__/src/method/method_oid_handler.cpp.o
[123/1305] Building CXX object sa/CMakeFiles/cubridsa.dir/__/src/connection/client_support.cpp.o
[124/1305] Building CXX object sa/CMakeFiles/cubridsa.dir/__/src/object/object_print_util.cpp.o
[125/1305] Building CXX object sa/CMakeFiles/cubridsa.dir/__/src/executables/util_cs.c.o
[126/1305] Building CXX object sa/CMakeFiles/cubridsa.dir/__/src/base/system_parameter.c.o
[127/1305] Building CXX object sa/CMakeFiles/cubridsa.dir/__/src/method/method_struct_query.cpp.o
[128/1305] Building CXX object sa/CMakeFiles/cubridsa.dir/__/src/monitor/monitor_transaction.cpp.o
[129/1305] Building CXX object sa/CMakeFiles/cubridsa.dir/__/src/object/identifier_store.cpp.o
[130/1305] Building CXX object sa/CMakeFiles/cubridsa.dir/__/src/compat/db_admin.c.o
[131/1305] Building CXX object sa/CMakeFiles/cubridsa.dir/__/src/compat/db_vdb.c.o
[132/1305] Building CXX object sa/CMakeFiles/cubridsa.dir/__/src/executables/unload_schema.c.o
[133/1305] Building CXX object sa/CMakeFiles/cubridsa.dir/__/src/object/elo.c.o
[134/1305] Building CXX object sa/CMakeFiles/cubridsa.dir/__/src/communication/network_interface_cl.c.o
[135/1305] Building CXX object sa/CMakeFiles/cubridsa.dir/__/src/sp/pl_query_cursor.cpp.o
[136/1305] Building CXX object sa/CMakeFiles/cubridsa.dir/__/src/base/tz_support.c.o
[137/1305] Building CXX object sa/CMakeFiles/cubridsa.dir/__/src/base/object_representation_sr.c.o
[138/1305] Building CXX object sa/CMakeFiles/cubridsa.dir/__/src/object/schema_information_schema.cpp.o
[139/1305] Building CXX object sa/CMakeFiles/cubridsa.dir/__/src/optimizer/query_bitset.c.o
[140/1305] Building CXX object sa/CMakeFiles/cubridsa.dir/__/src/query/parallel/px_scan/px_scan_instnum.cpp.o
[141/1305] Building CXX object sa/CMakeFiles/cubridsa.dir/__/src/sp/jsp_cl.cpp.o
[142/1305] Building CXX object sa/CMakeFiles/cubridsa.dir/__/src/sp/sp_code.cpp.o
[143/1305] Building CXX object sa/CMakeFiles/cubridsa.dir/__/src/object/schema_information_schema_definition.cpp.o
[144/1305] Building CXX object sa/CMakeFiles/cubridsa.dir/__/src/method/method_struct_value.cpp.o
[145/1305] Building CXX object sa/CMakeFiles/cubridsa.dir/__/src/executables/util_sa.c.o
[146/1305] Building CXX object sa/CMakeFiles/cubridsa.dir/__/src/query/parallel/px_scan/px_scan_checker.cpp.o
[147/1305] Building CXX object sa/CMakeFiles/cubridsa.dir/__/src/sp/method_invoke_group.cpp.o
[148/1305] Building CXX object sa/CMakeFiles/cubridsa.dir/__/src/method/method_query_handler.cpp.o
[149/1305] Building CXX object sa/CMakeFiles/cubridsa.dir/__/src/object/transform.c.o
[150/1305] Building CXX object sa/CMakeFiles/cubridsa.dir/__/src/method/method_scan.cpp.o
[151/1305] Building CXX object sa/CMakeFiles/cubridsa.dir/__/src/sp/pl_executor.cpp.o
[152/1305] Building CXX object sa/CMakeFiles/cubridsa.dir/__/src/object/authenticate_password.cpp.o
[153/1305] Building CXX object sa/CMakeFiles/cubridsa.dir/__/src/query/parallel/px_query_execute/px_query_checker.cpp.o
[154/1305] Building CXX object sa/CMakeFiles/cubridsa.dir/__/src/sp/pl_execution_stack_context.cpp.o
[155/1305] Building CXX object sa/CMakeFiles/cubridsa.dir/__/src/object/authenticate_access_class.cpp.o
[156/1305] Building CXX object sa/CMakeFiles/cubridsa.dir/__/src/object/authenticate_owner.cpp.o
[157/1305] Building CXX object sa/CMakeFiles/cubridsa.dir/__/src/object/authenticate_migration.cpp.o
[158/1305] Building CXX object sa/CMakeFiles/cubridsa.dir/__/src/object/authenticate_cache.cpp.o
[159/1305] Building CXX object sa/CMakeFiles/cubridsa.dir/__/src/object/authenticate.c.o
[160/1305] Building CXX object sa/CMakeFiles/cubridsa.dir/__/src/object/authenticate_grant.cpp.o
[161/1305] Building CXX object sa/CMakeFiles/cubridsa.dir/__/src/object/authenticate_access_auth.cpp.o
[162/1305] Building CXX object sa/CMakeFiles/cubridsa.dir/__/src/object/schema_system_catalog_install_query_spec.cpp.o
[163/1305] Building CXX object sa/CMakeFiles/cubridsa.dir/__/src/object/deduplicate_key.c.o
[164/1305] Building CXX object sa/CMakeFiles/cubridsa.dir/__/src/object/authenticate_access_user.cpp.o
[165/1305] Building CXX object sa/CMakeFiles/cubridsa.dir/__/src/object/class_description.cpp.o
[166/1305] Building CXX object sa/CMakeFiles/cubridsa.dir/__/src/object/authenticate_context.cpp.o
[167/1305] Building CXX object sa/CMakeFiles/cubridsa.dir/__/src/object/object_printer.cpp.o
[168/1305] Building CXX object sa/CMakeFiles/cubridsa.dir/__/src/object/schema_system_catalog_definition.cpp.o
[169/1305] Building CXX object sa/CMakeFiles/cubridsa.dir/__/src/object/object_template.c.o
[170/1305] Building CXX object sa/CMakeFiles/cubridsa.dir/__/src/object/object_print.c.o
[171/1305] Building CXX object sa/CMakeFiles/cubridsa.dir/__/src/object/object_description.cpp.o
[172/1305] Building CXX object sa/CMakeFiles/cubridsa.dir/__/src/object/class_object.c.o
[173/1305] Building CXX object sa/CMakeFiles/cubridsa.dir/__/src/method/query_method.cpp.o
[174/1305] Building CXX object sa/CMakeFiles/cubridsa.dir/__/src/object/schema_system_catalog_builder.cpp.o
[175/1305] Building CXX object sa/CMakeFiles/cubridsa.dir/__/src/method/method_callback.cpp.o
[176/1305] Building CXX object sa/CMakeFiles/cubridsa.dir/__/src/sp/pl_session.cpp.o
[177/1305] Building CXX object sa/CMakeFiles/cubridsa.dir/__/src/object/schema_information_schema_builder.cpp.o
[178/1305] Building CXX object sa/CMakeFiles/cubridsa.dir/__/src/query/crypt_opfunc.c.o
[179/1305] Building CXX object sa/CMakeFiles/cubridsa.dir/__/src/object/object_representation.c.o
[180/1305] Building CXX object sa/CMakeFiles/cubridsa.dir/__/src/object/schema_system_catalog.cpp.o
[181/1305] Building CXX object sa/CMakeFiles/cubridsa.dir/__/src/object/trigger_description.cpp.o
[182/1305] Building CXX object sa/CMakeFiles/cubridsa.dir/__/src/object/schema_information_schema_install_query_spec.cpp.o
[183/1305] Building CXX object sa/CMakeFiles/cubridsa.dir/__/src/object/set_object.c.o
[184/1305] Building CXX object sa/CMakeFiles/cubridsa.dir/__/src/optimizer/rewriter/query_rewrite_auto_parameterize.c.o
[185/1305] Building CXX object sa/CMakeFiles/cubridsa.dir/__/src/object/object_accessor.c.o
[186/1305] Building CXX object sa/CMakeFiles/cubridsa.dir/__/src/optimizer/rewriter/query_rewrite_set.c.o
[187/1305] Building CXX object sa/CMakeFiles/cubridsa.dir/__/src/optimizer/rewriter/query_rewrite_subquery.c.o
[188/1305] Building CXX object sa/CMakeFiles/cubridsa.dir/__/src/object/schema_class_truncator.cpp.o
[189/1305] Building CXX object sa/CMakeFiles/cubridsa.dir/__/src/compat/db_json.cpp.o
[190/1305] Building CXX object sa/CMakeFiles/cubridsa.dir/__/src/object/schema_template.c.o
[191/1305] Building CXX object sa/CMakeFiles/cubridsa.dir/__/src/query/numeric_opfunc.c.o
[192/1305] Building CXX object sa/CMakeFiles/cubridsa.dir/__/src/optimizer/rewriter/query_rewrite_select.c.o
[193/1305] Building CXX object sa/CMakeFiles/cubridsa.dir/__/src/object/transform_cl.c.o
[194/1305] Building CXX object sa/CMakeFiles/cubridsa.dir/__/src/optimizer/rewriter/query_rewrite.c.o
[195/1305] Building CXX object sa/CMakeFiles/cubridsa.dir/__/src/query/qfile_tuple_layout.c.o
[196/1305] Building CXX object sa/CMakeFiles/cubridsa.dir/__/src/object/object_domain.c.o
[197/1305] Building CXX object sa/CMakeFiles/cubridsa.dir/__/src/object/work_space.c.o
[198/1305] Building CXX object sa/CMakeFiles/cubridsa.dir/__/src/object/virtual_object.c.o
[199/1305] Building CXX object sa/CMakeFiles/cubridsa.dir/__/src/optimizer/rewriter/query_rewrite_term.c.o
[200/1305] Building CXX object sa/CMakeFiles/cubridsa.dir/__/src/object/trigger_manager.c.o
[201/1305] Building CXX object sa/CMakeFiles/cubridsa.dir/__/src/query/cursor.c.o
[202/1305] Building C object sa/CMakeFiles/cubridsa.dir/__/csql_lexer.c.o
[203/1305] Building CXX object sa/CMakeFiles/cubridsa.dir/__/src/object/schema_manager.c.o
[204/1305] Building CXX object sa/CMakeFiles/cubridsa.dir/__/src/object/schema_information_schema_install.cpp.o
[205/1305] Building CXX object sa/CMakeFiles/cubridsa.dir/__/src/query/dblink_2pc.c.o
[206/1305] Building CXX object sa/CMakeFiles/cubridsa.dir/__/src/object/object_primitive.c.o
[207/1305] Building CXX object sa/CMakeFiles/cubridsa.dir/__/src/query/string_regex_re2.cpp.o
[208/1305] Building CXX object sa/CMakeFiles/cubridsa.dir/__/src/thread/critical_section_tracker.cpp.o
[209/1305] Building CXX object sa/CMakeFiles/cubridsa.dir/__/src/query/arithmetic.c.o
[210/1305] Building CXX object sa/CMakeFiles/cubridsa.dir/__/src/query/vacuum_oos.cpp.o
[211/1305] Building CXX object sa/CMakeFiles/cubridsa.dir/__/src/query/dblink_scan.c.o
[212/1305] Building CXX object sa/CMakeFiles/cubridsa.dir/__/src/sp/sp_catalog.cpp.o
[213/1305] Building CXX object sa/CMakeFiles/cubridsa.dir/__/src/transaction/log_lsa.cpp.o
[214/1305] Building CXX object sa/CMakeFiles/cubridsa.dir/__/src/object/schema_system_catalog_install.cpp.o
[215/1305] Building CXX object sa/CMakeFiles/cubridsa.dir/__/src/transaction/client_credentials.cpp.o
[216/1305] Building CXX object sa/CMakeFiles/cubridsa.dir/__/src/query/regu_var.cpp.o
[217/1305] Building CXX object sa/CMakeFiles/cubridsa.dir/__/src/optimizer/query_graph.c.o
[218/1305] Building CXX object sa/CMakeFiles/cubridsa.dir/__/src/query/partition.c.o
[219/1305] Building CXX object sa/CMakeFiles/cubridsa.dir/__/src/query/string_regex.cpp.o
[220/1305] Building CXX object sa/CMakeFiles/cubridsa.dir/__/src/transaction/locator.c.o
[221/1305] Building CXX object sa/CMakeFiles/cubridsa.dir/__/src/optimizer/plan_generation.c.o
[222/1305] Building CXX object sa/CMakeFiles/cubridsa.dir/__/src/query/query_aggregate.cpp.o
[223/1305] Building CXX object sa/CMakeFiles/cubridsa.dir/__/src/query/query_cl.c.o
[224/1305] Building CXX object sa/CMakeFiles/cubridsa.dir/__/src/query/query_reevaluation.cpp.o
[225/1305] Building CXX object sa/CMakeFiles/cubridsa.dir/__/src/query/query_dump.c.o
[226/1305] Building CXX object sa/CMakeFiles/cubridsa.dir/__/src/query/filter_pred_cache.c.o
[227/1305] Building CXX object sa/CMakeFiles/cubridsa.dir/__/src/query/fetch.c.o
[228/1305] Building CXX object sa/CMakeFiles/cubridsa.dir/__/src/query/scan_json_table.cpp.o
[229/1305] Building CXX object sa/CMakeFiles/cubridsa.dir/__/src/query/query_hash_join.c.o
[230/1305] Building CXX object sa/CMakeFiles/cubridsa.dir/__/src/thread/thread_entry_task.cpp.o
[231/1305] Building CXX object sa/CMakeFiles/cubridsa.dir/__/src/optimizer/query_planner.c.o
[232/1305] Building CXX object sa/CMakeFiles/cubridsa.dir/__/src/query/list_file.c.o
[233/1305] Building CXX object sa/CMakeFiles/cubridsa.dir/__/src/query/query_hash_scan.c.o
[234/1305] Building CXX object sa/CMakeFiles/cubridsa.dir/__/src/query/query_evaluator.c.o
[235/1305] Building CXX object sa/CMakeFiles/cubridsa.dir/__/src/query/set_scan.c.o
[236/1305] Building CXX object sa/CMakeFiles/cubridsa.dir/__/src/query/query_analytic.cpp.o
[237/1305] Building CXX object sa/CMakeFiles/cubridsa.dir/__/src/parser/cnf.c.o
[238/1305] Building CXX object sa/CMakeFiles/cubridsa.dir/__/src/parser/keyword.c.o
[239/1305] Building CXX object sa/CMakeFiles/cubridsa.dir/__/src/transaction/log_comm.c.o
[240/1305] Building CXX object sa/CMakeFiles/cubridsa.dir/__/src/query/query_manager.c.o
[241/1305] Building CXX object sa/CMakeFiles/cubridsa.dir/__/src/thread/thread_manager.cpp.o
[242/1305] Building CXX object sa/CMakeFiles/cubridsa.dir/__/src/query/show_scan.c.o
[243/1305] Building CXX object sa/CMakeFiles/cubridsa.dir/__/src/query/execute_schema.c.o
[244/1305] Building CXX object sa/CMakeFiles/cubridsa.dir/__/src/parser/parse_type.cpp.o
[245/1305] Building CXX object sa/CMakeFiles/cubridsa.dir/__/src/parser/parse_tree.c.o
[246/1305] Building CXX object sa/CMakeFiles/cubridsa.dir/__/src/thread/thread_lockfree_hash_map.cpp.o
[247/1305] Building CXX object sa/CMakeFiles/cubridsa.dir/__/src/query/subquery_cache.c.o
[248/1305] Building CXX object sa/CMakeFiles/cubridsa.dir/__/src/storage/byte_order.c.o
[249/1305] Building CXX object sa/CMakeFiles/cubridsa.dir/__/src/parser/method_transform.c.o
[250/1305] Building CXX object sa/CMakeFiles/cubridsa.dir/__/src/storage/es_owfs.c.o
[251/1305] Building CXX object sa/CMakeFiles/cubridsa.dir/__/src/transaction/log_compress.c.o
[252/1305] Building CXX object sa/CMakeFiles/cubridsa.dir/__/src/parser/parser_allocator.cpp.o
[253/1305] Building CXX object sa/CMakeFiles/cubridsa.dir/__/src/parser/scanner_support.c.o
[254/1305] Building CXX object sa/CMakeFiles/cubridsa.dir/__/src/parser/compile.c.o
[255/1305] Building CXX object sa/CMakeFiles/cubridsa.dir/__/src/transaction/log_2pc.c.o
[256/1305] Building CXX object sa/CMakeFiles/cubridsa.dir/__/src/parser/show_meta.c.o
[257/1305] Building CXX object sa/CMakeFiles/cubridsa.dir/__/src/query/serial.c.o
[258/1305] Building CXX object sa/CMakeFiles/cubridsa.dir/__/src/transaction/log_append.cpp.o
[259/1305] Building CXX object sa/CMakeFiles/cubridsa.dir/__/src/parser/func_type.cpp.o
[260/1305] Building CXX object sa/CMakeFiles/cubridsa.dir/__/src/query/stream_to_xasl.c.o
[261/1305] Building CXX object sa/CMakeFiles/cubridsa.dir/__/src/transaction/flashback.c.o
[262/1305] Building CXX object sa/CMakeFiles/cubridsa.dir/__/src/parser/parse_evaluate.c.o
[263/1305] Building CXX object sa/CMakeFiles/cubridsa.dir/__/src/storage/es_posix.c.o
[264/1305] Building CXX object sa/CMakeFiles/cubridsa.dir/__/src/query/scan_manager.c.o
[265/1305] Building CXX object sa/CMakeFiles/cubridsa.dir/__/src/transaction/log_global.c.o
[266/1305] Building CXX object sa/CMakeFiles/cubridsa.dir/__/src/query/query_opfunc.c.o
[267/1305] Building CXX object sa/CMakeFiles/cubridsa.dir/__/src/storage/es_common.c.o
[268/1305] Building CXX object sa/CMakeFiles/cubridsa.dir/__/src/query/xasl_to_stream.c.o
[269/1305] Building CXX object sa/CMakeFiles/cubridsa.dir/__/src/query/execute_statement.c.o
[270/1305] Building CXX object sa/CMakeFiles/cubridsa.dir/__/src/transaction/log_postpone_cache.cpp.o
[271/1305] Building CXX object sa/CMakeFiles/cubridsa.dir/__/src/storage/oid.c.o
[272/1305] Building CXX object sa/CMakeFiles/cubridsa.dir/__/src/storage/btree_unique.cpp.o
[273/1305] Building CXX object sa/CMakeFiles/cubridsa.dir/__/src/transaction/mvcc.c.o
[274/1305] Building CXX object sa/CMakeFiles/cubridsa.dir/__/src/query/memoize.cpp.o
[275/1305] Building CXX object sa/CMakeFiles/cubridsa.dir/__/src/transaction/mvcc_active_tran.cpp.o
[276/1305] Building CXX object sa/CMakeFiles/cubridsa.dir/__/src/parser/xasl_regu_alloc.cpp.o
[277/1305] Building CXX object sa/CMakeFiles/cubridsa.dir/__/src/parser/parse_dbi.c.o
[278/1305] Building CXX object sa/CMakeFiles/cubridsa.dir/__/src/query/xasl_cache.c.o
[279/1305] Building CXX object sa/CMakeFiles/cubridsa.dir/__/src/transaction/replication.c.o
[280/1305] Building CXX object sa/CMakeFiles/cubridsa.dir/__/src/transaction/log_system_tran.cpp.o
[281/1305] Building CXX object sa/CMakeFiles/cubridsa.dir/__/src/transaction/log_recovery_redo.cpp.o
[282/1305] Building CXX object sa/CMakeFiles/cubridsa.dir/__/src/storage/statistics_ndv.c.o
[283/1305] Building CXX object sa/CMakeFiles/cubridsa.dir/__/src/transaction/mvcc_table.cpp.o
[284/1305] Building CXX object sa/CMakeFiles/cubridsa.dir/__/src/storage/heap_pending_record.cpp.o
[285/1305] Building CXX object sa/CMakeFiles/cubridsa.dir/__/src/transaction/transaction_transient.cpp.o
[286/1305] Building CXX object sa/CMakeFiles/cubridsa.dir/__/src/parser/name_resolution.c.o
[287/1305] Building CXX object sa/CMakeFiles/cubridsa.dir/__/src/query/vacuum.c.o
[288/1305] Building CXX object sa/CMakeFiles/cubridsa.dir/__/src/transaction/log_prior_inflight.cpp.o
[289/1305] Building CXX object sa/CMakeFiles/cubridsa.dir/__/src/parser/query_result.c.o
[290/1305] Building CXX object sa/CMakeFiles/cubridsa.dir/__/src/query/string_opfunc.c.o
[291/1305] Building CXX object sa/CMakeFiles/cubridsa.dir/__/src/thread/thread_entry.cpp.o
[292/1305] Building CXX object sa/CMakeFiles/cubridsa.dir/__/src/transaction/boot_cl.c.o
[293/1305] Building CXX object sa/CMakeFiles/cubridsa.dir/__/src/storage/storage_common.c.o
[294/1305] Building CXX object sa/CMakeFiles/cubridsa.dir/__/src/query/string_regex_std.cpp.o
[295/1305] Building CXX object sa/CMakeFiles/cubridsa.dir/__/src/transaction/locator_cl.c.o
[296/1305] Building CXX object sa/CMakeFiles/cubridsa.dir/__/src/parser/view_transform.c.o
[297/1305] Building CXX object sa/CMakeFiles/cubridsa.dir/__/src/parser/parser_support.c.o
[298/1305] Building CXX object sa/CMakeFiles/cubridsa.dir/__/src/xasl/xasl_unpack_info.cpp.o
[299/1305] Building CXX object sa/CMakeFiles/cubridsa.dir/__/src/transaction/log_writer.c.o
[300/1305] Building CXX object sa/CMakeFiles/cubridsa.dir/__/src/transaction/boot_sr.c.o
[301/1305] Building CXX object sa/CMakeFiles/cubridsa.dir/__/src/storage/overflow_file.c.o
[302/1305] Building CXX object sa/CMakeFiles/cubridsa.dir/__/src/xasl/access_json_table.cpp.o
[303/1305] Building CXX object sa/CMakeFiles/cubridsa.dir/__/src/storage/record_descriptor.cpp.o
[304/1305] Building CXX object sa/CMakeFiles/cubridsa.dir/__/src/storage/ftab_set.cpp.o
[305/1305] Building CXX object sa/CMakeFiles/cubridsa.dir/__/src/transaction/log_recovery.c.o
[306/1305] Building CXX object sa/CMakeFiles/cubridsa.dir/__/src/transaction/lock_manager.c.o
[307/1305] Building CXX object sa/CMakeFiles/cubridsa.dir/__/src/transaction/transaction_cl.c.o
[308/1305] Building CXX object sa/CMakeFiles/cubridsa.dir/__/src/parser/semantic_check.c.o
[309/1305] Building CXX object sa/CMakeFiles/cubridsa.dir/__/src/query/query_executor.c.o
[310/1305] Building C object sa/CMakeFiles/cubridsa.dir/__/csql_grammar.c.o
/home/vimkim/gh/cb/pr7925-simplification-integration/build_preset_debug_gcc/csql_grammar.c: In function ‘yyuserAction’:
/home/vimkim/gh/cb/pr7925-simplification-integration/build_preset_debug_gcc/csql_grammar.c:42611:80: warning: implicit conversion from ‘enum pt_currency_types’ to ‘DB_CURRENCY’ [-Wenum-conversion]
42611 |                             pt_value_set_monetary (this_parser, val, str, txt, PT_CURRENCY_YEN);
      |                                                                                ^~~~~~~~~~~~~~~
/home/vimkim/gh/cb/pr7925-simplification-integration/build_preset_debug_gcc/csql_grammar.c:42631:80: warning: implicit conversion from ‘enum pt_currency_types’ to ‘DB_CURRENCY’ [-Wenum-conversion]
42631 |                             pt_value_set_monetary (this_parser, val, str, txt, PT_CURRENCY_DOLLAR);
      |                                                                                ^~~~~~~~~~~~~~~~~~
/home/vimkim/gh/cb/pr7925-simplification-integration/build_preset_debug_gcc/csql_grammar.c:42651:80: warning: implicit conversion from ‘enum pt_currency_types’ to ‘DB_CURRENCY’ [-Wenum-conversion]
42651 |                             pt_value_set_monetary (this_parser, val, str, txt, PT_CURRENCY_WON);
      |                                                                                ^~~~~~~~~~~~~~~
/home/vimkim/gh/cb/pr7925-simplification-integration/build_preset_debug_gcc/csql_grammar.c:42671:80: warning: implicit conversion from ‘enum pt_currency_types’ to ‘DB_CURRENCY’ [-Wenum-conversion]
42671 |                             pt_value_set_monetary (this_parser, val, str, txt, PT_CURRENCY_TL);
      |                                                                                ^~~~~~~~~~~~~~
/home/vimkim/gh/cb/pr7925-simplification-integration/build_preset_debug_gcc/csql_grammar.c:42691:80: warning: implicit conversion from ‘enum pt_currency_types’ to ‘DB_CURRENCY’ [-Wenum-conversion]
42691 |                             pt_value_set_monetary (this_parser, val, str, txt, PT_CURRENCY_BRITISH_POUND);
      |                                                                                ^~~~~~~~~~~~~~~~~~~~~~~~~
/home/vimkim/gh/cb/pr7925-simplification-integration/build_preset_debug_gcc/csql_grammar.c:42710:80: warning: implicit conversion from ‘enum pt_currency_types’ to ‘DB_CURRENCY’ [-Wenum-conversion]
42710 |                             pt_value_set_monetary (this_parser, val, str, txt, PT_CURRENCY_CAMBODIAN_RIEL);
      |                                                                                ^~~~~~~~~~~~~~~~~~~~~~~~~~
/home/vimkim/gh/cb/pr7925-simplification-integration/build_preset_debug_gcc/csql_grammar.c:42729:80: warning: implicit conversion from ‘enum pt_currency_types’ to ‘DB_CURRENCY’ [-Wenum-conversion]
42729 |                             pt_value_set_monetary (this_parser, val, str, txt, PT_CURRENCY_CHINESE_RENMINBI);
      |                                                                                ^~~~~~~~~~~~~~~~~~~~~~~~~~~~
/home/vimkim/gh/cb/pr7925-simplification-integration/build_preset_debug_gcc/csql_grammar.c:42748:80: warning: implicit conversion from ‘enum pt_currency_types’ to ‘DB_CURRENCY’ [-Wenum-conversion]
42748 |                             pt_value_set_monetary (this_parser, val, str, txt, PT_CURRENCY_INDIAN_RUPEE);
      |                                                                                ^~~~~~~~~~~~~~~~~~~~~~~~
/home/vimkim/gh/cb/pr7925-simplification-integration/build_preset_debug_gcc/csql_grammar.c:42767:80: warning: implicit conversion from ‘enum pt_currency_types’ to ‘DB_CURRENCY’ [-Wenum-conversion]
42767 |                             pt_value_set_monetary (this_parser, val, str, txt, PT_CURRENCY_RUSSIAN_RUBLE);
      |                                                                                ^~~~~~~~~~~~~~~~~~~~~~~~~
/home/vimkim/gh/cb/pr7925-simplification-integration/build_preset_debug_gcc/csql_grammar.c:42786:80: warning: implicit conversion from ‘enum pt_currency_types’ to ‘DB_CURRENCY’ [-Wenum-conversion]
42786 |                             pt_value_set_monetary (this_parser, val, str, txt, PT_CURRENCY_AUSTRALIAN_DOLLAR);
      |                                                                                ^~~~~~~~~~~~~~~~~~~~~~~~~~~~~
/home/vimkim/gh/cb/pr7925-simplification-integration/build_preset_debug_gcc/csql_grammar.c:42805:80: warning: implicit conversion from ‘enum pt_currency_types’ to ‘DB_CURRENCY’ [-Wenum-conversion]
42805 |                             pt_value_set_monetary (this_parser, val, str, txt, PT_CURRENCY_CANADIAN_DOLLAR);
      |                                                                                ^~~~~~~~~~~~~~~~~~~~~~~~~~~
/home/vimkim/gh/cb/pr7925-simplification-integration/build_preset_debug_gcc/csql_grammar.c:42824:80: warning: implicit conversion from ‘enum pt_currency_types’ to ‘DB_CURRENCY’ [-Wenum-conversion]
42824 |                             pt_value_set_monetary (this_parser, val, str, txt, PT_CURRENCY_BRASILIAN_REAL);
      |                                                                                ^~~~~~~~~~~~~~~~~~~~~~~~~~
/home/vimkim/gh/cb/pr7925-simplification-integration/build_preset_debug_gcc/csql_grammar.c:42843:80: warning: implicit conversion from ‘enum pt_currency_types’ to ‘DB_CURRENCY’ [-Wenum-conversion]
42843 |                             pt_value_set_monetary (this_parser, val, str, txt, PT_CURRENCY_ROMANIAN_LEU);
      |                                                                                ^~~~~~~~~~~~~~~~~~~~~~~~
/home/vimkim/gh/cb/pr7925-simplification-integration/build_preset_debug_gcc/csql_grammar.c:42862:80: warning: implicit conversion from ‘enum pt_currency_types’ to ‘DB_CURRENCY’ [-Wenum-conversion]
42862 |                             pt_value_set_monetary (this_parser, val, str, txt, PT_CURRENCY_EURO);
      |                                                                                ^~~~~~~~~~~~~~~~
/home/vimkim/gh/cb/pr7925-simplification-integration/build_preset_debug_gcc/csql_grammar.c:42881:80: warning: implicit conversion from ‘enum pt_currency_types’ to ‘DB_CURRENCY’ [-Wenum-conversion]
42881 |                             pt_value_set_monetary (this_parser, val, str, txt, PT_CURRENCY_SWISS_FRANC);
      |                                                                                ^~~~~~~~~~~~~~~~~~~~~~~
/home/vimkim/gh/cb/pr7925-simplification-integration/build_preset_debug_gcc/csql_grammar.c:42900:80: warning: implicit conversion from ‘enum pt_currency_types’ to ‘DB_CURRENCY’ [-Wenum-conversion]
42900 |                             pt_value_set_monetary (this_parser, val, str, txt, PT_CURRENCY_DANISH_KRONE);
      |                                                                                ^~~~~~~~~~~~~~~~~~~~~~~~
/home/vimkim/gh/cb/pr7925-simplification-integration/build_preset_debug_gcc/csql_grammar.c:42919:80: warning: implicit conversion from ‘enum pt_currency_types’ to ‘DB_CURRENCY’ [-Wenum-conversion]
42919 |                             pt_value_set_monetary (this_parser, val, str, txt, PT_CURRENCY_NORWEGIAN_KRONE);
      |                                                                                ^~~~~~~~~~~~~~~~~~~~~~~~~~~
/home/vimkim/gh/cb/pr7925-simplification-integration/build_preset_debug_gcc/csql_grammar.c:42938:80: warning: implicit conversion from ‘enum pt_currency_types’ to ‘DB_CURRENCY’ [-Wenum-conversion]
42938 |                             pt_value_set_monetary (this_parser, val, str, txt, PT_CURRENCY_BULGARIAN_LEV);
      |                                                                                ^~~~~~~~~~~~~~~~~~~~~~~~~
/home/vimkim/gh/cb/pr7925-simplification-integration/build_preset_debug_gcc/csql_grammar.c:42957:80: warning: implicit conversion from ‘enum pt_currency_types’ to ‘DB_CURRENCY’ [-Wenum-conversion]
42957 |                             pt_value_set_monetary (this_parser, val, str, txt, PT_CURRENCY_VIETNAMESE_DONG);
      |                                                                                ^~~~~~~~~~~~~~~~~~~~~~~~~~~
/home/vimkim/gh/cb/pr7925-simplification-integration/build_preset_debug_gcc/csql_grammar.c:42976:80: warning: implicit conversion from ‘enum pt_currency_types’ to ‘DB_CURRENCY’ [-Wenum-conversion]
42976 |                             pt_value_set_monetary (this_parser, val, str, txt, PT_CURRENCY_CZECH_KORUNA);
      |                                                                                ^~~~~~~~~~~~~~~~~~~~~~~~
/home/vimkim/gh/cb/pr7925-simplification-integration/build_preset_debug_gcc/csql_grammar.c:42995:80: warning: implicit conversion from ‘enum pt_currency_types’ to ‘DB_CURRENCY’ [-Wenum-conversion]
42995 |                             pt_value_set_monetary (this_parser, val, str, txt, PT_CURRENCY_POLISH_ZLOTY);
      |                                                                                ^~~~~~~~~~~~~~~~~~~~~~~~
/home/vimkim/gh/cb/pr7925-simplification-integration/build_preset_debug_gcc/csql_grammar.c:43014:80: warning: implicit conversion from ‘enum pt_currency_types’ to ‘DB_CURRENCY’ [-Wenum-conversion]
43014 |                             pt_value_set_monetary (this_parser, val, str, txt, PT_CURRENCY_SWEDISH_KRONA);
      |                                                                                ^~~~~~~~~~~~~~~~~~~~~~~~~
/home/vimkim/gh/cb/pr7925-simplification-integration/build_preset_debug_gcc/csql_grammar.c:43033:80: warning: implicit conversion from ‘enum pt_currency_types’ to ‘DB_CURRENCY’ [-Wenum-conversion]
43033 |                             pt_value_set_monetary (this_parser, val, str, txt, PT_CURRENCY_CROATIAN_KUNA);
      |                                                                                ^~~~~~~~~~~~~~~~~~~~~~~~~
/home/vimkim/gh/cb/pr7925-simplification-integration/build_preset_debug_gcc/csql_grammar.c:43052:80: warning: implicit conversion from ‘enum pt_currency_types’ to ‘DB_CURRENCY’ [-Wenum-conversion]
43052 |                             pt_value_set_monetary (this_parser, val, str, txt, PT_CURRENCY_SERBIAN_DINAR);
      |                                                                                ^~~~~~~~~~~~~~~~~~~~~~~~~
/home/vimkim/gh/cb/pr7925-simplification-integration/build_preset_debug_gcc/csql_grammar.c: In function ‘pt_value_set_monetary’:
/home/vimkim/gh/cb/pr7925-simplification-integration/build_preset_debug_gcc/csql_grammar.c:49108:42: warning: implicit conversion from ‘DB_CURRENCY’ to ‘PT_CURRENCY’ {aka ‘enum pt_currency_types’} [-Wenum-conversion]
49108 |   node->info.value.data_value.money.type = type;
      |                                          ^
[311/1305] Building CXX object sa/CMakeFiles/cubridsa.dir/__/load_lexer.cpp.o
[312/1305] Building CXX object sa/CMakeFiles/cubridsa.dir/__/src/storage/es.c.o
[313/1305] Building CXX object sa/CMakeFiles/cubridsa.dir/__/src/loaddb/load_driver.cpp.o
[314/1305] Building CXX object sa/CMakeFiles/cubridsa.dir/__/src/loaddb/load_common.cpp.o
[315/1305] Building CXX object sa/CMakeFiles/cubridsa.dir/__/src/loaddb/load_semantic_helper.cpp.o
[316/1305] Building CXX object sa/CMakeFiles/cubridsa.dir/__/src/transaction/recovery.c.o
[317/1305] Building CXX object sa/CMakeFiles/cubridsa.dir/__/src/optimizer/histogram/histogram_builder.cpp.o
[318/1305] Building CXX object sa/CMakeFiles/cubridsa.dir/__/src/optimizer/histogram/histogram_reader.cpp.o
[319/1305] Building CXX object cs/CMakeFiles/cubridcs.dir/__/src/executables/extract_schema.cpp.o
[320/1305] Building CXX object sa/CMakeFiles/cubridsa.dir/__/src/transaction/transaction_sr.c.o
[321/1305] Building CXX object sa/CMakeFiles/cubridsa.dir/__/src/storage/double_write_buffer.cpp.o
[322/1305] Building CXX object sa/CMakeFiles/cubridsa.dir/__/src/loaddb/load_error_handler.cpp.o
[323/1305] Building CXX object sa/CMakeFiles/cubridsa.dir/__/load_grammar.cpp.o
[324/1305] Building CXX object cs/CMakeFiles/cubridcs.dir/__/src/base/chartype.c.o
[325/1305] Building CXX object cs/CMakeFiles/cubridcs.dir/__/src/executables/csql_result.c.o
[326/1305] Building CXX object sa/CMakeFiles/cubridsa.dir/__/src/transaction/log_manager.c.o
[327/1305] Building CXX object cs/CMakeFiles/cubridcs.dir/__/src/executables/file_hash.c.o
[328/1305] Building CXX object cs/CMakeFiles/cubridcs.dir/__/src/base/dtoa.c.o
[329/1305] Building CXX object cs/CMakeFiles/cubridcs.dir/__/src/base/environment_variable.c.o
[330/1305] Building CXX object sa/CMakeFiles/cubridsa.dir/__/src/parser/parse_tree_cl.c.o
[331/1305] Building CXX object sa/CMakeFiles/cubridsa.dir/__/src/storage/bestspace.cpp.o
[332/1305] Building CXX object sa/CMakeFiles/cubridsa.dir/__/src/storage/compactdb_sr.c.o
[333/1305] Building CXX object sa/CMakeFiles/cubridsa.dir/__/src/session/session_sr.c.o
[334/1305] Building CXX object sa/CMakeFiles/cubridsa.dir/__/src/transaction/log_page_buffer.c.o
[335/1305] Building CXX object sa/CMakeFiles/cubridsa.dir/__/src/transaction/locator_sr.c.o
[336/1305] Building CXX object sa/CMakeFiles/cubridsa.dir/__/src/transaction/log_tran_table.c.o
[337/1305] Building CXX object sa/CMakeFiles/cubridsa.dir/__/src/storage/catalog_class.c.o
[338/1305] Building CXX object sa/CMakeFiles/cubridsa.dir/__/src/storage/btree_sort.c.o
[339/1305] Building CXX object cs/CMakeFiles/cubridcs.dir/__/src/base/cubrid_getopt_long.c.o
[340/1305] Building CXX object cs/CMakeFiles/cubridcs.dir/__/src/base/fault_injection.c.o
[341/1305] Building CXX object sa/CMakeFiles/cubridsa.dir/__/src/xasl/xasl_analytic.cpp.o
[342/1305] Building CXX object sa/CMakeFiles/cubridsa.dir/__/src/storage/external_sort.c.o
[343/1305] Building CXX object sa/CMakeFiles/cubridsa.dir/__/src/storage/disk_manager.c.o
[344/1305] Building CXX object sa/CMakeFiles/cubridsa.dir/__/src/xasl/xasl_predicate.cpp.o
[345/1305] Building CXX object cs/CMakeFiles/cubridcs.dir/__/src/base/encryption.c.o
[346/1305] Building C object cs/CMakeFiles/cubridcs.dir/__/src/compat/dbtype_function.c.o
[347/1305] Building CXX object sa/CMakeFiles/cubridsa.dir/__/src/storage/slotted_page.c.o
[348/1305] Building CXX object cs/CMakeFiles/cubridcs.dir/__/src/base/ini_parser.c.o
[349/1305] Building CXX object cs/CMakeFiles/cubridcs.dir/__/src/base/base64.c.o
[350/1305] Building CXX object sa/CMakeFiles/cubridsa.dir/__/src/storage/extendible_hash.c.o
[351/1305] Building CXX object cs/CMakeFiles/cubridcs.dir/__/src/base/fileline_location.cpp.o
[352/1305] Building CXX object cs/CMakeFiles/cubridcs.dir/__/src/compat/db_json_allocator.cpp.o
[353/1305] Building CXX object sa/CMakeFiles/cubridsa.dir/__/src/storage/heap_oos.cpp.o
[354/1305] Building CXX object sa/CMakeFiles/cubridsa.dir/__/src/storage/statistics_cl.c.o
[355/1305] Building CXX object sa/CMakeFiles/cubridsa.dir/__/src/parser/xasl_generation.c.o
[356/1305] Building CXX object sa/CMakeFiles/cubridsa.dir/__/src/parser/type_checking.c.o
[357/1305] Building CXX object cs/CMakeFiles/cubridcs.dir/__/src/base/fixed_alloc.c.o
[358/1305] Building CXX object cs/CMakeFiles/cubridcs.dir/__/src/base/misc_string.c.o
[359/1305] Building CXX object sa/CMakeFiles/cubridsa.dir/__/src/loaddb/load_object_table.c.o
[360/1305] Building CXX object cs/CMakeFiles/cubridcs.dir/__/src/base/mprec.c.o
[361/1305] Building CXX object cs/CMakeFiles/cubridcs.dir/__/src/base/message_catalog.c.o
[362/1305] Building CXX object cs/CMakeFiles/cubridcs.dir/__/src/base/locale_support.c.o
[363/1305] Building CXX object cs/CMakeFiles/cubridcs.dir/__/src/base/error_context.cpp.o
[364/1305] Building CXX object cs/CMakeFiles/cubridcs.dir/__/src/base/intl_support.c.o
[365/1305] Building CXX object cs/CMakeFiles/cubridcs.dir/__/src/base/get_clock_freq.c.o
[366/1305] Building CXX object sa/CMakeFiles/cubridsa.dir/__/src/storage/statistics_sr.c.o
[367/1305] Building CXX object cs/CMakeFiles/cubridcs.dir/__/src/base/hide_password.cpp.o
[368/1305] Building CXX object sa/CMakeFiles/cubridsa.dir/__/src/xasl/xasl_stream.cpp.o
[369/1305] Building CXX object cs/CMakeFiles/cubridcs.dir/__/src/executables/csql_result_format.c.o
[370/1305] Building CXX object sa/CMakeFiles/cubridsa.dir/__/src/session/session.c.o
[371/1305] Building CXX object sa/CMakeFiles/cubridsa.dir/__/src/storage/tde.c.o
[372/1305] Building CXX object cs/CMakeFiles/cubridcs.dir/__/src/base/lockfree_bitmap.cpp.o
[373/1305] Building CXX object cs/CMakeFiles/cubridcs.dir/__/src/base/porting.c.o
[374/1305] Building CXX object cs/CMakeFiles/cubridcs.dir/__/src/base/databases_file.c.o
[375/1305] Building CXX object cs/CMakeFiles/cubridcs.dir/__/src/base/process_util.c.o
[376/1305] Building CXX object cs/CMakeFiles/cubridcs.dir/__/src/base/tsc_timer.c.o
[377/1305] Building CXX object sa/CMakeFiles/cubridsa.dir/__/src/storage/btree_load.c.o
[378/1305] Building CXX object cs/CMakeFiles/cubridcs.dir/__/src/base/sha1.c.o
[379/1305] Building CXX object cs/CMakeFiles/cubridcs.dir/__/src/base/release_string.c.o
[380/1305] Building CXX object cs/CMakeFiles/cubridcs.dir/__/src/executables/csql_support.c.o
[381/1305] Building CXX object cs/CMakeFiles/cubridcs.dir/__/src/executables/csql_session.c.o
[382/1305] Building CXX object cs/CMakeFiles/cubridcs.dir/__/src/base/error_manager.c.o
[383/1305] Building CXX object cs/CMakeFiles/cubridcs.dir/__/src/base/locale_helper.cpp.o
[384/1305] Building CXX object cs/CMakeFiles/cubridcs.dir/__/src/executables/compactdb_common.c.o
[385/1305] Building CXX object cs/CMakeFiles/cubridcs.dir/__/src/base/variable_string.c.o
[386/1305] Building CXX object cs/CMakeFiles/cubridcs.dir/__/src/base/memory_private_allocator.cpp.o
[387/1305] Building CXX object sa/CMakeFiles/cubridsa.dir/__/src/xasl/xasl_iteration.cpp.o
[388/1305] Building CXX object cs/CMakeFiles/cubridcs.dir/__/src/base/filesys_temp.cpp.o
[389/1305] Building CXX object sa/CMakeFiles/cubridsa.dir/__/src/storage/oos_file.cpp.o
[390/1305] Building CXX object cs/CMakeFiles/cubridcs.dir/__/src/base/mem_block.cpp.o
[391/1305] Building CXX object cs/CMakeFiles/cubridcs.dir/__/src/base/uca_support.c.o
[392/1305] Building CXX object sa/CMakeFiles/cubridsa.dir/__/src/loaddb/load_object.c.o
[393/1305] Building CXX object cs/CMakeFiles/cubridcs.dir/__/src/executables/unload_object_file.c.o
[394/1305] Building CXX object cs/CMakeFiles/cubridcs.dir/__/src/base/perf.cpp.o
[395/1305] Building CXX object cs/CMakeFiles/cubridcs.dir/__/src/executables/util_common.c.o
[396/1305] Building CXX object sa/CMakeFiles/cubridsa.dir/__/src/storage/file_io.c.o
[397/1305] Building CXX object cs/CMakeFiles/cubridcs.dir/__/src/base/resource_tracker.cpp.o
[398/1305] Building CXX object cubrid/CMakeFiles/cubrid.dir/__/src/query/scan_json_table.cpp.o
[399/1305] Building CXX object cs/CMakeFiles/cubridcs.dir/__/src/base/unicode_support.c.o
[400/1305] Building CXX object cs/CMakeFiles/cubridcs.dir/__/src/base/packer.cpp.o
[401/1305] Building CXX object cs/CMakeFiles/cubridcs.dir/__/src/base/printer.cpp.o
[402/1305] Building CXX object cs/CMakeFiles/cubridcs.dir/__/src/base/xml_parser.c.o
[403/1305] Building CXX object cs/CMakeFiles/cubridcs.dir/__/src/base/string_buffer.cpp.o
[404/1305] Building CXX object cs/CMakeFiles/cubridcs.dir/__/src/base/pinnable_buffer.cpp.o
[405/1305] Building CXX object cs/CMakeFiles/cubridcs.dir/__/src/base/stack_dump.c.o
[406/1305] Building CXX object cs/CMakeFiles/cubridcs.dir/__/src/base/util_func.c.o
[407/1305] Building CXX object cs/CMakeFiles/cubridcs.dir/__/src/executables/unloaddb.c.o
[408/1305] Building CXX object sa/CMakeFiles/cubridsa.dir/__/src/loaddb/load_db.c.o
[409/1305] Building CXX object cs/CMakeFiles/cubridcs.dir/__/src/compat/db_elo.c.o
[410/1305] Building CXX object sa/CMakeFiles/cubridsa.dir/__/src/storage/page_buffer.c.o
[411/1305] Building CXX object sa/CMakeFiles/cubridsa.dir/__/src/storage/file_manager.c.o
[412/1305] Building CXX object cs/CMakeFiles/cubridcs.dir/__/src/executables/unload_object.c.o
[413/1305] Building CXX object cs/CMakeFiles/cubridcs.dir/__/src/communication/network_common.cpp.o
[414/1305] Building CXX object cs/CMakeFiles/cubridcs.dir/__/src/executables/csql.c.o
[415/1305] Building CXX object cs/CMakeFiles/cubridcs.dir/__/src/executables/compactdb_cl.c.o
[416/1305] Building CXX object cs/CMakeFiles/cubridcs.dir/__/src/compat/db_admin.c.o
[417/1305] Building CXX object cs/CMakeFiles/cubridcs.dir/__/src/heaplayers/lea_heap.c.o
[418/1305] Building CXX object cs/CMakeFiles/cubridcs.dir/__/src/executables/checksumdb.c.o
[419/1305] Building CXX object cs/CMakeFiles/cubridcs.dir/__/src/base/area_alloc.c.o
[420/1305] Building CXX object cs/CMakeFiles/cubridcs.dir/__/src/compat/db_macro.c.o
[421/1305] Building CXX object cs/CMakeFiles/cubridcs.dir/__/src/compat/db_method_static.cpp.o
[422/1305] Building CXX object cs/CMakeFiles/cubridcs.dir/__/src/communication/network_histogram.cpp.o
[423/1305] Building CXX object cs/CMakeFiles/cubridcs.dir/__/src/compat/db_set.c.o
[424/1305] Building CXX object sa/CMakeFiles/cubridsa.dir/__/src/storage/system_catalog.c.o
[425/1305] Building CXX object cs/CMakeFiles/cubridcs.dir/__/src/compat/db_virt.c.o
[426/1305] Building CXX object cs/CMakeFiles/cubridcs.dir/__/src/compat/db_info.c.o
[427/1305] Building CXX object cs/CMakeFiles/cubridcs.dir/__/src/compat/db_old.c.o
[428/1305] Building CXX object cs/CMakeFiles/cubridcs.dir/__/src/compat/db_value_printer.cpp.o
[429/1305] Building CXX object cs/CMakeFiles/cubridcs.dir/__/src/compat/db_obj.c.o
[430/1305] Building CXX object cs/CMakeFiles/cubridcs.dir/__/src/base/dynamic_load.c.o
[431/1305] Building CXX object cs/CMakeFiles/cubridcs.dir/__/src/connection/connection_less.cpp.o
[432/1305] Building CXX object cs/CMakeFiles/cubridcs.dir/__/src/compat/db_query.c.o
[433/1305] Building CXX object cs/CMakeFiles/cubridcs.dir/__/src/heaplayers/customheaps.cpp.o
[434/1305] Building CXX object cs/CMakeFiles/cubridcs.dir/__/src/compat/db_temp.c.o
[435/1305] Building CXX object cs/CMakeFiles/cubridcs.dir/__/src/connection/connection_list_cl.cpp.o
[436/1305] Building CXX object sa/CMakeFiles/cubridsa.dir/__/src/loaddb/load_sa_loader.cpp.o
[437/1305] Building CXX object cs/CMakeFiles/cubridcs.dir/__/src/executables/util_cs.c.o
[438/1305] Building CXX object cs/CMakeFiles/cubridcs.dir/__/src/executables/unload_schema.c.o
[439/1305] Building CXX object cs/CMakeFiles/cubridcs.dir/__/src/connection/connection_globals.c.o
[440/1305] Building CXX object cs/CMakeFiles/cubridcs.dir/__/src/base/filesys_parser.cpp.o
[441/1305] Building CXX object cs/CMakeFiles/cubridcs.dir/__/src/connection/host_lookup.c.o
[442/1305] Building CXX object cs/CMakeFiles/cubridcs.dir/__/src/connection/heartbeat.c.o
[443/1305] Building CXX object cs/CMakeFiles/cubridcs.dir/__/src/connection/tcp.c.o
[444/1305] Building CXX object cubrid/CMakeFiles/cubrid.dir/__/src/query/scan_manager.c.o
[445/1305] Building CXX object sa/CMakeFiles/cubridsa.dir/__/src/optimizer/histogram/histogram_cl.cpp.o
[446/1305] Building CXX object cs/CMakeFiles/cubridcs.dir/__/src/object/object_print_util.cpp.o
[447/1305] Building CXX object cs/CMakeFiles/cubridcs.dir/__/src/compat/db_json_path.cpp.o
[448/1305] Building CXX object cs/CMakeFiles/cubridcs.dir/__/src/object/quick_fit.c.o
[449/1305] Building CXX object cs/CMakeFiles/cubridcs.dir/__/src/object/elo.c.o
[450/1305] Building CXX object cs/CMakeFiles/cubridcs.dir/__/src/object/identifier_store.cpp.o
[451/1305] Building CXX object cs/CMakeFiles/cubridcs.dir/__/src/compat/db_vdb.c.o
[452/1305] Building CXX object cs/CMakeFiles/cubridcs.dir/__/src/base/cgroup.cpp.o
[453/1305] Building CXX object cs/CMakeFiles/cubridcs.dir/__/src/optimizer/query_bitset.c.o
[454/1305] Building CXX object cs/CMakeFiles/cubridcs.dir/__/src/base/memory_alloc.c.o
[455/1305] Building CXX object cs/CMakeFiles/cubridcs.dir/__/src/connection/connection_cl.cpp.o
[456/1305] Building CXX object cs/CMakeFiles/cubridcs.dir/__/src/object/schema_information_schema.cpp.o
[457/1305] Building CXX object cs/CMakeFiles/cubridcs.dir/__/src/object/transform.c.o
[458/1305] Building CXX object cs/CMakeFiles/cubridcs.dir/__/src/base/memory_hash.c.o
[459/1305] Building CXX object cs/CMakeFiles/cubridcs.dir/__/src/object/schema_information_schema_definition.cpp.o
[460/1305] Building CXX object cs/CMakeFiles/cubridcs.dir/__/src/base/resources.cpp.o
[461/1305] Building CXX object cs/CMakeFiles/cubridcs.dir/__/src/base/perf_monitor.c.o
[462/1305] Building CXX object cs/CMakeFiles/cubridcs.dir/__/src/communication/network_callback_cl.cpp.o
[463/1305] Building CXX object cs/CMakeFiles/cubridcs.dir/__/src/base/language_support.c.o
[464/1305] Building CXX object cs/CMakeFiles/cubridcs.dir/__/src/base/ddl_log.c.o
[465/1305] Building C object cs/CMakeFiles/cubridcs.dir/__/csql_lexer.c.o
[466/1305] Building CXX object cs/CMakeFiles/cubridcs.dir/__/src/connection/client_support.cpp.o
[467/1305] Building CXX object cs/CMakeFiles/cubridcs.dir/__/src/base/tz_support.c.o
[468/1305] Building CXX object cs/CMakeFiles/cubridcs.dir/__/src/communication/network_cl.c.o
[469/1305] Building CXX object cs/CMakeFiles/cubridcs.dir/__/src/object/authenticate.c.o
[470/1305] Building CXX object cs/CMakeFiles/cubridcs.dir/__/src/object/authenticate_owner.cpp.o
[471/1305] Building CXX object cs/CMakeFiles/cubridcs.dir/__/src/object/authenticate_password.cpp.o
[472/1305] Building CXX object cs/CMakeFiles/cubridcs.dir/__/src/base/system_parameter.c.o
[473/1305] Building CXX object cs/CMakeFiles/cubridcs.dir/__/src/object/deduplicate_key.c.o
[474/1305] Building CXX object sa/CMakeFiles/cubridsa.dir/__/src/storage/btree.c.o
[475/1305] Building CXX object cs/CMakeFiles/cubridcs.dir/__/src/connection/connection_support.cpp.o
[476/1305] Building CXX object cs/CMakeFiles/cubridcs.dir/__/src/object/authenticate_access_class.cpp.o
[477/1305] Building CXX object cs/CMakeFiles/cubridcs.dir/__/src/object/class_description.cpp.o
[478/1305] Building CXX object cs/CMakeFiles/cubridcs.dir/__/src/object/lob_locator.cpp.o
[479/1305] Building CXX object cs/CMakeFiles/cubridcs.dir/__/src/object/authenticate_grant.cpp.o
[480/1305] Building CXX object cs/CMakeFiles/cubridcs.dir/__/src/object/object_description.cpp.o
[481/1305] Building CXX object cs/CMakeFiles/cubridcs.dir/__/src/object/authenticate_cache.cpp.o
[482/1305] Building CXX object cs/CMakeFiles/cubridcs.dir/__/src/object/authenticate_migration.cpp.o
[483/1305] Building CXX object cs/CMakeFiles/cubridcs.dir/__/src/object/authenticate_access_user.cpp.o
[484/1305] Building CXX object cs/CMakeFiles/cubridcs.dir/__/src/object/authenticate_context.cpp.o
[485/1305] Building CXX object cs/CMakeFiles/cubridcs.dir/__/src/object/authenticate_access_auth.cpp.o
[486/1305] Building CXX object cs/CMakeFiles/cubridcs.dir/__/src/api/cubrid_log.c.o
[487/1305] Building CXX object sa/CMakeFiles/cubridsa.dir/__/src/storage/heap_file.c.o
[488/1305] Building CXX object cs/CMakeFiles/cubridcs.dir/__/src/object/object_printer.cpp.o
[489/1305] Building CXX object cs/CMakeFiles/cubridcs.dir/__/src/object/schema_system_catalog_install_query_spec.cpp.o
[490/1305] Building CXX object cs/CMakeFiles/cubridcs.dir/__/src/object/schema_system_catalog.cpp.o
[491/1305] Building CXX object cs/CMakeFiles/cubridcs.dir/__/src/object/object_template.c.o
[492/1305] Building CXX object cs/CMakeFiles/cubridcs.dir/__/src/object/schema_system_catalog_definition.cpp.o
[493/1305] Building CXX object cs/CMakeFiles/cubridcs.dir/__/src/object/object_accessor.c.o
[494/1305] Building CXX object cs/CMakeFiles/cubridcs.dir/__/src/object/schema_system_catalog_builder.cpp.o
[495/1305] Building CXX object cs/CMakeFiles/cubridcs.dir/__/src/object/schema_information_schema_install_query_spec.cpp.o
[496/1305] Building CXX object cs/CMakeFiles/cubridcs.dir/__/src/object/object_print.c.o
[497/1305] Building CXX object cs/CMakeFiles/cubridcs.dir/__/src/object/object_representation.c.o
[498/1305] Building CXX object cs/CMakeFiles/cubridcs.dir/__/src/object/schema_information_schema_builder.cpp.o
[499/1305] Building CXX object cs/CMakeFiles/cubridcs.dir/__/src/object/trigger_description.cpp.o
[500/1305] Building CXX object cs/CMakeFiles/cubridcs.dir/__/src/object/class_object.c.o
[501/1305] Building CXX object cs/CMakeFiles/cubridcs.dir/__/src/object/schema_template.c.o
[502/1305] Building CXX object cs/CMakeFiles/cubridcs.dir/__/src/optimizer/rewriter/query_rewrite_subquery.c.o
[503/1305] Building CXX object cs/CMakeFiles/cubridcs.dir/__/src/object/schema_class_truncator.cpp.o
[504/1305] Building CXX object cs/CMakeFiles/cubridcs.dir/__/src/communication/network_interface_cl.c.o
/home/vimkim/gh/cb/pr7925-simplification-integration/src/communication/network_interface_cl.c: In function ‘int heap_create(HFID*, const OID*, bool)’:
/home/vimkim/gh/cb/pr7925-simplification-integration/src/communication/network_interface_cl.c:1677:22: warning: ‘request’ may be used uninitialized [-Wmaybe-uninitialized]
 1677 |   ptr = or_pack_hfid (request, hfid);
      |         ~~~~~~~~~~~~~^~~~~~~~~~~~~~~
In file included from /home/vimkim/gh/cb/pr7925-simplification-integration/src/communication/network_interface_cl.c:56:
/home/vimkim/gh/cb/pr7925-simplification-integration/src/base/object_representation.h:1154:14: note: by argument 1 of type ‘const char*’ to ‘char* or_pack_hfid(const char*, const HFID*)’ declared here
 1154 | extern char *or_pack_hfid (const char *ptr, const HFID * hfid);
      |              ^~~~~~~~~~~~
/home/vimkim/gh/cb/pr7925-simplification-integration/src/communication/network_interface_cl.c:1669:61: note: ‘a_request’ declared here
 1669 |   OR_ALIGNED_BUF (OR_HFID_SIZE + OR_OID_SIZE + OR_INT_SIZE) a_request;
      |                                                             ^~~~~~~~~
/home/vimkim/gh/cb/pr7925-simplification-integration/src/communication/network_interface_cl.c: In function ‘int heap_destroy_newly_created(const HFID*, const OID*, bool)’:
/home/vimkim/gh/cb/pr7925-simplification-integration/src/communication/network_interface_cl.c:1777:22: warning: ‘request’ may be used uninitialized [-Wmaybe-uninitialized]
 1777 |   ptr = or_pack_hfid (request, hfid);
      |         ~~~~~~~~~~~~~^~~~~~~~~~~~~~~
In file included from /home/vimkim/gh/cb/pr7925-simplification-integration/src/communication/network_interface_cl.c:56:
/home/vimkim/gh/cb/pr7925-simplification-integration/src/base/object_representation.h:1154:14: note: by argument 1 of type ‘const char*’ to ‘char* or_pack_hfid(const char*, const HFID*)’ declared here
 1154 | extern char *or_pack_hfid (const char *ptr, const HFID * hfid);
      |              ^~~~~~~~~~~~
/home/vimkim/gh/cb/pr7925-simplification-integration/src/communication/network_interface_cl.c:1769:61: note: ‘a_request’ declared here
 1769 |   OR_ALIGNED_BUF (OR_HFID_SIZE + OR_OID_SIZE + OR_INT_SIZE) a_request;
      |                                                             ^~~~~~~~~
/home/vimkim/gh/cb/pr7925-simplification-integration/src/communication/network_interface_cl.c: In function ‘int heap_get_class_num_objects_pages(HFID*, int, int*, int*)’:
/home/vimkim/gh/cb/pr7925-simplification-integration/src/communication/network_interface_cl.c:1829:22: warning: ‘request’ may be used uninitialized [-Wmaybe-uninitialized]
 1829 |   ptr = or_pack_hfid (request, hfid);
      |         ~~~~~~~~~~~~~^~~~~~~~~~~~~~~
In file included from /home/vimkim/gh/cb/pr7925-simplification-integration/src/communication/network_interface_cl.c:56:
/home/vimkim/gh/cb/pr7925-simplification-integration/src/base/object_representation.h:1154:14: note: by argument 1 of type ‘const char*’ to ‘char* or_pack_hfid(const char*, const HFID*)’ declared here
 1154 | extern char *or_pack_hfid (const char *ptr, const HFID * hfid);
      |              ^~~~~~~~~~~~
/home/vimkim/gh/cb/pr7925-simplification-integration/src/communication/network_interface_cl.c:1820:47: note: ‘a_request’ declared here
 1820 |   OR_ALIGNED_BUF (OR_HFID_SIZE + OR_INT_SIZE) a_request;
      |                                               ^~~~~~~~~
/home/vimkim/gh/cb/pr7925-simplification-integration/src/communication/network_interface_cl.c: In function ‘int heap_has_instance(HFID*, OID*, int)’:
/home/vimkim/gh/cb/pr7925-simplification-integration/src/communication/network_interface_cl.c:1883:22: warning: ‘request’ may be used uninitialized [-Wmaybe-uninitialized]
 1883 |   ptr = or_pack_hfid (request, hfid);
      |         ~~~~~~~~~~~~~^~~~~~~~~~~~~~~
In file included from /home/vimkim/gh/cb/pr7925-simplification-integration/src/communication/network_interface_cl.c:56:
/home/vimkim/gh/cb/pr7925-simplification-integration/src/base/object_representation.h:1154:14: note: by argument 1 of type ‘const char*’ to ‘char* or_pack_hfid(const char*, const HFID*)’ declared here
 1154 | extern char *or_pack_hfid (const char *ptr, const HFID * hfid);
      |              ^~~~~~~~~~~~
/home/vimkim/gh/cb/pr7925-simplification-integration/src/communication/network_interface_cl.c:1874:61: note: ‘a_request’ declared here
 1874 |   OR_ALIGNED_BUF (OR_HFID_SIZE + OR_OID_SIZE + OR_INT_SIZE) a_request;
      |                                                             ^~~~~~~~~
/home/vimkim/gh/cb/pr7925-simplification-integration/src/communication/network_interface_cl.c: In function ‘int heap_reclaim_addresses(const HFID*)’:
/home/vimkim/gh/cb/pr7925-simplification-integration/src/communication/network_interface_cl.c:1932:22: warning: ‘request’ may be used uninitialized [-Wmaybe-uninitialized]
 1932 |   ptr = or_pack_hfid (request, hfid);
      |         ~~~~~~~~~~~~~^~~~~~~~~~~~~~~
In file included from /home/vimkim/gh/cb/pr7925-simplification-integration/src/communication/network_interface_cl.c:56:
/home/vimkim/gh/cb/pr7925-simplification-integration/src/base/object_representation.h:1154:14: note: by argument 1 of type ‘const char*’ to ‘char* or_pack_hfid(const char*, const HFID*)’ declared here
 1154 | extern char *or_pack_hfid (const char *ptr, const HFID * hfid);
      |              ^~~~~~~~~~~~
/home/vimkim/gh/cb/pr7925-simplification-integration/src/communication/network_interface_cl.c:1924:47: note: ‘a_request’ declared here
 1924 |   OR_ALIGNED_BUF (OR_HFID_SIZE + OR_INT_SIZE) a_request;
      |                                               ^~~~~~~~~
/home/vimkim/gh/cb/pr7925-simplification-integration/src/communication/network_interface_cl.c: In function ‘int lob_remove_dir(HFID*, int)’:
/home/vimkim/gh/cb/pr7925-simplification-integration/src/communication/network_interface_cl.c:11939:22: warning: ‘request’ may be used uninitialized [-Wmaybe-uninitialized]
11939 |   ptr = or_pack_hfid (request, hfid);
      |         ~~~~~~~~~~~~~^~~~~~~~~~~~~~~
In file included from /home/vimkim/gh/cb/pr7925-simplification-integration/src/communication/network_interface_cl.c:56:
/home/vimkim/gh/cb/pr7925-simplification-integration/src/base/object_representation.h:1154:14: note: by argument 1 of type ‘const char*’ to ‘char* or_pack_hfid(const char*, const HFID*)’ declared here
 1154 | extern char *or_pack_hfid (const char *ptr, const HFID * hfid);
      |              ^~~~~~~~~~~~
/home/vimkim/gh/cb/pr7925-simplification-integration/src/communication/network_interface_cl.c:11928:47: note: ‘a_request’ declared here
11928 |   OR_ALIGNED_BUF (OR_HFID_SIZE + OR_INT_SIZE) a_request;
      |                                               ^~~~~~~~~
At global scope:
cc1plus: note: unrecognized command-line option ‘-Wno-template-body’ may have been intended to silence earlier diagnostics
[505/1305] Building CXX object cs/CMakeFiles/cubridcs.dir/__/src/object/virtual_object.c.o
[506/1305] Building CXX object cs/CMakeFiles/cubridcs.dir/__/src/object/set_object.c.o
[507/1305] Building CXX object sa/CMakeFiles/cubridsa.dir/__/src/optimizer/histogram/histogram_sampler_sr.cpp.o
[508/1305] Building CXX object cs/CMakeFiles/cubridcs.dir/__/src/optimizer/rewriter/query_rewrite_auto_parameterize.c.o
[509/1305] Building CXX object cs/CMakeFiles/cubridcs.dir/__/src/optimizer/rewriter/query_rewrite_set.c.o
[510/1305] Building CXX object cs/CMakeFiles/cubridcs.dir/__/src/parser/cnf.c.o
[511/1305] Building CXX object cs/CMakeFiles/cubridcs.dir/__/src/object/transform_cl.c.o
[512/1305] Building CXX object cs/CMakeFiles/cubridcs.dir/__/src/object/trigger_manager.c.o
[513/1305] Building CXX object cs/CMakeFiles/cubridcs.dir/__/src/object/object_domain.c.o
[514/1305] Building CXX object cs/CMakeFiles/cubridcs.dir/__/src/optimizer/rewriter/query_rewrite.c.o
[515/1305] Building CXX object cs/CMakeFiles/cubridcs.dir/__/src/parser/keyword.c.o
[516/1305] Building CXX object cs/CMakeFiles/cubridcs.dir/__/src/compat/db_json.cpp.o
[517/1305] Building CXX object cs/CMakeFiles/cubridcs.dir/__/src/parser/double_byte_support.c.o
[518/1305] Building CXX object cs/CMakeFiles/cubridcs.dir/__/src/object/work_space.c.o
[519/1305] Building CXX object cs/CMakeFiles/cubridcs.dir/__/src/optimizer/plan_generation.c.o
[520/1305] Building CXX object cs/CMakeFiles/cubridcs.dir/__/src/optimizer/rewriter/query_rewrite_select.c.o
[521/1305] Building CXX object cs/CMakeFiles/cubridcs.dir/__/src/optimizer/rewriter/query_rewrite_term.c.o
[522/1305] Building CXX object cs/CMakeFiles/cubridcs.dir/__/src/sp/pl_signature.cpp.o
[523/1305] Building CXX object cs/CMakeFiles/cubridcs.dir/__/src/method/method_error.cpp.o
[524/1305] Building CXX object cs/CMakeFiles/cubridcs.dir/__/src/transaction/log_lsa.cpp.o
[525/1305] Building CXX object cs/CMakeFiles/cubridcs.dir/__/src/storage/byte_order.c.o
[526/1305] Building CXX object cs/CMakeFiles/cubridcs.dir/__/src/parser/method_transform.c.o
[527/1305] Building CXX object cs/CMakeFiles/cubridcs.dir/__/src/parser/parse_type.cpp.o
[528/1305] Building CXX object cs/CMakeFiles/cubridcs.dir/__/src/object/schema_manager.c.o
[529/1305] Building CXX object cs/CMakeFiles/cubridcs.dir/__/src/parser/parse_tree.c.o
[530/1305] Building CXX object cs/CMakeFiles/cubridcs.dir/__/src/object/object_primitive.c.o
[531/1305] Building CXX object cs/CMakeFiles/cubridcs.dir/__/src/optimizer/query_graph.c.o
[532/1305] Building CXX object cs/CMakeFiles/cubridcs.dir/__/src/method/method_struct_parameter_info.cpp.o
[533/1305] Building CXX object cs/CMakeFiles/cubridcs.dir/__/src/parser/func_type.cpp.o
[534/1305] Building CXX object cs/CMakeFiles/cubridcs.dir/__/src/parser/compile.c.o
[535/1305] Building CXX object cs/CMakeFiles/cubridcs.dir/__/src/storage/es_posix.c.o
[536/1305] Building CXX object cs/CMakeFiles/cubridcs.dir/__/src/query/crypt_opfunc.c.o
[537/1305] Building CXX object cs/CMakeFiles/cubridcs.dir/__/src/parser/parse_dbi.c.o
[538/1305] Building CXX object cs/CMakeFiles/cubridcs.dir/__/src/parser/parser_allocator.cpp.o
[539/1305] Building CXX object cs/CMakeFiles/cubridcs.dir/__/src/storage/es_owfs.c.o
[540/1305] Building CXX object cs/CMakeFiles/cubridcs.dir/__/src/object/schema_information_schema_install.cpp.o
[541/1305] Building CXX object cs/CMakeFiles/cubridcs.dir/__/src/query/string_regex_re2.cpp.o
[542/1305] Building CXX object cs/CMakeFiles/cubridcs.dir/__/src/method/method_struct_invoke.cpp.o
[543/1305] Building CXX object cs/CMakeFiles/cubridcs.dir/__/src/parser/parse_evaluate.c.o
[544/1305] Building CXX object cs/CMakeFiles/cubridcs.dir/__/src/transaction/locator.c.o
[545/1305] Building CXX object cs/CMakeFiles/cubridcs.dir/__/src/method/method_struct_schema_info.cpp.o
[546/1305] Building CXX object cs/CMakeFiles/cubridcs.dir/__/src/method/method_struct_oid_info.cpp.o
[547/1305] Building CXX object cs/CMakeFiles/cubridcs.dir/__/src/transaction/log_compress.c.o
[548/1305] Building CXX object cs/CMakeFiles/cubridcs.dir/__/src/transaction/client_credentials.cpp.o
[549/1305] Building CXX object cs/CMakeFiles/cubridcs.dir/__/src/storage/oid.c.o
[550/1305] Building CXX object cs/CMakeFiles/cubridcs.dir/__/src/method/method_query_util.cpp.o
[551/1305] Building CXX object cs/CMakeFiles/cubridcs.dir/__/src/parser/scanner_support.c.o
[552/1305] Building CXX object cs/CMakeFiles/cubridcs.dir/__/src/storage/es_common.c.o
[553/1305] Building CXX object cs/CMakeFiles/cubridcs.dir/__/src/method/method_oid_handler.cpp.o
[554/1305] Building CXX object cs/CMakeFiles/cubridcs.dir/__/src/optimizer/query_planner.c.o
[555/1305] Building CXX object cs/CMakeFiles/cubridcs.dir/__/src/sp/pl_struct_compile.cpp.o
[556/1305] Building CXX object cs/CMakeFiles/cubridcs.dir/__/src/parser/query_result.c.o
[557/1305] Building CXX object cs/CMakeFiles/cubridcs.dir/__/src/parser/xasl_regu_alloc.cpp.o
[558/1305] Building CXX object cs/CMakeFiles/cubridcs.dir/__/src/object/schema_system_catalog_install.cpp.o
[559/1305] Building CXX object cs/CMakeFiles/cubridcs.dir/__/src/method/method_struct_query.cpp.o
[560/1305] Building CXX object cs/CMakeFiles/cubridcs.dir/__/src/xasl/xasl_unpack_info.cpp.o
[561/1305] Building CXX object cs/CMakeFiles/cubridcs.dir/__/src/storage/storage_common.c.o
[562/1305] Building CXX object cs/CMakeFiles/cubridcs.dir/__/src/query/qfile_tuple_layout.c.o
[563/1305] Building CXX object cs/CMakeFiles/cubridcs.dir/__/src/parser/show_meta.c.o
[564/1305] Building CXX object cs/CMakeFiles/cubridcs.dir/__/src/query/numeric_opfunc.c.o
[565/1305] Building CXX object cs/CMakeFiles/cubridcs.dir/__/src/query/string_regex.cpp.o
[566/1305] Building CXX object cs/CMakeFiles/cubridcs.dir/__/src/storage/tde.c.o
[567/1305] Building CXX object cs/CMakeFiles/cubridcs.dir/__/src/query/regu_var.cpp.o
[568/1305] Building CXX object cs/CMakeFiles/cubridcs.dir/__/src/xasl/access_json_table.cpp.o
[569/1305] Building CXX object cs/CMakeFiles/cubridcs.dir/__/src/parser/name_resolution.c.o
[570/1305] Building CXX object cs/CMakeFiles/cubridcs.dir/__/src/query/query_cl.c.o
[571/1305] Building CXX object cs/CMakeFiles/cubridcs.dir/__/src/parser/parser_support.c.o
[572/1305] Building CXX object cs/CMakeFiles/cubridcs.dir/__/src/query/query_dump.c.o
[573/1305] Building CXX object cs/CMakeFiles/cubridcs.dir/__/src/query/cursor.c.o
[574/1305] Building CXX object cs/CMakeFiles/cubridcs.dir/__/src/optimizer/histogram/histogram_reader.cpp.o
[575/1305] Building CXX object cs/CMakeFiles/cubridcs.dir/__/src/sp/pl_comm.c.o
[576/1305] Building CXX object cs/CMakeFiles/cubridcs.dir/__/src/loaddb/load_common.cpp.o
[577/1305] Building CXX object cs/CMakeFiles/cubridcs.dir/__/src/storage/file_io.c.o
[578/1305] Building CXX object cs/CMakeFiles/cubridcs.dir/__/src/method/method_struct_value.cpp.o
[579/1305] Building CXX object cs/CMakeFiles/cubridcs.dir/__/src/query/xasl_to_stream.c.o
[580/1305] Building CXX object cs/CMakeFiles/cubridcs.dir/__/src/parser/view_transform.c.o
[581/1305] Building CXX object cs/CMakeFiles/cubridcs.dir/__/src/optimizer/histogram/histogram_builder.cpp.o
[582/1305] Building CXX object cs/CMakeFiles/cubridcs.dir/__/src/parser/semantic_check.c.o
[583/1305] Building CXX object cs/CMakeFiles/cubridcs.dir/__/src/transaction/log_comm.c.o
[584/1305] Building CXX object cs/CMakeFiles/cubridcs.dir/__/src/transaction/log_applier_sql_log.c.o
[585/1305] Building CXX object cs/CMakeFiles/cubridcs.dir/__/src/parser/parse_tree_cl.c.o
[586/1305] Building CXX object cs/CMakeFiles/cubridcs.dir/__/src/sp/jsp_cl.cpp.o
[587/1305] Building CXX object cs/CMakeFiles/cubridcs.dir/__/src/method/method_schema_info.cpp.o
[588/1305] Building CXX object cs/CMakeFiles/cubridcs.dir/__/src/method/method_query_handler.cpp.o
[589/1305] Building CXX object cs/CMakeFiles/cubridcs.dir/__/src/xasl/xasl_analytic.cpp.o
[590/1305] Building CXX object cs/CMakeFiles/cubridcs.dir/__/src/query/arithmetic.c.o
[591/1305] Building CXX object cs/CMakeFiles/cubridcs.dir/__/src/storage/es.c.o
[592/1305] Building C object cs/CMakeFiles/cubridcs.dir/__/csql_grammar.c.o
/home/vimkim/gh/cb/pr7925-simplification-integration/build_preset_debug_gcc/csql_grammar.c: In function ‘yyuserAction’:
/home/vimkim/gh/cb/pr7925-simplification-integration/build_preset_debug_gcc/csql_grammar.c:42611:80: warning: implicit conversion from ‘enum pt_currency_types’ to ‘DB_CURRENCY’ [-Wenum-conversion]
42611 |                             pt_value_set_monetary (this_parser, val, str, txt, PT_CURRENCY_YEN);
      |                                                                                ^~~~~~~~~~~~~~~
/home/vimkim/gh/cb/pr7925-simplification-integration/build_preset_debug_gcc/csql_grammar.c:42631:80: warning: implicit conversion from ‘enum pt_currency_types’ to ‘DB_CURRENCY’ [-Wenum-conversion]
42631 |                             pt_value_set_monetary (this_parser, val, str, txt, PT_CURRENCY_DOLLAR);
      |                                                                                ^~~~~~~~~~~~~~~~~~
/home/vimkim/gh/cb/pr7925-simplification-integration/build_preset_debug_gcc/csql_grammar.c:42651:80: warning: implicit conversion from ‘enum pt_currency_types’ to ‘DB_CURRENCY’ [-Wenum-conversion]
42651 |                             pt_value_set_monetary (this_parser, val, str, txt, PT_CURRENCY_WON);
      |                                                                                ^~~~~~~~~~~~~~~
/home/vimkim/gh/cb/pr7925-simplification-integration/build_preset_debug_gcc/csql_grammar.c:42671:80: warning: implicit conversion from ‘enum pt_currency_types’ to ‘DB_CURRENCY’ [-Wenum-conversion]
42671 |                             pt_value_set_monetary (this_parser, val, str, txt, PT_CURRENCY_TL);
      |                                                                                ^~~~~~~~~~~~~~
/home/vimkim/gh/cb/pr7925-simplification-integration/build_preset_debug_gcc/csql_grammar.c:42691:80: warning: implicit conversion from ‘enum pt_currency_types’ to ‘DB_CURRENCY’ [-Wenum-conversion]
42691 |                             pt_value_set_monetary (this_parser, val, str, txt, PT_CURRENCY_BRITISH_POUND);
      |                                                                                ^~~~~~~~~~~~~~~~~~~~~~~~~
/home/vimkim/gh/cb/pr7925-simplification-integration/build_preset_debug_gcc/csql_grammar.c:42710:80: warning: implicit conversion from ‘enum pt_currency_types’ to ‘DB_CURRENCY’ [-Wenum-conversion]
42710 |                             pt_value_set_monetary (this_parser, val, str, txt, PT_CURRENCY_CAMBODIAN_RIEL);
      |                                                                                ^~~~~~~~~~~~~~~~~~~~~~~~~~
/home/vimkim/gh/cb/pr7925-simplification-integration/build_preset_debug_gcc/csql_grammar.c:42729:80: warning: implicit conversion from ‘enum pt_currency_types’ to ‘DB_CURRENCY’ [-Wenum-conversion]
42729 |                             pt_value_set_monetary (this_parser, val, str, txt, PT_CURRENCY_CHINESE_RENMINBI);
      |                                                                                ^~~~~~~~~~~~~~~~~~~~~~~~~~~~
/home/vimkim/gh/cb/pr7925-simplification-integration/build_preset_debug_gcc/csql_grammar.c:42748:80: warning: implicit conversion from ‘enum pt_currency_types’ to ‘DB_CURRENCY’ [-Wenum-conversion]
42748 |                             pt_value_set_monetary (this_parser, val, str, txt, PT_CURRENCY_INDIAN_RUPEE);
      |                                                                                ^~~~~~~~~~~~~~~~~~~~~~~~
/home/vimkim/gh/cb/pr7925-simplification-integration/build_preset_debug_gcc/csql_grammar.c:42767:80: warning: implicit conversion from ‘enum pt_currency_types’ to ‘DB_CURRENCY’ [-Wenum-conversion]
42767 |                             pt_value_set_monetary (this_parser, val, str, txt, PT_CURRENCY_RUSSIAN_RUBLE);
      |                                                                                ^~~~~~~~~~~~~~~~~~~~~~~~~
/home/vimkim/gh/cb/pr7925-simplification-integration/build_preset_debug_gcc/csql_grammar.c:42786:80: warning: implicit conversion from ‘enum pt_currency_types’ to ‘DB_CURRENCY’ [-Wenum-conversion]
42786 |                             pt_value_set_monetary (this_parser, val, str, txt, PT_CURRENCY_AUSTRALIAN_DOLLAR);
      |                                                                                ^~~~~~~~~~~~~~~~~~~~~~~~~~~~~
/home/vimkim/gh/cb/pr7925-simplification-integration/build_preset_debug_gcc/csql_grammar.c:42805:80: warning: implicit conversion from ‘enum pt_currency_types’ to ‘DB_CURRENCY’ [-Wenum-conversion]
42805 |                             pt_value_set_monetary (this_parser, val, str, txt, PT_CURRENCY_CANADIAN_DOLLAR);
      |                                                                                ^~~~~~~~~~~~~~~~~~~~~~~~~~~
/home/vimkim/gh/cb/pr7925-simplification-integration/build_preset_debug_gcc/csql_grammar.c:42824:80: warning: implicit conversion from ‘enum pt_currency_types’ to ‘DB_CURRENCY’ [-Wenum-conversion]
42824 |                             pt_value_set_monetary (this_parser, val, str, txt, PT_CURRENCY_BRASILIAN_REAL);
      |                                                                                ^~~~~~~~~~~~~~~~~~~~~~~~~~
/home/vimkim/gh/cb/pr7925-simplification-integration/build_preset_debug_gcc/csql_grammar.c:42843:80: warning: implicit conversion from ‘enum pt_currency_types’ to ‘DB_CURRENCY’ [-Wenum-conversion]
42843 |                             pt_value_set_monetary (this_parser, val, str, txt, PT_CURRENCY_ROMANIAN_LEU);
      |                                                                                ^~~~~~~~~~~~~~~~~~~~~~~~
/home/vimkim/gh/cb/pr7925-simplification-integration/build_preset_debug_gcc/csql_grammar.c:42862:80: warning: implicit conversion from ‘enum pt_currency_types’ to ‘DB_CURRENCY’ [-Wenum-conversion]
42862 |                             pt_value_set_monetary (this_parser, val, str, txt, PT_CURRENCY_EURO);
      |                                                                                ^~~~~~~~~~~~~~~~
/home/vimkim/gh/cb/pr7925-simplification-integration/build_preset_debug_gcc/csql_grammar.c:42881:80: warning: implicit conversion from ‘enum pt_currency_types’ to ‘DB_CURRENCY’ [-Wenum-conversion]
42881 |                             pt_value_set_monetary (this_parser, val, str, txt, PT_CURRENCY_SWISS_FRANC);
      |                                                                                ^~~~~~~~~~~~~~~~~~~~~~~
/home/vimkim/gh/cb/pr7925-simplification-integration/build_preset_debug_gcc/csql_grammar.c:42900:80: warning: implicit conversion from ‘enum pt_currency_types’ to ‘DB_CURRENCY’ [-Wenum-conversion]
42900 |                             pt_value_set_monetary (this_parser, val, str, txt, PT_CURRENCY_DANISH_KRONE);
      |                                                                                ^~~~~~~~~~~~~~~~~~~~~~~~
/home/vimkim/gh/cb/pr7925-simplification-integration/build_preset_debug_gcc/csql_grammar.c:42919:80: warning: implicit conversion from ‘enum pt_currency_types’ to ‘DB_CURRENCY’ [-Wenum-conversion]
42919 |                             pt_value_set_monetary (this_parser, val, str, txt, PT_CURRENCY_NORWEGIAN_KRONE);
      |                                                                                ^~~~~~~~~~~~~~~~~~~~~~~~~~~
/home/vimkim/gh/cb/pr7925-simplification-integration/build_preset_debug_gcc/csql_grammar.c:42938:80: warning: implicit conversion from ‘enum pt_currency_types’ to ‘DB_CURRENCY’ [-Wenum-conversion]
42938 |                             pt_value_set_monetary (this_parser, val, str, txt, PT_CURRENCY_BULGARIAN_LEV);
      |                                                                                ^~~~~~~~~~~~~~~~~~~~~~~~~
/home/vimkim/gh/cb/pr7925-simplification-integration/build_preset_debug_gcc/csql_grammar.c:42957:80: warning: implicit conversion from ‘enum pt_currency_types’ to ‘DB_CURRENCY’ [-Wenum-conversion]
42957 |                             pt_value_set_monetary (this_parser, val, str, txt, PT_CURRENCY_VIETNAMESE_DONG);
      |                                                                                ^~~~~~~~~~~~~~~~~~~~~~~~~~~
/home/vimkim/gh/cb/pr7925-simplification-integration/build_preset_debug_gcc/csql_grammar.c:42976:80: warning: implicit conversion from ‘enum pt_currency_types’ to ‘DB_CURRENCY’ [-Wenum-conversion]
42976 |                             pt_value_set_monetary (this_parser, val, str, txt, PT_CURRENCY_CZECH_KORUNA);
      |                                                                                ^~~~~~~~~~~~~~~~~~~~~~~~
/home/vimkim/gh/cb/pr7925-simplification-integration/build_preset_debug_gcc/csql_grammar.c:42995:80: warning: implicit conversion from ‘enum pt_currency_types’ to ‘DB_CURRENCY’ [-Wenum-conversion]
42995 |                             pt_value_set_monetary (this_parser, val, str, txt, PT_CURRENCY_POLISH_ZLOTY);
      |                                                                                ^~~~~~~~~~~~~~~~~~~~~~~~
/home/vimkim/gh/cb/pr7925-simplification-integration/build_preset_debug_gcc/csql_grammar.c:43014:80: warning: implicit conversion from ‘enum pt_currency_types’ to ‘DB_CURRENCY’ [-Wenum-conversion]
43014 |                             pt_value_set_monetary (this_parser, val, str, txt, PT_CURRENCY_SWEDISH_KRONA);
      |                                                                                ^~~~~~~~~~~~~~~~~~~~~~~~~
/home/vimkim/gh/cb/pr7925-simplification-integration/build_preset_debug_gcc/csql_grammar.c:43033:80: warning: implicit conversion from ‘enum pt_currency_types’ to ‘DB_CURRENCY’ [-Wenum-conversion]
43033 |                             pt_value_set_monetary (this_parser, val, str, txt, PT_CURRENCY_CROATIAN_KUNA);
      |                                                                                ^~~~~~~~~~~~~~~~~~~~~~~~~
/home/vimkim/gh/cb/pr7925-simplification-integration/build_preset_debug_gcc/csql_grammar.c:43052:80: warning: implicit conversion from ‘enum pt_currency_types’ to ‘DB_CURRENCY’ [-Wenum-conversion]
43052 |                             pt_value_set_monetary (this_parser, val, str, txt, PT_CURRENCY_SERBIAN_DINAR);
      |                                                                                ^~~~~~~~~~~~~~~~~~~~~~~~~
/home/vimkim/gh/cb/pr7925-simplification-integration/build_preset_debug_gcc/csql_grammar.c: In function ‘pt_value_set_monetary’:
/home/vimkim/gh/cb/pr7925-simplification-integration/build_preset_debug_gcc/csql_grammar.c:49108:42: warning: implicit conversion from ‘DB_CURRENCY’ to ‘PT_CURRENCY’ {aka ‘enum pt_currency_types’} [-Wenum-conversion]
49108 |   node->info.value.data_value.money.type = type;
      |                                          ^
[593/1305] Building CXX object cubrid/CMakeFiles/cubrid.dir/__/src/base/tsc_timer.c.o
[594/1305] Building CXX object cubrid/CMakeFiles/cubrid.dir/__/src/base/bit.c.o
[595/1305] Building CXX object cs/CMakeFiles/cubridcs.dir/__/src/xasl/xasl_predicate.cpp.o
[596/1305] Building CXX object cubrid/CMakeFiles/cubrid.dir/__/src/base/dtoa.c.o
[597/1305] Building CXX object cubrid/CMakeFiles/cubrid.dir/__/src/base/binaryheap.c.o
[598/1305] Building CXX object cs/CMakeFiles/cubridcs.dir/__/src/transaction/flashback_cl.c.o
[599/1305] Building CXX object cubrid/CMakeFiles/cubrid.dir/__/src/base/chartype.c.o
[600/1305] Building CXX object cs/CMakeFiles/cubridcs.dir/__/src/transaction/transaction_cl.c.o
[601/1305] Building CXX object cs/CMakeFiles/cubridcs.dir/__/src/query/execute_schema.c.o
[602/1305] Building CXX object cs/CMakeFiles/cubridcs.dir/__/src/xasl/xasl_stream.cpp.o
[603/1305] Building CXX object cs/CMakeFiles/cubridcs.dir/__/src/transaction/log_writer.c.o
[604/1305] Building CXX object cs/CMakeFiles/cubridcs.dir/__/src/storage/statistics_cl.c.o
[605/1305] Building CXX object cubrid/CMakeFiles/cubrid.dir/__/src/base/base64.c.o
[606/1305] Building CXX object cubrid/CMakeFiles/cubrid.dir/__/src/base/environment_variable.c.o
[607/1305] Building CXX object cubrid/CMakeFiles/cubrid.dir/__/src/base/encryption.c.o
[608/1305] Building CXX object cs/CMakeFiles/cubridcs.dir/__/src/query/parallel/px_scan/px_scan_instnum.cpp.o
[609/1305] Building CXX object cs/CMakeFiles/cubridcs.dir/__/src/transaction/locator_cl.c.o
[610/1305] Building CXX object cubrid/CMakeFiles/cubrid.dir/__/src/base/fileline_location.cpp.o
[611/1305] Building CXX object cs/CMakeFiles/cubridcs.dir/__/src/method/query_method.cpp.o
[612/1305] Building CXX object cubrid/CMakeFiles/cubrid.dir/__/src/base/cubrid_getopt_long.c.o
[613/1305] Building CXX object cs/CMakeFiles/cubridcs.dir/__/src/transaction/boot_cl.c.o
[614/1305] Building CXX object cubrid/CMakeFiles/cubrid.dir/__/src/base/filesys_temp.cpp.o
[615/1305] Building CXX object cubrid/CMakeFiles/cubrid.dir/__/src/base/ini_parser.c.o
[616/1305] Building CXX object cs/CMakeFiles/cubridcs.dir/__/src/parser/type_checking.c.o
[617/1305] Building CXX object cubrid/CMakeFiles/cubrid.dir/__/src/base/fixed_alloc.c.o
[618/1305] Building CXX object cubrid/CMakeFiles/cubrid.dir/__/src/base/locale_helper.cpp.o
[619/1305] Building CXX object cubrid/CMakeFiles/cubrid.dir/__/src/base/area_alloc.c.o
[620/1305] Building CXX object cs/CMakeFiles/cubridcs.dir/__/src/query/execute_statement.c.o
[621/1305] Building CXX object cubrid/CMakeFiles/cubrid.dir/__/src/base/databases_file.c.o
[622/1305] Building CXX object cubrid/CMakeFiles/cubrid.dir/__/src/base/lockfree_bitmap.cpp.o
[623/1305] Building CXX object cubrid/CMakeFiles/cubrid.dir/__/src/base/memory_monitor_api.cpp.o
[624/1305] Building CXX object cs/CMakeFiles/cubridcs.dir/__/src/query/parallel/px_query_execute/px_query_checker.cpp.o
[625/1305] Building CXX object cubrid/CMakeFiles/cubrid.dir/__/src/base/misc_string.c.o
[626/1305] Building CXX object cs/CMakeFiles/cubridcs.dir/__/src/method/method_callback.cpp.o
[627/1305] Building CXX object cs/CMakeFiles/cubridcs.dir/__/src/query/parallel/px_scan/px_scan_checker.cpp.o
[628/1305] Building CXX object cs/CMakeFiles/cubridcs.dir/__/src/parser/xasl_generation.c.o
[629/1305] Building CXX object cubrid/CMakeFiles/cubrid.dir/__/src/base/get_clock_freq.c.o
[630/1305] Building CXX object cs/CMakeFiles/cubridcs.dir/__/src/query/string_opfunc.c.o
[631/1305] Building CXX object cs/CMakeFiles/cubridcs.dir/__/src/loaddb/load_object.c.o
[632/1305] Building CXX object cubrid/CMakeFiles/cubrid.dir/__/src/base/lock_free.c.o
[633/1305] Building CXX object cubrid/CMakeFiles/cubrid.dir/__/src/base/message_catalog.c.o
[634/1305] Building CXX object cubrid/CMakeFiles/cubrid.dir/__/src/base/mprec.c.o
[635/1305] Building CXX object cs/CMakeFiles/cubridcs.dir/__/src/loaddb/load_db.c.o
[636/1305] Building CXX object cs/CMakeFiles/cubridcs.dir/__/src/query/string_regex_std.cpp.o
[637/1305] Building CXX object cubrid/CMakeFiles/cubrid.dir/__/src/base/intl_support.c.o
[638/1305] Building CXX object cubrid/CMakeFiles/cubrid.dir/__/src/base/memory_hash.c.o
[639/1305] Building CXX object cubrid/CMakeFiles/cubrid.dir/__/src/base/error_context.cpp.o
[640/1305] Building CXX object cubrid/CMakeFiles/cubrid.dir/__/src/base/locale_support.c.o
[641/1305] Building CXX object cs/CMakeFiles/cubridcs.dir/__/src/transaction/log_applier.c.o
/home/vimkim/gh/cb/pr7925-simplification-integration/src/transaction/log_applier.c: In function ‘int la_get_copied_log_info(const char*, const char*, INT64, bool, LOG_LSA*, LOG_LSA*)’:
/home/vimkim/gh/cb/pr7925-simplification-integration/src/transaction/log_applier.c:8383:35: warning: format ‘%ld’ expects argument of type ‘long int’, but argument 2 has type ‘int’ [-Wformat=]
 8383 |               printf ("offset:%04ld (tid:%d bck p:%lld,o:%ld frw p:%lld,o:%ld type:%d)\n", lsa.offset, lrec->trid,
      |                               ~~~~^                                                        ~~~~~~~~~~
      |                                   |                                                            |
      |                                   long int                                                     int
      |                               %04d
/home/vimkim/gh/cb/pr7925-simplification-integration/src/transaction/log_applier.c:8383:60: warning: format ‘%ld’ expects argument of type ‘long int’, but argument 5 has type ‘int’ [-Wformat=]
 8383 |               printf ("offset:%04ld (tid:%d bck p:%lld,o:%ld frw p:%lld,o:%ld type:%d)\n", lsa.offset, lrec->trid,
      |                                                          ~~^
      |                                                            |
      |                                                            long int
      |                                                          %d
 8384 |                       (long long int) lrec->back_lsa.pageid, lrec->back_lsa.offset,
      |                                                              ~~~~~~~~~~~~~~~~~~~~~
      |                                                                             |
      |                                                                             int
/home/vimkim/gh/cb/pr7925-simplification-integration/src/transaction/log_applier.c:8383:77: warning: format ‘%ld’ expects argument of type ‘long int’, but argument 7 has type ‘int’ [-Wformat=]
 8383 |               printf ("offset:%04ld (tid:%d bck p:%lld,o:%ld frw p:%lld,o:%ld type:%d)\n", lsa.offset, lrec->trid,
      |                                                                           ~~^
      |                                                                             |
      |                                                                             long int
      |                                                                           %d
 8384 |                       (long long int) lrec->back_lsa.pageid, lrec->back_lsa.offset,
 8385 |                       (long long int) lrec->forw_lsa.pageid, lrec->forw_lsa.offset, lrec->type);
      |                                                              ~~~~~~~~~~~~~~~~~~~~~
      |                                                                             |
      |                                                                             int
At global scope:
cc1plus: note: unrecognized command-line option ‘-Wno-template-body’ may have been intended to silence earlier diagnostics
[642/1305] Building CXX object cubrid/CMakeFiles/cubrid.dir/__/src/base/printer.cpp.o
[643/1305] Building CXX object cubrid/CMakeFiles/cubrid.dir/__/src/base/mem_block.cpp.o
[644/1305] Building CXX object cubrid/CMakeFiles/cubrid.dir/__/src/base/packer.cpp.o
[645/1305] Building CXX object cubrid/CMakeFiles/cubrid.dir/__/src/base/perf.cpp.o
[646/1305] Building CXX object cubrid/CMakeFiles/cubrid.dir/__/src/base/porting.c.o
[647/1305] Building CXX object cubrid/CMakeFiles/cubrid.dir/__/src/base/lockfree_hashmap.cpp.o
[648/1305] Building CXX object cubrid/CMakeFiles/cubrid.dir/__/src/base/pinnable_buffer.cpp.o
[649/1305] Building CXX object cubrid/CMakeFiles/cubrid.dir/__/src/base/process_util.c.o
[650/1305] Building CXX object cubrid/CMakeFiles/cubrid.dir/__/src/base/memory_private_allocator.cpp.o
[651/1305] Building CXX object cubrid/CMakeFiles/cubrid.dir/__/src/base/release_string.c.o
[652/1305] Building CXX object cubrid/CMakeFiles/cubrid.dir/__/src/base/sha1.c.o
[653/1305] Building CXX object cubrid/CMakeFiles/cubrid.dir/__/src/base/error_manager.c.o
[654/1305] Building CXX object cubrid/CMakeFiles/cubrid.dir/__/src/base/fault_injection.c.o
[655/1305] Building CXX object cubrid/CMakeFiles/cubrid.dir/__/src/base/string_buffer.cpp.o
[656/1305] Building CXX object cubrid/CMakeFiles/cubrid.dir/__/src/base/resource_tracker.cpp.o
[657/1305] Building CXX object cs/CMakeFiles/cubridcs.dir/__/src/optimizer/histogram/histogram_cl.cpp.o
[658/1305] Building CXX object cubrid/CMakeFiles/cubrid.dir/__/src/base/language_support.c.o
[659/1305] Building CXX object cubrid/CMakeFiles/cubrid.dir/__/src/base/stack_dump.c.o
[660/1305] Building CXX object cubrid/CMakeFiles/cubrid.dir/__/src/base/unicode_support.c.o
[661/1305] Building CXX object cubrid/CMakeFiles/cubrid.dir/__/src/base/nonblocking.cpp.o
[662/1305] Building CXX object cubrid/CMakeFiles/cubrid.dir/__/src/base/memory_alloc.c.o
[663/1305] Building CXX object cubrid/CMakeFiles/cubrid.dir/__/src/base/epoll.cpp.o
[664/1305] Building CXX object cubrid/CMakeFiles/cubrid.dir/__/src/base/uca_support.c.o
[665/1305] Building CXX object cubrid/CMakeFiles/cubrid.dir/__/src/base/DMRBMemoryPool.cpp.o
[666/1305] Building CXX object cs/CMakeFiles/cubridcs.dir/__/src/sp/sp_catalog.cpp.o
[667/1305] Building CXX object cubrid/CMakeFiles/cubrid.dir/__/src/base/packet_buffer.cpp.o
[668/1305] Building CXX object cubrid/CMakeFiles/cubrid.dir/__/src/base/util_func.c.o
[669/1305] Building CXX object cubrid/CMakeFiles/cubrid.dir/__/src/base/trace_event_log.c.o
[670/1305] Building CXX object cubrid/CMakeFiles/cubrid.dir/__/src/base/perf_monitor_trackers.cpp.o
[671/1305] Building CXX object cubrid/CMakeFiles/cubrid.dir/__/src/base/xml_parser.c.o
[672/1305] Building CXX object cubrid/CMakeFiles/cubrid.dir/__/src/base/filesys_parser.cpp.o
[673/1305] Building CXX object cubrid/CMakeFiles/cubrid.dir/__/src/base/variable_string.c.o
[674/1305] Building CXX object cubrid/CMakeFiles/cubrid.dir/__/src/compat/db_elo.c.o
[675/1305] Building CXX object cubrid/CMakeFiles/cubrid.dir/__/src/compat/db_set.c.o
[676/1305] Building CXX object cubrid/CMakeFiles/cubrid.dir/__/src/compat/cnv.c.o
[677/1305] Building CXX object cubrid/CMakeFiles/cubrid.dir/__/src/compat/db_json_allocator.cpp.o
[678/1305] Building CXX object cubrid/CMakeFiles/cubrid.dir/__/src/connection/buffer.cpp.o
[679/1305] Building CXX object cubrid/CMakeFiles/cubrid.dir/__/src/connection/connection_list_sr.c.o
[680/1305] Building CXX object cubrid/CMakeFiles/cubrid.dir/__/src/connection/connection_globals.c.o
[681/1305] Building CXX object cubrid/CMakeFiles/cubrid.dir/__/src/connection/connection_context.cpp.o
[682/1305] Building CXX object cubrid/CMakeFiles/cubrid.dir/__/src/base/cgroup.cpp.o
[683/1305] Building CXX object cubrid/CMakeFiles/cubrid.dir/__/src/communication/network_common.cpp.o
[684/1305] Building CXX object cubrid/CMakeFiles/cubrid.dir/__/src/connection/host_lookup.c.o
[685/1305] Building CXX object cubrid/CMakeFiles/cubrid.dir/__/src/heaplayers/customheaps.cpp.o
[686/1305] Building CXX object cubrid/CMakeFiles/cubrid.dir/__/src/connection/transmitter.cpp.o
[687/1305] Building CXX object cubrid/CMakeFiles/cubrid.dir/__/src/compat/db_value_printer.cpp.o
[688/1305] Building CXX object cubrid/CMakeFiles/cubrid.dir/__/src/sp/pl_file.c.o
[689/1305] Building CXX object cubrid/CMakeFiles/cubrid.dir/__/load_lexer.cpp.o
[690/1305] Building CXX object cubrid/CMakeFiles/cubrid.dir/__/src/heaplayers/lea_heap.c.o
[691/1305] Building CXX object cubrid/CMakeFiles/cubrid.dir/__/src/base/resources.cpp.o
[692/1305] Building CXX object cubrid/CMakeFiles/cubrid.dir/__/src/communication/network_callback_sr.cpp.o
[693/1305] Building CXX object cubrid/CMakeFiles/cubrid.dir/__/src/connection/receiver.cpp.o
[694/1305] Building CXX object cubrid/CMakeFiles/cubrid.dir/__/src/compat/db_macro.c.o
[695/1305] Building CXX object cubrid/CMakeFiles/cubrid.dir/__/src/compat/db_date.c.o
[696/1305] Building CXX object cubrid/CMakeFiles/cubrid.dir/__/src/connection/heartbeat.c.o
[697/1305] Building CXX object cubrid/CMakeFiles/cubrid.dir/__/src/connection/tcp.c.o
[698/1305] Building CXX object cubrid/CMakeFiles/cubrid.dir/__/src/method/method_error.cpp.o
[699/1305] Building CXX object cubrid/CMakeFiles/cubrid.dir/__/src/method/method_struct_value.cpp.o
[700/1305] Building CXX object cubrid/CMakeFiles/cubrid.dir/__/src/method/method_struct_parameter_info.cpp.o
[701/1305] Building CXX object cubrid/CMakeFiles/cubrid.dir/__/src/method/method_query_util.cpp.o
[702/1305] Building CXX object cubrid/CMakeFiles/cubrid.dir/__/src/sp/pl_comm.c.o
[703/1305] Building CXX object cubrid/CMakeFiles/cubrid.dir/__/src/executables/util_common.c.o
[704/1305] Building CXX object cubrid/CMakeFiles/cubrid.dir/__/src/method/method_struct_oid_info.cpp.o
[705/1305] Building CXX object cubrid/CMakeFiles/cubrid.dir/__/src/base/object_representation_sr.c.o
[706/1305] Building CXX object cubrid/CMakeFiles/cubrid.dir/__/src/sp/pl_signature.cpp.o
[707/1305] Building CXX object cubrid/CMakeFiles/cubrid.dir/__/src/connection/connection_support.cpp.o
[708/1305] Building CXX object cubrid/CMakeFiles/cubrid.dir/__/src/method/method_struct_schema_info.cpp.o
[709/1305] Building CXX object cubrid/CMakeFiles/cubrid.dir/__/src/sp/pl_connection.cpp.o
[710/1305] Building CXX object cubrid/CMakeFiles/cubrid.dir/__/src/method/method_struct_query.cpp.o
[711/1305] Building CXX object cubrid/CMakeFiles/cubrid.dir/__/src/base/perf_monitor.c.o
[712/1305] Building CXX object cubrid/CMakeFiles/cubrid.dir/__/src/loaddb/load_driver.cpp.o
[713/1305] Building CXX object cubrid/CMakeFiles/cubrid.dir/__/src/compat/db_json_path.cpp.o
[714/1305] Building CXX object cubrid/CMakeFiles/cubrid.dir/__/src/sp/pl_compile_handler.cpp.o
[715/1305] Building CXX object cubrid/CMakeFiles/cubrid.dir/__/src/method/query_method.cpp.o
[716/1305] Building CXX object cubrid/CMakeFiles/cubrid.dir/__/src/object/lob_locator.cpp.o
[717/1305] Building CXX object cubrid/CMakeFiles/cubrid.dir/__/load_grammar.cpp.o
[718/1305] Building CXX object cubrid/CMakeFiles/cubrid.dir/__/src/loaddb/load_common.cpp.o
[719/1305] Building CXX object cubrid/CMakeFiles/cubrid.dir/__/src/base/tz_support.c.o
[720/1305] Building CXX object cubrid/CMakeFiles/cubrid.dir/__/src/object/identifier_store.cpp.o
[721/1305] Building CXX object cubrid/CMakeFiles/cubrid.dir/__/src/object/elo.c.o
[722/1305] Building CXX object cubrid/CMakeFiles/cubrid.dir/__/src/loaddb/load_semantic_helper.cpp.o
[723/1305] Building CXX object cubrid/CMakeFiles/cubrid.dir/__/src/connection/master_connector.cpp.o
[724/1305] Building CXX object cubrid/CMakeFiles/cubrid.dir/__/src/object/schema_information_schema.cpp.o
[725/1305] Building CXX object cubrid/CMakeFiles/cubrid.dir/__/src/method/method_struct_invoke.cpp.o
[726/1305] Building CXX object cubrid/CMakeFiles/cubrid.dir/__/src/communication/network_sr.c.o
[727/1305] Building CXX object cubrid/CMakeFiles/cubrid.dir/__/src/sp/pl_sr.cpp.o
[728/1305] Building CXX object cubrid/CMakeFiles/cubrid.dir/__/src/object/schema_system_catalog.cpp.o
[729/1305] Building CXX object cubrid/CMakeFiles/cubrid.dir/__/src/connection/connection_pool.cpp.o
[730/1305] Building CXX object cubrid/CMakeFiles/cubrid.dir/__/src/base/system_parameter.c.o
[731/1305] Building CXX object cubrid/CMakeFiles/cubrid.dir/__/src/sp/pl_query_cursor.cpp.o
[732/1305] Building CXX object cubrid/CMakeFiles/cubrid.dir/__/src/transaction/log_recovery_redo.cpp.o
[733/1305] Building CXX object cubrid/CMakeFiles/cubrid.dir/__/src/loaddb/load_db_value_converter.cpp.o
[734/1305] Building CXX object cubrid/CMakeFiles/cubrid.dir/__/src/object/set_object.c.o
[735/1305] Building CXX object cubrid/CMakeFiles/cubrid.dir/__/src/object/deduplicate_key.c.o
[736/1305] Building CXX object cubrid/CMakeFiles/cubrid.dir/__/src/sp/sp_code.cpp.o
[737/1305] Building CXX object cubrid/CMakeFiles/cubrid.dir/__/src/loaddb/load_error_handler.cpp.o
[738/1305] Building CXX object cubrid/CMakeFiles/cubrid.dir/__/src/monitor/monitor_vacuum_ovfp_threshold.cpp.o
[739/1305] Building CXX object cubrid/CMakeFiles/cubrid.dir/__/src/loaddb/load_class_registry.cpp.o
[740/1305] Building CXX object cubrid/CMakeFiles/cubrid.dir/__/src/sp/method_invoke_group.cpp.o
[741/1305] Building CXX object cubrid/CMakeFiles/cubrid.dir/__/src/storage/btree_unique.cpp.o
[742/1305] Building CXX object cubrid/CMakeFiles/cubrid.dir/__/src/method/method_scan.cpp.o
[743/1305] Building CXX object cubrid/CMakeFiles/cubrid.dir/__/src/monitor/monitor_transaction.cpp.o
[744/1305] Building CXX object cubrid/CMakeFiles/cubrid.dir/__/src/connection/connection_sr.c.o
[745/1305] Building CXX object cubrid/CMakeFiles/cubrid.dir/__/src/connection/coordinator.cpp.o
[746/1305] Building CXX object cubrid/CMakeFiles/cubrid.dir/__/src/object/object_representation.c.o
[747/1305] Building CXX object cubrid/CMakeFiles/cubrid.dir/__/src/sp/pl_execution_stack_context.cpp.o
[748/1305] Building CXX object cubrid/CMakeFiles/cubrid.dir/__/src/query/crypt_opfunc.c.o
[749/1305] Building CXX object cubrid/CMakeFiles/cubrid.dir/__/src/query/qfile_tuple_layout.c.o
[750/1305] Building CXX object cubrid/CMakeFiles/cubrid.dir/__/src/object/transform.c.o
[751/1305] Building CXX object cubrid/CMakeFiles/cubrid.dir/__/src/query/numeric_opfunc.c.o
[752/1305] Building CXX object cubrid/CMakeFiles/cubrid.dir/__/src/connection/connection_worker.cpp.o
[753/1305] Building CXX object cubrid/CMakeFiles/cubrid.dir/__/src/query/string_regex.cpp.o
[754/1305] Building CXX object cubrid/CMakeFiles/cubrid.dir/__/src/object/object_domain.c.o
[755/1305] Building CXX object cubrid/CMakeFiles/cubrid.dir/__/src/storage/byte_order.c.o
[756/1305] Building CXX object cubrid/CMakeFiles/cubrid.dir/__/src/object/object_primitive.c.o
[757/1305] Building CXX object cubrid/CMakeFiles/cubrid.dir/__/src/sp/pl_executor.cpp.o
[758/1305] Building CXX object cubrid/CMakeFiles/cubrid.dir/__/src/query/string_regex_re2.cpp.o
[759/1305] Building CXX object cubrid/CMakeFiles/cubrid.dir/__/src/storage/es_common.c.o
[760/1305] Building CXX object cubrid/CMakeFiles/cubrid.dir/__/src/query/regu_var.cpp.o
[761/1305] Building CXX object cubrid/CMakeFiles/cubrid.dir/__/src/sp/pl_session.cpp.o
[762/1305] Building CXX object cubrid/CMakeFiles/cubrid.dir/__/src/storage/es.c.o
[763/1305] Building CXX object cubrid/CMakeFiles/cubrid.dir/__/src/query/dblink_2pc.c.o
[764/1305] Building CXX object cubrid/CMakeFiles/cubrid.dir/__/src/connection/server_support.c.o
[765/1305] Building CXX object cubrid/CMakeFiles/cubrid.dir/__/src/query/query_reevaluation.cpp.o
[766/1305] Building CXX object cubrid/CMakeFiles/cubrid.dir/__/src/query/dblink_scan.c.o
[767/1305] Building CXX object cubrid/CMakeFiles/cubrid.dir/__/src/compat/db_json.cpp.o
[768/1305] Building CXX object cubrid/CMakeFiles/cubrid.dir/__/src/loaddb/load_session.cpp.o
[769/1305] Building CXX object cubrid/CMakeFiles/cubrid.dir/__/src/storage/heap_pending_record.cpp.o
[770/1305] Building CXX object cubrid/CMakeFiles/cubrid.dir/__/src/storage/oid.c.o
[771/1305] Building CXX object cubrid/CMakeFiles/cubrid.dir/__/src/storage/es_posix.c.o
[772/1305] Building CXX object cubrid/CMakeFiles/cubrid.dir/__/src/query/vacuum_oos.cpp.o
[773/1305] Building CXX object cubrid/CMakeFiles/cubrid.dir/__/src/storage/oos_util.cpp.o
[774/1305] Building CXX object cubrid/CMakeFiles/cubrid.dir/__/src/query/set_scan.c.o
[775/1305] Building CXX object cubrid/CMakeFiles/cubrid.dir/__/src/storage/es_owfs.c.o
[776/1305] Building CXX object cubrid/CMakeFiles/cubrid.dir/__/src/loaddb/load_server_loader.cpp.o
[777/1305] Building CXX object cubrid/CMakeFiles/cubrid.dir/__/src/query/show_scan.c.o
[778/1305] Building CXX object cubrid/CMakeFiles/cubrid.dir/__/src/query/query_evaluator.c.o
[779/1305] Building CXX object cubrid/CMakeFiles/cubrid.dir/__/src/query/query_hash_scan.c.o
[780/1305] Building CXX object cubrid/CMakeFiles/cubrid.dir/__/src/query/query_aggregate.cpp.o
[781/1305] Building CXX object cubrid/CMakeFiles/cubrid.dir/__/src/query/subquery_cache.c.o
[782/1305] Building CXX object cubrid/CMakeFiles/cubrid.dir/__/src/query/partition.c.o
[783/1305] Building CXX object cubrid/CMakeFiles/cubrid.dir/__/src/loaddb/load_worker_manager.cpp.o
[784/1305] Building CXX object cubrid/CMakeFiles/cubrid.dir/__/src/storage/statistics_ndv.c.o
[785/1305] Building CXX object cubrid/CMakeFiles/cubrid.dir/__/src/query/arithmetic.c.o
[786/1305] Building CXX object cubrid/CMakeFiles/cubrid.dir/__/src/query/query_analytic.cpp.o
[787/1305] Building CXX object cubrid/CMakeFiles/cubrid.dir/__/src/query/query_dump.c.o
[788/1305] Building CXX object cubrid/CMakeFiles/cubrid.dir/__/src/communication/network_interface_sr.cpp.o
[789/1305] Building CXX object cubrid/CMakeFiles/cubrid.dir/__/src/storage/storage_common.c.o
[790/1305] Building CXX object cubrid/CMakeFiles/cubrid.dir/__/src/query/query_hash_join.c.o
[791/1305] Building CXX object cubrid/CMakeFiles/cubrid.dir/__/src/thread/critical_section_tracker.cpp.o
[792/1305] Building CXX object cubrid/CMakeFiles/cubrid.dir/__/src/query/filter_pred_cache.c.o
[793/1305] Building CXX object cubrid/CMakeFiles/cubrid.dir/__/src/query/fetch.c.o
[794/1305] Building CXX object cubrid/CMakeFiles/cubrid.dir/__/src/query/list_file.c.o
[795/1305] Building CXX object cubrid/CMakeFiles/cubrid.dir/__/src/storage/overflow_file.c.o
[796/1305] Building CXX object cubrid/CMakeFiles/cubrid.dir/__/src/storage/ftab_set.cpp.o
[797/1305] Building CXX object cubrid/CMakeFiles/cubrid.dir/__/src/storage/compactdb_sr.c.o
[798/1305] Building CXX object cubrid/CMakeFiles/cubrid.dir/__/src/query/stream_to_xasl.c.o
[799/1305] Building CXX object cubrid/CMakeFiles/cubrid.dir/__/src/thread/thread_daemon.cpp.o
[800/1305] Building CXX object cubrid/CMakeFiles/cubrid.dir/__/src/query/query_manager.c.o
[801/1305] Building CXX object cubrid/CMakeFiles/cubrid.dir/__/src/storage/record_descriptor.cpp.o
[802/1305] Building CXX object cubrid/CMakeFiles/cubrid.dir/__/src/query/serial.c.o
[803/1305] Building CXX object cubrid/CMakeFiles/cubrid.dir/__/src/transaction/client_credentials.cpp.o
[804/1305] Building CXX object cubrid/CMakeFiles/cubrid.dir/__/src/query/memoize.cpp.o
[805/1305] Building CXX object cubrid/CMakeFiles/cubrid.dir/__/src/storage/bestspace.cpp.o
[806/1305] Building CXX object cubrid/CMakeFiles/cubrid.dir/__/src/query/string_opfunc.c.o
[807/1305] Building CXX object cubrid/CMakeFiles/cubrid.dir/__/src/session/session_sr.c.o
[808/1305] Building CXX object cubrid/CMakeFiles/cubrid.dir/__/src/thread/thread_worker_pool_impl.cpp.o
[809/1305] Building CXX object cubrid/CMakeFiles/cubrid.dir/__/src/storage/heap_oos.cpp.o
[810/1305] Building CXX object cubrid/CMakeFiles/cubrid.dir/__/src/storage/catalog_class.c.o
[811/1305] Building CXX object cubrid/CMakeFiles/cubrid.dir/__/src/query/query_opfunc.c.o
[812/1305] Building CXX object cubrid/CMakeFiles/cubrid.dir/__/src/transaction/log_lsa.cpp.o
[813/1305] Building CXX object cubrid/CMakeFiles/cubrid.dir/__/src/thread/thread_entry_task.cpp.o
[814/1305] Building CXX object cubrid/CMakeFiles/cubrid.dir/__/src/storage/disk_manager.c.o
[815/1305] Building CXX object cubrid/CMakeFiles/cubrid.dir/__/src/storage/double_write_buffer.cpp.o
[816/1305] Building CXX object cubrid/CMakeFiles/cubrid.dir/__/src/query/xasl_cache.c.o
[817/1305] Building CXX object cubrid/CMakeFiles/cubrid.dir/__/src/storage/btree_sort.c.o
[818/1305] Building CXX object cubrid/CMakeFiles/cubrid.dir/__/src/query/string_regex_std.cpp.o
[819/1305] Building CXX object cubrid/CMakeFiles/cubrid.dir/__/src/thread/thread_worker_pool_taskcap.cpp.o
[820/1305] Building CXX object cubrid/CMakeFiles/cubrid.dir/__/src/storage/extendible_hash.c.o
[821/1305] Building CXX object cubrid/CMakeFiles/cubrid.dir/__/src/thread/thread_lockfree_hash_map.cpp.o
[822/1305] Building CXX object cubrid/CMakeFiles/cubrid.dir/__/src/thread/critical_section.c.o
[823/1305] Building CXX object cubrid/CMakeFiles/cubrid.dir/__/src/storage/tde.c.o
[824/1305] Building CXX object cubrid/CMakeFiles/cubrid.dir/__/src/session/session.c.o
[825/1305] Building CXX object cubrid/CMakeFiles/cubrid.dir/__/src/storage/statistics_sr.c.o
[826/1305] Building CXX object cubrid/CMakeFiles/cubrid.dir/__/src/thread/thread_manager.cpp.o
[827/1305] Building CXX object cubrid/CMakeFiles/cubrid.dir/__/src/storage/external_sort.c.o
[828/1305] Building CXX object cubrid/CMakeFiles/cubrid.dir/__/src/storage/slotted_page.c.o
[829/1305] Building CXX object cubrid/CMakeFiles/cubrid.dir/__/src/xasl/access_json_table.cpp.o
[830/1305] Building CXX object util/CMakeFiles/csql.dir/__/src/executables/util_support.c.o
[831/1305] Building CXX object cubrid/CMakeFiles/cubrid.dir/__/src/transaction/locator.c.o
[832/1305] Building CXX object cubrid/CMakeFiles/cubrid.dir/__/src/transaction/log_comm.c.o
[833/1305] Building CXX object cubrid/CMakeFiles/cubrid.dir/__/src/transaction/log_2pc.c.o
[834/1305] Building CXX object cubrid/CMakeFiles/cubrid.dir/__/src/storage/file_io.c.o
[835/1305] Building CXX object cubrid/CMakeFiles/cubrid.dir/__/src/xasl/xasl_unpack_info.cpp.o
[836/1305] Building CXX object util/CMakeFiles/csql.dir/__/src/base/cubrid_getopt_long.c.o
[837/1305] Building CXX object cubrid/CMakeFiles/cubrid.dir/__/src/transaction/log_global.c.o
[838/1305] Building CXX object cubrid/CMakeFiles/cubrid.dir/__/src/storage/oos_file.cpp.o
[839/1305] Building CXX object util/CMakeFiles/csql.dir/__/src/base/porting.c.o
[840/1305] Building CXX object cubrid/CMakeFiles/cubrid.dir/__/src/transaction/log_postpone_cache.cpp.o
[841/1305] Building CXX object util/CMakeFiles/cubrid_rel.dir/__/src/executables/cubrid_version.c.o
[842/1305] Building CXX object cubrid/CMakeFiles/cubrid.dir/__/src/transaction/log_compress.c.o
[843/1305] Building CXX object cubrid/CMakeFiles/cubrid.dir/__/src/transaction/log_append.cpp.o
[844/1305] Building CXX object cubrid/CMakeFiles/cubrid.dir/__/src/storage/btree_load.c.o
[845/1305] Building CXX object cubrid/CMakeFiles/cubrid.dir/__/src/query/query_executor.c.o
[846/1305] Building CXX object cubrid/CMakeFiles/cubrid.dir/__/src/storage/file_manager.c.o
[847/1305] Building CXX object cubrid/CMakeFiles/cubrid.dir/__/src/query/vacuum.c.o
[848/1305] Building CXX object util/CMakeFiles/cub_admin.dir/__/src/base/cubrid_getopt_long.c.o
[849/1305] Building CXX object cubrid/CMakeFiles/cubrid.dir/__/src/transaction/mvcc.c.o
[850/1305] Building CXX object cubrid/CMakeFiles/cubrid.dir/__/src/transaction/log_system_tran.cpp.o
[851/1305] Building CXX object util/CMakeFiles/csql.dir/__/src/executables/csql_launcher.c.o
[852/1305] Building CXX object util/CMakeFiles/cubrid-bin.dir/__/src/executables/util_support.c.o
[853/1305] Building CXX object cubrid/CMakeFiles/cubrid.dir/__/src/thread/thread_entry.cpp.o
[854/1305] Building CXX object cubrid/CMakeFiles/cubrid.dir/__/src/transaction/replication.c.o
[855/1305] Building CXX object util/CMakeFiles/cub_commdb.dir/__/src/executables/util_support.c.o
[856/1305] Building CXX object cubrid/CMakeFiles/cubrid.dir/__/src/storage/system_catalog.c.o
[857/1305] Building CXX object cubrid/CMakeFiles/cubrid.dir/__/src/transaction/mvcc_table.cpp.o
[858/1305] Building CXX object cubrid/CMakeFiles/cubrid.dir/__/src/transaction/log_writer.c.o
[859/1305] Building CXX object util/CMakeFiles/cub_master.dir/__/src/executables/master_util.c.o
[860/1305] Building CXX object cubrid/CMakeFiles/cubrid.dir/__/src/transaction/log_prior_inflight.cpp.o
[861/1305] Building CXX object cubrid/CMakeFiles/cubrid.dir/__/src/xasl/xasl_predicate.cpp.o
[862/1305] Building CXX object cubrid/CMakeFiles/cubrid.dir/__/src/xasl/xasl_analytic.cpp.o
[863/1305] Building CXX object util/CMakeFiles/cub_admin.dir/__/src/base/porting.c.o
[864/1305] Building CXX object util/CMakeFiles/cub_admin.dir/__/src/executables/util_support.c.o
[865/1305] Building C object util/CMakeFiles/gencat.dir/__/src/executables/gencat.c.o
[866/1305] Building CXX object util/CMakeFiles/gencat.dir/__/src/base/porting.c.o
[867/1305] Building CXX object cubrid/CMakeFiles/cubrid.dir/__/src/transaction/mvcc_active_tran.cpp.o
[868/1305] Building CXX object cubrid/CMakeFiles/cubrid.dir/__/src/transaction/transaction_sr.c.o
[869/1305] Building CXX object cubrid/CMakeFiles/cubrid.dir/__/src/transaction/transaction_transient.cpp.o
[870/1305] Building CXX object cubrid/CMakeFiles/cubrid.dir/__/src/query/parallel/px_hash_join/px_hash_join_spawn_manager.cpp.o
[871/1305] Building CXX object util/CMakeFiles/unittests_bit.dir/__/src/executables/unittests_bit.c.o
[872/1305] Building CXX object cubrid/CMakeFiles/cubrid.dir/__/src/transaction/flashback.c.o
[873/1305] Linking CXX executable bin/gencat
[874/1305] Building CXX object cubrid/CMakeFiles/cubrid.dir/__/src/thread/concurrency_slot.cpp.o
[875/1305] Building CXX object cubrid/CMakeFiles/cubrid.dir/__/src/transaction/recovery.c.o
[876/1305] Building CXX object util/CMakeFiles/unittests_lf.dir/__/src/executables/unittests_lf.c.o
[877/1305] Building CXX object util/CMakeFiles/cub_commdb.dir/__/src/executables/master_util.c.o
[878/1305] Building CXX object cubrid/CMakeFiles/cubrid.dir/__/src/query/parallel/px_sort.c.o
[879/1305] Building CXX object cubrid/CMakeFiles/cubrid.dir/__/src/query/parallel/px_callable_task.cpp.o
[880/1305] Building CXX object cubrid-cci/cci/CMakeFiles/cascci.dir/__/src/cci/cci_t_lob.c.o
[881/1305] Building CXX object cubrid-cci/cci/CMakeFiles/cascci.dir/__/src/cci/cci_net_buf.c.o
[882/1305] Building CXX object util/CMakeFiles/cub_admin.dir/__/src/executables/util_admin.c.o
[883/1305] Building CXX object util/CMakeFiles/cub_commdb.dir/__/src/executables/commdb.c.o
[884/1305] Building CXX object cubrid/CMakeFiles/cubrid.dir/__/src/transaction/log_recovery.c.o
[885/1305] Building CXX object cubrid/CMakeFiles/cubrid.dir/__/src/storage/page_buffer.c.o
[886/1305] Building CXX object cubrid-cci/tools/CMakeFiles/cci_applier.dir/__/src/base/cubrid_getopt_long.c.o
[887/1305] Building CXX object util/CMakeFiles/cub_master.dir/__/src/executables/master_request.c.o
[888/1305] Building CXX object cubrid-cci/cci/CMakeFiles/cascci.dir/__/src/base/porting.c.o
[889/1305] Building CXX object cubrid-cci/cci/CMakeFiles/cascci.dir/__/src/cci/cci_common.c.o
[890/1305] Building CXX object cubrid/CMakeFiles/cubrid.dir/__/src/transaction/boot_sr.c.o
[891/1305] Building CXX object cubrid-cci/tools/CMakeFiles/cci_applier.dir/__/src/tools/cci_applier.c.o
[892/1305] Building CXX object util/CMakeFiles/cub_master.dir/__/src/executables/master.c.o
[893/1305] Building CXX object cubrid/CMakeFiles/cubrid.dir/__/src/xasl/xasl_iteration.cpp.o
[894/1305] Building CXX object cubrid/CMakeFiles/cubrid.dir/__/src/xasl/xasl_stream.cpp.o
[895/1305] Building CXX object cubrid/CMakeFiles/cubrid.dir/__/src/optimizer/histogram/histogram_reader.cpp.o
[896/1305] Building CXX object util/CMakeFiles/cubrid-bin.dir/__/src/executables/util_service.c.o
[897/1305] Building CXX object util/CMakeFiles/cub_pl.dir/__/src/sp/pl_sr_jvm.cpp.o
[898/1305] Building CXX object cubrid/CMakeFiles/cubrid.dir/__/src/optimizer/histogram/histogram_builder.cpp.o
[899/1305] Building CXX object broker/CMakeFiles/cub_broker.dir/__/src/broker/broker_error.c.o
[900/1305] Building CXX object cubrid/CMakeFiles/cubrid.dir/__/src/query/parallel/px_hash_join/px_hash_join.cpp.o
[901/1305] Building CXX object broker/CMakeFiles/cub_broker.dir/__/src/broker/broker_max_heap.c.o
[902/1305] Building CXX object broker/CMakeFiles/cub_broker.dir/__/src/broker/broker_access_list.c.o
[903/1305] Building CXX object util/CMakeFiles/cub_master.dir/__/src/executables/master_server_monitor.cpp.o
[904/1305] Building CXX object cubrid/CMakeFiles/cubrid.dir/__/src/query/parallel/px_worker_manager.cpp.o
[905/1305] Building CXX object cubrid/CMakeFiles/cubrid.dir/__/src/query/parallel/px_parallel.cpp.o
[906/1305] Building CXX object cubrid/CMakeFiles/cubrid.dir/__/src/query/parallel/px_scan/px_scan_input_handler_index.cpp.o
[907/1305] Building CXX object cubrid/CMakeFiles/cubrid.dir/__/src/query/parallel/px_scan/px_scan_input_handler_heap.cpp.o
[908/1305] Building CXX object cubrid-cci/cci/CMakeFiles/cascci.dir/__/src/cci/cci_t_set.c.o
[909/1305] Building CXX object broker/CMakeFiles/cub_broker.dir/__/src/broker/broker_process_size.c.o
[910/1305] Building CXX object broker/CMakeFiles/cub_broker.dir/__/src/broker/broker_send_fd.c.o
[911/1305] Building CXX object cubrid-cci/cci/CMakeFiles/cascci.dir/__/src/cci/cci_properties.c.o
[912/1305] Building CXX object cubrid-cci/cci/CMakeFiles/cascci.dir/__/src/cci/cci_network.c.o
[913/1305] Building CXX object cubrid-cci/cci/CMakeFiles/cascci.dir/__/src/cci/cci_ssl.c.o
[914/1305] Building CXX object util/CMakeFiles/cub_master.dir/__/src/executables/master_heartbeat.c.o
[915/1305] Building CXX object cubrid/CMakeFiles/cubrid.dir/__/src/query/parallel/px_hash_join/px_hash_join_task_manager.cpp.o
[916/1305] Building CXX object cubrid-cci/cci/CMakeFiles/cascci.dir/__/src/cci/cci_handle_mng.c.o
[917/1305] Building CXX object cubrid/CMakeFiles/cubrid.dir/__/src/query/parallel/px_scan/index/px_scan_index_leaf_page_dispatcher.cpp.o
[918/1305] Building CXX object cubrid/CMakeFiles/cubrid.dir/__/src/query/parallel/px_scan/px_scan_input_handler_list.cpp.o
[919/1305] Building CXX object util/CMakeFiles/cub_pl.dir/__/src/executables/pl.cpp.o
[920/1305] Building CXX object broker/CMakeFiles/cub_broker.dir/__/src/broker/broker_util.c.o
[921/1305] Building CXX object broker/CMakeFiles/cub_broker.dir/__/src/broker/broker_shm.c.o
[922/1305] Building CXX object broker/CMakeFiles/cub_gateway.dir/__/src/broker/broker_error.c.o
[923/1305] Building CXX object cubrid/CMakeFiles/cubrid.dir/__/src/query/parallel/px_scan/px_scan_instnum.cpp.o
[924/1305] Building CXX object broker/CMakeFiles/cub_gateway.dir/__/src/broker/broker_max_heap.c.o
[925/1305] Building CXX object cubrid/CMakeFiles/cubrid.dir/__/src/query/parallel/px_scan/index/px_scan_index_key_range_list.cpp.o
[926/1305] Building CXX object broker/CMakeFiles/cub_gateway.dir/__/src/broker/broker_access_list.c.o
[927/1305] Building CXX object broker/CMakeFiles/cub_gateway.dir/__/src/broker/broker_process_size.c.o
[928/1305] Building CXX object cubrid-cci/cci/CMakeFiles/cascci.dir/__/src/cci/cas_cci.c.o
[929/1305] Building CXX object cubrid/CMakeFiles/cubrid.dir/__/src/transaction/lock_manager.c.o
[930/1305] Building CXX object broker/CMakeFiles/cub_gateway.dir/__/src/broker/broker_send_fd.c.o
[931/1305] Building CXX object cubrid/CMakeFiles/cubrid.dir/__/src/query/parallel/px_scan/index/px_scan_index_overflow_drain_fsm.cpp.o
[932/1305] Building CXX object cubrid/CMakeFiles/cubrid.dir/__/src/transaction/log_recovery_redo_parallel.cpp.o
[933/1305] Building CXX object broker/CMakeFiles/broker_monitor.dir/__/src/broker/broker_process_size.c.o
[934/1305] Building CXX object broker/CMakeFiles/broker_monitor.dir/__/src/broker/broker_error.c.o
[935/1305] Building CXX object cubrid-cci/cci/CMakeFiles/cascci.dir/__/src/cci/cci_map.cpp.o
[936/1305] Building CXX object cubrid-cci/cci/CMakeFiles/cascci.dir/__/src/cci/cci_query_execute.c.o
[937/1305] Building CXX object broker/CMakeFiles/cub_gateway.dir/__/src/broker/broker_util.c.o
[938/1305] Building CXX object cubrid/CMakeFiles/cubrid.dir/__/src/xasl/xasl_spawner.cpp.o
[939/1305] Building CXX object broker/CMakeFiles/broker_monitor.dir/__/src/broker/broker_process_info.c.o
[940/1305] Building CXX object broker/CMakeFiles/broker_monitor.dir/__/src/broker/broker_max_heap.c.o
[941/1305] Building CXX object broker/CMakeFiles/cub_gateway.dir/__/src/broker/broker_shm.c.o
[942/1305] Building CXX object cubrid/CMakeFiles/cubrid.dir/__/src/query/parallel/px_scan/index/px_scan_index_overflow_chain_pool.cpp.o
[943/1305] Building CXX object cubrid/CMakeFiles/cubrid.dir/__/src/transaction/locator_sr.c.o
[944/1305] Building CXX object cubrid/CMakeFiles/cubrid.dir/__/src/storage/btree.c.o
[945/1305] Building CXX object broker/CMakeFiles/cub_broker.dir/__/src/broker/broker_proxy_conn.c.o
[946/1305] Building CXX object cubrid-cci/cci/CMakeFiles/cascci.dir/__/src/cci/cci_log.cpp.o
[947/1305] Building CXX object broker/CMakeFiles/gateway_monitor.dir/__/src/broker/broker_max_heap.c.o
[948/1305] Building CXX object cubrid/CMakeFiles/cubrid.dir/__/src/query/parallel/px_scan/px_scan_slot_iterator.cpp.o
[949/1305] Building CXX object broker/CMakeFiles/cub_broker.dir/__/src/broker/broker_filename.c.o
[950/1305] Building CXX object broker/CMakeFiles/gateway_monitor.dir/__/src/broker/broker_process_info.c.o
[951/1305] Building CXX object broker/CMakeFiles/gateway_monitor.dir/__/src/broker/broker_error.c.o
[952/1305] Building CXX object broker/CMakeFiles/gateway_monitor.dir/__/src/broker/broker_process_size.c.o
[953/1305] Building CXX object cubrid/CMakeFiles/cubrid.dir/__/src/query/parallel/px_scan/index/px_scan_index_leaf_slot_walker.cpp.o
[954/1305] Building CXX object cubrid/CMakeFiles/cubrid.dir/__/src/query/parallel/px_scan/px_scan_slot_iterator_list.cpp.o
[955/1305] Building CXX object cubrid/CMakeFiles/cubrid.dir/__/src/transaction/log_tran_table.c.o
[956/1305] Building CXX object cubrid/CMakeFiles/cubrid.dir/__/src/sp/pl_struct_compile.cpp.o
[957/1305] Building CXX object broker/CMakeFiles/cub_broker.dir/__/src/broker/shard_shm.c.o
[958/1305] Building CXX object broker/CMakeFiles/broker_monitor.dir/__/src/broker/broker_util.c.o
[959/1305] Building CXX object broker/CMakeFiles/cub_broker.dir/__/src/broker/shard_metadata.c.o
[960/1305] Building CXX object cubrid/CMakeFiles/cubrid.dir/__/src/query/parallel/px_scan/px_scan_slot_iterator_index.cpp.o
[961/1305] Building CXX object broker/CMakeFiles/broker_changer.dir/__/src/broker/broker_process_size.c.o
[962/1305] Building CXX object broker/CMakeFiles/broker_changer.dir/__/src/broker/broker_error.c.o
[963/1305] Building CXX object broker/CMakeFiles/broker_monitor.dir/__/src/broker/broker_shm.c.o
[964/1305] Building CXX object cubrid/CMakeFiles/cubrid.dir/__/src/query/parallel/px_worker_manager_global.cpp.o
[965/1305] Building CXX object cubrid/CMakeFiles/cubrid.dir/__/src/query/parallel/px_scan/px_scan_pre_execution_info.cpp.o
[966/1305] Building CXX object broker/CMakeFiles/broker_changer.dir/__/src/broker/broker_max_heap.c.o
[967/1305] Building CXX object broker/CMakeFiles/cubrid_broker.dir/__/src/broker/broker_error.c.o
[968/1305] Building CXX object broker/CMakeFiles/cub_gateway.dir/__/src/broker/broker_proxy_conn.c.o
[969/1305] Building CXX object broker/CMakeFiles/broker_changer.dir/__/src/broker/shard_key_func.c.o
[970/1305] Building CXX object broker/CMakeFiles/broker_changer.dir/__/src/broker/broker_acl.c.o
[971/1305] Building CXX object util/CMakeFiles/unittests_lf.dir/__/src/base/porting.c.o
[972/1305] Building CXX object broker/CMakeFiles/gateway_monitor.dir/__/src/broker/broker_util.c.o
[973/1305] Building CXX object util/CMakeFiles/unittests_lf.dir/__/src/base/memory_monitor_api.cpp.o
[974/1305] Building CXX object broker/CMakeFiles/gateway_monitor.dir/__/src/broker/broker_shm.c.o
[975/1305] Building CXX object broker/CMakeFiles/cub_gateway.dir/__/src/broker/shard_metadata.c.o
[976/1305] Building CXX object broker/CMakeFiles/cub_gateway.dir/__/src/broker/broker_filename.c.o
[977/1305] Building CXX object broker/CMakeFiles/broker_monitor.dir/__/src/base/util_func.c.o
[978/1305] Building CXX object broker/CMakeFiles/cubrid_broker.dir/__/src/base/porting.c.o
[979/1305] Building CXX object broker/CMakeFiles/cubrid_broker.dir/__/src/broker/broker_process_size.c.o
[980/1305] Building CXX object util/CMakeFiles/unittests_area.dir/__/src/base/memory_monitor_api.cpp.o
[981/1305] Building CXX object broker/CMakeFiles/broker_monitor.dir/__/src/broker/broker_filename.c.o
[982/1305] Building CXX object broker/CMakeFiles/cub_broker.dir/__/src/broker/broker.c.o
[983/1305] Building CXX object broker/CMakeFiles/cub_gateway.dir/__/src/broker/shard_shm.c.o
[984/1305] Building CXX object broker/CMakeFiles/broker_monitor.dir/__/src/broker/cas_util.c.o
[985/1305] Building CXX object broker/CMakeFiles/cubrid_broker.dir/__/src/broker/broker_max_heap.c.o
[986/1305] Building CXX object util/CMakeFiles/unittests_area.dir/__/src/executables/unittests_area.c.o
[987/1305] Building CXX object broker/CMakeFiles/gateway_monitor.dir/__/src/base/util_func.c.o
[988/1305] Building CXX object cubrid/CMakeFiles/cubrid.dir/__/src/query/parallel/px_scan/px_scan_trace_handler.cpp.o
[989/1305] Building CXX object broker/CMakeFiles/gateway_monitor.dir/__/src/broker/broker_filename.c.o
[990/1305] Building CXX object broker/CMakeFiles/cubrid_broker.dir/__/src/broker/broker_acl.c.o
[991/1305] Building CXX object broker/CMakeFiles/cubrid_broker.dir/__/src/broker/shard_key_func.c.o
[992/1305] Building CXX object broker/CMakeFiles/broker_changer.dir/__/src/broker/broker_shm.c.o
[993/1305] Building CXX object broker/CMakeFiles/cubrid_gateway.dir/__/src/broker/broker_error.c.o
[994/1305] Building CXX object broker/CMakeFiles/broker_changer.dir/__/src/broker/broker_changer.c.o
[995/1305] Building CXX object broker/CMakeFiles/broker_changer.dir/__/src/broker/broker_util.c.o
[996/1305] Building CXX object broker/CMakeFiles/broker_monitor.dir/__/src/broker/shard_shm.c.o
[997/1305] Building CXX object cubrid/CMakeFiles/cubrid.dir/__/src/storage/heap_file.c.o
[998/1305] Building CXX object broker/CMakeFiles/broker_monitor.dir/__/src/broker/shard_metadata.c.o
[999/1305] Building CXX object util/CMakeFiles/unittests_snapshot.dir/__/src/base/memory_monitor_api.cpp.o
[1000/1305] Building CXX object util/CMakeFiles/unittests_lf.dir/__/src/base/lock_free.c.o
[1001/1305] Building CXX object broker/CMakeFiles/cubrid_gateway.dir/__/src/base/porting.c.o
[1002/1305] Building CXX object broker/CMakeFiles/gateway_monitor.dir/__/src/broker/shard_shm.c.o
[1003/1305] Building CXX object broker/CMakeFiles/cubrid_gateway.dir/__/src/broker/broker_process_size.c.o
[1004/1305] Building CXX object broker/CMakeFiles/gateway_monitor.dir/__/src/broker/shard_metadata.c.o
[1005/1305] Building CXX object cubrid/CMakeFiles/cubrid.dir/__/src/query/parallel/px_thread_safe_queue.cpp.o
[1006/1305] Building CXX object broker/CMakeFiles/cub_gateway.dir/__/src/broker/broker.c.o
[1007/1305] Building CXX object broker/CMakeFiles/cubrid_gateway.dir/__/src/broker/broker_max_heap.c.o
[1008/1305] Building CXX object broker/CMakeFiles/cubrid_broker.dir/__/src/broker/broker_util.c.o
[1009/1305] Building CXX object broker/CMakeFiles/cubrid_gateway.dir/__/src/broker/broker_acl.c.o
[1010/1305] Building CXX object util/CMakeFiles/unittests_bit.dir/__/src/base/memory_monitor_api.cpp.o
[1011/1305] Building CXX object broker/CMakeFiles/cubrid_broker.dir/__/src/broker/broker_shm.c.o
[1012/1305] Building CXX object util/CMakeFiles/cub_server.dir/__/src/executables/server.c.o
[1013/1305] Building CXX object broker/CMakeFiles/gateway_monitor.dir/__/src/broker/cas_util.c.o
[1014/1305] Building CXX object broker/CMakeFiles/broker_monitor.dir/__/src/broker/broker_config.c.o
[1015/1305] Building CXX object broker/CMakeFiles/cubrid_gateway.dir/__/src/broker/shard_key_func.c.o
[1016/1305] Building CXX object cubrid/CMakeFiles/cubrid.dir/__/src/query/parallel/px_query_execute/px_query_task.cpp.o
[1017/1305] Building CXX object broker/CMakeFiles/cas_common_lib.dir/__/src/broker/cas_sql_log2.c.o
[1018/1305] Building CXX object broker/CMakeFiles/cas_common_lib.dir/__/src/broker/cas_meta.c.o
[1019/1305] Building CXX object broker/CMakeFiles/cas_common_lib.dir/__/src/broker/cas_optimization.c.o
[1020/1305] Building CXX object broker/CMakeFiles/broker_changer.dir/__/src/broker/broker_filename.c.o
[1021/1305] Building CXX object broker/CMakeFiles/broker_monitor.dir/__/src/broker/broker_monitor.c.o
[1022/1305] Building CXX object broker/CMakeFiles/cas_common_lib.dir/__/src/broker/cas_common_vars.c.o
[1023/1305] Building CXX object broker/CMakeFiles/gateway_monitor.dir/__/src/broker/broker_config.c.o
[1024/1305] Building CXX object broker/CMakeFiles/cas_common_lib.dir/__/src/broker/cas_network.c.o
[1025/1305] Building CXX object broker/CMakeFiles/cubrid_broker.dir/__/src/base/util_func.c.o
[1026/1305] Building CXX object broker/CMakeFiles/gateway_monitor.dir/__/src/broker/broker_monitor.c.o
[1027/1305] Building CXX object broker/CMakeFiles/broker_changer.dir/__/src/broker/shard_metadata.c.o
[1028/1305] Building CXX object broker/CMakeFiles/cubrid_gateway.dir/__/src/broker/broker_util.c.o
[1029/1305] Building CXX object broker/CMakeFiles/broker_changer.dir/__/src/broker/shard_shm.c.o
[1030/1305] Building CXX object broker/CMakeFiles/cas_common_lib.dir/__/src/broker/broker_acl.c.o
[1031/1305] Building CXX object cubrid/CMakeFiles/cubrid.dir/__/src/transaction/log_manager.c.o
[1032/1305] Building CXX object broker/CMakeFiles/cubrid_gateway.dir/__/src/broker/broker_shm.c.o
[1033/1305] Building CXX object broker/CMakeFiles/cubrid_broker.dir/__/src/broker/broker_filename.c.o
[1034/1305] Building CXX object broker/CMakeFiles/cub_cas_cgw.dir/__/src/broker/broker_error.c.o
[1035/1305] Building CXX object broker/CMakeFiles/cub_cas.dir/__/src/broker/broker_error.c.o
[1036/1305] Building CXX object broker/CMakeFiles/cub_cas.dir/__/src/broker/broker_recv_fd.c.o
[1037/1305] Building CXX object broker/CMakeFiles/cubrid_broker.dir/__/src/broker/shard_metadata.c.o
[1038/1305] Building CXX object broker/CMakeFiles/cubrid_broker.dir/__/src/broker/shard_shm.c.o
[1039/1305] Building CXX object broker/CMakeFiles/cub_cas_cgw.dir/__/src/broker/broker_process_size.c.o
[1040/1305] Building CXX object broker/CMakeFiles/cub_cas_cgw.dir/__/src/broker/broker_recv_fd.c.o
[1041/1305] Building CXX object broker/CMakeFiles/broker_changer.dir/__/src/broker/broker_config.c.o
[1042/1305] Building CXX object cubrid/CMakeFiles/cubrid.dir/__/src/transaction/log_page_buffer.c.o
[1043/1305] Building CXX object broker/CMakeFiles/cubrid_broker.dir/__/src/broker/broker_admin.c.o
[1044/1305] Building CXX object broker/CMakeFiles/cub_cas.dir/__/src/broker/cas_schema_info.c.o
[1045/1305] Building CXX object broker/CMakeFiles/cub_cas.dir/__/src/broker/broker_process_size.c.o
[1046/1305] Building CXX object broker/CMakeFiles/cubrid_gateway.dir/__/src/base/util_func.c.o
[1047/1305] Building CXX object broker/CMakeFiles/cub_proxy.dir/__/src/broker/broker_process_size.c.o
[1048/1305] Building CXX object broker/CMakeFiles/cub_proxy.dir/__/src/broker/broker_error.c.o
[1049/1305] Building CXX object broker/CMakeFiles/cas_common_lib.dir/__/src/broker/broker_util.c.o
[1050/1305] Building CXX object broker/CMakeFiles/cas_common_lib.dir/__/src/broker/cas_ssl.c.o
[1051/1305] Building CXX object broker/CMakeFiles/cubrid_gateway.dir/__/src/broker/broker_filename.c.o
[1052/1305] Building CXX object broker/CMakeFiles/cas_common_lib.dir/__/src/broker/broker_shm.c.o
[1053/1305] Building CXX object broker/CMakeFiles/cubrid_gateway.dir/__/src/broker/broker_admin.c.o
[1054/1305] Building CXX object broker/CMakeFiles/cubrid_gateway.dir/__/src/broker/shard_metadata.c.o
[1055/1305] Building CXX object cubrid/CMakeFiles/cubrid.dir/__/src/query/parallel/px_scan/px_scan_task.cpp.o
[1056/1305] Building CXX object broker/CMakeFiles/cas_common_lib.dir/__/src/broker/cas_util.c.o
[1057/1305] Building CXX object broker/CMakeFiles/cubrid_broker.dir/__/src/broker/broker_config.c.o
[1058/1305] Building CXX object broker/CMakeFiles/cubrid_gateway.dir/__/src/broker/shard_shm.c.o
[1059/1305] Building CXX object broker/CMakeFiles/cas_common_lib.dir/__/src/broker/cas_log.c.o
[1060/1305] Building CXX object broker/CMakeFiles/cub_proxy.dir/__/src/broker/cas_meta.c.o
[1061/1305] Building CXX object broker/CMakeFiles/broker_log_converter.dir/__/src/broker/log_top_string.c.o
[1062/1305] Building CXX object broker/CMakeFiles/broker_log_converter.dir/__/src/broker/broker_log_util.c.o
[1063/1305] Building CXX object broker/CMakeFiles/cub_proxy.dir/__/src/broker/shard_key_func.c.o
[1064/1305] Building CXX object broker/CMakeFiles/cubrid_gateway.dir/__/src/broker/broker_config.c.o
[1065/1305] Building CXX object broker/CMakeFiles/broker_log_runner.dir/__/src/broker/broker_log_util.c.o
[1066/1305] Building CXX object broker/CMakeFiles/cas_common_lib.dir/__/src/broker/cas_handle.c.o
[1067/1305] Building CXX object broker/CMakeFiles/cas_common_lib.dir/__/src/broker/cas_error.c.o
[1068/1305] Building CXX object broker/CMakeFiles/cub_proxy.dir/__/src/broker/broker_acl.c.o
[1069/1305] Building CXX object broker/CMakeFiles/cub_proxy.dir/__/src/broker/broker_recv_fd.c.o
[1070/1305] Building CXX object broker/CMakeFiles/broker_log_converter.dir/__/src/broker/broker_log_converter.c.o
[1071/1305] Building CXX object cubrid/CMakeFiles/cubrid.dir/__/src/query/parallel/px_scan/px_scan_result_handler.cpp.o
[1072/1305] Building CXX object broker/CMakeFiles/cub_proxy.dir/__/src/broker/broker_util.c.o
[1073/1305] Building CXX object broker/CMakeFiles/cas_common_lib.dir/__/src/broker/cas_common_execute.c.o
[1074/1305] Building CXX object broker/CMakeFiles/broker_changer.dir/__/src/broker/broker_admin_pub.c.o
[1075/1305] Building CXX object broker/CMakeFiles/cub_proxy.dir/__/src/broker/shard_parser.c.o
[1076/1305] Building CXX object broker/CMakeFiles/broker_tester.dir/__/src/broker/broker_error.c.o
[1077/1305] Building CXX object broker/CMakeFiles/cas_common_lib.dir/__/src/broker/cas_common_function.c.o
[1078/1305] Building CXX object broker/CMakeFiles/cub_proxy.dir/__/src/broker/broker_shm.c.o
[1079/1305] Building CXX object broker/CMakeFiles/cas_common_lib.dir/__/src/broker/cas_net_buf.c.o
[1080/1305] Building CXX object broker/CMakeFiles/broker_log_runner.dir/__/src/broker/log_top_string.c.o
[1081/1305] Building CXX object broker/CMakeFiles/cub_broker.dir/__/src/broker/query_replace.c.o
[1082/1305] Building CXX object broker/CMakeFiles/cub_cas.dir/__/src/broker/cas_str_like.c.o
[1083/1305] Building CXX object broker/CMakeFiles/broker_tester.dir/__/src/broker/log_top_string.c.o
[1084/1305] Building CXX object broker/CMakeFiles/cas_common_lib.dir/__/src/broker/broker_filename.c.o
[1085/1305] Building CXX object broker/CMakeFiles/broker_log_top.dir/__/src/broker/broker_log_time.c.o
[1086/1305] Building CXX object cubrid/CMakeFiles/cubrid.dir/__/src/query/parallel/px_query_execute/px_query_executor.cpp.o
[1087/1305] Building CXX object broker/CMakeFiles/broker_log_top.dir/__/src/broker/cas_query_info.c.o
[1088/1305] Building CXX object broker/CMakeFiles/cub_proxy.dir/__/src/broker/shard_proxy.c.o
[1089/1305] Building CXX object broker/CMakeFiles/broker_log_top.dir/__/src/broker/broker_log_top.c.o
[1090/1305] Building CXX object broker/CMakeFiles/broker_log_top.dir/__/src/broker/broker_log_sql_list.c.o
[1091/1305] Building CXX object broker/CMakeFiles/broker_log_top.dir/__/src/broker/broker_log_util.c.o
[1092/1305] Building CXX object broker/CMakeFiles/broker_log_top.dir/__/src/broker/log_top_string.c.o
[1093/1305] Building CXX object broker/CMakeFiles/broker_tester.dir/__/src/broker/broker_tester.c.o
[1094/1305] Generating csql.cat for en_US.utf8
[1095/1305] Building CXX object broker/CMakeFiles/cub_cas.dir/__/src/broker/cas_xa.c.o
[1096/1305] Building CXX object cubrid/CMakeFiles/cubrid.dir/__/src/query/parallel/px_scan/px_scan.cpp.o
[1097/1305] Generating utils.cat for en_US.utf8
[1098/1305] Building CXX object broker/CMakeFiles/cubrid_broker.dir/__/src/broker/broker_admin_pub.c.o
[1099/1305] Building CXX object broker/CMakeFiles/cub_proxy.dir/__/src/broker/broker_filename.c.o
[1100/1305] Generating cubrid.cat for en_US.utf8
[1101/1305] Building CXX object broker/CMakeFiles/broker_log_top.dir/__/src/broker/broker_error.c.o
[1102/1305] Generating csql.cat for en_US
[1103/1305] Generating utils.cat for en_US
[1104/1305] Building CXX object broker/CMakeFiles/broker_log_top.dir/__/src/broker/broker_log_top_tran.c.o
[1105/1305] Generating utils.cat for ko_KR.utf8
[1106/1305] Building CXX object util/CMakeFiles/unittests_snapshot.dir/__/src/executables/unittests_snapshot.c.o
[1107/1305] Generating cubrid.cat for en_US
[1108/1305] Generating csql.cat for ko_KR.utf8
[1109/1305] Generating csql.cat for ko_KR.euckr
[1110/1305] Generating cubrid.cat for ko_KR.utf8
[1111/1305] Generating cubrid.cat for ko_KR.euckr
[1112/1305] Generating utils.cat for ko_KR.euckr
[1113/1305] Building CXX object broker/CMakeFiles/cubrid_replay.dir/__/src/broker/log_top_string.c.o
[1114/1305] Performing update step for 'catch2'
[1115/1305] Building CXX object broker/CMakeFiles/broker_log_runner.dir/__/src/broker/cas_runner.c.o
[1116/1305] Building CXX object broker/CMakeFiles/cubrid_replay.dir/__/src/broker/broker_log_util.c.o
[1117/1305] Building CXX object broker/CMakeFiles/brokeradmin.dir/__/src/broker/broker_error.c.o
[1118/1305] Building CXX object broker/CMakeFiles/cub_proxy.dir/__/src/broker/shard_statement.c.o
[1119/1305] No patch step for 'catch2'
[1120/1305] Building CXX object broker/CMakeFiles/broker_tester.dir/__/src/broker/broker_util.c.o
[1121/1305] Building CXX object broker/CMakeFiles/broker_tester.dir/__/src/broker/broker_shm.c.o
[1122/1305] Building CXX object broker/CMakeFiles/brokeradmin.dir/__/src/broker/broker_max_heap.c.o
[1123/1305] Building CXX object broker/CMakeFiles/cubrid_gateway.dir/__/src/broker/broker_admin_pub.c.o
[1124/1305] Building CXX object broker/CMakeFiles/cub_proxy.dir/__/src/broker/shard_metadata.c.o
[1125/1305] Building CXX object unit_tests/oos/CMakeFiles/test_oos_workspace.dir/test_oos_workspace.cpp.o
[1126/1305] Building CXX object broker/CMakeFiles/cub_proxy.dir/__/src/broker/shard_proxy_queue.c.o
[1127/1305] Building CXX object broker/CMakeFiles/brokeradmin.dir/__/src/broker/broker_process_size.c.o
[1128/1305] Building CXX object broker/CMakeFiles/brokeradmin.dir/__/src/broker/broker_process_info.c.o
[1129/1305] Building CXX object broker/CMakeFiles/brokeradmin.dir/__/src/broker/broker_acl.c.o
[1130/1305] Performing configure step for 'catch2'
loading initial cache file /home/vimkim/gh/cb/pr7925-simplification-integration/build_preset_debug_gcc/unit_tests/catch2-prefix/tmp/catch2-cache-Debug.cmake
-- Configuring done (0.1s)
-- Generating done (0.0s)
-- Build files have been written to: /home/vimkim/gh/cb/pr7925-simplification-integration/build_preset_debug_gcc/unit_tests/catch2-prefix/src/catch2-build
[1131/1305] Building CXX object cm_common/CMakeFiles/cmstat.dir/__/src/cm_common/cm_errmsg.c.o
[1132/1305] Building CXX object broker/CMakeFiles/cub_proxy.dir/__/src/broker/shard_shm.c.o
[1133/1305] Building CXX object broker/CMakeFiles/brokeradmin.dir/__/src/broker/shard_key_func.c.o
[1134/1305] Building CXX object broker/CMakeFiles/cub_gateway.dir/__/src/broker/query_replace.c.o
[1135/1305] Building CXX object broker/CMakeFiles/cub_proxy.dir/__/src/broker/cas_util.c.o
[1136/1305] Performing build step for 'catch2'
ninja: no work to do.
[1137/1305] Building CXX object broker/CMakeFiles/cub_proxy.dir/__/src/broker/shard_proxy_io.c.o
[1138/1305] Building CXX object cm_common/CMakeFiles/cmstat.dir/__/src/cm_common/cm_broker_admin.c.o
[1139/1305] Building CXX object broker/CMakeFiles/cub_proxy.dir/__/src/broker/cas_net_buf.c.o
[1140/1305] Building CXX object broker/CMakeFiles/cub_proxy.dir/__/src/broker/shard_proxy_log.c.o
[1141/1305] Building CXX object broker/CMakeFiles/broker_log_top.dir/__/src/broker/broker_util.c.o
[1142/1305] No install step for 'catch2'
[1143/1305] Building CXX object broker/CMakeFiles/cub_proxy.dir/__/src/broker/shard_proxy_handler.c.o
[1144/1305] Building CXX object broker/CMakeFiles/cas_cgw_lib.dir/__/src/broker/cas_cgw_odbc.c.o
[1145/1305] Completed 'catch2'
[1146/1305] Building CXX object broker/CMakeFiles/broker_log_top.dir/__/src/broker/broker_shm.c.o
[1147/1305] Building CXX object broker/CMakeFiles/broker_tester.dir/__/src/broker/broker_filename.c.o
[1148/1305] Building CXX object broker/CMakeFiles/broker_monitor.dir/__/src/broker/query_replace.c.o
[1149/1305] Building CXX object broker/CMakeFiles/cub_proxy.dir/__/src/broker/shard_proxy_function.c.o
[1150/1305] Building CXX object broker/CMakeFiles/brokeradmin.dir/__/src/broker/broker_util.c.o
[1151/1305] Building CXX object broker/CMakeFiles/broker_tester.dir/__/src/broker/shard_metadata.c.o
[1152/1305] Building CXX object util/CMakeFiles/loadjava.dir/__/src/executables/loadjava.cpp.o
[1153/1305] Building CXX object broker/CMakeFiles/broker_tester.dir/__/src/broker/shard_shm.c.o
[1154/1305] Building CXX object broker/CMakeFiles/brokeradmin.dir/__/src/broker/broker_shm.c.o
[1155/1305] Building CXX object cm_common/CMakeFiles/cmstat.dir/__/src/cm_common/cm_mem_cpu_stat.c.o
[1156/1305] Building CXX object broker/CMakeFiles/gateway_monitor.dir/__/src/broker/query_replace.c.o
[1157/1305] Building CXX object broker/CMakeFiles/cubrid_replay.dir/__/src/broker/broker_log_replay.c.o
[1158/1305] Building CXX object broker/CMakeFiles/broker_log_top.dir/__/src/broker/broker_filename.c.o
[1159/1305] Building CXX object cm_common/CMakeFiles/cmdep.dir/__/src/cm_common/cm_utils.c.o
[1160/1305] Building CXX object broker/CMakeFiles/brokeradmin.dir/__/src/broker/broker_admin_so.c.o
[1161/1305] Building CXX object broker/CMakeFiles/broker_tester.dir/__/src/broker/broker_config.c.o
[1162/1305] Building CXX object broker/CMakeFiles/broker_log_top.dir/__/src/broker/shard_shm.c.o
[1163/1305] Building CXX object cm_common/CMakeFiles/cmstat.dir/__/src/cm_common/cm_utils.c.o
[1164/1305] Building CXX object broker/CMakeFiles/broker_log_top.dir/__/src/broker/shard_metadata.c.o
[1165/1305] Building CXX object broker/CMakeFiles/broker_changer.dir/__/src/broker/query_replace.c.o
[1166/1305] Building CXX object broker/CMakeFiles/brokeradmin.dir/__/src/broker/broker_filename.c.o
[1167/1305] Building CXX object broker/CMakeFiles/brokeradmin.dir/__/src/broker/shard_metadata.c.o
[1168/1305] Building CXX object broker/CMakeFiles/brokeradmin.dir/__/src/broker/shard_shm.c.o
[1169/1305] Building CXX object timezones/CMakeFiles/gen_timezone.dir/__/src/executables/generate_timezone.cpp.o
[1170/1305] Building CXX object cm_common/CMakeFiles/cub_jobsa.dir/__/src/cm_common/cm_class_info_sa.c.o
[1171/1305] Building CXX object broker/CMakeFiles/cubrid_replay.dir/__/src/base/filesys_temp.cpp.o
[1172/1305] Building CXX object broker/CMakeFiles/broker_log_top.dir/__/src/broker/broker_config.c.o
[1173/1305] Building CXX object broker/CMakeFiles/cubrid_broker.dir/__/src/broker/query_replace.c.o
[1174/1305] Building CXX object cm_common/CMakeFiles/cub_sainfo.dir/__/src/cm_common/cm_class_info_sa.c.o
[1175/1305] Building CXX object broker/CMakeFiles/brokeradmin.dir/__/src/broker/broker_config.c.o
[1176/1305] Building CXX object unit_tests/common/CMakeFiles/test_common.dir/test_perf_compare.cpp.o
[1177/1305] Building CXX object broker/CMakeFiles/cubrid_gateway.dir/__/src/broker/query_replace.c.o
[1178/1305] Linking CXX static library unit_tests/common/libtest_common.a
[1179/1305] Building CXX object broker/CMakeFiles/brokeradmin.dir/__/src/broker/broker_admin_pub.c.o
[1180/1305] Building CXX object broker/CMakeFiles/cas_common_lib.dir/__/src/broker/cas_common_main.c.o
[1181/1305] Building CXX object cubrid-cci/cci/CMakeFiles/cascci.dir/__/src/cci/cci_util.c.o
[1182/1305] Building CXX object broker/CMakeFiles/cas_common_lib.dir/__/src/broker/query_replace.c.o
[1183/1305] Building CXX object broker/CMakeFiles/cub_cas.dir/__/src/broker/cas.c.o
[1184/1305] Building CXX object broker/CMakeFiles/cas_common_lib.dir/__/src/base/ddl_log.c.o
[1185/1305] Building CXX object broker/CMakeFiles/cub_cas.dir/__/src/broker/cas_function.c.o
[1186/1305] Building CXX object broker/CMakeFiles/cas_cgw_lib.dir/__/src/broker/cas_cgw_function.c.o
[1187/1305] Building CXX object broker/CMakeFiles/broker_tester.dir/__/src/broker/query_replace.c.o
[1188/1305] Building CXX object broker/CMakeFiles/cas_cgw_lib.dir/__/src/broker/cas_cgw_execute.c.o
[1189/1305] Building CXX object broker/CMakeFiles/cub_proxy.dir/__/src/broker/query_replace.c.o
[1190/1305] Building CXX object broker/CMakeFiles/cub_cas_cgw.dir/__/src/broker/cas_cgw.c.o
[1191/1305] Building CXX object unit_tests/oos/CMakeFiles/test_oos_tde_gate.dir/test_oos_tde_gate.cpp.o
[1192/1305] Building CXX object broker/CMakeFiles/brokeradmin.dir/__/src/broker/query_replace.c.o
[1193/1305] Linking CXX shared library cubrid-cci/cci/libcascci.so.11.3
[1194/1305] Creating library symlink cubrid-cci/cci/libcascci.so
[1195/1305] Linking CXX executable bin/cci_applier
[1196/1305] Building CXX object broker/CMakeFiles/cub_cas.dir/__/src/broker/cas_execute.c.o
[1197/1305] Building CXX object broker/CMakeFiles/broker_log_top.dir/__/src/broker/query_replace.c.o
[1198/1305] Building CXX object unit_tests/oos/CMakeFiles/test_oos_record_flags.dir/test_oos_record_flags.cpp.o
[1199/1305] Building CXX object cm_common/CMakeFiles/cmdep.dir/__/src/cm_common/cm_dep_tasks.c.o
[1200/1305] Building CXX object unit_tests/oos/CMakeFiles/test_oos_delete.dir/test_oos_delete.cpp.o
[1201/1305] Building CXX object cubrid/CMakeFiles/cubrid.dir/__/src/optimizer/histogram/histogram_sampler_sr.cpp.o
[1202/1305] Building CXX object unit_tests/oos/CMakeFiles/test_oos.dir/test_oos.cpp.o
[1203/1305] Building CXX object unit_tests/oos/CMakeFiles/test_oos_bestspace.dir/test_oos_bestspace.cpp.o
[1204/1305] Building CXX object unit_tests/oos/sql/CMakeFiles/test_oos_sql_crud.dir/test_oos_sql_crud.cpp.o
[1205/1305] Building CXX object unit_tests/oos/sql/CMakeFiles/test_oos_sql_bigone.dir/test_oos_sql_bigone.cpp.o
[1206/1305] Building CXX object unit_tests/oos/sql/CMakeFiles/test_oos_sql_delete.dir/test_oos_sql_delete.cpp.o
[1207/1305] Building CXX object unit_tests/oos/sql/CMakeFiles/test_oos_sql_boundary.dir/test_oos_sql_boundary.cpp.o
[1208/1305] Building CXX object unit_tests/oos/sql/CMakeFiles/test_oos_sql_update_delete.dir/test_oos_sql_update_delete.cpp.o
[1209/1305] Building CXX object unit_tests/oos/sql/CMakeFiles/test_oos_sql_crash_recovery.dir/test_oos_sql_crash_recovery.cpp.o
[1210/1305] Building CXX object unit_tests/oos/sql/CMakeFiles/test_oos_sql_txn.dir/test_oos_sql_txn.cpp.o
[1211/1305] Building CXX object unit_tests/oos/sql/CMakeFiles/test_oos_sql_visible_version.dir/test_oos_sql_visible_version.cpp.o
[1212/1305] Building CXX object unit_tests/oos/sql/CMakeFiles/test_oos_sql_eager_cleanup.dir/test_oos_sql_eager_cleanup.cpp.o
[1213/1305] Building CXX object unit_tests/oos/sql/CMakeFiles/test_oos_sql_show.dir/test_oos_sql_show.cpp.o
[1214/1305] Building CXX object unit_tests/oos/sql/CMakeFiles/test_oos_sql_ddl.dir/test_oos_sql_ddl.cpp.o
[1215/1305] Building CXX object unit_tests/oos/CMakeFiles/test_oos_no_logging.dir/test_oos_no_logging.cpp.o
[1216/1305] Building CXX object unit_tests/oos/CMakeFiles/test_oos_remove_file.dir/test_oos_remove_file.cpp.o
[1217/1305] Building CXX object unit_tests/oos/sql/CMakeFiles/test_oos_sql_storage.dir/test_oos_sql_storage.cpp.o
[1218/1305] Building CXX object unit_tests/oos/CMakeFiles/test_oos_mock_vacuum_server.dir/test_oos_mock_vacuum_server.cpp.o
[1219/1305] Building CXX object unit_tests/oos/CMakeFiles/test_oos_delete_server.dir/test_oos_delete_server.cpp.o
[1220/1305] Building CXX object unit_tests/oos/CMakeFiles/test_oos_eager_diagnostics.dir/test_oos_eager_diagnostics.cpp.o
[1221/1305] Building CXX object unit_tests/oos/CMakeFiles/test_oos_remove_file_server.dir/test_oos_remove_file_server.cpp.o
[1222/1305] Linking CXX shared library cs/libcubridcs.so.11.5
[1223/1305] Creating library symlink cs/libcubridcs.so
[1224/1305] Building CXX object unit_tests/oos/sql/CMakeFiles/test_oos_sql_workspace_bytes.dir/test_oos_sql_workspace_bytes.cpp.o
[1225/1305] Linking CXX static library broker/libcas_common_lib.a
[1226/1305] Linking CXX executable bin/broker_log_converter
[1227/1305] Linking CXX executable bin/broker_log_runner
[1228/1305] Linking CXX executable bin/cub_commdb
[1229/1305] Linking CXX executable bin/cubrid_replay
[1230/1305] Linking CXX shared library cm_common/libcmdep.so.11.5
[1231/1305] Linking CXX static library broker/libcas_cgw_lib.a
[1232/1305] Creating library symlink cm_common/libcmdep.so
[1233/1305] Linking CXX shared library broker/libbrokeradmin.so.11.5
[1234/1305] Linking CXX executable bin/cub_master
[1235/1305] Linking CXX executable bin/broker_tester
[1236/1305] Linking CXX executable bin/cub_gateway
[1237/1305] Linking CXX executable bin/cub_broker
[1238/1305] Creating library symlink broker/libbrokeradmin.so
[1239/1305] Linking CXX executable bin/broker_log_top
[1240/1305] Linking CXX executable bin/gateway_monitor
[1241/1305] Linking CXX executable bin/broker_changer
[1242/1305] Linking CXX executable bin/broker_monitor
[1243/1305] Building CXX object unit_tests/oos/CMakeFiles/test_oos_identity_stamp.dir/test_oos_identity_stamp.cpp.o
[1244/1305] Linking CXX executable bin/cubrid_broker
[1245/1305] Linking CXX executable bin/cubrid_gateway
[1246/1305] Building CXX object unit_tests/oos/CMakeFiles/test_oos_growth_sweep.dir/test_oos_growth_sweep.cpp.o
[1247/1305] Linking CXX executable bin/cub_proxy
[1248/1305] Linking CXX shared library cm_common/libcmstat.so.11.5
[1249/1305] Creating library symlink cm_common/libcmstat.so
[1250/1305] Building CXX object unit_tests/oos/CMakeFiles/test_oos_real_vacuum_server.dir/test_oos_real_vacuum_server.cpp.o
[1251/1305] Linking CXX executable bin/cub_cas_cgw
[1252/1305] Linking CXX executable bin/cub_cas
[1253/1305] Building CXX object unit_tests/oos/sql/CMakeFiles/test_oos_sql_deferred_write.dir/test_oos_sql_deferred_write.cpp.o
[1254/1305] Building CXX object unit_tests/oos/CMakeFiles/test_oos_vacuum_server.dir/test_oos_vacuum_server.cpp.o
[1255/1305] Building CXX object unit_tests/oos/CMakeFiles/test_oos_server.dir/test_oos_server.cpp.o
[1256/1305] Linking CXX shared library sa/libcubridsa.so.11.5
[1257/1305] Creating library symlink sa/libcubridsa.so
[1258/1305] Linking CXX executable bin/csql
[1259/1305] Linking CXX executable bin/cub_admin
[1260/1305] Linking CXX executable bin/cub_jobsa
[1261/1305] Linking CXX executable bin/cubrid_rel
[1262/1305] Linking CXX executable bin/gen_timezone
[1263/1305] Linking CXX executable bin/cubrid
[1264/1305] Linking CXX executable bin/cub_pl
[1265/1305] Linking CXX executable bin/loadjava
[1266/1305] Linking CXX executable bin/cub_sainfo
[1267/1305] Linking CXX executable bin/test_oos_tde_gate
[1268/1305] Linking CXX executable bin/test_oos_record_flags
[1269/1305] Linking CXX executable bin/test_oos
[1270/1305] Linking CXX executable bin/test_oos_sql_delete
[1271/1305] Linking CXX executable bin/test_oos_sql_visible_version
[1272/1305] Linking CXX executable bin/test_oos_sql_eager_cleanup
[1273/1305] Linking CXX executable bin/test_oos_sql_ddl
[1274/1305] Linking CXX executable bin/test_oos_eager_diagnostics
[1275/1305] Linking CXX executable bin/test_oos_identity_stamp
[1276/1305] Linking CXX executable bin/test_oos_sql_workspace_bytes
[1277/1305] Linking CXX executable bin/test_oos_sql_boundary
[1278/1305] Linking CXX executable bin/test_oos_sql_bigone
[1279/1305] Linking CXX executable bin/test_oos_workspace
[1280/1305] Linking CXX executable bin/test_oos_sql_txn
[1281/1305] Linking CXX executable bin/test_oos_sql_update_delete
[1282/1305] Linking CXX executable bin/test_oos_sql_crash_recovery
[1283/1305] Linking CXX executable bin/test_byte_span_writer
[1284/1305] Linking CXX executable bin/test_oos_remove_file
[1285/1305] Linking CXX executable bin/test_oos_sql_storage
[1286/1305] Linking CXX executable bin/test_oos_sql_show
[1287/1305] Linking CXX executable bin/test_oos_no_logging
[1288/1305] Linking CXX executable bin/test_oos_sql_crud
[1289/1305] Linking CXX executable bin/test_oos_bestspace
[1290/1305] Linking CXX executable bin/test_oos_growth_sweep
[1291/1305] Linking CXX executable bin/test_oos_delete
[1292/1305] Linking CXX executable bin/test_oos_sql_deferred_write
[1293/1305] Linking CXX shared library cubrid/libcubrid.so.11.5
[1294/1305] Creating library symlink cubrid/libcubrid.so
[1295/1305] Linking CXX executable bin/cub_server
[1296/1305] Linking CXX executable bin/unittests_bit
[1297/1305] Linking CXX executable bin/unittests_area
[1298/1305] Linking CXX executable bin/unittests_snapshot
[1299/1305] Linking CXX executable bin/unittests_lf
[1300/1305] Linking CXX executable bin/test_oos_delete_server
[1301/1305] Linking CXX executable bin/test_oos_mock_vacuum_server
[1302/1305] Linking CXX executable bin/test_oos_remove_file_server
[1303/1305] Linking CXX executable bin/test_oos_real_vacuum_server
[1304/1305] Linking CXX executable bin/test_oos_vacuum_server
[1305/1305] Linking CXX executable bin/test_oos_server
-- Install configuration: "Debug"
-- Up-to-date: /home/vimkim/.cub/install/pr7925-simplification-integration/debug_gcc/vm/pl_server.jar
-- Up-to-date: /home/vimkim/.cub/install/pr7925-simplification-integration/debug_gcc/vm/logging.properties
-- Installing: /home/vimkim/.cub/install/pr7925-simplification-integration/debug_gcc/lib/libcubridsa.so.11.5
-- Set runtime path of "/home/vimkim/.cub/install/pr7925-simplification-integration/debug_gcc/lib/libcubridsa.so.11.5" to "/home/vimkim/.cub/install/pr7925-simplification-integration/debug_gcc/lib"
-- Up-to-date: /home/vimkim/.cub/install/pr7925-simplification-integration/debug_gcc/lib/libcubridsa.so
-- Installing: /home/vimkim/.cub/install/pr7925-simplification-integration/debug_gcc/lib/libcubridcs.so.11.5
-- Set runtime path of "/home/vimkim/.cub/install/pr7925-simplification-integration/debug_gcc/lib/libcubridcs.so.11.5" to "/home/vimkim/.cub/install/pr7925-simplification-integration/debug_gcc/lib"
-- Up-to-date: /home/vimkim/.cub/install/pr7925-simplification-integration/debug_gcc/lib/libcubridcs.so
-- Installing: /home/vimkim/.cub/install/pr7925-simplification-integration/debug_gcc/lib/libcubrid.so.11.5
-- Set runtime path of "/home/vimkim/.cub/install/pr7925-simplification-integration/debug_gcc/lib/libcubrid.so.11.5" to "/home/vimkim/.cub/install/pr7925-simplification-integration/debug_gcc/lib"
-- Up-to-date: /home/vimkim/.cub/install/pr7925-simplification-integration/debug_gcc/lib/libcubrid.so
-- Up-to-date: /home/vimkim/.cub/install/pr7925-simplification-integration/debug_gcc/include/dbi.h
-- Up-to-date: /home/vimkim/.cub/install/pr7925-simplification-integration/debug_gcc/include/dbtran_def.h
-- Up-to-date: /home/vimkim/.cub/install/pr7925-simplification-integration/debug_gcc/include/dbtype_def.h
-- Up-to-date: /home/vimkim/.cub/install/pr7925-simplification-integration/debug_gcc/include/db_set_function.h
-- Up-to-date: /home/vimkim/.cub/install/pr7925-simplification-integration/debug_gcc/include/dbtype_function.h
-- Up-to-date: /home/vimkim/.cub/install/pr7925-simplification-integration/debug_gcc/include/db_date.h
-- Up-to-date: /home/vimkim/.cub/install/pr7925-simplification-integration/debug_gcc/include/db_elo.h
-- Up-to-date: /home/vimkim/.cub/install/pr7925-simplification-integration/debug_gcc/include/cache_time.h
-- Up-to-date: /home/vimkim/.cub/install/pr7925-simplification-integration/debug_gcc/include/error_code.h
-- Up-to-date: /home/vimkim/.cub/install/pr7925-simplification-integration/debug_gcc/include/cubrid_log.h
-- Up-to-date: /home/vimkim/.cub/install/pr7925-simplification-integration/debug_gcc/include/cm_stat.h
-- Installing: /home/vimkim/.cub/install/pr7925-simplification-integration/debug_gcc/bin/csql
-- Set runtime path of "/home/vimkim/.cub/install/pr7925-simplification-integration/debug_gcc/bin/csql" to "/home/vimkim/.cub/install/pr7925-simplification-integration/debug_gcc/lib"
-- Installing: /home/vimkim/.cub/install/pr7925-simplification-integration/debug_gcc/bin/cub_master
-- Set runtime path of "/home/vimkim/.cub/install/pr7925-simplification-integration/debug_gcc/bin/cub_master" to "/home/vimkim/.cub/install/pr7925-simplification-integration/debug_gcc/lib"
-- Installing: /home/vimkim/.cub/install/pr7925-simplification-integration/debug_gcc/bin/cub_server
-- Set runtime path of "/home/vimkim/.cub/install/pr7925-simplification-integration/debug_gcc/bin/cub_server" to "/home/vimkim/.cub/install/pr7925-simplification-integration/debug_gcc/lib"
-- Installing: /home/vimkim/.cub/install/pr7925-simplification-integration/debug_gcc/bin/cubrid
-- Set runtime path of "/home/vimkim/.cub/install/pr7925-simplification-integration/debug_gcc/bin/cubrid" to "/home/vimkim/.cub/install/pr7925-simplification-integration/debug_gcc/lib"
-- Installing: /home/vimkim/.cub/install/pr7925-simplification-integration/debug_gcc/bin/cub_commdb
-- Set runtime path of "/home/vimkim/.cub/install/pr7925-simplification-integration/debug_gcc/bin/cub_commdb" to "/home/vimkim/.cub/install/pr7925-simplification-integration/debug_gcc/lib"
-- Installing: /home/vimkim/.cub/install/pr7925-simplification-integration/debug_gcc/bin/cubrid_rel
-- Set runtime path of "/home/vimkim/.cub/install/pr7925-simplification-integration/debug_gcc/bin/cubrid_rel" to "/home/vimkim/.cub/install/pr7925-simplification-integration/debug_gcc/lib"
-- Installing: /home/vimkim/.cub/install/pr7925-simplification-integration/debug_gcc/bin/loadjava
-- Set runtime path of "/home/vimkim/.cub/install/pr7925-simplification-integration/debug_gcc/bin/loadjava" to "/home/vimkim/.cub/install/pr7925-simplification-integration/debug_gcc/lib"
-- Installing: /home/vimkim/.cub/install/pr7925-simplification-integration/debug_gcc/bin/cub_pl
-- Set runtime path of "/home/vimkim/.cub/install/pr7925-simplification-integration/debug_gcc/bin/cub_pl" to "/home/vimkim/.cub/install/pr7925-simplification-integration/debug_gcc/lib"
-- Installing: /home/vimkim/.cub/install/pr7925-simplification-integration/debug_gcc/bin/cub_admin
-- Set runtime path of "/home/vimkim/.cub/install/pr7925-simplification-integration/debug_gcc/bin/cub_admin" to "/home/vimkim/.cub/install/pr7925-simplification-integration/debug_gcc/lib"
-- Installing: /home/vimkim/.cub/install/pr7925-simplification-integration/debug_gcc/cci/lib/libcascci.so.11.3
-- Set runtime path of "/home/vimkim/.cub/install/pr7925-simplification-integration/debug_gcc/cci/lib/libcascci.so.11.3" to "/home/vimkim/.cub/install/pr7925-simplification-integration/debug_gcc/lib"
-- Up-to-date: /home/vimkim/.cub/install/pr7925-simplification-integration/debug_gcc/cci/lib/libcascci.so
-- Up-to-date: /home/vimkim/.cub/install/pr7925-simplification-integration/debug_gcc/cci/include/cas_cci.h
-- Up-to-date: /home/vimkim/.cub/install/pr7925-simplification-integration/debug_gcc/cci/include/compat_dbtran_def.h
-- Up-to-date: /home/vimkim/.cub/install/pr7925-simplification-integration/debug_gcc/cci/include/broker_cas_error.h
-- Up-to-date: /home/vimkim/.cub/install/pr7925-simplification-integration/debug_gcc/include/cas_cci.h
-- Up-to-date: /home/vimkim/.cub/install/pr7925-simplification-integration/debug_gcc/include/broker_cas_error.h
-- Up-to-date: /home/vimkim/.cub/install/pr7925-simplification-integration/debug_gcc/include/compat_dbtran_def.h
-- Up-to-date: /home/vimkim/.cub/install/pr7925-simplification-integration/debug_gcc/lib/libcascci.so
-- Up-to-date: /home/vimkim/.cub/install/pr7925-simplification-integration/debug_gcc/lib/libcascci.so.11.3
-- Installing: /home/vimkim/.cub/install/pr7925-simplification-integration/debug_gcc/bin/cci_applier
-- Set runtime path of "/home/vimkim/.cub/install/pr7925-simplification-integration/debug_gcc/bin/cci_applier" to "/home/vimkim/.cub/install/pr7925-simplification-integration/debug_gcc/lib"
-- Installing: /home/vimkim/.cub/install/pr7925-simplification-integration/debug_gcc/bin/broker_log_converter
-- Set runtime path of "/home/vimkim/.cub/install/pr7925-simplification-integration/debug_gcc/bin/broker_log_converter" to "/home/vimkim/.cub/install/pr7925-simplification-integration/debug_gcc/lib"
-- Installing: /home/vimkim/.cub/install/pr7925-simplification-integration/debug_gcc/bin/broker_log_runner
-- Set runtime path of "/home/vimkim/.cub/install/pr7925-simplification-integration/debug_gcc/bin/broker_log_runner" to "/home/vimkim/.cub/install/pr7925-simplification-integration/debug_gcc/lib"
-- Installing: /home/vimkim/.cub/install/pr7925-simplification-integration/debug_gcc/bin/broker_tester
-- Set runtime path of "/home/vimkim/.cub/install/pr7925-simplification-integration/debug_gcc/bin/broker_tester" to "/home/vimkim/.cub/install/pr7925-simplification-integration/debug_gcc/lib"
-- Installing: /home/vimkim/.cub/install/pr7925-simplification-integration/debug_gcc/bin/cubrid_replay
-- Set runtime path of "/home/vimkim/.cub/install/pr7925-simplification-integration/debug_gcc/bin/cubrid_replay" to "/home/vimkim/.cub/install/pr7925-simplification-integration/debug_gcc/lib"
-- Installing: /home/vimkim/.cub/install/pr7925-simplification-integration/debug_gcc/bin/cub_broker
-- Set runtime path of "/home/vimkim/.cub/install/pr7925-simplification-integration/debug_gcc/bin/cub_broker" to "/home/vimkim/.cub/install/pr7925-simplification-integration/debug_gcc/lib"
-- Installing: /home/vimkim/.cub/install/pr7925-simplification-integration/debug_gcc/bin/cub_gateway
-- Set runtime path of "/home/vimkim/.cub/install/pr7925-simplification-integration/debug_gcc/bin/cub_gateway" to "/home/vimkim/.cub/install/pr7925-simplification-integration/debug_gcc/lib"
-- Installing: /home/vimkim/.cub/install/pr7925-simplification-integration/debug_gcc/bin/broker_monitor
-- Set runtime path of "/home/vimkim/.cub/install/pr7925-simplification-integration/debug_gcc/bin/broker_monitor" to "/home/vimkim/.cub/install/pr7925-simplification-integration/debug_gcc/lib"
-- Installing: /home/vimkim/.cub/install/pr7925-simplification-integration/debug_gcc/bin/gateway_monitor
-- Set runtime path of "/home/vimkim/.cub/install/pr7925-simplification-integration/debug_gcc/bin/gateway_monitor" to "/home/vimkim/.cub/install/pr7925-simplification-integration/debug_gcc/lib"
-- Installing: /home/vimkim/.cub/install/pr7925-simplification-integration/debug_gcc/bin/broker_changer
-- Set runtime path of "/home/vimkim/.cub/install/pr7925-simplification-integration/debug_gcc/bin/broker_changer" to "/home/vimkim/.cub/install/pr7925-simplification-integration/debug_gcc/lib"
-- Installing: /home/vimkim/.cub/install/pr7925-simplification-integration/debug_gcc/bin/cubrid_broker
-- Set runtime path of "/home/vimkim/.cub/install/pr7925-simplification-integration/debug_gcc/bin/cubrid_broker" to "/home/vimkim/.cub/install/pr7925-simplification-integration/debug_gcc/lib"
-- Installing: /home/vimkim/.cub/install/pr7925-simplification-integration/debug_gcc/bin/cubrid_gateway
-- Set runtime path of "/home/vimkim/.cub/install/pr7925-simplification-integration/debug_gcc/bin/cubrid_gateway" to "/home/vimkim/.cub/install/pr7925-simplification-integration/debug_gcc/lib"
-- Installing: /home/vimkim/.cub/install/pr7925-simplification-integration/debug_gcc/bin/cub_cas
-- Set runtime path of "/home/vimkim/.cub/install/pr7925-simplification-integration/debug_gcc/bin/cub_cas" to "/home/vimkim/.cub/install/pr7925-simplification-integration/debug_gcc/lib"
-- Installing: /home/vimkim/.cub/install/pr7925-simplification-integration/debug_gcc/bin/cub_cas_cgw
-- Set runtime path of "/home/vimkim/.cub/install/pr7925-simplification-integration/debug_gcc/bin/cub_cas_cgw" to "/home/vimkim/.cub/install/pr7925-simplification-integration/debug_gcc/lib"
-- Installing: /home/vimkim/.cub/install/pr7925-simplification-integration/debug_gcc/bin/cub_proxy
-- Set runtime path of "/home/vimkim/.cub/install/pr7925-simplification-integration/debug_gcc/bin/cub_proxy" to "/home/vimkim/.cub/install/pr7925-simplification-integration/debug_gcc/lib"
-- Up-to-date: /home/vimkim/.cub/install/pr7925-simplification-integration/debug_gcc/include/shard_key.h
-- Installing: /home/vimkim/.cub/install/pr7925-simplification-integration/debug_gcc/bin/broker_log_top
-- Set runtime path of "/home/vimkim/.cub/install/pr7925-simplification-integration/debug_gcc/bin/broker_log_top" to "/home/vimkim/.cub/install/pr7925-simplification-integration/debug_gcc/lib"
-- Installing: /home/vimkim/.cub/install/pr7925-simplification-integration/debug_gcc/lib/libbrokeradmin.so.11.5
-- Set runtime path of "/home/vimkim/.cub/install/pr7925-simplification-integration/debug_gcc/lib/libbrokeradmin.so.11.5" to "/home/vimkim/.cub/install/pr7925-simplification-integration/debug_gcc/lib"
-- Up-to-date: /home/vimkim/.cub/install/pr7925-simplification-integration/debug_gcc/lib/libbrokeradmin.so
-- Installing: /home/vimkim/.cub/install/pr7925-simplification-integration/debug_gcc/lib/libcmstat.so.11.5
-- Set runtime path of "/home/vimkim/.cub/install/pr7925-simplification-integration/debug_gcc/lib/libcmstat.so.11.5" to "/home/vimkim/.cub/install/pr7925-simplification-integration/debug_gcc/lib"
-- Up-to-date: /home/vimkim/.cub/install/pr7925-simplification-integration/debug_gcc/lib/libcmstat.so
-- Installing: /home/vimkim/.cub/install/pr7925-simplification-integration/debug_gcc/lib/libcmdep.so.11.5
-- Set runtime path of "/home/vimkim/.cub/install/pr7925-simplification-integration/debug_gcc/lib/libcmdep.so.11.5" to "/home/vimkim/.cub/install/pr7925-simplification-integration/debug_gcc/lib"
-- Up-to-date: /home/vimkim/.cub/install/pr7925-simplification-integration/debug_gcc/lib/libcmdep.so
-- Installing: /home/vimkim/.cub/install/pr7925-simplification-integration/debug_gcc/bin/cub_jobsa
-- Set runtime path of "/home/vimkim/.cub/install/pr7925-simplification-integration/debug_gcc/bin/cub_jobsa" to "/home/vimkim/.cub/install/pr7925-simplification-integration/debug_gcc/lib"
-- Installing: /home/vimkim/.cub/install/pr7925-simplification-integration/debug_gcc/bin/cub_sainfo
-- Set runtime path of "/home/vimkim/.cub/install/pr7925-simplification-integration/debug_gcc/bin/cub_sainfo" to "/home/vimkim/.cub/install/pr7925-simplification-integration/debug_gcc/lib"
-- Installing: /home/vimkim/.cub/install/pr7925-simplification-integration/debug_gcc/conf/cubrid.conf
-- Up-to-date: /home/vimkim/.cub/install/pr7925-simplification-integration/debug_gcc/conf/cubrid.conf.large
-- Up-to-date: /home/vimkim/.cub/install/pr7925-simplification-integration/debug_gcc/conf/cubrid.conf.small
-- Up-to-date: /home/vimkim/.cub/install/pr7925-simplification-integration/debug_gcc/conf/cubrid_broker.conf
-- Up-to-date: /home/vimkim/.cub/install/pr7925-simplification-integration/debug_gcc/conf/cubrid_broker.conf.shard
-- Up-to-date: /home/vimkim/.cub/install/pr7925-simplification-integration/debug_gcc/conf/cubrid_gateway.conf
-- Up-to-date: /home/vimkim/.cub/install/pr7925-simplification-integration/debug_gcc/conf/cubrid_ha.conf
-- Up-to-date: /home/vimkim/.cub/install/pr7925-simplification-integration/debug_gcc/conf/cubrid_hosts.conf
-- Up-to-date: /home/vimkim/.cub/install/pr7925-simplification-integration/debug_gcc/conf/shard_connection.txt
-- Up-to-date: /home/vimkim/.cub/install/pr7925-simplification-integration/debug_gcc/conf/shard_key.txt
-- Up-to-date: /home/vimkim/.cub/install/pr7925-simplification-integration/debug_gcc/conf/cubrid_locales.all.txt
-- Up-to-date: /home/vimkim/.cub/install/pr7925-simplification-integration/debug_gcc/conf/cubrid_locales.txt
-- Up-to-date: /home/vimkim/.cub/install/pr7925-simplification-integration/debug_gcc/conf/cas_ssl_cert.crt
-- Up-to-date: /home/vimkim/.cub/install/pr7925-simplification-integration/debug_gcc/conf/cas_ssl_cert.key
-- Up-to-date: /home/vimkim/.cub/install/pr7925-simplification-integration/debug_gcc/msg/en_US.utf8
-- Up-to-date: /home/vimkim/.cub/install/pr7925-simplification-integration/debug_gcc/msg/en_US.utf8/cubrid.msg
-- Up-to-date: /home/vimkim/.cub/install/pr7925-simplification-integration/debug_gcc/msg/en_US.utf8/csql.msg
-- Up-to-date: /home/vimkim/.cub/install/pr7925-simplification-integration/debug_gcc/msg/en_US.utf8/utils.msg
-- Up-to-date: /home/vimkim/.cub/install/pr7925-simplification-integration/debug_gcc/msg/en_US.utf8
-- Installing: /home/vimkim/.cub/install/pr7925-simplification-integration/debug_gcc/msg/en_US.utf8/csql.cat
-- Installing: /home/vimkim/.cub/install/pr7925-simplification-integration/debug_gcc/msg/en_US.utf8/cubrid.cat
-- Installing: /home/vimkim/.cub/install/pr7925-simplification-integration/debug_gcc/msg/en_US.utf8/utils.cat
-- Up-to-date: /home/vimkim/.cub/install/pr7925-simplification-integration/debug_gcc/msg/en_US
-- Up-to-date: /home/vimkim/.cub/install/pr7925-simplification-integration/debug_gcc/msg/en_US/utils.msg
-- Up-to-date: /home/vimkim/.cub/install/pr7925-simplification-integration/debug_gcc/msg/en_US/csql.msg
-- Up-to-date: /home/vimkim/.cub/install/pr7925-simplification-integration/debug_gcc/msg/en_US/cubrid.msg
-- Up-to-date: /home/vimkim/.cub/install/pr7925-simplification-integration/debug_gcc/msg/en_US
-- Installing: /home/vimkim/.cub/install/pr7925-simplification-integration/debug_gcc/msg/en_US/cubrid.cat
-- Installing: /home/vimkim/.cub/install/pr7925-simplification-integration/debug_gcc/msg/en_US/utils.cat
-- Installing: /home/vimkim/.cub/install/pr7925-simplification-integration/debug_gcc/msg/en_US/csql.cat
-- Up-to-date: /home/vimkim/.cub/install/pr7925-simplification-integration/debug_gcc/msg/ko_KR.utf8
-- Up-to-date: /home/vimkim/.cub/install/pr7925-simplification-integration/debug_gcc/msg/ko_KR.utf8/csql.msg
-- Up-to-date: /home/vimkim/.cub/install/pr7925-simplification-integration/debug_gcc/msg/ko_KR.utf8/cubrid.msg
-- Up-to-date: /home/vimkim/.cub/install/pr7925-simplification-integration/debug_gcc/msg/ko_KR.utf8/utils.msg
-- Up-to-date: /home/vimkim/.cub/install/pr7925-simplification-integration/debug_gcc/msg/ko_KR.utf8
-- Installing: /home/vimkim/.cub/install/pr7925-simplification-integration/debug_gcc/msg/ko_KR.utf8/cubrid.cat
-- Installing: /home/vimkim/.cub/install/pr7925-simplification-integration/debug_gcc/msg/ko_KR.utf8/csql.cat
-- Installing: /home/vimkim/.cub/install/pr7925-simplification-integration/debug_gcc/msg/ko_KR.utf8/utils.cat
-- Up-to-date: /home/vimkim/.cub/install/pr7925-simplification-integration/debug_gcc/msg/ko_KR.euckr
-- Up-to-date: /home/vimkim/.cub/install/pr7925-simplification-integration/debug_gcc/msg/ko_KR.euckr/csql.msg
-- Up-to-date: /home/vimkim/.cub/install/pr7925-simplification-integration/debug_gcc/msg/ko_KR.euckr/cubrid.msg
-- Up-to-date: /home/vimkim/.cub/install/pr7925-simplification-integration/debug_gcc/msg/ko_KR.euckr/utils.msg
-- Up-to-date: /home/vimkim/.cub/install/pr7925-simplification-integration/debug_gcc/msg/ko_KR.euckr
-- Installing: /home/vimkim/.cub/install/pr7925-simplification-integration/debug_gcc/msg/ko_KR.euckr/csql.cat
-- Installing: /home/vimkim/.cub/install/pr7925-simplification-integration/debug_gcc/msg/ko_KR.euckr/utils.cat
-- Installing: /home/vimkim/.cub/install/pr7925-simplification-integration/debug_gcc/msg/ko_KR.euckr/cubrid.cat
-- Up-to-date: /home/vimkim/.cub/install/pr7925-simplification-integration/debug_gcc/demo/demodb_objects
-- Up-to-date: /home/vimkim/.cub/install/pr7925-simplification-integration/debug_gcc/demo/demodb_schema
-- Up-to-date: /home/vimkim/.cub/install/pr7925-simplification-integration/debug_gcc/demo/make_cubrid_demo.sh
-- Up-to-date: /home/vimkim/.cub/install/pr7925-simplification-integration/debug_gcc/share/init.d/cubrid-ha
-- Up-to-date: /home/vimkim/.cub/install/pr7925-simplification-integration/debug_gcc/share/init.d/cubrid
-- Up-to-date: /home/vimkim/.cub/install/pr7925-simplification-integration/debug_gcc/share/scripts/check_reserved.sql
-- Up-to-date: /home/vimkim/.cub/install/pr7925-simplification-integration/debug_gcc/share/scripts/broker_log_top.py
-- Up-to-date: /home/vimkim/.cub/install/pr7925-simplification-integration/debug_gcc/share/scripts/brokerstatus_to_csv.py
-- Up-to-date: /home/vimkim/.cub/install/pr7925-simplification-integration/debug_gcc/share/scripts/statdump_to_csv.py
-- Up-to-date: /home/vimkim/.cub/install/pr7925-simplification-integration/debug_gcc/share/scripts/ha/ha_make_slavedb.sh
-- Up-to-date: /home/vimkim/.cub/install/pr7925-simplification-integration/debug_gcc/share/scripts/ha/VERSION
-- Up-to-date: /home/vimkim/.cub/install/pr7925-simplification-integration/debug_gcc/share/scripts/ha/README
-- Up-to-date: /home/vimkim/.cub/install/pr7925-simplification-integration/debug_gcc/share/scripts/ha/functions/ha_check_environment.sh
-- Up-to-date: /home/vimkim/.cub/install/pr7925-simplification-integration/debug_gcc/share/scripts/ha/functions/ha_check_script.sh
-- Up-to-date: /home/vimkim/.cub/install/pr7925-simplification-integration/debug_gcc/share/scripts/ha/expect/scp_from.exp
-- Up-to-date: /home/vimkim/.cub/install/pr7925-simplification-integration/debug_gcc/share/scripts/ha/expect/scp_to.exp
-- Up-to-date: /home/vimkim/.cub/install/pr7925-simplification-integration/debug_gcc/share/scripts/ha/expect/ssh.exp
-- Up-to-date: /home/vimkim/.cub/install/pr7925-simplification-integration/debug_gcc/share/scripts/ha/common/common.sh
-- Up-to-date: /home/vimkim/.cub/install/pr7925-simplification-integration/debug_gcc/share/systemtap/tapset/cubrid_func.stp
-- Up-to-date: /home/vimkim/.cub/install/pr7925-simplification-integration/debug_gcc/share/systemtap/tapset/scripts/buffer_access.stp
-- Up-to-date: /home/vimkim/.cub/install/pr7925-simplification-integration/debug_gcc/share/systemtap/tapset/scripts/global_time.stp
-- Up-to-date: /home/vimkim/.cub/install/pr7925-simplification-integration/debug_gcc/share/systemtap/tapset/scripts/io_stat.stp
-- Up-to-date: /home/vimkim/.cub/install/pr7925-simplification-integration/debug_gcc/share/systemtap/tapset/scripts/lock_time.stp
-- Up-to-date: /home/vimkim/.cub/install/pr7925-simplification-integration/debug_gcc/share/systemtap/tapset/scripts/obj_access.stp
-- Up-to-date: /home/vimkim/.cub/install/pr7925-simplification-integration/debug_gcc/share/systemtap/tapset/scripts/query_time.stp
-- Up-to-date: /home/vimkim/.cub/install/pr7925-simplification-integration/debug_gcc/share/systemtap/tapset/scripts/transaction.stp
-- Up-to-date: /home/vimkim/.cub/install/pr7925-simplification-integration/debug_gcc/share/systemtap/tapset/scripts/topcallstack_helper.stp
-- Up-to-date: /home/vimkim/.cub/install/pr7925-simplification-integration/debug_gcc/share/systemtap/tapset/scripts/get_file_line.sh
-- Up-to-date: /home/vimkim/.cub/install/pr7925-simplification-integration/debug_gcc/share/systemtap/tapset/scripts/topcallstack
-- Up-to-date: /home/vimkim/.cub/install/pr7925-simplification-integration/debug_gcc/share/scripts/setup.sh
-- Up-to-date: /home/vimkim/.cub/install/pr7925-simplification-integration/debug_gcc/share/scripts/cubrid.sh
-- Up-to-date: /home/vimkim/.cub/install/pr7925-simplification-integration/debug_gcc/share/scripts/cubrid.csh
-- Up-to-date: /home/vimkim/.cub/install/pr7925-simplification-integration/debug_gcc/share/scripts/unloaddb.sh
-- Up-to-date: /home/vimkim/.cub/install/pr7925-simplification-integration/debug_gcc/share/scripts/restore_to_newdb.sh
-- Up-to-date: /home/vimkim/.cub/install/pr7925-simplification-integration/debug_gcc/share/scripts/check_index_ovfps.sh
-- Up-to-date: /home/vimkim/.cub/install/pr7925-simplification-integration/debug_gcc/bin/make_locale.sh
-- Up-to-date: /home/vimkim/.cub/install/pr7925-simplification-integration/debug_gcc/locales/loclib/build_locale.sh
-- Up-to-date: /home/vimkim/.cub/install/pr7925-simplification-integration/debug_gcc/locales/data
-- Up-to-date: /home/vimkim/.cub/install/pr7925-simplification-integration/debug_gcc/locales/data/codepages
-- Up-to-date: /home/vimkim/.cub/install/pr7925-simplification-integration/debug_gcc/locales/data/codepages/8859-1.TXT
-- Up-to-date: /home/vimkim/.cub/install/pr7925-simplification-integration/debug_gcc/locales/data/codepages/8859-15.TXT
-- Up-to-date: /home/vimkim/.cub/install/pr7925-simplification-integration/debug_gcc/locales/data/codepages/8859-9.TXT
-- Up-to-date: /home/vimkim/.cub/install/pr7925-simplification-integration/debug_gcc/locales/data/codepages/CP1250.TXT
-- Up-to-date: /home/vimkim/.cub/install/pr7925-simplification-integration/debug_gcc/locales/data/codepages/CP1258.TXT
-- Up-to-date: /home/vimkim/.cub/install/pr7925-simplification-integration/debug_gcc/locales/data/codepages/CP932.TXT
-- Up-to-date: /home/vimkim/.cub/install/pr7925-simplification-integration/debug_gcc/locales/data/codepages/CP936.TXT
-- Up-to-date: /home/vimkim/.cub/install/pr7925-simplification-integration/debug_gcc/locales/data/codepages/CP949.TXT
-- Up-to-date: /home/vimkim/.cub/install/pr7925-simplification-integration/debug_gcc/locales/data/ducet.txt
-- Up-to-date: /home/vimkim/.cub/install/pr7925-simplification-integration/debug_gcc/locales/data/ldml
-- Up-to-date: /home/vimkim/.cub/install/pr7925-simplification-integration/debug_gcc/locales/data/ldml/common_collations.xml
-- Up-to-date: /home/vimkim/.cub/install/pr7925-simplification-integration/debug_gcc/locales/data/ldml/cubrid_de_DE.xml
-- Up-to-date: /home/vimkim/.cub/install/pr7925-simplification-integration/debug_gcc/locales/data/ldml/cubrid_es_ES.xml
-- Up-to-date: /home/vimkim/.cub/install/pr7925-simplification-integration/debug_gcc/locales/data/ldml/cubrid_fr_FR.xml
-- Up-to-date: /home/vimkim/.cub/install/pr7925-simplification-integration/debug_gcc/locales/data/ldml/cubrid_it_IT.xml
-- Up-to-date: /home/vimkim/.cub/install/pr7925-simplification-integration/debug_gcc/locales/data/ldml/cubrid_ja_JP.xml
-- Up-to-date: /home/vimkim/.cub/install/pr7925-simplification-integration/debug_gcc/locales/data/ldml/cubrid_km_KH.xml
-- Up-to-date: /home/vimkim/.cub/install/pr7925-simplification-integration/debug_gcc/locales/data/ldml/cubrid_ko_KR.xml
-- Up-to-date: /home/vimkim/.cub/install/pr7925-simplification-integration/debug_gcc/locales/data/ldml/cubrid_ro_RO.xml
-- Up-to-date: /home/vimkim/.cub/install/pr7925-simplification-integration/debug_gcc/locales/data/ldml/cubrid_tr_TR.xml
-- Up-to-date: /home/vimkim/.cub/install/pr7925-simplification-integration/debug_gcc/locales/data/ldml/cubrid_vi_VN.xml
-- Up-to-date: /home/vimkim/.cub/install/pr7925-simplification-integration/debug_gcc/locales/data/ldml/cubrid_zh_CN.xml
-- Up-to-date: /home/vimkim/.cub/install/pr7925-simplification-integration/debug_gcc/locales/data/unicodedata.txt
-- Up-to-date: /home/vimkim/.cub/install/pr7925-simplification-integration/debug_gcc/locales/loclib/locale_lib_common.h
-- Up-to-date: /home/vimkim/.cub/install/pr7925-simplification-integration/debug_gcc/lib/libcubrid_timezones.so.11.5
-- Up-to-date: /home/vimkim/.cub/install/pr7925-simplification-integration/debug_gcc/lib/libcubrid_timezones.so
-- Up-to-date: /home/vimkim/.cub/install/pr7925-simplification-integration/debug_gcc/bin/make_tz.sh
-- Up-to-date: /home/vimkim/.cub/install/pr7925-simplification-integration/debug_gcc/timezones/tzlib/build_tz.sh
-- Up-to-date: /home/vimkim/.cub/install/pr7925-simplification-integration/debug_gcc/timezones/tzdata
-- Up-to-date: /home/vimkim/.cub/install/pr7925-simplification-integration/debug_gcc/timezones/tzdata/africa
-- Up-to-date: /home/vimkim/.cub/install/pr7925-simplification-integration/debug_gcc/timezones/tzdata/antarctica
-- Up-to-date: /home/vimkim/.cub/install/pr7925-simplification-integration/debug_gcc/timezones/tzdata/asia
-- Up-to-date: /home/vimkim/.cub/install/pr7925-simplification-integration/debug_gcc/timezones/tzdata/australasia
-- Up-to-date: /home/vimkim/.cub/install/pr7925-simplification-integration/debug_gcc/timezones/tzdata/backward
-- Up-to-date: /home/vimkim/.cub/install/pr7925-simplification-integration/debug_gcc/timezones/tzdata/etcetera
-- Up-to-date: /home/vimkim/.cub/install/pr7925-simplification-integration/debug_gcc/timezones/tzdata/europe
-- Up-to-date: /home/vimkim/.cub/install/pr7925-simplification-integration/debug_gcc/timezones/tzdata/iso3166.tab
-- Up-to-date: /home/vimkim/.cub/install/pr7925-simplification-integration/debug_gcc/timezones/tzdata/leapseconds
-- Up-to-date: /home/vimkim/.cub/install/pr7925-simplification-integration/debug_gcc/timezones/tzdata/northamerica
-- Up-to-date: /home/vimkim/.cub/install/pr7925-simplification-integration/debug_gcc/timezones/tzdata/pacificnew
-- Up-to-date: /home/vimkim/.cub/install/pr7925-simplification-integration/debug_gcc/timezones/tzdata/southamerica
-- Up-to-date: /home/vimkim/.cub/install/pr7925-simplification-integration/debug_gcc/timezones/tzdata/windowsZones.xml
-- Up-to-date: /home/vimkim/.cub/install/pr7925-simplification-integration/debug_gcc/timezones/tzdata/zone.tab
-- Up-to-date: /home/vimkim/.cub/install/pr7925-simplification-integration/debug_gcc/timezones/tzlib/timezone_lib_common.h
-- Up-to-date: /home/vimkim/.cub/install/pr7925-simplification-integration/debug_gcc/include
-- Up-to-date: /home/vimkim/.cub/install/pr7925-simplification-integration/debug_gcc/include/gmock
-- Up-to-date: /home/vimkim/.cub/install/pr7925-simplification-integration/debug_gcc/include/gmock/gmock-actions.h
-- Up-to-date: /home/vimkim/.cub/install/pr7925-simplification-integration/debug_gcc/include/gmock/gmock-cardinalities.h
-- Up-to-date: /home/vimkim/.cub/install/pr7925-simplification-integration/debug_gcc/include/gmock/gmock-function-mocker.h
-- Up-to-date: /home/vimkim/.cub/install/pr7925-simplification-integration/debug_gcc/include/gmock/gmock-matchers.h
-- Up-to-date: /home/vimkim/.cub/install/pr7925-simplification-integration/debug_gcc/include/gmock/gmock-more-actions.h
-- Up-to-date: /home/vimkim/.cub/install/pr7925-simplification-integration/debug_gcc/include/gmock/gmock-more-matchers.h
-- Up-to-date: /home/vimkim/.cub/install/pr7925-simplification-integration/debug_gcc/include/gmock/gmock-nice-strict.h
-- Up-to-date: /home/vimkim/.cub/install/pr7925-simplification-integration/debug_gcc/include/gmock/gmock-spec-builders.h
-- Up-to-date: /home/vimkim/.cub/install/pr7925-simplification-integration/debug_gcc/include/gmock/gmock.h
-- Up-to-date: /home/vimkim/.cub/install/pr7925-simplification-integration/debug_gcc/include/gmock/internal
-- Up-to-date: /home/vimkim/.cub/install/pr7925-simplification-integration/debug_gcc/include/gmock/internal/custom
-- Up-to-date: /home/vimkim/.cub/install/pr7925-simplification-integration/debug_gcc/include/gmock/internal/custom/README.md
-- Up-to-date: /home/vimkim/.cub/install/pr7925-simplification-integration/debug_gcc/include/gmock/internal/custom/gmock-generated-actions.h
-- Up-to-date: /home/vimkim/.cub/install/pr7925-simplification-integration/debug_gcc/include/gmock/internal/custom/gmock-matchers.h
-- Up-to-date: /home/vimkim/.cub/install/pr7925-simplification-integration/debug_gcc/include/gmock/internal/custom/gmock-port.h
-- Up-to-date: /home/vimkim/.cub/install/pr7925-simplification-integration/debug_gcc/include/gmock/internal/gmock-internal-utils.h
-- Up-to-date: /home/vimkim/.cub/install/pr7925-simplification-integration/debug_gcc/include/gmock/internal/gmock-port.h
-- Up-to-date: /home/vimkim/.cub/install/pr7925-simplification-integration/debug_gcc/include/gmock/internal/gmock-pp.h
-- Up-to-date: /home/vimkim/.cub/install/pr7925-simplification-integration/debug_gcc/lib64/libgmock.a
-- Up-to-date: /home/vimkim/.cub/install/pr7925-simplification-integration/debug_gcc/lib64/libgmock_main.a
-- Up-to-date: /home/vimkim/.cub/install/pr7925-simplification-integration/debug_gcc/lib64/pkgconfig/gmock.pc
-- Up-to-date: /home/vimkim/.cub/install/pr7925-simplification-integration/debug_gcc/lib64/pkgconfig/gmock_main.pc
-- Up-to-date: /home/vimkim/.cub/install/pr7925-simplification-integration/debug_gcc/lib64/cmake/GTest/GTestTargets.cmake
-- Up-to-date: /home/vimkim/.cub/install/pr7925-simplification-integration/debug_gcc/lib64/cmake/GTest/GTestTargets-debug.cmake
-- Up-to-date: /home/vimkim/.cub/install/pr7925-simplification-integration/debug_gcc/lib64/cmake/GTest/GTestConfigVersion.cmake
-- Up-to-date: /home/vimkim/.cub/install/pr7925-simplification-integration/debug_gcc/lib64/cmake/GTest/GTestConfig.cmake
-- Up-to-date: /home/vimkim/.cub/install/pr7925-simplification-integration/debug_gcc/include
-- Up-to-date: /home/vimkim/.cub/install/pr7925-simplification-integration/debug_gcc/include/gtest
-- Up-to-date: /home/vimkim/.cub/install/pr7925-simplification-integration/debug_gcc/include/gtest/gtest-assertion-result.h
-- Up-to-date: /home/vimkim/.cub/install/pr7925-simplification-integration/debug_gcc/include/gtest/gtest-death-test.h
-- Up-to-date: /home/vimkim/.cub/install/pr7925-simplification-integration/debug_gcc/include/gtest/gtest-matchers.h
-- Up-to-date: /home/vimkim/.cub/install/pr7925-simplification-integration/debug_gcc/include/gtest/gtest-message.h
-- Up-to-date: /home/vimkim/.cub/install/pr7925-simplification-integration/debug_gcc/include/gtest/gtest-param-test.h
-- Up-to-date: /home/vimkim/.cub/install/pr7925-simplification-integration/debug_gcc/include/gtest/gtest-printers.h
-- Up-to-date: /home/vimkim/.cub/install/pr7925-simplification-integration/debug_gcc/include/gtest/gtest-spi.h
-- Up-to-date: /home/vimkim/.cub/install/pr7925-simplification-integration/debug_gcc/include/gtest/gtest-test-part.h
-- Up-to-date: /home/vimkim/.cub/install/pr7925-simplification-integration/debug_gcc/include/gtest/gtest-typed-test.h
-- Up-to-date: /home/vimkim/.cub/install/pr7925-simplification-integration/debug_gcc/include/gtest/gtest.h
-- Up-to-date: /home/vimkim/.cub/install/pr7925-simplification-integration/debug_gcc/include/gtest/gtest_pred_impl.h
-- Up-to-date: /home/vimkim/.cub/install/pr7925-simplification-integration/debug_gcc/include/gtest/gtest_prod.h
-- Up-to-date: /home/vimkim/.cub/install/pr7925-simplification-integration/debug_gcc/include/gtest/internal
-- Up-to-date: /home/vimkim/.cub/install/pr7925-simplification-integration/debug_gcc/include/gtest/internal/custom
-- Up-to-date: /home/vimkim/.cub/install/pr7925-simplification-integration/debug_gcc/include/gtest/internal/custom/README.md
-- Up-to-date: /home/vimkim/.cub/install/pr7925-simplification-integration/debug_gcc/include/gtest/internal/custom/gtest-port.h
-- Up-to-date: /home/vimkim/.cub/install/pr7925-simplification-integration/debug_gcc/include/gtest/internal/custom/gtest-printers.h
-- Up-to-date: /home/vimkim/.cub/install/pr7925-simplification-integration/debug_gcc/include/gtest/internal/custom/gtest.h
-- Up-to-date: /home/vimkim/.cub/install/pr7925-simplification-integration/debug_gcc/include/gtest/internal/gtest-death-test-internal.h
-- Up-to-date: /home/vimkim/.cub/install/pr7925-simplification-integration/debug_gcc/include/gtest/internal/gtest-filepath.h
-- Up-to-date: /home/vimkim/.cub/install/pr7925-simplification-integration/debug_gcc/include/gtest/internal/gtest-internal.h
-- Up-to-date: /home/vimkim/.cub/install/pr7925-simplification-integration/debug_gcc/include/gtest/internal/gtest-param-util.h
-- Up-to-date: /home/vimkim/.cub/install/pr7925-simplification-integration/debug_gcc/include/gtest/internal/gtest-port-arch.h
-- Up-to-date: /home/vimkim/.cub/install/pr7925-simplification-integration/debug_gcc/include/gtest/internal/gtest-port.h
-- Up-to-date: /home/vimkim/.cub/install/pr7925-simplification-integration/debug_gcc/include/gtest/internal/gtest-string.h
-- Up-to-date: /home/vimkim/.cub/install/pr7925-simplification-integration/debug_gcc/include/gtest/internal/gtest-type-util.h
-- Up-to-date: /home/vimkim/.cub/install/pr7925-simplification-integration/debug_gcc/lib64/libgtest.a
-- Up-to-date: /home/vimkim/.cub/install/pr7925-simplification-integration/debug_gcc/lib64/libgtest_main.a
-- Up-to-date: /home/vimkim/.cub/install/pr7925-simplification-integration/debug_gcc/lib64/pkgconfig/gtest.pc
-- Up-to-date: /home/vimkim/.cub/install/pr7925-simplification-integration/debug_gcc/lib64/pkgconfig/gtest_main.pc
-- Up-to-date: /home/vimkim/.cub/install/pr7925-simplification-integration/debug_gcc/log
-- Up-to-date: /home/vimkim/.cub/install/pr7925-simplification-integration/debug_gcc/var
-- Up-to-date: /home/vimkim/.cub/install/pr7925-simplification-integration/debug_gcc/tmp
-- Up-to-date: /home/vimkim/.cub/install/pr7925-simplification-integration/debug_gcc/databases
-- Up-to-date: /home/vimkim/.cub/install/pr7925-simplification-integration/debug_gcc/var/CUBRID_SOCK
-- Up-to-date: /home/vimkim/.cub/install/pr7925-simplification-integration/debug_gcc/3rdparty
-- Up-to-date: /home/vimkim/.cub/install/pr7925-simplification-integration/debug_gcc/3rdparty/adoptium.temurin_license.txt
-- Up-to-date: /home/vimkim/.cub/install/pr7925-simplification-integration/debug_gcc/3rdparty/adoptium.temurin_license_assembly_exception.txt
-- Up-to-date: /home/vimkim/.cub/install/pr7925-simplification-integration/debug_gcc/3rdparty/libedit_license.txt
-- Up-to-date: /home/vimkim/.cub/install/pr7925-simplification-integration/debug_gcc/3rdparty/libexpat_license.txt
-- Up-to-date: /home/vimkim/.cub/install/pr7925-simplification-integration/debug_gcc/3rdparty/libodbc_license.txt
-- Up-to-date: /home/vimkim/.cub/install/pr7925-simplification-integration/debug_gcc/3rdparty/libopenssl_license.txt
-- Up-to-date: /home/vimkim/.cub/install/pr7925-simplification-integration/debug_gcc/3rdparty/libtbb_license.txt
-- Up-to-date: /home/vimkim/.cub/install/pr7925-simplification-integration/debug_gcc/3rdparty/lz4_license.txt
-- Up-to-date: /home/vimkim/.cub/install/pr7925-simplification-integration/debug_gcc/3rdparty/rapidjson_license.txt
-- Up-to-date: /home/vimkim/.cub/install/pr7925-simplification-integration/debug_gcc/3rdparty/re2_license.txt
-- Up-to-date: /home/vimkim/.cub/install/pr7925-simplification-integration/debug_gcc/./COPYING
-- Up-to-date: /home/vimkim/.cub/install/pr7925-simplification-integration/debug_gcc/./CREDITS
-- Up-to-date: /home/vimkim/.cub/install/pr7925-simplification-integration/debug_gcc/./README.md
-- Up-to-date: /home/vimkim/.cub/install/pr7925-simplification-integration/debug_gcc/./README_TAR_INSTALL
-- Up-to-date: /home/vimkim/.cub/install/pr7925-simplification-integration/debug_gcc/databases/databases.txt.sample
-- Up-to-date: /home/vimkim/.cub/install/pr7925-simplification-integration/debug_gcc/var/CUBRID_SOCK/README.txt
-- Up-to-date: /home/vimkim/.cub/install/pr7925-simplification-integration/debug_gcc/tmp/README.txt
Build and install completed successfully!
Build-only installation is ready. Initialize explicitly when needed:
  cub-workenv init --worktree /home/vimkim/gh/cb/pr7925-simplification-integration --install /home/vimkim/.cub/install/pr7925-simplification-integration/debug_gcc --preset debug_gcc
Existing work environments are preserved; use cub-workenv doctor after rebuilding.
