[0mdirenv: loading ~/gh/cb/pr7927-publication-release/.envrc
Preset Mode: release_gcc
Install Dir: /home/vimkim/.cub/install/pr7927-publication-release/release_gcc
DB Dir: /home/vimkim/gh/cb/pr7927-publication-release/.cub-workenv/databases
Build Dir: /home/vimkim/gh/cb/pr7927-publication-release/build_preset_release_gcc
[0mdirenv: loading ~/gh/cb/pr7927-publication-release/.envrc
Preset Mode: release_gcc
Install Dir: /home/vimkim/.cub/install/pr7927-publication-release/release_gcc
DB Dir: /home/vimkim/gh/cb/pr7927-publication-release/.cub-workenv/databases
Build Dir: /home/vimkim/gh/cb/pr7927-publication-release/build_preset_release_gcc
[0mdirenv: loading ~/gh/cb/pr7927-publication-release/.envrc
Preset Mode: release_gcc
Install Dir: /home/vimkim/.cub/install/pr7927-publication-release/release_gcc
DB Dir: /home/vimkim/gh/cb/pr7927-publication-release/.cub-workenv/databases
Build Dir: /home/vimkim/gh/cb/pr7927-publication-release/build_preset_release_gcc
Using JAVA_HOME JDK: /home/vimkim/.local/share/mise/installs/java/temurin-8.0.462+8
[0mdirenv: loading ~/gh/cb/pr7927-publication-release/.envrc
Preset Mode: release_gcc
Install Dir: /home/vimkim/.cub/install/pr7927-publication-release/release_gcc
DB Dir: /home/vimkim/gh/cb/pr7927-publication-release/.cub-workenv/databases
Build Dir: /home/vimkim/gh/cb/pr7927-publication-release/build_preset_release_gcc
Logging build output to: /home/vimkim/gh/cb/pr7927-publication-release/build_preset_release_gcc/build.log
[0mdirenv: loading ~/gh/cb/pr7927-publication-release/.envrc
Preset Mode: release_gcc
Install Dir: /home/vimkim/.cub/install/pr7927-publication-release/release_gcc
DB Dir: /home/vimkim/gh/cb/pr7927-publication-release/.cub-workenv/databases
Build Dir: /home/vimkim/gh/cb/pr7927-publication-release/build_preset_release_gcc
[0/2] Re-checking globbed directories...
[1/1299] Running utility command for pl_install_jdk
[INFO] Install JDK 8
[2/1299] Building CXX object sa/CMakeFiles/cubridsa.dir/__/src/base/chartype.c.o
[3/1299] Building CXX object sa/CMakeFiles/cubridsa.dir/__/src/base/get_clock_freq.c.o
[4/1299] Building CXX object sa/CMakeFiles/cubridsa.dir/__/src/base/process_util.c.o
[5/1299] Building CXX object sa/CMakeFiles/cubridsa.dir/__/src/base/sha1.c.o
[6/1299] Building CXX object sa/CMakeFiles/cubridsa.dir/__/src/base/bit.c.o
[7/1299] Building CXX object sa/CMakeFiles/cubridsa.dir/__/src/base/mprec.c.o
[8/1299] Building CXX object sa/CMakeFiles/cubridsa.dir/__/src/base/release_string.c.o
[9/1299] Building CXX object sa/CMakeFiles/cubridsa.dir/__/src/base/variable_string.c.o
[10/1299] Building CXX object sa/CMakeFiles/cubridsa.dir/__/src/base/porting.c.o
[11/1299] Building CXX object sa/CMakeFiles/cubridsa.dir/__/src/base/ini_parser.c.o
[12/1299] Building CXX object sa/CMakeFiles/cubridsa.dir/__/src/base/environment_variable.c.o
[13/1299] Building CXX object sa/CMakeFiles/cubridsa.dir/__/src/base/dtoa.c.o
[14/1299] Building CXX object sa/CMakeFiles/cubridsa.dir/__/src/base/hide_password.cpp.o
[15/1299] Building CXX object sa/CMakeFiles/cubridsa.dir/__/src/base/message_catalog.c.o
[16/1299] Building CXX object sa/CMakeFiles/cubridsa.dir/__/src/base/cubrid_getopt_long.c.o
[17/1299] Building CXX object sa/CMakeFiles/cubridsa.dir/__/src/base/misc_string.c.o
[18/1299] Building CXX object sa/CMakeFiles/cubridsa.dir/__/src/base/tsc_timer.c.o
[19/1299] Building CXX object sa/CMakeFiles/cubridsa.dir/__/src/base/util_func.c.o
[20/1299] Building CXX object sa/CMakeFiles/cubridsa.dir/__/src/base/perf.cpp.o
[21/1299] Building CXX object sa/CMakeFiles/cubridsa.dir/__/src/base/fixed_alloc.c.o
[22/1299] Building CXX object sa/CMakeFiles/cubridsa.dir/__/src/base/xml_parser.c.o
[23/1299] Building CXX object sa/CMakeFiles/cubridsa.dir/__/src/base/memory_private_allocator.cpp.o
[24/1299] Building CXX object sa/CMakeFiles/cubridsa.dir/__/src/base/unicode_support.c.o
[25/1299] Building CXX object sa/CMakeFiles/cubridsa.dir/__/src/base/mem_block.cpp.o
[26/1299] Building CXX object sa/CMakeFiles/cubridsa.dir/__/src/base/pinnable_buffer.cpp.o
[27/1299] Building CXX object sa/CMakeFiles/cubridsa.dir/__/src/executables/extract_schema.cpp.o
[28/1299] Building CXX object sa/CMakeFiles/cubridsa.dir/__/src/base/stack_dump.c.o
[29/1299] Building CXX object sa/CMakeFiles/cubridsa.dir/__/src/base/printer.cpp.o
[30/1299] Building CXX object sa/CMakeFiles/cubridsa.dir/__/src/base/base64.c.o
[31/1299] Building CXX object sa/CMakeFiles/cubridsa.dir/__/src/base/filesys_temp.cpp.o
[32/1299] Building CXX object sa/CMakeFiles/cubridsa.dir/__/src/base/error_context.cpp.o
[33/1299] Building CXX object sa/CMakeFiles/cubridsa.dir/__/src/base/fileline_location.cpp.o
[34/1299] Building CXX object sa/CMakeFiles/cubridsa.dir/__/src/compat/cnv.c.o
[35/1299] Building CXX object sa/CMakeFiles/cubridsa.dir/__/src/base/encryption.c.o
[36/1299] Building CXX object sa/CMakeFiles/cubridsa.dir/__/src/base/string_buffer.cpp.o
[37/1299] Building CXX object sa/CMakeFiles/cubridsa.dir/__/src/storage/oos_util.cpp.o
[38/1299] Building C object sa/CMakeFiles/cubridsa.dir/__/src/compat/dbtype_function.c.o
[39/1299] Building CXX object sa/CMakeFiles/cubridsa.dir/__/src/base/uca_support.c.o
[40/1299] Building CXX object sa/CMakeFiles/cubridsa.dir/__/src/executables/csql_result.c.o
[41/1299] Building CXX object sa/CMakeFiles/cubridsa.dir/__/src/base/packer.cpp.o
[42/1299] Building CXX object sa/CMakeFiles/cubridsa.dir/__/src/base/binaryheap.c.o
[43/1299] Building CXX object sa/CMakeFiles/cubridsa.dir/__/src/compat/db_json_allocator.cpp.o
[44/1299] Building CXX object sa/CMakeFiles/cubridsa.dir/__/src/base/databases_file.c.o
[45/1299] Building CXX object sa/CMakeFiles/cubridsa.dir/__/src/base/intl_support.c.o
[46/1299] Building CXX object sa/CMakeFiles/cubridsa.dir/__/src/base/resource_tracker.cpp.o
[47/1299] Building CXX object sa/CMakeFiles/cubridsa.dir/__/src/base/fault_injection.c.o
[48/1299] Building CXX object sa/CMakeFiles/cubridsa.dir/__/src/base/lockfree_bitmap.cpp.o
[49/1299] Building CXX object sa/CMakeFiles/cubridsa.dir/__/src/executables/file_hash.c.o
[50/1299] Building CXX object sa/CMakeFiles/cubridsa.dir/__/src/base/perf_monitor_trackers.cpp.o
[51/1299] Building CXX object sa/CMakeFiles/cubridsa.dir/__/src/base/lock_free.c.o
[52/1299] Building CXX object sa/CMakeFiles/cubridsa.dir/__/src/base/error_manager.c.o
[53/1299] Building CXX object sa/CMakeFiles/cubridsa.dir/__/src/base/locale_helper.cpp.o
[54/1299] Building CXX object sa/CMakeFiles/cubridsa.dir/__/src/sp/pl_file.c.o
[55/1299] Running utility command for pl_build
> Task :pl_server:generateGrammarSource UP-TO-DATE
> Task :pl_server:compileJava UP-TO-DATE
> Task :pl_server:processResources UP-TO-DATE
> Task :pl_server:classes UP-TO-DATE
> Task :pl_server:jar UP-TO-DATE
> Task :pl_server:startScripts UP-TO-DATE
> Task :pl_server:distTar UP-TO-DATE
> Task :pl_server:distZip UP-TO-DATE
> Task :pl_server:assemble UP-TO-DATE
> Task :pl_server:check
> Task :pl_server:build

BUILD SUCCESSFUL in 3s
7 actionable tasks: 7 up-to-date
[56/1299] Building CXX object sa/CMakeFiles/cubridsa.dir/__/src/base/dynamic_load.c.o
[57/1299] Building CXX object cs/CMakeFiles/cubridcs.dir/__/src/compat/cnv.c.o
[58/1299] Building CXX object sa/CMakeFiles/cubridsa.dir/__/src/connection/connection_less.cpp.o
[59/1299] Building CXX object sa/CMakeFiles/cubridsa.dir/__/src/heaplayers/customheaps.cpp.o
[60/1299] Building CXX object sa/CMakeFiles/cubridsa.dir/__/src/connection/connection_globals.c.o
[61/1299] Building CXX object sa/CMakeFiles/cubridsa.dir/__/src/base/filesys_parser.cpp.o
[62/1299] Building CXX object sa/CMakeFiles/cubridsa.dir/__/src/heaplayers/lea_heap.c.o
[63/1299] Building CXX object sa/CMakeFiles/cubridsa.dir/__/src/base/area_alloc.c.o
[64/1299] Building CXX object sa/CMakeFiles/cubridsa.dir/__/src/sp/pl_signature.cpp.o
[65/1299] Building CXX object sa/CMakeFiles/cubridsa.dir/__/src/compat/db_elo.c.o
[66/1299] Building CXX object sa/CMakeFiles/cubridsa.dir/__/src/communication/network_histogram.cpp.o
[67/1299] Building CXX object sa/CMakeFiles/cubridsa.dir/__/src/connection/tcp.c.o
[68/1299] Building CXX object sa/CMakeFiles/cubridsa.dir/__/src/base/memory_alloc.c.o
[69/1299] Building CXX object sa/CMakeFiles/cubridsa.dir/__/src/connection/connection_list_cl.cpp.o
[70/1299] Building CXX object sa/CMakeFiles/cubridsa.dir/__/src/compat/db_set.c.o
[71/1299] Building CXX object sa/CMakeFiles/cubridsa.dir/__/src/method/method_error.cpp.o
[72/1299] Building CXX object sa/CMakeFiles/cubridsa.dir/__/src/communication/network_callback_sr.cpp.o
[73/1299] Building CXX object sa/CMakeFiles/cubridsa.dir/__/src/connection/host_lookup.c.o
[74/1299] Building CXX object sa/CMakeFiles/cubridsa.dir/__/src/compat/db_old.c.o
[75/1299] Building CXX object sa/CMakeFiles/cubridsa.dir/__/src/communication/network_callback_cl.cpp.o
[76/1299] Building CXX object sa/CMakeFiles/cubridsa.dir/__/src/compat/db_macro.c.o
[77/1299] Building CXX object sa/CMakeFiles/cubridsa.dir/__/src/executables/csql_support.c.o
[78/1299] Building CXX object sa/CMakeFiles/cubridsa.dir/__/src/base/lockfree_hashmap.cpp.o
[79/1299] Building CXX object sa/CMakeFiles/cubridsa.dir/__/src/sp/pl_comm.c.o
[80/1299] Building CXX object sa/CMakeFiles/cubridsa.dir/__/src/executables/csql_session.c.o
[81/1299] Building CXX object sa/CMakeFiles/cubridsa.dir/__/src/executables/csql_result_format.c.o
[82/1299] Building CXX object sa/CMakeFiles/cubridsa.dir/__/src/compat/db_virt.c.o
[83/1299] Building CXX object sa/CMakeFiles/cubridsa.dir/__/src/base/memory_hash.c.o
[84/1299] Building CXX object sa/CMakeFiles/cubridsa.dir/__/src/compat/db_class.c.o
[85/1299] Building CXX object sa/CMakeFiles/cubridsa.dir/__/src/sp/pl_compile_handler.cpp.o
[86/1299] Building CXX object sa/CMakeFiles/cubridsa.dir/__/src/executables/compactdb_common.c.o
[87/1299] Building CXX object sa/CMakeFiles/cubridsa.dir/__/src/executables/unloaddb.c.o
[88/1299] Building CXX object sa/CMakeFiles/cubridsa.dir/__/src/base/resources.cpp.o
[89/1299] Building CXX object sa/CMakeFiles/cubridsa.dir/__/src/compat/db_obj.c.o
[90/1299] Building CXX object sa/CMakeFiles/cubridsa.dir/__/src/compat/db_info.c.o
[91/1299] Building CXX object sa/CMakeFiles/cubridsa.dir/__/src/executables/unload_object_file.c.o
[92/1299] Building CXX object sa/CMakeFiles/cubridsa.dir/__/src/compat/db_method_static.cpp.o
[93/1299] Building CXX object sa/CMakeFiles/cubridsa.dir/__/src/connection/connection_cl.cpp.o
[94/1299] Building CXX object sa/CMakeFiles/cubridsa.dir/__/src/compat/db_date.c.o
[95/1299] Building CXX object sa/CMakeFiles/cubridsa.dir/__/src/method/method_struct_invoke.cpp.o
[96/1299] Building CXX object sa/CMakeFiles/cubridsa.dir/__/src/compat/db_value_printer.cpp.o
[97/1299] Building CXX object sa/CMakeFiles/cubridsa.dir/__/src/compat/db_temp.c.o
[98/1299] Building CXX object sa/CMakeFiles/cubridsa.dir/__/src/base/locale_support.c.o
[99/1299] Building CXX object sa/CMakeFiles/cubridsa.dir/__/src/sp/pl_connection.cpp.o
[100/1299] Building CXX object sa/CMakeFiles/cubridsa.dir/__/src/executables/compactdb.c.o
[101/1299] Building CXX object sa/CMakeFiles/cubridsa.dir/__/src/method/method_struct_parameter_info.cpp.o
[102/1299] Building CXX object sa/CMakeFiles/cubridsa.dir/__/src/executables/util_common.c.o
[103/1299] Building CXX object sa/CMakeFiles/cubridsa.dir/__/src/connection/connection_support.cpp.o
[104/1299] Building CXX object sa/CMakeFiles/cubridsa.dir/__/src/compat/db_query.c.o
[105/1299] Building CXX object sa/CMakeFiles/cubridsa.dir/__/src/parser/double_byte_support.c.o
[106/1299] Building CXX object sa/CMakeFiles/cubridsa.dir/__/src/base/ddl_log.c.o
[107/1299] Building CXX object sa/CMakeFiles/cubridsa.dir/__/src/sp/pl_sr.cpp.o
[108/1299] Building CXX object sa/CMakeFiles/cubridsa.dir/__/src/sp/pl_struct_compile.cpp.o
[109/1299] Building CXX object sa/CMakeFiles/cubridsa.dir/__/src/method/method_struct_oid_info.cpp.o
[110/1299] Building CXX object sa/CMakeFiles/cubridsa.dir/__/src/executables/util_cs.c.o
[111/1299] Building CXX object cs/CMakeFiles/cubridcs.dir/__/src/compat/db_class.c.o
[112/1299] Building CXX object sa/CMakeFiles/cubridsa.dir/__/src/base/language_support.c.o
[113/1299] Building CXX object sa/CMakeFiles/cubridsa.dir/__/src/base/cgroup.cpp.o
[114/1299] Building CXX object sa/CMakeFiles/cubridsa.dir/__/src/object/lob_locator.cpp.o
[115/1299] Building CXX object sa/CMakeFiles/cubridsa.dir/__/src/object/object_print_util.cpp.o
[116/1299] Building CXX object sa/CMakeFiles/cubridsa.dir/__/src/executables/unload_object.c.o
[117/1299] Building CXX object sa/CMakeFiles/cubridsa.dir/__/src/object/identifier_store.cpp.o
[118/1299] Building CXX object sa/CMakeFiles/cubridsa.dir/__/src/object/quick_fit.c.o
[119/1299] Building CXX object sa/CMakeFiles/cubridsa.dir/__/src/connection/client_support.cpp.o
[120/1299] Building CXX object sa/CMakeFiles/cubridsa.dir/__/src/base/perf_monitor.c.o
[121/1299] Building CXX object sa/CMakeFiles/cubridsa.dir/__/src/object/elo.c.o
[122/1299] Building CXX object sa/CMakeFiles/cubridsa.dir/__/src/compat/db_json_path.cpp.o
[123/1299] Building CXX object sa/CMakeFiles/cubridsa.dir/__/src/method/method_query_util.cpp.o
[124/1299] Building CXX object sa/CMakeFiles/cubridsa.dir/__/src/compat/db_admin.c.o
[125/1299] Building CXX object sa/CMakeFiles/cubridsa.dir/__/src/method/method_struct_query.cpp.o
[126/1299] Building CXX object sa/CMakeFiles/cubridsa.dir/__/src/method/method_oid_handler.cpp.o
[127/1299] Building CXX object sa/CMakeFiles/cubridsa.dir/__/src/executables/csql.c.o
[128/1299] Building CXX object sa/CMakeFiles/cubridsa.dir/__/src/monitor/monitor_transaction.cpp.o
[129/1299] Building CXX object cs/CMakeFiles/cubridcs.dir/__/src/compat/db_date.c.o
[130/1299] Building CXX object sa/CMakeFiles/cubridsa.dir/__/src/method/method_struct_value.cpp.o
[131/1299] Building CXX object sa/CMakeFiles/cubridsa.dir/__/src/base/system_parameter.c.o
[132/1299] Building CXX object sa/CMakeFiles/cubridsa.dir/__/src/sp/sp_code.cpp.o
[133/1299] Building CXX object sa/CMakeFiles/cubridsa.dir/__/src/sp/pl_query_cursor.cpp.o
[134/1299] Building CXX object sa/CMakeFiles/cubridsa.dir/__/src/compat/db_vdb.c.o
[135/1299] Building CXX object sa/CMakeFiles/cubridsa.dir/__/src/base/object_representation_sr.c.o
[136/1299] Building CXX object sa/CMakeFiles/cubridsa.dir/__/src/sp/method_invoke_group.cpp.o
[137/1299] Building CXX object sa/CMakeFiles/cubridsa.dir/__/src/optimizer/query_bitset.c.o
[138/1299] Building CXX object sa/CMakeFiles/cubridsa.dir/__/src/communication/network_interface_cl.c.o
[139/1299] Building CXX object sa/CMakeFiles/cubridsa.dir/__/src/sp/pl_execution_stack_context.cpp.o
[140/1299] Building CXX object sa/CMakeFiles/cubridsa.dir/__/src/object/schema_information_schema_definition.cpp.o
[141/1299] Building CXX object sa/CMakeFiles/cubridsa.dir/__/src/object/schema_information_schema.cpp.o
[142/1299] Building CXX object sa/CMakeFiles/cubridsa.dir/__/src/object/transform.c.o
[143/1299] Building CXX object sa/CMakeFiles/cubridsa.dir/__/src/base/tz_compile.c.o
[144/1299] Building CXX object sa/CMakeFiles/cubridsa.dir/__/src/base/tz_support.c.o
[145/1299] Building CXX object sa/CMakeFiles/cubridsa.dir/__/src/query/parallel/px_scan/px_scan_instnum.cpp.o
[146/1299] Building CXX object sa/CMakeFiles/cubridsa.dir/__/src/executables/util_sa.c.o
[147/1299] Building CXX object sa/CMakeFiles/cubridsa.dir/__/src/sp/jsp_cl.cpp.o
[148/1299] Building CXX object sa/CMakeFiles/cubridsa.dir/__/src/object/authenticate_owner.cpp.o
[149/1299] Building CXX object sa/CMakeFiles/cubridsa.dir/__/src/method/method_scan.cpp.o
[150/1299] Building CXX object sa/CMakeFiles/cubridsa.dir/__/src/query/parallel/px_scan/px_scan_checker.cpp.o
[151/1299] Building CXX object sa/CMakeFiles/cubridsa.dir/__/src/object/authenticate_password.cpp.o
[152/1299] Building CXX object sa/CMakeFiles/cubridsa.dir/__/src/object/deduplicate_key.c.o
[153/1299] Building CXX object sa/CMakeFiles/cubridsa.dir/__/src/method/method_query_handler.cpp.o
[154/1299] Building CXX object sa/CMakeFiles/cubridsa.dir/__/src/object/authenticate.c.o
[155/1299] Building CXX object sa/CMakeFiles/cubridsa.dir/__/src/object/authenticate_cache.cpp.o
[156/1299] Building CXX object sa/CMakeFiles/cubridsa.dir/__/src/query/parallel/px_query_execute/px_query_checker.cpp.o
[157/1299] Building CXX object sa/CMakeFiles/cubridsa.dir/__/src/object/authenticate_context.cpp.o
[158/1299] Building CXX object sa/CMakeFiles/cubridsa.dir/__/src/object/object_description.cpp.o
[159/1299] Building CXX object sa/CMakeFiles/cubridsa.dir/__/src/object/authenticate_access_class.cpp.o
[160/1299] Building CXX object sa/CMakeFiles/cubridsa.dir/__/src/object/authenticate_access_auth.cpp.o
[161/1299] Building CXX object sa/CMakeFiles/cubridsa.dir/__/src/sp/pl_executor.cpp.o
[162/1299] Building CXX object sa/CMakeFiles/cubridsa.dir/__/src/object/schema_system_catalog_install_query_spec.cpp.o
[163/1299] Building CXX object sa/CMakeFiles/cubridsa.dir/__/src/method/query_method.cpp.o
[164/1299] Building CXX object sa/CMakeFiles/cubridsa.dir/__/src/object/authenticate_grant.cpp.o
[165/1299] Building CXX object sa/CMakeFiles/cubridsa.dir/__/src/object/schema_system_catalog.cpp.o
[166/1299] Building CXX object sa/CMakeFiles/cubridsa.dir/__/src/query/crypt_opfunc.c.o
[167/1299] Building CXX object sa/CMakeFiles/cubridsa.dir/__/src/object/authenticate_access_user.cpp.o
[168/1299] Building CXX object sa/CMakeFiles/cubridsa.dir/__/src/object/authenticate_migration.cpp.o
[169/1299] Building CXX object sa/CMakeFiles/cubridsa.dir/__/src/object/schema_system_catalog_definition.cpp.o
[170/1299] Building CXX object sa/CMakeFiles/cubridsa.dir/__/src/object/class_description.cpp.o
[171/1299] Building CXX object sa/CMakeFiles/cubridsa.dir/__/src/object/object_print.c.o
[172/1299] Building CXX object sa/CMakeFiles/cubridsa.dir/__/src/object/schema_information_schema_builder.cpp.o
[173/1299] Building CXX object sa/CMakeFiles/cubridsa.dir/__/src/optimizer/rewriter/query_rewrite.c.o
[174/1299] Building CXX object sa/CMakeFiles/cubridsa.dir/__/src/object/trigger_description.cpp.o
[175/1299] Building CXX object sa/CMakeFiles/cubridsa.dir/__/src/object/schema_system_catalog_builder.cpp.o
[176/1299] Building CXX object sa/CMakeFiles/cubridsa.dir/__/src/object/schema_class_truncator.cpp.o
[177/1299] Building CXX object sa/CMakeFiles/cubridsa.dir/__/src/object/object_representation.c.o
/home/vimkim/gh/cb/pr7927-publication-release/src/object/object_representation.c: In function ‘char* or_unpack_spacedb(char*, SPACEDB_ALL*, SPACEDB_ONEVOL**, SPACEDB_FILES*)’:
/home/vimkim/gh/cb/pr7927-publication-release/src/object/object_representation.c:6284:19: warning: ‘char* strncpy(char*, const char*, size_t)’ specified bound 4096 equals destination size [-Wstringop-truncation]
 6284 |           strncpy ((*vols)[iter_vol].name, volname, DB_MAX_PATH_LENGTH);
      |           ~~~~~~~~^~~~~~~~~~~~~~~~~~~~~~~~~~~~~~~~~~~~~~~~~~~~~~~~~~~~~
[178/1299] Building CXX object sa/CMakeFiles/cubridsa.dir/__/src/object/virtual_object.c.o
[179/1299] Building CXX object sa/CMakeFiles/cubridsa.dir/__/src/optimizer/rewriter/query_rewrite_set.c.o
[180/1299] Building CXX object sa/CMakeFiles/cubridsa.dir/__/src/optimizer/rewriter/query_rewrite_subquery.c.o
[181/1299] Building CXX object sa/CMakeFiles/cubridsa.dir/__/src/sp/pl_session.cpp.o
[182/1299] Building CXX object sa/CMakeFiles/cubridsa.dir/__/src/object/object_accessor.c.o
[183/1299] Building CXX object sa/CMakeFiles/cubridsa.dir/__/src/object/object_template.c.o
[184/1299] Building CXX object sa/CMakeFiles/cubridsa.dir/__/src/object/schema_information_schema_install_query_spec.cpp.o
[185/1299] Building CXX object sa/CMakeFiles/cubridsa.dir/__/src/object/object_printer.cpp.o
[186/1299] Building CXX object sa/CMakeFiles/cubridsa.dir/__/src/optimizer/rewriter/query_rewrite_auto_parameterize.c.o
[187/1299] Building CXX object sa/CMakeFiles/cubridsa.dir/__/src/query/qfile_tuple_layout.c.o
[188/1299] Building CXX object sa/CMakeFiles/cubridsa.dir/__/src/executables/unload_schema.c.o
[189/1299] Building CXX object sa/CMakeFiles/cubridsa.dir/__/src/optimizer/rewriter/query_rewrite_select.c.o
[190/1299] Building CXX object sa/CMakeFiles/cubridsa.dir/__/src/object/work_space.c.o
[191/1299] Building CXX object sa/CMakeFiles/cubridsa.dir/__/src/object/set_object.c.o
[192/1299] Building CXX object sa/CMakeFiles/cubridsa.dir/__/src/object/schema_template.c.o
[193/1299] Building CXX object sa/CMakeFiles/cubridsa.dir/__/src/query/dblink_2pc.c.o
[194/1299] Building CXX object sa/CMakeFiles/cubridsa.dir/__/src/query/cursor.c.o
[195/1299] Building CXX object sa/CMakeFiles/cubridsa.dir/__/src/query/string_regex_re2.cpp.o
[196/1299] Building CXX object sa/CMakeFiles/cubridsa.dir/__/src/method/method_callback.cpp.o
[197/1299] Building CXX object sa/CMakeFiles/cubridsa.dir/__/src/object/class_object.c.o
[198/1299] Building CXX object sa/CMakeFiles/cubridsa.dir/__/src/query/vacuum_oos.cpp.o
[199/1299] Building CXX object sa/CMakeFiles/cubridsa.dir/__/src/object/trigger_manager.c.o
[200/1299] Building CXX object sa/CMakeFiles/cubridsa.dir/__/src/query/dblink_scan.c.o
[201/1299] Building CXX object sa/CMakeFiles/cubridsa.dir/__/src/optimizer/rewriter/query_rewrite_term.c.o
[202/1299] Building CXX object sa/CMakeFiles/cubridsa.dir/__/src/object/transform_cl.c.o
[203/1299] Building CXX object sa/CMakeFiles/cubridsa.dir/__/src/query/numeric_opfunc.c.o
[204/1299] Building CXX object sa/CMakeFiles/cubridsa.dir/__/src/query/regu_var.cpp.o
[205/1299] Building CXX object sa/CMakeFiles/cubridsa.dir/__/src/query/query_cl.c.o
[206/1299] Building CXX object sa/CMakeFiles/cubridsa.dir/__/src/query/query_reevaluation.cpp.o
[207/1299] Building CXX object sa/CMakeFiles/cubridsa.dir/__/src/query/query_analytic.cpp.o
[208/1299] Building CXX object sa/CMakeFiles/cubridsa.dir/__/src/query/partition.c.o
[209/1299] Building CXX object sa/CMakeFiles/cubridsa.dir/__/src/thread/critical_section_tracker.cpp.o
[210/1299] Building CXX object sa/CMakeFiles/cubridsa.dir/__/src/query/string_regex.cpp.o
[211/1299] Building CXX object sa/CMakeFiles/cubridsa.dir/__/src/query/query_dump.c.o
[212/1299] Building CXX object sa/CMakeFiles/cubridsa.dir/__/src/query/set_scan.c.o
[213/1299] Building CXX object sa/CMakeFiles/cubridsa.dir/__/src/transaction/client_credentials.cpp.o
[214/1299] Building CXX object sa/CMakeFiles/cubridsa.dir/__/src/query/filter_pred_cache.c.o
[215/1299] Building CXX object sa/CMakeFiles/cubridsa.dir/__/src/parser/parser_allocator.cpp.o
[216/1299] Building CXX object sa/CMakeFiles/cubridsa.dir/__/src/query/query_hash_scan.c.o
[217/1299] Building C object sa/CMakeFiles/cubridsa.dir/__/csql_lexer.c.o
[218/1299] Building CXX object sa/CMakeFiles/cubridsa.dir/__/src/query/subquery_cache.c.o
[219/1299] Building CXX object sa/CMakeFiles/cubridsa.dir/__/src/thread/thread_entry_task.cpp.o
[220/1299] Building CXX object sa/CMakeFiles/cubridsa.dir/__/src/optimizer/plan_generation.c.o
[221/1299] Building CXX object sa/CMakeFiles/cubridsa.dir/__/src/query/query_hash_join.c.o
[222/1299] Building CXX object sa/CMakeFiles/cubridsa.dir/__/src/query/scan_json_table.cpp.o
[223/1299] Building CXX object sa/CMakeFiles/cubridsa.dir/__/src/transaction/log_lsa.cpp.o
[224/1299] Building CXX object sa/CMakeFiles/cubridsa.dir/__/src/query/show_scan.c.o
[225/1299] Building CXX object sa/CMakeFiles/cubridsa.dir/__/src/query/list_file.c.o
[226/1299] Building CXX object sa/CMakeFiles/cubridsa.dir/__/src/object/schema_manager.c.o
[227/1299] Building CXX object sa/CMakeFiles/cubridsa.dir/__/src/parser/cnf.c.o
[228/1299] Building CXX object sa/CMakeFiles/cubridsa.dir/__/src/parser/keyword.c.o
[229/1299] Building CXX object sa/CMakeFiles/cubridsa.dir/__/src/thread/thread_manager.cpp.o
[230/1299] Building CXX object sa/CMakeFiles/cubridsa.dir/__/src/parser/parse_type.cpp.o
[231/1299] Building CXX object sa/CMakeFiles/cubridsa.dir/__/src/parser/parse_tree.c.o
[232/1299] Building CXX object sa/CMakeFiles/cubridsa.dir/__/src/query/arithmetic.c.o
[233/1299] Building CXX object sa/CMakeFiles/cubridsa.dir/__/src/query/query_evaluator.c.o
[234/1299] Building CXX object sa/CMakeFiles/cubridsa.dir/__/src/transaction/locator.c.o
[235/1299] Building CXX object sa/CMakeFiles/cubridsa.dir/__/src/parser/show_meta.c.o
[236/1299] Building CXX object sa/CMakeFiles/cubridsa.dir/__/src/object/object_primitive.c.o
[237/1299] Building CXX object sa/CMakeFiles/cubridsa.dir/__/src/query/query_manager.c.o
[238/1299] Building CXX object sa/CMakeFiles/cubridsa.dir/__/src/transaction/log_comm.c.o
[239/1299] Building CXX object sa/CMakeFiles/cubridsa.dir/__/src/query/query_aggregate.cpp.o
[240/1299] Building CXX object sa/CMakeFiles/cubridsa.dir/__/src/parser/method_transform.c.o
[241/1299] Building CXX object sa/CMakeFiles/cubridsa.dir/__/src/storage/byte_order.c.o
[242/1299] Building CXX object sa/CMakeFiles/cubridsa.dir/__/src/object/object_domain.c.o
[243/1299] Building CXX object sa/CMakeFiles/cubridsa.dir/__/src/parser/compile.c.o
[244/1299] Building CXX object sa/CMakeFiles/cubridsa.dir/__/src/parser/parse_evaluate.c.o
[245/1299] Building CXX object sa/CMakeFiles/cubridsa.dir/__/src/parser/scanner_support.c.o
[246/1299] Building CXX object sa/CMakeFiles/cubridsa.dir/__/src/parser/xasl_regu_alloc.cpp.o
[247/1299] Building CXX object sa/CMakeFiles/cubridsa.dir/__/src/transaction/log_global.c.o
[248/1299] Building CXX object sa/CMakeFiles/cubridsa.dir/__/src/storage/es_owfs.c.o
[249/1299] Building CXX object sa/CMakeFiles/cubridsa.dir/__/src/query/memoize.cpp.o
[250/1299] Building CXX object sa/CMakeFiles/cubridsa.dir/__/src/parser/query_result.c.o
[251/1299] Building CXX object sa/CMakeFiles/cubridsa.dir/__/src/transaction/log_compress.c.o
[252/1299] Building CXX object sa/CMakeFiles/cubridsa.dir/__/src/thread/thread_lockfree_hash_map.cpp.o
[253/1299] Building CXX object sa/CMakeFiles/cubridsa.dir/__/src/storage/es_posix.c.o
[254/1299] Building CXX object sa/CMakeFiles/cubridsa.dir/__/src/transaction/log_2pc.c.o
[255/1299] Building CXX object sa/CMakeFiles/cubridsa.dir/__/src/transaction/log_append.cpp.o
[256/1299] Building CXX object sa/CMakeFiles/cubridsa.dir/__/src/parser/parse_dbi.c.o
[257/1299] Building CXX object sa/CMakeFiles/cubridsa.dir/__/src/transaction/log_recovery_redo.cpp.o
[258/1299] Building CXX object sa/CMakeFiles/cubridsa.dir/__/src/transaction/mvcc_active_tran.cpp.o
[259/1299] Building CXX object sa/CMakeFiles/cubridsa.dir/__/src/storage/btree_unique.cpp.o
[260/1299] Building CXX object sa/CMakeFiles/cubridsa.dir/__/src/storage/es_common.c.o
[261/1299] Building CXX object sa/CMakeFiles/cubridsa.dir/__/src/query/stream_to_xasl.c.o
[262/1299] Building CXX object sa/CMakeFiles/cubridsa.dir/__/src/query/xasl_to_stream.c.o
[263/1299] Building CXX object sa/CMakeFiles/cubridsa.dir/__/src/transaction/mvcc_table.cpp.o
[264/1299] Building CXX object sa/CMakeFiles/cubridsa.dir/__/src/transaction/boot_cl.c.o
[265/1299] Building CXX object sa/CMakeFiles/cubridsa.dir/__/src/optimizer/query_graph.c.o
[266/1299] Building CXX object sa/CMakeFiles/cubridsa.dir/__/src/transaction/mvcc.c.o
[267/1299] Building CXX object sa/CMakeFiles/cubridsa.dir/__/src/transaction/log_postpone_cache.cpp.o
[268/1299] Building CXX object sa/CMakeFiles/cubridsa.dir/__/src/transaction/flashback.c.o
[269/1299] Building CXX object sa/CMakeFiles/cubridsa.dir/__/src/transaction/log_system_tran.cpp.o
[270/1299] Building CXX object sa/CMakeFiles/cubridsa.dir/__/src/thread/thread_entry.cpp.o
[271/1299] Building CXX object sa/CMakeFiles/cubridsa.dir/__/src/transaction/replication.c.o
[272/1299] Building CXX object sa/CMakeFiles/cubridsa.dir/__/src/query/scan_manager.c.o
[273/1299] Building CXX object sa/CMakeFiles/cubridsa.dir/__/src/storage/oid.c.o
[274/1299] Building CXX object sa/CMakeFiles/cubridsa.dir/__/src/query/serial.c.o
[275/1299] Building CXX object sa/CMakeFiles/cubridsa.dir/__/src/parser/func_type.cpp.o
[276/1299] Building CXX object sa/CMakeFiles/cubridsa.dir/__/src/optimizer/query_planner.c.o
[277/1299] Building CXX object sa/CMakeFiles/cubridsa.dir/__/src/query/fetch.c.o
[278/1299] Building CXX object sa/CMakeFiles/cubridsa.dir/__/src/transaction/transaction_transient.cpp.o
[279/1299] Building CXX object sa/CMakeFiles/cubridsa.dir/__/src/storage/statistics_ndv.c.o
[280/1299] Building CXX object sa/CMakeFiles/cubridsa.dir/__/src/object/schema_information_schema_install.cpp.o
[281/1299] Building CXX object sa/CMakeFiles/cubridsa.dir/__/src/sp/sp_catalog.cpp.o
[282/1299] Building CXX object sa/CMakeFiles/cubridsa.dir/__/src/storage/heap_pending_record.cpp.o
[283/1299] Building CXX object sa/CMakeFiles/cubridsa.dir/__/src/xasl/xasl_unpack_info.cpp.o
[284/1299] Building CXX object sa/CMakeFiles/cubridsa.dir/__/src/storage/overflow_file.c.o
[285/1299] Building CXX object sa/CMakeFiles/cubridsa.dir/__/src/storage/storage_common.c.o
[286/1299] Building CXX object sa/CMakeFiles/cubridsa.dir/__/src/transaction/log_writer.c.o
[287/1299] Building CXX object sa/CMakeFiles/cubridsa.dir/__/src/storage/ftab_set.cpp.o
[288/1299] Building CXX object sa/CMakeFiles/cubridsa.dir/__/src/transaction/recovery.c.o
[289/1299] Building CXX object sa/CMakeFiles/cubridsa.dir/__/src/query/execute_schema.c.o
[290/1299] Building CXX object sa/CMakeFiles/cubridsa.dir/__/src/query/xasl_cache.c.o
[291/1299] Building CXX object sa/CMakeFiles/cubridsa.dir/__/src/transaction/transaction_cl.c.o
[292/1299] Building CXX object sa/CMakeFiles/cubridsa.dir/__/src/transaction/log_prior_inflight.cpp.o
[293/1299] Building CXX object sa/CMakeFiles/cubridsa.dir/__/src/storage/record_descriptor.cpp.o
[294/1299] Building CXX object sa/CMakeFiles/cubridsa.dir/__/src/xasl/access_json_table.cpp.o
[295/1299] Building CXX object sa/CMakeFiles/cubridsa.dir/__/src/transaction/transaction_sr.c.o
[296/1299] Building CXX object sa/CMakeFiles/cubridsa.dir/__/src/transaction/lock_manager.c.o
[297/1299] Building CXX object sa/CMakeFiles/cubridsa.dir/__/src/transaction/locator_cl.c.o
[298/1299] Building CXX object sa/CMakeFiles/cubridsa.dir/__/src/query/vacuum.c.o
[299/1299] Building CXX object sa/CMakeFiles/cubridsa.dir/__/src/parser/parser_support.c.o
[300/1299] Building CXX object sa/CMakeFiles/cubridsa.dir/__/src/storage/es.c.o
[301/1299] Building CXX object sa/CMakeFiles/cubridsa.dir/__/src/session/session_sr.c.o
[302/1299] Building CXX object sa/CMakeFiles/cubridsa.dir/__/src/query/query_opfunc.c.o
[303/1299] Building CXX object sa/CMakeFiles/cubridsa.dir/__/src/parser/name_resolution.c.o
[304/1299] Building CXX object sa/CMakeFiles/cubridsa.dir/__/src/transaction/boot_sr.c.o
[305/1299] Building CXX object sa/CMakeFiles/cubridsa.dir/__/load_lexer.cpp.o
[306/1299] Building CXX object sa/CMakeFiles/cubridsa.dir/__/src/loaddb/load_driver.cpp.o
[307/1299] Building CXX object sa/CMakeFiles/cubridsa.dir/__/src/storage/compactdb_sr.c.o
[308/1299] Building CXX object sa/CMakeFiles/cubridsa.dir/__/src/optimizer/histogram/histogram_reader.cpp.o
[309/1299] Building CXX object sa/CMakeFiles/cubridsa.dir/__/src/loaddb/load_common.cpp.o
[310/1299] Building CXX object sa/CMakeFiles/cubridsa.dir/__/src/loaddb/load_error_handler.cpp.o
[311/1299] Building CXX object sa/CMakeFiles/cubridsa.dir/__/src/parser/view_transform.c.o
[312/1299] Building CXX object cs/CMakeFiles/cubridcs.dir/__/src/executables/extract_schema.cpp.o
[313/1299] Building CXX object sa/CMakeFiles/cubridsa.dir/__/src/storage/bestspace.cpp.o
[314/1299] Building CXX object sa/CMakeFiles/cubridsa.dir/__/src/optimizer/histogram/histogram_builder.cpp.o
[315/1299] Building CXX object sa/CMakeFiles/cubridsa.dir/__/src/xasl/xasl_predicate.cpp.o
[316/1299] Building CXX object sa/CMakeFiles/cubridsa.dir/__/load_grammar.cpp.o
[317/1299] Building CXX object cs/CMakeFiles/cubridcs.dir/__/src/executables/csql_result.c.o
[318/1299] Building CXX object sa/CMakeFiles/cubridsa.dir/__/src/storage/btree_sort.c.o
[319/1299] Building CXX object cs/CMakeFiles/cubridcs.dir/__/src/executables/file_hash.c.o
[320/1299] Building CXX object sa/CMakeFiles/cubridsa.dir/__/src/storage/statistics_cl.c.o
[321/1299] Building CXX object sa/CMakeFiles/cubridsa.dir/__/src/xasl/xasl_stream.cpp.o
[322/1299] Building CXX object cs/CMakeFiles/cubridcs.dir/__/src/base/chartype.c.o
[323/1299] Building CXX object sa/CMakeFiles/cubridsa.dir/__/src/xasl/xasl_analytic.cpp.o
[324/1299] Building CXX object cs/CMakeFiles/cubridcs.dir/__/src/executables/compactdb_common.c.o
[325/1299] Building CXX object sa/CMakeFiles/cubridsa.dir/__/src/query/execute_statement.c.o
[326/1299] Building CXX object cs/CMakeFiles/cubridcs.dir/__/src/base/dtoa.c.o
[327/1299] Building CXX object cs/CMakeFiles/cubridcs.dir/__/src/base/environment_variable.c.o
[328/1299] Building CXX object cs/CMakeFiles/cubridcs.dir/__/src/base/fault_injection.c.o
[329/1299] Building CXX object sa/CMakeFiles/cubridsa.dir/__/src/compat/db_json.cpp.o
[330/1299] Building CXX object sa/CMakeFiles/cubridsa.dir/__/src/storage/heap_oos.cpp.o
[331/1299] Building CXX object sa/CMakeFiles/cubridsa.dir/__/src/storage/external_sort.c.o
[332/1299] Building CXX object sa/CMakeFiles/cubridsa.dir/__/src/storage/statistics_sr.c.o
[333/1299] Building CXX object sa/CMakeFiles/cubridsa.dir/__/src/loaddb/load_object_table.c.o
[334/1299] Building CXX object cs/CMakeFiles/cubridcs.dir/__/src/compat/db_json_allocator.cpp.o
[335/1299] Building CXX object cubrid/CMakeFiles/cubrid.dir/__/src/query/subquery_cache.c.o
[336/1299] Building CXX object sa/CMakeFiles/cubridsa.dir/__/src/loaddb/load_semantic_helper.cpp.o
[337/1299] Building CXX object sa/CMakeFiles/cubridsa.dir/__/src/storage/tde.c.o
[338/1299] Building CXX object cs/CMakeFiles/cubridcs.dir/__/src/base/cubrid_getopt_long.c.o
[339/1299] Building CXX object cs/CMakeFiles/cubridcs.dir/__/src/base/encryption.c.o
[340/1299] Building CXX object sa/CMakeFiles/cubridsa.dir/__/src/storage/btree_load.c.o
[341/1299] Building CXX object cs/CMakeFiles/cubridcs.dir/__/src/base/base64.c.o
[342/1299] Building CXX object sa/CMakeFiles/cubridsa.dir/__/src/storage/catalog_class.c.o
[343/1299] Building CXX object cs/CMakeFiles/cubridcs.dir/__/src/executables/csql_session.c.o
[344/1299] Building CXX object sa/CMakeFiles/cubridsa.dir/__/src/xasl/xasl_iteration.cpp.o
[345/1299] Building C object cs/CMakeFiles/cubridcs.dir/__/src/compat/dbtype_function.c.o
[346/1299] Building CXX object sa/CMakeFiles/cubridsa.dir/__/src/transaction/log_tran_table.c.o
[347/1299] Building CXX object sa/CMakeFiles/cubridsa.dir/__/src/storage/extendible_hash.c.o
[348/1299] Building CXX object cs/CMakeFiles/cubridcs.dir/__/src/base/error_context.cpp.o
[349/1299] Building CXX object sa/CMakeFiles/cubridsa.dir/__/src/storage/disk_manager.c.o
/home/vimkim/gh/cb/pr7927-publication-release/src/storage/disk_manager.c: In function ‘int disk_spacedb(THREAD_ENTRY*, SPACEDB_ALL*, SPACEDB_ONEVOL**)’:
/home/vimkim/gh/cb/pr7927-publication-release/src/storage/disk_manager.c:6157:19: warning: ‘char* strncpy(char*, const char*, size_t)’ specified bound 4096 equals destination size [-Wstringop-truncation]
 6157 |           strncpy ((*spacevols)[iter_spacevols].name, disk_vhdr_get_vol_fullname (volheader), DB_MAX_PATH_LENGTH);
      |           ~~~~~~~~^~~~~~~~~~~~~~~~~~~~~~~~~~~~~~~~~~~~~~~~~~~~~~~~~~~~~~~~~~~~~~~~~~~~~~~~~~~~~~~~~~~~~~~~~~~~~~~
[350/1299] Building CXX object cs/CMakeFiles/cubridcs.dir/__/src/base/ini_parser.c.o
[351/1299] Building CXX object cs/CMakeFiles/cubridcs.dir/__/src/base/databases_file.c.o
[352/1299] Building CXX object sa/CMakeFiles/cubridsa.dir/__/src/storage/slotted_page.c.o
[353/1299] Building CXX object sa/CMakeFiles/cubridsa.dir/__/src/transaction/locator_sr.c.o
[354/1299] Building CXX object sa/CMakeFiles/cubridsa.dir/__/src/loaddb/load_object.c.o
[355/1299] Building CXX object sa/CMakeFiles/cubridsa.dir/__/src/storage/oos_file.cpp.o
[356/1299] Building CXX object cs/CMakeFiles/cubridcs.dir/__/src/base/misc_string.c.o
[357/1299] Building CXX object cs/CMakeFiles/cubridcs.dir/__/src/base/mprec.c.o
[358/1299] Building CXX object cs/CMakeFiles/cubridcs.dir/__/src/base/fileline_location.cpp.o
[359/1299] Building CXX object sa/CMakeFiles/cubridsa.dir/__/src/parser/semantic_check.c.o
[360/1299] Building CXX object cubrid/CMakeFiles/cubrid.dir/__/src/query/show_scan.c.o
[361/1299] Building CXX object sa/CMakeFiles/cubridsa.dir/__/src/transaction/log_recovery.c.o
[362/1299] Building CXX object cs/CMakeFiles/cubridcs.dir/__/src/base/message_catalog.c.o
[363/1299] Building CXX object cs/CMakeFiles/cubridcs.dir/__/src/base/get_clock_freq.c.o
[364/1299] Building CXX object cs/CMakeFiles/cubridcs.dir/__/src/base/fixed_alloc.c.o
[365/1299] Building CXX object sa/CMakeFiles/cubridsa.dir/__/src/storage/double_write_buffer.cpp.o
[366/1299] Building CXX object sa/CMakeFiles/cubridsa.dir/__/src/session/session.c.o
[367/1299] Building CXX object cs/CMakeFiles/cubridcs.dir/__/src/executables/util_common.c.o
[368/1299] Building CXX object cs/CMakeFiles/cubridcs.dir/__/src/base/locale_support.c.o
[369/1299] Building CXX object cs/CMakeFiles/cubridcs.dir/__/src/executables/csql_support.c.o
[370/1299] Building CXX object cs/CMakeFiles/cubridcs.dir/__/src/base/process_util.c.o
[371/1299] Building CXX object cs/CMakeFiles/cubridcs.dir/__/src/base/sha1.c.o
[372/1299] Building CXX object cs/CMakeFiles/cubridcs.dir/__/src/executables/csql_result_format.c.o
[373/1299] Building CXX object cs/CMakeFiles/cubridcs.dir/__/src/base/release_string.c.o
[374/1299] Building CXX object cs/CMakeFiles/cubridcs.dir/__/src/compat/db_elo.c.o
[375/1299] Building CXX object cs/CMakeFiles/cubridcs.dir/__/src/base/lockfree_bitmap.cpp.o
[376/1299] Building CXX object cs/CMakeFiles/cubridcs.dir/__/src/base/tsc_timer.c.o
[377/1299] Building CXX object cs/CMakeFiles/cubridcs.dir/__/src/base/memory_private_allocator.cpp.o
[378/1299] Building CXX object cs/CMakeFiles/cubridcs.dir/__/src/base/hide_password.cpp.o
[379/1299] Building CXX object cs/CMakeFiles/cubridcs.dir/__/src/base/porting.c.o
[380/1299] Building CXX object sa/CMakeFiles/cubridsa.dir/__/src/query/string_regex_std.cpp.o
[381/1299] Building CXX object cs/CMakeFiles/cubridcs.dir/__/src/executables/unload_object_file.c.o
[382/1299] Building CXX object sa/CMakeFiles/cubridsa.dir/__/src/transaction/log_page_buffer.c.o
/home/vimkim/gh/cb/pr7927-publication-release/src/transaction/log_page_buffer.c: In function ‘void logpb_checkpoint_trans(LOG_INFO_CHKPT_TRANS*, log_tdes*, int&, int&, LOG_LSA&)’:
/home/vimkim/gh/cb/pr7927-publication-release/src/transaction/log_page_buffer.c:7165:15: warning: ‘char* strncpy(char*, const char*, size_t)’ specified bound 33 equals destination size [-Wstringop-truncation]
 7165 |       strncpy (chkpt_entry->user_name, tdes->client.get_db_user (), LOG_USERNAME_MAX);
      |       ~~~~~~~~^~~~~~~~~~~~~~~~~~~~~~~~~~~~~~~~~~~~~~~~~~~~~~~~~~~~~~~~~~~~~~~~~~~~~~~
[383/1299] Building CXX object cs/CMakeFiles/cubridcs.dir/__/src/executables/unloaddb.c.o
[384/1299] Building CXX object cs/CMakeFiles/cubridcs.dir/__/src/base/filesys_temp.cpp.o
[385/1299] Building CXX object cs/CMakeFiles/cubridcs.dir/__/src/base/variable_string.c.o
[386/1299] Building CXX object cs/CMakeFiles/cubridcs.dir/__/src/base/mem_block.cpp.o
[387/1299] Building CXX object sa/CMakeFiles/cubridsa.dir/__/src/storage/file_io.c.o
/home/vimkim/gh/cb/pr7927-publication-release/src/storage/file_io.c: In function ‘int fileio_cache(VOLID, const char*, int, FILEIO_LOCKF_TYPE)’:
/home/vimkim/gh/cb/pr7927-publication-release/src/storage/file_io.c:5998:15: warning: ‘char* strncpy(char*, const char*, size_t)’ specified bound 4096 equals destination size [-Wstringop-truncation]
 5998 |       strncpy (vol_info_p->vlabel, vol_label_p, PATH_MAX);
      |       ~~~~~~~~^~~~~~~~~~~~~~~~~~~~~~~~~~~~~~~~~~~~~~~~~~~
/home/vimkim/gh/cb/pr7927-publication-release/src/storage/file_io.c:5998:15: warning: ‘char* strncpy(char*, const char*, size_t)’ specified bound 4096 equals destination size [-Wstringop-truncation]
/home/vimkim/gh/cb/pr7927-publication-release/src/storage/file_io.c: In function ‘int fileio_backup_volume(THREAD_ENTRY*, FILEIO_BACKUP_SESSION*, const char*, VOLID, PAGEID, bool)’:
/home/vimkim/gh/cb/pr7927-publication-release/src/storage/file_io.c:8394:11: warning: ‘char* strncpy(char*, const char*, size_t)’ specified bound 4096 equals destination size [-Wstringop-truncation]
 8394 |   strncpy (file_header_p->vlabel, session_p->dbfile.vlabel, PATH_MAX);
      |   ~~~~~~~~^~~~~~~~~~~~~~~~~~~~~~~~~~~~~~~~~~~~~~~~~~~~~~~~~~~~~~~~~~~
[388/1299] Building CXX object cs/CMakeFiles/cubridcs.dir/__/src/base/locale_helper.cpp.o
[389/1299] Building CXX object cs/CMakeFiles/cubridcs.dir/__/src/executables/compactdb_cl.c.o
[390/1299] Building CXX object cs/CMakeFiles/cubridcs.dir/__/src/base/perf.cpp.o
[391/1299] Building CXX object cs/CMakeFiles/cubridcs.dir/__/src/base/uca_support.c.o
[392/1299] Building CXX object sa/CMakeFiles/cubridsa.dir/__/src/parser/parse_tree_cl.c.o
[393/1299] Building CXX object cs/CMakeFiles/cubridcs.dir/__/src/base/intl_support.c.o
[394/1299] Building CXX object cs/CMakeFiles/cubridcs.dir/__/src/base/printer.cpp.o
[395/1299] Building CXX object sa/CMakeFiles/cubridsa.dir/__/src/loaddb/load_db.c.o
[396/1299] Building CXX object cs/CMakeFiles/cubridcs.dir/__/src/base/resource_tracker.cpp.o
[397/1299] Building CXX object cs/CMakeFiles/cubridcs.dir/__/src/compat/db_old.c.o
[398/1299] Building CXX object cs/CMakeFiles/cubridcs.dir/__/src/base/pinnable_buffer.cpp.o
[399/1299] Building CXX object cs/CMakeFiles/cubridcs.dir/__/src/base/unicode_support.c.o
[400/1299] Building CXX object cs/CMakeFiles/cubridcs.dir/__/src/base/util_func.c.o
[401/1299] Building CXX object cs/CMakeFiles/cubridcs.dir/__/src/base/string_buffer.cpp.o
[402/1299] Building CXX object cs/CMakeFiles/cubridcs.dir/__/src/compat/db_macro.c.o
[403/1299] Building CXX object cs/CMakeFiles/cubridcs.dir/__/src/base/xml_parser.c.o
[404/1299] Building CXX object cs/CMakeFiles/cubridcs.dir/__/src/compat/db_info.c.o
[405/1299] Building CXX object cs/CMakeFiles/cubridcs.dir/__/src/executables/unload_object.c.o
[406/1299] Building CXX object cs/CMakeFiles/cubridcs.dir/__/src/executables/csql.c.o
[407/1299] Building CXX object cs/CMakeFiles/cubridcs.dir/__/src/base/error_manager.c.o
[408/1299] Building CXX object cs/CMakeFiles/cubridcs.dir/__/src/compat/db_set.c.o
[409/1299] Building CXX object cs/CMakeFiles/cubridcs.dir/__/src/base/packer.cpp.o
[410/1299] Building CXX object cs/CMakeFiles/cubridcs.dir/__/src/base/stack_dump.c.o
[411/1299] Building CXX object cs/CMakeFiles/cubridcs.dir/__/src/communication/network_common.cpp.o
[412/1299] Building CXX object cs/CMakeFiles/cubridcs.dir/__/src/base/area_alloc.c.o
[413/1299] Building CXX object cs/CMakeFiles/cubridcs.dir/__/src/compat/db_obj.c.o
[414/1299] Building CXX object cs/CMakeFiles/cubridcs.dir/__/src/compat/db_method_static.cpp.o
[415/1299] Building CXX object cs/CMakeFiles/cubridcs.dir/__/src/compat/db_virt.c.o
[416/1299] Building CXX object cs/CMakeFiles/cubridcs.dir/__/src/compat/db_admin.c.o
[417/1299] Building CXX object cs/CMakeFiles/cubridcs.dir/__/src/communication/network_histogram.cpp.o
[418/1299] Building CXX object cs/CMakeFiles/cubridcs.dir/__/src/executables/checksumdb.c.o
[419/1299] Building CXX object cs/CMakeFiles/cubridcs.dir/__/src/base/dynamic_load.c.o
[420/1299] Building CXX object cs/CMakeFiles/cubridcs.dir/__/src/compat/db_temp.c.o
[421/1299] Building CXX object cs/CMakeFiles/cubridcs.dir/__/src/connection/connection_list_cl.cpp.o
[422/1299] Building CXX object cs/CMakeFiles/cubridcs.dir/__/src/connection/connection_less.cpp.o
[423/1299] Building CXX object cs/CMakeFiles/cubridcs.dir/__/src/heaplayers/customheaps.cpp.o
[424/1299] Building CXX object sa/CMakeFiles/cubridsa.dir/__/src/storage/file_manager.c.o
[425/1299] Building CXX object cs/CMakeFiles/cubridcs.dir/__/src/compat/db_value_printer.cpp.o
[426/1299] Building CXX object cs/CMakeFiles/cubridcs.dir/__/src/compat/db_query.c.o
[427/1299] Building CXX object sa/CMakeFiles/cubridsa.dir/__/src/object/schema_system_catalog_install.cpp.o
[428/1299] Building CXX object cs/CMakeFiles/cubridcs.dir/__/src/heaplayers/lea_heap.c.o
[429/1299] Building CXX object cs/CMakeFiles/cubridcs.dir/__/src/connection/connection_globals.c.o
[430/1299] Building CXX object cs/CMakeFiles/cubridcs.dir/__/src/base/filesys_parser.cpp.o
[431/1299] Building CXX object cs/CMakeFiles/cubridcs.dir/__/src/connection/tcp.c.o
[432/1299] Building CXX object cs/CMakeFiles/cubridcs.dir/__/src/object/quick_fit.c.o
[433/1299] Building CXX object cs/CMakeFiles/cubridcs.dir/__/src/object/object_print_util.cpp.o
[434/1299] Building CXX object cs/CMakeFiles/cubridcs.dir/__/src/connection/host_lookup.c.o
[435/1299] Building CXX object cs/CMakeFiles/cubridcs.dir/__/src/connection/heartbeat.c.o
[436/1299] Building CXX object cs/CMakeFiles/cubridcs.dir/__/src/object/identifier_store.cpp.o
[437/1299] Building CXX object cs/CMakeFiles/cubridcs.dir/__/src/object/elo.c.o
[438/1299] Building CXX object cs/CMakeFiles/cubridcs.dir/__/src/executables/util_cs.c.o
[439/1299] Building CXX object sa/CMakeFiles/cubridsa.dir/__/src/optimizer/histogram/histogram_cl.cpp.o
[440/1299] Building CXX object cs/CMakeFiles/cubridcs.dir/__/src/base/memory_alloc.c.o
[441/1299] Building CXX object cs/CMakeFiles/cubridcs.dir/__/src/compat/db_vdb.c.o
[442/1299] Building CXX object sa/CMakeFiles/cubridsa.dir/__/src/transaction/log_manager.c.o
[443/1299] Building CXX object cs/CMakeFiles/cubridcs.dir/__/src/object/transform.c.o
[444/1299] Building CXX object cs/CMakeFiles/cubridcs.dir/__/src/base/memory_hash.c.o
[445/1299] Building CXX object sa/CMakeFiles/cubridsa.dir/__/src/loaddb/load_sa_loader.cpp.o
[446/1299] Building CXX object cs/CMakeFiles/cubridcs.dir/__/src/connection/connection_cl.cpp.o
[447/1299] Building CXX object cs/CMakeFiles/cubridcs.dir/__/src/compat/db_json_path.cpp.o
[448/1299] Building CXX object sa/CMakeFiles/cubridsa.dir/__/src/storage/system_catalog.c.o
[449/1299] Building CXX object cs/CMakeFiles/cubridcs.dir/__/src/object/schema_information_schema.cpp.o
[450/1299] Building CXX object cs/CMakeFiles/cubridcs.dir/__/src/base/resources.cpp.o
[451/1299] Building CXX object cs/CMakeFiles/cubridcs.dir/__/src/optimizer/query_bitset.c.o
[452/1299] Building CXX object cs/CMakeFiles/cubridcs.dir/__/src/object/schema_information_schema_definition.cpp.o
[453/1299] Building CXX object cs/CMakeFiles/cubridcs.dir/__/src/communication/network_callback_cl.cpp.o
[454/1299] Building CXX object sa/CMakeFiles/cubridsa.dir/__/src/query/string_opfunc.c.o
[455/1299] Building CXX object cs/CMakeFiles/cubridcs.dir/__/src/base/ddl_log.c.o
[456/1299] Building CXX object cs/CMakeFiles/cubridcs.dir/__/src/connection/client_support.cpp.o
[457/1299] Building CXX object cs/CMakeFiles/cubridcs.dir/__/src/base/perf_monitor.c.o
[458/1299] Building CXX object cs/CMakeFiles/cubridcs.dir/__/src/object/authenticate_password.cpp.o
[459/1299] Building CXX object cs/CMakeFiles/cubridcs.dir/__/src/object/lob_locator.cpp.o
[460/1299] Building CXX object cs/CMakeFiles/cubridcs.dir/__/src/object/authenticate_access_class.cpp.o
[461/1299] Building CXX object sa/CMakeFiles/cubridsa.dir/__/src/parser/type_checking.c.o
[462/1299] Building CXX object cs/CMakeFiles/cubridcs.dir/__/src/object/deduplicate_key.c.o
[463/1299] Building CXX object cs/CMakeFiles/cubridcs.dir/__/src/object/authenticate.c.o
[464/1299] Building CXX object cs/CMakeFiles/cubridcs.dir/__/src/object/authenticate_owner.cpp.o
[465/1299] Building CXX object cs/CMakeFiles/cubridcs.dir/__/src/connection/connection_support.cpp.o
[466/1299] Building CXX object cs/CMakeFiles/cubridcs.dir/__/src/object/authenticate_context.cpp.o
[467/1299] Building CXX object cs/CMakeFiles/cubridcs.dir/__/src/object/object_description.cpp.o
[468/1299] Building CXX object cs/CMakeFiles/cubridcs.dir/__/src/base/language_support.c.o
[469/1299] Building CXX object cs/CMakeFiles/cubridcs.dir/__/src/object/authenticate_grant.cpp.o
[470/1299] Building CXX object cs/CMakeFiles/cubridcs.dir/__/src/object/class_description.cpp.o
[471/1299] Building CXX object cs/CMakeFiles/cubridcs.dir/__/src/base/cgroup.cpp.o
[472/1299] Building CXX object cs/CMakeFiles/cubridcs.dir/__/src/base/tz_support.c.o
[473/1299] Building CXX object sa/CMakeFiles/cubridsa.dir/__/src/storage/page_buffer.c.o
[474/1299] Building CXX object cs/CMakeFiles/cubridcs.dir/__/src/base/system_parameter.c.o
[475/1299] Building CXX object cs/CMakeFiles/cubridcs.dir/__/src/object/authenticate_access_user.cpp.o
[476/1299] Building CXX object sa/CMakeFiles/cubridsa.dir/__/src/parser/xasl_generation.c.o
[477/1299] Building CXX object cs/CMakeFiles/cubridcs.dir/__/src/object/authenticate_migration.cpp.o
[478/1299] Building CXX object cs/CMakeFiles/cubridcs.dir/__/src/loaddb/load_object.c.o
[479/1299] Building CXX object cs/CMakeFiles/cubridcs.dir/__/src/object/schema_system_catalog_builder.cpp.o
[480/1299] Building CXX object cs/CMakeFiles/cubridcs.dir/__/src/object/authenticate_cache.cpp.o
[481/1299] Building CXX object cs/CMakeFiles/cubridcs.dir/__/src/object/object_print.c.o
[482/1299] Building CXX object sa/CMakeFiles/cubridsa.dir/__/src/query/query_executor.c.o
[483/1299] Building CXX object cs/CMakeFiles/cubridcs.dir/__/src/executables/unload_schema.c.o
[484/1299] Building CXX object cs/CMakeFiles/cubridcs.dir/__/src/object/object_template.c.o
[485/1299] Building CXX object cs/CMakeFiles/cubridcs.dir/__/src/object/schema_system_catalog.cpp.o
[486/1299] Building CXX object cs/CMakeFiles/cubridcs.dir/__/src/object/schema_information_schema_builder.cpp.o
[487/1299] Building CXX object cs/CMakeFiles/cubridcs.dir/__/src/object/schema_system_catalog_definition.cpp.o
[488/1299] Building CXX object cs/CMakeFiles/cubridcs.dir/__/src/object/authenticate_access_auth.cpp.o
[489/1299] Building CXX object cs/CMakeFiles/cubridcs.dir/__/src/object/trigger_description.cpp.o
[490/1299] Building CXX object cs/CMakeFiles/cubridcs.dir/__/src/object/schema_system_catalog_install_query_spec.cpp.o
[491/1299] Building CXX object cs/CMakeFiles/cubridcs.dir/__/src/communication/network_cl.c.o
[492/1299] Building CXX object cs/CMakeFiles/cubridcs.dir/__/src/object/schema_class_truncator.cpp.o
[493/1299] Building CXX object cs/CMakeFiles/cubridcs.dir/__/src/object/object_accessor.c.o
[494/1299] Building CXX object cs/CMakeFiles/cubridcs.dir/__/src/object/schema_information_schema_install_query_spec.cpp.o
[495/1299] Building CXX object cs/CMakeFiles/cubridcs.dir/__/src/object/virtual_object.c.o
[496/1299] Building CXX object cs/CMakeFiles/cubridcs.dir/__/src/object/object_printer.cpp.o
[497/1299] Building CXX object cs/CMakeFiles/cubridcs.dir/__/src/optimizer/rewriter/query_rewrite_auto_parameterize.c.o
[498/1299] Building C object cs/CMakeFiles/cubridcs.dir/__/csql_lexer.c.o
[499/1299] Building CXX object cs/CMakeFiles/cubridcs.dir/__/src/object/work_space.c.o
[500/1299] Building CXX object cs/CMakeFiles/cubridcs.dir/__/src/optimizer/rewriter/query_rewrite_set.c.o
[501/1299] Building CXX object cs/CMakeFiles/cubridcs.dir/__/src/object/object_representation.c.o
/home/vimkim/gh/cb/pr7927-publication-release/src/object/object_representation.c: In function ‘char* or_unpack_spacedb(char*, SPACEDB_ALL*, SPACEDB_ONEVOL**, SPACEDB_FILES*)’:
/home/vimkim/gh/cb/pr7927-publication-release/src/object/object_representation.c:6284:19: warning: ‘char* strncpy(char*, const char*, size_t)’ specified bound 4096 equals destination size [-Wstringop-truncation]
 6284 |           strncpy ((*vols)[iter_vol].name, volname, DB_MAX_PATH_LENGTH);
      |           ~~~~~~~~^~~~~~~~~~~~~~~~~~~~~~~~~~~~~~~~~~~~~~~~~~~~~~~~~~~~~
[502/1299] Building CXX object cs/CMakeFiles/cubridcs.dir/__/src/optimizer/rewriter/query_rewrite_subquery.c.o
[503/1299] Building CXX object cs/CMakeFiles/cubridcs.dir/__/src/parser/double_byte_support.c.o
[504/1299] Building CXX object cs/CMakeFiles/cubridcs.dir/__/src/optimizer/rewriter/query_rewrite.c.o
[505/1299] Building CXX object cs/CMakeFiles/cubridcs.dir/__/src/parser/keyword.c.o
[506/1299] Building CXX object cs/CMakeFiles/cubridcs.dir/__/src/method/method_error.cpp.o
[507/1299] Building CXX object cs/CMakeFiles/cubridcs.dir/__/src/parser/cnf.c.o
[508/1299] Building CXX object cs/CMakeFiles/cubridcs.dir/__/src/parser/compile.c.o
[509/1299] Building CXX object cs/CMakeFiles/cubridcs.dir/__/src/object/set_object.c.o
[510/1299] Building CXX object cs/CMakeFiles/cubridcs.dir/__/src/object/schema_template.c.o
[511/1299] Building CXX object cs/CMakeFiles/cubridcs.dir/__/src/sp/pl_signature.cpp.o
[512/1299] Building CXX object cs/CMakeFiles/cubridcs.dir/__/src/object/trigger_manager.c.o
[513/1299] Building CXX object cs/CMakeFiles/cubridcs.dir/__/src/method/method_struct_parameter_info.cpp.o
[514/1299] Building CXX object cs/CMakeFiles/cubridcs.dir/__/src/method/method_struct_invoke.cpp.o
[515/1299] Building CXX object cs/CMakeFiles/cubridcs.dir/__/src/communication/network_interface_cl.c.o
/home/vimkim/gh/cb/pr7927-publication-release/src/communication/network_interface_cl.c: In function ‘int locator_fetch_all(const HFID*, LOCK*, LC_FETCH_VERSION_TYPE, OID*, int*, int*, OID*, LC_COPYAREA**, int, int, int)’:
/home/vimkim/gh/cb/pr7927-publication-release/src/communication/network_interface_cl.c:432:22: warning: ‘a_request’ may be used uninitialized [-Wmaybe-uninitialized]
  432 |   ptr = or_pack_hfid (request, hfid);
      |         ~~~~~~~~~~~~~^~~~~~~~~~~~~~~
In file included from /home/vimkim/gh/cb/pr7927-publication-release/src/communication/network_interface_cl.c:56:
/home/vimkim/gh/cb/pr7927-publication-release/src/base/object_representation.h:1154:14: note: by argument 1 of type ‘const char*’ to ‘char* or_pack_hfid(const char*, const HFID*)’ declared here
 1154 | extern char *or_pack_hfid (const char *ptr, const HFID * hfid);
      |              ^~~~~~~~~~~~
/home/vimkim/gh/cb/pr7927-publication-release/src/communication/network_interface_cl.c:424:73: note: ‘a_request’ declared here
  424 |   OR_ALIGNED_BUF (OR_HFID_SIZE + (OR_INT_SIZE * 8) + (OR_OID_SIZE * 2)) a_request;
      |                                                                         ^~~~~~~~~
/home/vimkim/gh/cb/pr7927-publication-release/src/communication/network_interface_cl.c: In function ‘int heap_create(HFID*, const OID*, bool)’:
/home/vimkim/gh/cb/pr7927-publication-release/src/communication/network_interface_cl.c:1677:22: warning: ‘a_request’ may be used uninitialized [-Wmaybe-uninitialized]
 1677 |   ptr = or_pack_hfid (request, hfid);
      |         ~~~~~~~~~~~~~^~~~~~~~~~~~~~~
In file included from /home/vimkim/gh/cb/pr7927-publication-release/src/communication/network_interface_cl.c:56:
/home/vimkim/gh/cb/pr7927-publication-release/src/base/object_representation.h:1154:14: note: by argument 1 of type ‘const char*’ to ‘char* or_pack_hfid(const char*, const HFID*)’ declared here
 1154 | extern char *or_pack_hfid (const char *ptr, const HFID * hfid);
      |              ^~~~~~~~~~~~
/home/vimkim/gh/cb/pr7927-publication-release/src/communication/network_interface_cl.c:1669:61: note: ‘a_request’ declared here
 1669 |   OR_ALIGNED_BUF (OR_HFID_SIZE + OR_OID_SIZE + OR_INT_SIZE) a_request;
      |                                                             ^~~~~~~~~
/home/vimkim/gh/cb/pr7927-publication-release/src/communication/network_interface_cl.c: In function ‘int heap_destroy_newly_created(const HFID*, const OID*, bool)’:
/home/vimkim/gh/cb/pr7927-publication-release/src/communication/network_interface_cl.c:1777:22: warning: ‘a_request’ may be used uninitialized [-Wmaybe-uninitialized]
 1777 |   ptr = or_pack_hfid (request, hfid);
      |         ~~~~~~~~~~~~~^~~~~~~~~~~~~~~
In file included from /home/vimkim/gh/cb/pr7927-publication-release/src/communication/network_interface_cl.c:56:
/home/vimkim/gh/cb/pr7927-publication-release/src/base/object_representation.h:1154:14: note: by argument 1 of type ‘const char*’ to ‘char* or_pack_hfid(const char*, const HFID*)’ declared here
 1154 | extern char *or_pack_hfid (const char *ptr, const HFID * hfid);
      |              ^~~~~~~~~~~~
/home/vimkim/gh/cb/pr7927-publication-release/src/communication/network_interface_cl.c:1769:61: note: ‘a_request’ declared here
 1769 |   OR_ALIGNED_BUF (OR_HFID_SIZE + OR_OID_SIZE + OR_INT_SIZE) a_request;
      |                                                             ^~~~~~~~~
/home/vimkim/gh/cb/pr7927-publication-release/src/communication/network_interface_cl.c: In function ‘int heap_get_class_num_objects_pages(HFID*, int, int*, int*)’:
/home/vimkim/gh/cb/pr7927-publication-release/src/communication/network_interface_cl.c:1829:22: warning: ‘a_request’ may be used uninitialized [-Wmaybe-uninitialized]
 1829 |   ptr = or_pack_hfid (request, hfid);
      |         ~~~~~~~~~~~~~^~~~~~~~~~~~~~~
In file included from /home/vimkim/gh/cb/pr7927-publication-release/src/communication/network_interface_cl.c:56:
/home/vimkim/gh/cb/pr7927-publication-release/src/base/object_representation.h:1154:14: note: by argument 1 of type ‘const char*’ to ‘char* or_pack_hfid(const char*, const HFID*)’ declared here
 1154 | extern char *or_pack_hfid (const char *ptr, const HFID * hfid);
      |              ^~~~~~~~~~~~
/home/vimkim/gh/cb/pr7927-publication-release/src/communication/network_interface_cl.c:1820:47: note: ‘a_request’ declared here
 1820 |   OR_ALIGNED_BUF (OR_HFID_SIZE + OR_INT_SIZE) a_request;
      |                                               ^~~~~~~~~
/home/vimkim/gh/cb/pr7927-publication-release/src/communication/network_interface_cl.c: In function ‘int heap_has_instance(HFID*, OID*, int)’:
/home/vimkim/gh/cb/pr7927-publication-release/src/communication/network_interface_cl.c:1883:22: warning: ‘a_request’ may be used uninitialized [-Wmaybe-uninitialized]
 1883 |   ptr = or_pack_hfid (request, hfid);
      |         ~~~~~~~~~~~~~^~~~~~~~~~~~~~~
In file included from /home/vimkim/gh/cb/pr7927-publication-release/src/communication/network_interface_cl.c:56:
/home/vimkim/gh/cb/pr7927-publication-release/src/base/object_representation.h:1154:14: note: by argument 1 of type ‘const char*’ to ‘char* or_pack_hfid(const char*, const HFID*)’ declared here
 1154 | extern char *or_pack_hfid (const char *ptr, const HFID * hfid);
      |              ^~~~~~~~~~~~
/home/vimkim/gh/cb/pr7927-publication-release/src/communication/network_interface_cl.c:1874:61: note: ‘a_request’ declared here
 1874 |   OR_ALIGNED_BUF (OR_HFID_SIZE + OR_OID_SIZE + OR_INT_SIZE) a_request;
      |                                                             ^~~~~~~~~
/home/vimkim/gh/cb/pr7927-publication-release/src/communication/network_interface_cl.c: In function ‘int heap_reclaim_addresses(const HFID*)’:
/home/vimkim/gh/cb/pr7927-publication-release/src/communication/network_interface_cl.c:1932:22: warning: ‘a_request’ may be used uninitialized [-Wmaybe-uninitialized]
 1932 |   ptr = or_pack_hfid (request, hfid);
      |         ~~~~~~~~~~~~~^~~~~~~~~~~~~~~
In file included from /home/vimkim/gh/cb/pr7927-publication-release/src/communication/network_interface_cl.c:56:
/home/vimkim/gh/cb/pr7927-publication-release/src/base/object_representation.h:1154:14: note: by argument 1 of type ‘const char*’ to ‘char* or_pack_hfid(const char*, const HFID*)’ declared here
 1154 | extern char *or_pack_hfid (const char *ptr, const HFID * hfid);
      |              ^~~~~~~~~~~~
/home/vimkim/gh/cb/pr7927-publication-release/src/communication/network_interface_cl.c:1924:47: note: ‘a_request’ declared here
 1924 |   OR_ALIGNED_BUF (OR_HFID_SIZE + OR_INT_SIZE) a_request;
      |                                               ^~~~~~~~~
/home/vimkim/gh/cb/pr7927-publication-release/src/communication/network_interface_cl.c: In function ‘int lob_create_dir(HFID*, int*, int)’:
/home/vimkim/gh/cb/pr7927-publication-release/src/communication/network_interface_cl.c:11886:22: warning: ‘request’ may be used uninitialized [-Wmaybe-uninitialized]
11886 |   ptr = or_pack_hfid (request, hfid);
      |         ~~~~~~~~~~~~~^~~~~~~~~~~~~~~
In file included from /home/vimkim/gh/cb/pr7927-publication-release/src/communication/network_interface_cl.c:56:
/home/vimkim/gh/cb/pr7927-publication-release/src/base/object_representation.h:1154:14: note: by argument 1 of type ‘const char*’ to ‘char* or_pack_hfid(const char*, const HFID*)’ declared here
 1154 | extern char *or_pack_hfid (const char *ptr, const HFID * hfid);
      |              ^~~~~~~~~~~~
/home/vimkim/gh/cb/pr7927-publication-release/src/communication/network_interface_cl.c:11886:22: warning: ‘request_local’ may be used uninitialized [-Wmaybe-uninitialized]
11886 |   ptr = or_pack_hfid (request, hfid);
      |         ~~~~~~~~~~~~~^~~~~~~~~~~~~~~
In file included from /home/vimkim/gh/cb/pr7927-publication-release/src/communication/network_interface_cl.c:56:
/home/vimkim/gh/cb/pr7927-publication-release/src/base/object_representation.h:1154:14: note: by argument 1 of type ‘const char*’ to ‘char* or_pack_hfid(const char*, const HFID*)’ declared here
 1154 | extern char *or_pack_hfid (const char *ptr, const HFID * hfid);
      |              ^~~~~~~~~~~~
/home/vimkim/gh/cb/pr7927-publication-release/src/communication/network_interface_cl.c:11863:8: note: ‘request_local’ declared here
11863 |   char request_local[OR_HFID_SIZE + OR_INT_SIZE + (OR_INT_SIZE * 2)];
      |        ^~~~~~~~~~~~~
/home/vimkim/gh/cb/pr7927-publication-release/src/communication/network_interface_cl.c: In function ‘int lob_remove_dir(HFID*, int)’:
/home/vimkim/gh/cb/pr7927-publication-release/src/communication/network_interface_cl.c:11939:22: warning: ‘a_request’ may be used uninitialized [-Wmaybe-uninitialized]
11939 |   ptr = or_pack_hfid (request, hfid);
      |         ~~~~~~~~~~~~~^~~~~~~~~~~~~~~
In file included from /home/vimkim/gh/cb/pr7927-publication-release/src/communication/network_interface_cl.c:56:
/home/vimkim/gh/cb/pr7927-publication-release/src/base/object_representation.h:1154:14: note: by argument 1 of type ‘const char*’ to ‘char* or_pack_hfid(const char*, const HFID*)’ declared here
 1154 | extern char *or_pack_hfid (const char *ptr, const HFID * hfid);
      |              ^~~~~~~~~~~~
/home/vimkim/gh/cb/pr7927-publication-release/src/communication/network_interface_cl.c:11928:47: note: ‘a_request’ declared here
11928 |   OR_ALIGNED_BUF (OR_HFID_SIZE + OR_INT_SIZE) a_request;
      |                                               ^~~~~~~~~
[516/1299] Building CXX object cs/CMakeFiles/cubridcs.dir/__/src/transaction/log_lsa.cpp.o
[517/1299] Building CXX object cs/CMakeFiles/cubridcs.dir/__/src/object/class_object.c.o
[518/1299] Building CXX object cs/CMakeFiles/cubridcs.dir/__/src/parser/parser_allocator.cpp.o
[519/1299] Building CXX object cs/CMakeFiles/cubridcs.dir/__/src/object/transform_cl.c.o
[520/1299] Building CXX object cs/CMakeFiles/cubridcs.dir/__/src/optimizer/rewriter/query_rewrite_select.c.o
[521/1299] Building CXX object cs/CMakeFiles/cubridcs.dir/__/src/storage/byte_order.c.o
[522/1299] Building CXX object cs/CMakeFiles/cubridcs.dir/__/src/method/method_query_util.cpp.o
[523/1299] Building CXX object cs/CMakeFiles/cubridcs.dir/__/src/parser/parse_evaluate.c.o
[524/1299] Building CXX object cs/CMakeFiles/cubridcs.dir/__/src/query/crypt_opfunc.c.o
[525/1299] Building CXX object cs/CMakeFiles/cubridcs.dir/__/src/parser/parse_tree.c.o
[526/1299] Building CXX object cs/CMakeFiles/cubridcs.dir/__/src/query/string_regex_re2.cpp.o
[527/1299] Building CXX object cs/CMakeFiles/cubridcs.dir/__/src/parser/parse_type.cpp.o
[528/1299] Building CXX object cs/CMakeFiles/cubridcs.dir/__/src/transaction/client_credentials.cpp.o
[529/1299] Building CXX object cs/CMakeFiles/cubridcs.dir/__/src/storage/es_posix.c.o
[530/1299] Building CXX object cs/CMakeFiles/cubridcs.dir/__/src/parser/method_transform.c.o
[531/1299] Building CXX object cs/CMakeFiles/cubridcs.dir/__/src/transaction/locator.c.o
[532/1299] Building CXX object cs/CMakeFiles/cubridcs.dir/__/src/parser/xasl_regu_alloc.cpp.o
[533/1299] Building CXX object cs/CMakeFiles/cubridcs.dir/__/src/parser/parse_dbi.c.o
[534/1299] Building CXX object cs/CMakeFiles/cubridcs.dir/__/src/optimizer/plan_generation.c.o
[535/1299] Building CXX object cs/CMakeFiles/cubridcs.dir/__/src/method/method_oid_handler.cpp.o
[536/1299] Building CXX object cs/CMakeFiles/cubridcs.dir/__/src/method/method_struct_oid_info.cpp.o
[537/1299] Building CXX object cs/CMakeFiles/cubridcs.dir/__/src/optimizer/rewriter/query_rewrite_term.c.o
[538/1299] Building CXX object cs/CMakeFiles/cubridcs.dir/__/src/storage/es_owfs.c.o
[539/1299] Building CXX object cs/CMakeFiles/cubridcs.dir/__/src/parser/show_meta.c.o
[540/1299] Building CXX object cs/CMakeFiles/cubridcs.dir/__/src/storage/es_common.c.o
[541/1299] Building CXX object cs/CMakeFiles/cubridcs.dir/__/src/query/regu_var.cpp.o
[542/1299] Building CXX object cs/CMakeFiles/cubridcs.dir/__/src/query/qfile_tuple_layout.c.o
[543/1299] Building CXX object cs/CMakeFiles/cubridcs.dir/__/src/parser/query_result.c.o
[544/1299] Building CXX object cs/CMakeFiles/cubridcs.dir/__/src/sp/pl_struct_compile.cpp.o
[545/1299] Building CXX object cs/CMakeFiles/cubridcs.dir/__/src/query/query_cl.c.o
[546/1299] Building CXX object cs/CMakeFiles/cubridcs.dir/__/src/query/string_regex.cpp.o
[547/1299] Building CXX object cs/CMakeFiles/cubridcs.dir/__/src/storage/oid.c.o
[548/1299] Building CXX object cs/CMakeFiles/cubridcs.dir/__/src/parser/scanner_support.c.o
[549/1299] Building CXX object cs/CMakeFiles/cubridcs.dir/__/src/xasl/xasl_unpack_info.cpp.o
[550/1299] Building CXX object cs/CMakeFiles/cubridcs.dir/__/src/transaction/log_compress.c.o
[551/1299] Building CXX object cs/CMakeFiles/cubridcs.dir/__/src/method/method_struct_query.cpp.o
[552/1299] Building CXX object cs/CMakeFiles/cubridcs.dir/__/src/sp/pl_comm.c.o
[553/1299] Building CXX object cs/CMakeFiles/cubridcs.dir/__/src/storage/storage_common.c.o
[554/1299] Building CXX object cs/CMakeFiles/cubridcs.dir/__/src/query/query_dump.c.o
[555/1299] Building CXX object cs/CMakeFiles/cubridcs.dir/__/src/storage/tde.c.o
[556/1299] Building CXX object cs/CMakeFiles/cubridcs.dir/__/src/xasl/access_json_table.cpp.o
[557/1299] Building CXX object cs/CMakeFiles/cubridcs.dir/__/src/query/cursor.c.o
[558/1299] Building CXX object cs/CMakeFiles/cubridcs.dir/__/src/object/schema_manager.c.o
[559/1299] Building CXX object cs/CMakeFiles/cubridcs.dir/__/src/parser/func_type.cpp.o
[560/1299] Building CXX object cs/CMakeFiles/cubridcs.dir/__/src/object/object_domain.c.o
[561/1299] Building CXX object cs/CMakeFiles/cubridcs.dir/__/src/method/method_struct_value.cpp.o
[562/1299] Building CXX object cs/CMakeFiles/cubridcs.dir/__/src/optimizer/histogram/histogram_reader.cpp.o
[563/1299] Building CXX object cs/CMakeFiles/cubridcs.dir/__/src/transaction/log_comm.c.o
[564/1299] Building CXX object sa/CMakeFiles/cubridsa.dir/__/src/storage/btree.c.o
/home/vimkim/gh/cb/pr7927-publication-release/src/storage/btree.c: In function ‘DISK_ISVALID btree_verify_subtree(THREAD_ENTRY*, const OID*, BTID_INT*, const char*, PAGE_PTR, VPID*, BTREE_NODE_INFO*)’:
/home/vimkim/gh/cb/pr7927-publication-release/src/storage/btree.c:13691:18: warning: ‘prev_sep.db_identifier::volid’ may be used uninitialized in this function [-Wmaybe-uninitialized]
13691 |       if (i >= 2 && OID_GT (&prev_sep, &cur_sep))
/home/vimkim/gh/cb/pr7927-publication-release/src/storage/btree.c:13518:7: note: ‘prev_sep.db_identifier::volid’ was declared here
13518 |   OID prev_sep, cur_sep;
      |       ^~~~~~~~
[565/1299] Building CXX object cs/CMakeFiles/cubridcs.dir/__/src/optimizer/query_graph.c.o
[566/1299] Building CXX object cs/CMakeFiles/cubridcs.dir/__/src/object/object_primitive.c.o
[567/1299] Building CXX object cs/CMakeFiles/cubridcs.dir/__/src/transaction/log_applier_sql_log.c.o
[568/1299] Building CXX object cs/CMakeFiles/cubridcs.dir/__/src/storage/file_io.c.o
[569/1299] Building CXX object cs/CMakeFiles/cubridcs.dir/__/src/transaction/boot_cl.c.o
[570/1299] Building CXX object cs/CMakeFiles/cubridcs.dir/__/src/optimizer/histogram/histogram_builder.cpp.o
[571/1299] Building CXX object cs/CMakeFiles/cubridcs.dir/__/src/transaction/log_writer.c.o
/home/vimkim/gh/cb/pr7927-publication-release/src/transaction/log_writer.c: In function ‘int logwr_copy_log_file(const char*, const char*, int, INT64)’:
/home/vimkim/gh/cb/pr7927-publication-release/src/transaction/log_writer.c:1813:39: warning: ‘%s’ directive writing up to 16543 bytes into a region of size 8192 [-Wformat-overflow=]
 1813 |           sprintf (log_archive_path, "%s%s%s", logwr_Gl.log_path, FILEIO_PATH_SEPARATOR (logwr_Gl.log_path),
      |                                       ^~       ~~~~~~~~~~~~~~~~~
/home/vimkim/gh/cb/pr7927-publication-release/src/transaction/log_writer.c:1813:19: note: ‘sprintf’ output between 1 and 16800 bytes into a destination of size 8192
 1813 |           sprintf (log_archive_path, "%s%s%s", logwr_Gl.log_path, FILEIO_PATH_SEPARATOR (logwr_Gl.log_path),
      |           ~~~~~~~~^~~~~~~~~~~~~~~~~~~~~~~~~~~~~~~~~~~~~~~~~~~~~~~~~~~~~~~~~~~~~~~~~~~~~~~~~~~~~~~~~~~~~~~~~~
 1814 |                    dp->d_name);
      |                    ~~~~~~~~~~~
[572/1299] Building CXX object cs/CMakeFiles/cubridcs.dir/__/src/query/numeric_opfunc.c.o
[573/1299] Building CXX object cs/CMakeFiles/cubridcs.dir/__/src/optimizer/query_planner.c.o
[574/1299] Building CXX object cs/CMakeFiles/cubridcs.dir/__/src/loaddb/load_common.cpp.o
[575/1299] Building CXX object cs/CMakeFiles/cubridcs.dir/__/src/storage/statistics_cl.c.o
[576/1299] Building CXX object cs/CMakeFiles/cubridcs.dir/__/src/storage/es.c.o
[577/1299] Building CXX object cs/CMakeFiles/cubridcs.dir/__/src/transaction/transaction_cl.c.o
[578/1299] Building CXX object cs/CMakeFiles/cubridcs.dir/__/src/query/parallel/px_scan/px_scan_instnum.cpp.o
[579/1299] Building CXX object cs/CMakeFiles/cubridcs.dir/__/src/query/xasl_to_stream.c.o
[580/1299] Building CXX object cs/CMakeFiles/cubridcs.dir/__/src/xasl/xasl_analytic.cpp.o
[581/1299] Building CXX object cs/CMakeFiles/cubridcs.dir/__/src/transaction/flashback_cl.c.o
[582/1299] Building CXX object cs/CMakeFiles/cubridcs.dir/__/src/method/method_query_handler.cpp.o
[583/1299] Building CXX object cs/CMakeFiles/cubridcs.dir/__/src/parser/name_resolution.c.o
[584/1299] Building CXX object sa/CMakeFiles/cubridsa.dir/__/src/storage/heap_file.c.o
[585/1299] Building CXX object cubrid/CMakeFiles/cubrid.dir/__/src/base/chartype.c.o
[586/1299] Building CXX object cs/CMakeFiles/cubridcs.dir/__/src/method/query_method.cpp.o
[587/1299] Building CXX object cs/CMakeFiles/cubridcs.dir/__/src/xasl/xasl_stream.cpp.o
[588/1299] Building CXX object cs/CMakeFiles/cubridcs.dir/__/src/xasl/xasl_predicate.cpp.o
[589/1299] Building CXX object cubrid/CMakeFiles/cubrid.dir/__/src/base/binaryheap.c.o
[590/1299] Building CXX object cubrid/CMakeFiles/cubrid.dir/__/src/base/bit.c.o
[591/1299] Building CXX object sa/CMakeFiles/cubridsa.dir/__/src/optimizer/histogram/histogram_sampler_sr.cpp.o
[592/1299] Building CXX object cs/CMakeFiles/cubridcs.dir/__/src/parser/parser_support.c.o
[593/1299] Building CXX object cubrid/CMakeFiles/cubrid.dir/__/src/base/encryption.c.o
[594/1299] Building CXX object cs/CMakeFiles/cubridcs.dir/__/src/transaction/locator_cl.c.o
[595/1299] Building CXX object cs/CMakeFiles/cubridcs.dir/__/src/sp/jsp_cl.cpp.o
[596/1299] Building CXX object cs/CMakeFiles/cubridcs.dir/__/src/query/arithmetic.c.o
[597/1299] Building CXX object cubrid/CMakeFiles/cubrid.dir/__/src/base/base64.c.o
[598/1299] Building CXX object cubrid/CMakeFiles/cubrid.dir/__/src/base/fileline_location.cpp.o
[599/1299] Building CXX object cs/CMakeFiles/cubridcs.dir/__/src/method/method_struct_schema_info.cpp.o
[600/1299] Building CXX object cs/CMakeFiles/cubridcs.dir/__/src/query/parallel/px_query_execute/px_query_checker.cpp.o
[601/1299] Building CXX object cubrid/CMakeFiles/cubrid.dir/__/src/base/dtoa.c.o
[602/1299] Building CXX object cubrid/CMakeFiles/cubrid.dir/__/src/base/filesys_temp.cpp.o
[603/1299] Building CXX object cubrid/CMakeFiles/cubrid.dir/__/src/base/cubrid_getopt_long.c.o
[604/1299] Building CXX object cs/CMakeFiles/cubridcs.dir/__/src/api/cubrid_log.c.o
[605/1299] Building CXX object cubrid/CMakeFiles/cubrid.dir/__/src/base/fixed_alloc.c.o
[606/1299] Building CXX object cubrid/CMakeFiles/cubrid.dir/__/src/base/area_alloc.c.o
[607/1299] Building CXX object cubrid/CMakeFiles/cubrid.dir/__/src/base/environment_variable.c.o
[608/1299] Building CXX object cubrid/CMakeFiles/cubrid.dir/__/src/base/process_util.c.o
[609/1299] Building CXX object cubrid/CMakeFiles/cubrid.dir/__/src/base/printer.cpp.o
[610/1299] Building CXX object cubrid/CMakeFiles/cubrid.dir/__/src/base/locale_helper.cpp.o
[611/1299] Building CXX object cs/CMakeFiles/cubridcs.dir/__/src/query/parallel/px_scan/px_scan_checker.cpp.o
[612/1299] Building CXX object cs/CMakeFiles/cubridcs.dir/__/src/object/schema_information_schema_install.cpp.o
[613/1299] Building CXX object cubrid/CMakeFiles/cubrid.dir/__/src/base/error_context.cpp.o
[614/1299] Building CXX object cubrid/CMakeFiles/cubrid.dir/__/src/base/fault_injection.c.o
[615/1299] Building CXX object cs/CMakeFiles/cubridcs.dir/__/src/parser/view_transform.c.o
[616/1299] Building CXX object cs/CMakeFiles/cubridcs.dir/__/src/parser/semantic_check.c.o
[617/1299] Building CXX object cubrid/CMakeFiles/cubrid.dir/__/src/base/lockfree_bitmap.cpp.o
[618/1299] Building CXX object cubrid/CMakeFiles/cubrid.dir/__/src/base/memory_monitor_api.cpp.o
[619/1299] Building CXX object cubrid/CMakeFiles/cubrid.dir/__/src/base/locale_support.c.o
[620/1299] Building CXX object cubrid/CMakeFiles/cubrid.dir/__/src/base/ini_parser.c.o
[621/1299] Building CXX object cubrid/CMakeFiles/cubrid.dir/__/src/base/misc_string.c.o
[622/1299] Building CXX object cubrid/CMakeFiles/cubrid.dir/__/src/base/get_clock_freq.c.o
[623/1299] Building CXX object cs/CMakeFiles/cubridcs.dir/__/src/parser/parse_tree_cl.c.o
[624/1299] Building CXX object cubrid/CMakeFiles/cubrid.dir/__/src/base/intl_support.c.o
[625/1299] Building CXX object cubrid/CMakeFiles/cubrid.dir/__/src/base/sha1.c.o
[626/1299] Building CXX object cubrid/CMakeFiles/cubrid.dir/__/src/base/pinnable_buffer.cpp.o
[627/1299] Building CXX object cubrid/CMakeFiles/cubrid.dir/__/src/base/databases_file.c.o
[628/1299] Building CXX object cubrid/CMakeFiles/cubrid.dir/__/src/base/release_string.c.o
[629/1299] Building CXX object cubrid/CMakeFiles/cubrid.dir/__/src/base/tsc_timer.c.o
[630/1299] Building CXX object cubrid/CMakeFiles/cubrid.dir/__/src/base/porting.c.o
[631/1299] Building CXX object cubrid/CMakeFiles/cubrid.dir/__/src/base/lock_free.c.o
[632/1299] Building CXX object cubrid/CMakeFiles/cubrid.dir/__/src/base/message_catalog.c.o
[633/1299] Building CXX object cubrid/CMakeFiles/cubrid.dir/__/src/base/mprec.c.o
[634/1299] Building CXX object cubrid/CMakeFiles/cubrid.dir/__/src/base/resource_tracker.cpp.o
[635/1299] Building CXX object cubrid/CMakeFiles/cubrid.dir/__/src/base/string_buffer.cpp.o
[636/1299] Building CXX object cubrid/CMakeFiles/cubrid.dir/__/src/base/perf.cpp.o
[637/1299] Building CXX object cubrid/CMakeFiles/cubrid.dir/__/src/base/mem_block.cpp.o
[638/1299] Building CXX object cubrid/CMakeFiles/cubrid.dir/__/src/base/packer.cpp.o
[639/1299] Building CXX object cubrid/CMakeFiles/cubrid.dir/__/src/base/nonblocking.cpp.o
[640/1299] Building CXX object cs/CMakeFiles/cubridcs.dir/__/src/method/method_callback.cpp.o
[641/1299] Building CXX object cubrid/CMakeFiles/cubrid.dir/__/src/base/memory_private_allocator.cpp.o
[642/1299] Building CXX object cubrid/CMakeFiles/cubrid.dir/__/src/base/uca_support.c.o
[643/1299] Building CXX object cubrid/CMakeFiles/cubrid.dir/__/src/base/error_manager.c.o
[644/1299] Building CXX object cubrid/CMakeFiles/cubrid.dir/__/src/base/unicode_support.c.o
[645/1299] Building CXX object cubrid/CMakeFiles/cubrid.dir/__/src/base/epoll.cpp.o
[646/1299] Building CXX object cs/CMakeFiles/cubridcs.dir/__/src/optimizer/histogram/histogram_cl.cpp.o
[647/1299] Building CXX object cs/CMakeFiles/cubridcs.dir/__/src/loaddb/load_db.c.o
[648/1299] Building CXX object cubrid/CMakeFiles/cubrid.dir/__/src/base/memory_hash.c.o
[649/1299] Building CXX object cubrid/CMakeFiles/cubrid.dir/__/src/base/memory_alloc.c.o
[650/1299] Building CXX object cubrid/CMakeFiles/cubrid.dir/__/src/base/packet_buffer.cpp.o
[651/1299] Building CXX object cubrid/CMakeFiles/cubrid.dir/__/src/base/stack_dump.c.o
[652/1299] Building CXX object cs/CMakeFiles/cubridcs.dir/__/src/method/method_schema_info.cpp.o
[653/1299] Building CXX object cs/CMakeFiles/cubridcs.dir/__/src/query/execute_schema.c.o
[654/1299] Building CXX object cubrid/CMakeFiles/cubrid.dir/__/src/base/DMRBMemoryPool.cpp.o
[655/1299] Building CXX object cubrid/CMakeFiles/cubrid.dir/__/src/base/filesys_parser.cpp.o
[656/1299] Building CXX object cubrid/CMakeFiles/cubrid.dir/__/src/base/perf_monitor_trackers.cpp.o
[657/1299] Building CXX object cubrid/CMakeFiles/cubrid.dir/__/src/base/variable_string.c.o
[658/1299] Building CXX object cubrid/CMakeFiles/cubrid.dir/__/src/base/lockfree_hashmap.cpp.o
[659/1299] Building CXX object cubrid/CMakeFiles/cubrid.dir/__/src/base/xml_parser.c.o
[660/1299] Building CXX object cubrid/CMakeFiles/cubrid.dir/__/src/compat/db_elo.c.o
[661/1299] Building CXX object cubrid/CMakeFiles/cubrid.dir/__/src/compat/cnv.c.o
[662/1299] Building CXX object cubrid/CMakeFiles/cubrid.dir/__/src/base/util_func.c.o
[663/1299] Building CXX object cubrid/CMakeFiles/cubrid.dir/__/src/base/trace_event_log.c.o
[664/1299] Building CXX object cubrid/CMakeFiles/cubrid.dir/__/src/base/language_support.c.o
[665/1299] Building CXX object cs/CMakeFiles/cubridcs.dir/__/src/transaction/log_applier.c.o
/home/vimkim/gh/cb/pr7927-publication-release/src/transaction/log_applier.c: In function ‘int la_get_copied_log_info(const char*, const char*, INT64, bool, LOG_LSA*, LOG_LSA*)’:
/home/vimkim/gh/cb/pr7927-publication-release/src/transaction/log_applier.c:8383:35: warning: format ‘%ld’ expects argument of type ‘long int’, but argument 2 has type ‘int’ [-Wformat=]
 8383 |               printf ("offset:%04ld (tid:%d bck p:%lld,o:%ld frw p:%lld,o:%ld type:%d)\n", lsa.offset, lrec->trid,
      |                               ~~~~^                                                        ~~~~~~~~~~
      |                                   |                                                            |
      |                                   long int                                                     int
      |                               %04d
/home/vimkim/gh/cb/pr7927-publication-release/src/transaction/log_applier.c:8383:60: warning: format ‘%ld’ expects argument of type ‘long int’, but argument 5 has type ‘int’ [-Wformat=]
 8383 |               printf ("offset:%04ld (tid:%d bck p:%lld,o:%ld frw p:%lld,o:%ld type:%d)\n", lsa.offset, lrec->trid,
      |                                                          ~~^
      |                                                            |
      |                                                            long int
      |                                                          %d
 8384 |                       (long long int) lrec->back_lsa.pageid, lrec->back_lsa.offset,
      |                                                              ~~~~~~~~~~~~~~~~~~~~~
      |                                                                             |
      |                                                                             int
/home/vimkim/gh/cb/pr7927-publication-release/src/transaction/log_applier.c:8383:77: warning: format ‘%ld’ expects argument of type ‘long int’, but argument 7 has type ‘int’ [-Wformat=]
 8383 |               printf ("offset:%04ld (tid:%d bck p:%lld,o:%ld frw p:%lld,o:%ld type:%d)\n", lsa.offset, lrec->trid,
      |                                                                           ~~^
      |                                                                             |
      |                                                                             long int
      |                                                                           %d
 8384 |                       (long long int) lrec->back_lsa.pageid, lrec->back_lsa.offset,
 8385 |                       (long long int) lrec->forw_lsa.pageid, lrec->forw_lsa.offset, lrec->type);
      |                                                              ~~~~~~~~~~~~~~~~~~~~~
      |                                                                             |
      |                                                                             int
[666/1299] Building CXX object cubrid/CMakeFiles/cubrid.dir/__/src/compat/db_json_allocator.cpp.o
[667/1299] Building CXX object cubrid/CMakeFiles/cubrid.dir/__/src/compat/db_set.c.o
[668/1299] Building CXX object cubrid/CMakeFiles/cubrid.dir/__/src/communication/network_common.cpp.o
[669/1299] Building CXX object cs/CMakeFiles/cubridcs.dir/__/src/compat/db_json.cpp.o
[670/1299] Building CXX object cubrid/CMakeFiles/cubrid.dir/__/src/connection/buffer.cpp.o
[671/1299] Building CXX object cubrid/CMakeFiles/cubrid.dir/__/src/connection/connection_globals.c.o
[672/1299] Building CXX object cubrid/CMakeFiles/cubrid.dir/__/src/base/resources.cpp.o
[673/1299] Building CXX object cubrid/CMakeFiles/cubrid.dir/__/src/connection/connection_context.cpp.o
[674/1299] Building CXX object cubrid/CMakeFiles/cubrid.dir/__/src/communication/network_callback_sr.cpp.o
[675/1299] Building CXX object cubrid/CMakeFiles/cubrid.dir/__/src/sp/pl_file.c.o
[676/1299] Building CXX object cubrid/CMakeFiles/cubrid.dir/__/src/connection/connection_list_sr.c.o
[677/1299] Building CXX object cubrid/CMakeFiles/cubrid.dir/__/src/compat/db_value_printer.cpp.o
[678/1299] Building CXX object cubrid/CMakeFiles/cubrid.dir/__/src/connection/transmitter.cpp.o
[679/1299] Building CXX object cubrid/CMakeFiles/cubrid.dir/__/src/method/method_struct_value.cpp.o
[680/1299] Building CXX object cubrid/CMakeFiles/cubrid.dir/__/load_lexer.cpp.o
[681/1299] Building CXX object cs/CMakeFiles/cubridcs.dir/__/src/query/execute_statement.c.o
[682/1299] Building CXX object cubrid/CMakeFiles/cubrid.dir/__/src/compat/db_date.c.o
[683/1299] Building CXX object cubrid/CMakeFiles/cubrid.dir/__/src/method/method_error.cpp.o
[684/1299] Building CXX object cubrid/CMakeFiles/cubrid.dir/__/src/method/method_query_util.cpp.o
[685/1299] Building CXX object cubrid/CMakeFiles/cubrid.dir/__/src/heaplayers/customheaps.cpp.o
[686/1299] Building CXX object cubrid/CMakeFiles/cubrid.dir/__/src/sp/pl_comm.c.o
[687/1299] Building CXX object cs/CMakeFiles/cubridcs.dir/__/src/query/string_regex_std.cpp.o
[688/1299] Building CXX object cubrid/CMakeFiles/cubrid.dir/__/src/method/method_struct_parameter_info.cpp.o
[689/1299] Building CXX object cubrid/CMakeFiles/cubrid.dir/__/src/connection/host_lookup.c.o
[690/1299] Building CXX object cubrid/CMakeFiles/cubrid.dir/__/src/connection/heartbeat.c.o
[691/1299] Building CXX object cs/CMakeFiles/cubridcs.dir/__/src/object/schema_system_catalog_install.cpp.o
[692/1299] Building CXX object cubrid/CMakeFiles/cubrid.dir/__/src/connection/tcp.c.o
[693/1299] Building CXX object cubrid/CMakeFiles/cubrid.dir/__/src/method/method_struct_oid_info.cpp.o
[694/1299] Building CXX object cubrid/CMakeFiles/cubrid.dir/__/src/connection/receiver.cpp.o
[695/1299] Building CXX object cubrid/CMakeFiles/cubrid.dir/__/src/heaplayers/lea_heap.c.o
[696/1299] Building CXX object cubrid/CMakeFiles/cubrid.dir/__/src/executables/util_common.c.o
[697/1299] Building CXX object cubrid/CMakeFiles/cubrid.dir/__/src/sp/pl_signature.cpp.o
[698/1299] Building CXX object cubrid/CMakeFiles/cubrid.dir/__/src/compat/db_macro.c.o
[699/1299] Building CXX object cubrid/CMakeFiles/cubrid.dir/__/src/base/tz_support.c.o
[700/1299] Building CXX object cubrid/CMakeFiles/cubrid.dir/__/src/communication/network_sr.c.o
[701/1299] Building CXX object cubrid/CMakeFiles/cubrid.dir/__/src/method/method_struct_invoke.cpp.o
[702/1299] Building CXX object cubrid/CMakeFiles/cubrid.dir/__/src/connection/connection_support.cpp.o
[703/1299] Building CXX object cubrid/CMakeFiles/cubrid.dir/__/src/method/query_method.cpp.o
[704/1299] Building CXX object cubrid/CMakeFiles/cubrid.dir/__/src/base/perf_monitor.c.o
[705/1299] Building CXX object cubrid/CMakeFiles/cubrid.dir/__/src/object/elo.c.o
[706/1299] Building CXX object cs/CMakeFiles/cubridcs.dir/__/src/parser/type_checking.c.o
[707/1299] Building CXX object cubrid/CMakeFiles/cubrid.dir/__/src/object/lob_locator.cpp.o
[708/1299] Building CXX object cubrid/CMakeFiles/cubrid.dir/__/src/sp/pl_connection.cpp.o
[709/1299] Building CXX object cs/CMakeFiles/cubridcs.dir/__/src/parser/xasl_generation.c.o
[710/1299] Building CXX object cubrid/CMakeFiles/cubrid.dir/__/src/sp/pl_compile_handler.cpp.o
[711/1299] Building CXX object cubrid/CMakeFiles/cubrid.dir/__/src/object/identifier_store.cpp.o
[712/1299] Building CXX object cubrid/CMakeFiles/cubrid.dir/__/src/loaddb/load_driver.cpp.o
[713/1299] Building CXX object cubrid/CMakeFiles/cubrid.dir/__/src/base/cgroup.cpp.o
[714/1299] Building CXX object cubrid/CMakeFiles/cubrid.dir/__/src/compat/db_json_path.cpp.o
[715/1299] Building CXX object cubrid/CMakeFiles/cubrid.dir/__/load_grammar.cpp.o
[716/1299] Building CXX object cubrid/CMakeFiles/cubrid.dir/__/src/method/method_struct_query.cpp.o
[717/1299] Building CXX object cubrid/CMakeFiles/cubrid.dir/__/src/base/object_representation_sr.c.o
[718/1299] Building CXX object cubrid/CMakeFiles/cubrid.dir/__/src/loaddb/load_common.cpp.o
[719/1299] Building CXX object cubrid/CMakeFiles/cubrid.dir/__/src/sp/pl_query_cursor.cpp.o
[720/1299] Building CXX object cubrid/CMakeFiles/cubrid.dir/__/src/object/schema_information_schema.cpp.o
[721/1299] Building CXX object cubrid/CMakeFiles/cubrid.dir/__/src/connection/connection_pool.cpp.o
[722/1299] Building CXX object cubrid/CMakeFiles/cubrid.dir/__/src/sp/sp_code.cpp.o
[723/1299] Building CXX object cs/CMakeFiles/cubridcs.dir/__/src/sp/sp_catalog.cpp.o
[724/1299] Building CXX object cubrid/CMakeFiles/cubrid.dir/__/src/connection/master_connector.cpp.o
[725/1299] Building CXX object cubrid/CMakeFiles/cubrid.dir/__/src/object/deduplicate_key.c.o
[726/1299] Building CXX object cubrid/CMakeFiles/cubrid.dir/__/src/loaddb/load_error_handler.cpp.o
In file included from /home/vimkim/gh/cb/pr7927-publication-release/src/base/memory_alloc.h:54,
                 from /home/vimkim/gh/cb/pr7927-publication-release/src/base/memory_hash.h:30,
                 from /home/vimkim/gh/cb/pr7927-publication-release/src/storage/file_io.h:33,
                 from /home/vimkim/gh/cb/pr7927-publication-release/src/transaction/log_manager.h:37,
                 from /home/vimkim/gh/cb/pr7927-publication-release/src/storage/system_catalog.h:36,
                 from /home/vimkim/gh/cb/pr7927-publication-release/src/base/object_representation_sr.h:42,
                 from /home/vimkim/gh/cb/pr7927-publication-release/src/loaddb/load_class_registry.hpp:27,
                 from /home/vimkim/gh/cb/pr7927-publication-release/src/loaddb/load_session.hpp:27,
                 from /home/vimkim/gh/cb/pr7927-publication-release/src/loaddb/load_error_handler.cpp:28:
In function ‘void cub_free(void*)’,
    inlined from ‘void operator delete [](void*)’ at /home/vimkim/gh/cb/pr7927-publication-release/src/base/memory_wrapper.hpp:80:12,
    inlined from ‘typename std::enable_if<std::is_convertible<_Up (*)[], _Tp (*)[]>::value>::type std::default_delete<_Tp []>::operator()(_Up*) const [with _Up = char; _Tp = char]’ at /usr/include/c++/11/bits/unique_ptr.h:120:4,
    inlined from ‘std::unique_ptr<_Tp [], _Dp>::~unique_ptr() [with _Tp = char; _Dp = std::default_delete<char []>]’ at /usr/include/c++/11/bits/unique_ptr.h:612:17,
    inlined from ‘static std::string cubload::error_handler::format(const char*, Args&& ...) [with Args = {int&}]’ at /home/vimkim/gh/cb/pr7927-publication-release/src/loaddb/load_error_handler.hpp:205:3:
/home/vimkim/gh/cb/pr7927-publication-release/src/base/memory_cwrapper.h:86:8: warning: ‘void free(void*)’ called on pointer returned from a mismatched allocation function [-Wmismatched-new-delete]
   86 |   free (ptr);
      |   ~~~~~^~~~~
In file included from /home/vimkim/gh/cb/pr7927-publication-release/src/loaddb/load_error_handler.cpp:23:
/home/vimkim/gh/cb/pr7927-publication-release/src/loaddb/load_error_handler.hpp: In static member function ‘static std::string cubload::error_handler::format(const char*, Args&& ...) [with Args = {int&}]’:
/home/vimkim/gh/cb/pr7927-publication-release/src/loaddb/load_error_handler.hpp:199:34: note: returned from ‘void* operator new [](std::size_t)’
  199 |     std::unique_ptr<char[]> msg (new char[size]);
      |                                  ^~~~~~~~~~~~~~
[727/1299] Building CXX object cubrid/CMakeFiles/cubrid.dir/__/src/sp/pl_sr.cpp.o
[728/1299] Building CXX object cubrid/CMakeFiles/cubrid.dir/__/src/object/schema_system_catalog.cpp.o
[729/1299] Building CXX object cubrid/CMakeFiles/cubrid.dir/__/src/base/system_parameter.c.o
[730/1299] Building CXX object cubrid/CMakeFiles/cubrid.dir/__/src/connection/connection_sr.c.o
[731/1299] Building CXX object cubrid/CMakeFiles/cubrid.dir/__/src/sp/method_invoke_group.cpp.o
[732/1299] Building CXX object cubrid/CMakeFiles/cubrid.dir/__/src/monitor/monitor_transaction.cpp.o
[733/1299] Building CXX object cubrid/CMakeFiles/cubrid.dir/__/src/method/method_struct_schema_info.cpp.o
[734/1299] Building CXX object cubrid/CMakeFiles/cubrid.dir/__/src/loaddb/load_class_registry.cpp.o
In file included from /home/vimkim/gh/cb/pr7927-publication-release/src/base/memory_alloc.h:54,
                 from /home/vimkim/gh/cb/pr7927-publication-release/src/base/memory_hash.h:30,
                 from /home/vimkim/gh/cb/pr7927-publication-release/src/storage/file_io.h:33,
                 from /home/vimkim/gh/cb/pr7927-publication-release/src/transaction/log_manager.h:37,
                 from /home/vimkim/gh/cb/pr7927-publication-release/src/storage/system_catalog.h:36,
                 from /home/vimkim/gh/cb/pr7927-publication-release/src/base/object_representation_sr.h:42,
                 from /home/vimkim/gh/cb/pr7927-publication-release/src/loaddb/load_class_registry.hpp:27,
                 from /home/vimkim/gh/cb/pr7927-publication-release/src/loaddb/load_class_registry.cpp:23:
In function ‘void cub_free(void*)’,
    inlined from ‘void operator delete(void*, size_t)’ at /home/vimkim/gh/cb/pr7927-publication-release/src/base/memory_wrapper.hpp:75:12,
    inlined from ‘void __gnu_cxx::new_allocator<_Tp>::deallocate(_Tp*, __gnu_cxx::new_allocator<_Tp>::size_type) [with _Tp = std::_Rb_tree_node<std::pair<const int, const cubload::class_entry*> >]’ at /usr/include/c++/11/ext/new_allocator.h:145:19,
    inlined from ‘static void std::allocator_traits<std::allocator<_Tp1> >::deallocate(std::allocator_traits<std::allocator<_Tp1> >::allocator_type&, std::allocator_traits<std::allocator<_Tp1> >::pointer, std::allocator_traits<std::allocator<_Tp1> >::size_type) [with _Tp = std::_Rb_tree_node<std::pair<const int, const cubload::class_entry*> >]’ at /usr/include/c++/11/bits/alloc_traits.h:496:23,
    inlined from ‘void std::_Rb_tree<_Key, _Val, _KeyOfValue, _Compare, _Alloc>::_M_put_node(std::_Rb_tree<_Key, _Val, _KeyOfValue, _Compare, _Alloc>::_Link_type) [with _Key = int; _Val = std::pair<const int, const cubload::class_entry*>; _KeyOfValue = std::_Select1st<std::pair<const int, const cubload::class_entry*> >; _Compare = std::greater<int>; _Alloc = std::allocator<std::pair<const int, const cubload::class_entry*> >]’ at /usr/include/c++/11/bits/stl_tree.h:565:34,
    inlined from ‘void std::_Rb_tree<_Key, _Val, _KeyOfValue, _Compare, _Alloc>::_M_drop_node(std::_Rb_tree<_Key, _Val, _KeyOfValue, _Compare, _Alloc>::_Link_type) [with _Key = int; _Val = std::pair<const int, const cubload::class_entry*>; _KeyOfValue = std::_Select1st<std::pair<const int, const cubload::class_entry*> >; _Compare = std::greater<int>; _Alloc = std::allocator<std::pair<const int, const cubload::class_entry*> >]’ at /usr/include/c++/11/bits/stl_tree.h:632:13,
    inlined from ‘std::pair<std::_Rb_tree_iterator<_Val>, bool> std::_Rb_tree<_Key, _Val, _KeyOfValue, _Compare, _Alloc>::_M_emplace_unique(_Args&& ...) [with _Args = {std::pair<int, cubload::class_entry*>}; _Key = int; _Val = std::pair<const int, const cubload::class_entry*>; _KeyOfValue = std::_Select1st<std::pair<const int, const cubload::class_entry*> >; _Compare = std::greater<int>; _Alloc = std::allocator<std::pair<const int, const cubload::class_entry*> >]’ at /usr/include/c++/11/bits/stl_tree.h:2393:18,
    inlined from ‘std::__enable_if_t<std::is_constructible<std::pair<const _Key, _Tp>, _Pair>::value, std::pair<typename std::_Rb_tree<_Key, std::pair<const _Key, _Tp>, std::_Select1st<std::pair<const _Key, _Tp> >, _Compare, typename __gnu_cxx::__alloc_traits<_Allocator>::rebind<std::pair<const _Key, _Tp> >::other>::iterator, bool> > std::map<_Key, _Tp, _Compare, _Alloc>::insert(_Pair&&) [with _Pair = std::pair<int, cubload::class_entry*>; _Key = int; _Tp = const cubload::class_entry*; _Compare = std::greater<int>; _Alloc = std::allocator<std::pair<const int, const cubload::class_entry*> >]’ at /usr/include/c++/11/bits/stl_map.h:817:33,
    inlined from ‘void cubload::class_registry::register_ignored_class(cubload::class_entry*, cubload::class_id)’ at /home/vimkim/gh/cb/pr7927-publication-release/src/loaddb/load_class_registry.cpp:172:26:
/home/vimkim/gh/cb/pr7927-publication-release/src/base/memory_cwrapper.h:86:8: warning: ‘void free(void*)’ called on pointer returned from a mismatched allocation function [-Wmismatched-new-delete]
   86 |   free (ptr);
      |   ~~~~~^~~~~
In file included from /usr/include/c++/11/x86_64-redhat-linux/bits/c++allocator.h:33,
                 from /usr/include/c++/11/bits/allocator.h:46,
                 from /usr/include/c++/11/unordered_map:40,
                 from /usr/include/c++/11/functional:61,
                 from /home/vimkim/gh/cb/pr7927-publication-release/src/base/mem_block.hpp:39,
                 from /home/vimkim/gh/cb/pr7927-publication-release/src/base/packer.hpp:29,
                 from /home/vimkim/gh/cb/pr7927-publication-release/src/base/packable_object.hpp:28,
                 from /home/vimkim/gh/cb/pr7927-publication-release/src/loaddb/load_common.hpp:26,
                 from /home/vimkim/gh/cb/pr7927-publication-release/src/loaddb/load_class_registry.hpp:26,
                 from /home/vimkim/gh/cb/pr7927-publication-release/src/loaddb/load_class_registry.cpp:23:
/usr/include/c++/11/ext/new_allocator.h: In member function ‘void cubload::class_registry::register_ignored_class(cubload::class_entry*, cubload::class_id)’:
/usr/include/c++/11/ext/new_allocator.h:127:48: note: returned from ‘void* operator new(std::size_t)’
  127 |         return static_cast<_Tp*>(::operator new(__n * sizeof(_Tp)));
      |                                  ~~~~~~~~~~~~~~^~~~~~~~~~~~~~~~~~~
In file included from /home/vimkim/gh/cb/pr7927-publication-release/src/base/memory_alloc.h:54,
                 from /home/vimkim/gh/cb/pr7927-publication-release/src/base/memory_hash.h:30,
                 from /home/vimkim/gh/cb/pr7927-publication-release/src/storage/file_io.h:33,
                 from /home/vimkim/gh/cb/pr7927-publication-release/src/transaction/log_manager.h:37,
                 from /home/vimkim/gh/cb/pr7927-publication-release/src/storage/system_catalog.h:36,
                 from /home/vimkim/gh/cb/pr7927-publication-release/src/base/object_representation_sr.h:42,
                 from /home/vimkim/gh/cb/pr7927-publication-release/src/loaddb/load_class_registry.hpp:27,
                 from /home/vimkim/gh/cb/pr7927-publication-release/src/loaddb/load_class_registry.cpp:23:
In function ‘void cub_free(void*)’,
    inlined from ‘void operator delete(void*, size_t)’ at /home/vimkim/gh/cb/pr7927-publication-release/src/base/memory_wrapper.hpp:75:12,
    inlined from ‘void __gnu_cxx::new_allocator<_Tp>::deallocate(_Tp*, __gnu_cxx::new_allocator<_Tp>::size_type) [with _Tp = std::_Rb_tree_node<std::pair<const int, const cubload::class_entry*> >]’ at /usr/include/c++/11/ext/new_allocator.h:145:19,
    inlined from ‘static void std::allocator_traits<std::allocator<_Tp1> >::deallocate(std::allocator_traits<std::allocator<_Tp1> >::allocator_type&, std::allocator_traits<std::allocator<_Tp1> >::pointer, std::allocator_traits<std::allocator<_Tp1> >::size_type) [with _Tp = std::_Rb_tree_node<std::pair<const int, const cubload::class_entry*> >]’ at /usr/include/c++/11/bits/alloc_traits.h:496:23,
    inlined from ‘void std::_Rb_tree<_Key, _Val, _KeyOfValue, _Compare, _Alloc>::_M_put_node(std::_Rb_tree<_Key, _Val, _KeyOfValue, _Compare, _Alloc>::_Link_type) [with _Key = int; _Val = std::pair<const int, const cubload::class_entry*>; _KeyOfValue = std::_Select1st<std::pair<const int, const cubload::class_entry*> >; _Compare = std::greater<int>; _Alloc = std::allocator<std::pair<const int, const cubload::class_entry*> >]’ at /usr/include/c++/11/bits/stl_tree.h:565:34,
    inlined from ‘void std::_Rb_tree<_Key, _Val, _KeyOfValue, _Compare, _Alloc>::_M_drop_node(std::_Rb_tree<_Key, _Val, _KeyOfValue, _Compare, _Alloc>::_Link_type) [with _Key = int; _Val = std::pair<const int, const cubload::class_entry*>; _KeyOfValue = std::_Select1st<std::pair<const int, const cubload::class_entry*> >; _Compare = std::greater<int>; _Alloc = std::allocator<std::pair<const int, const cubload::class_entry*> >]’ at /usr/include/c++/11/bits/stl_tree.h:632:13,
    inlined from ‘std::pair<std::_Rb_tree_iterator<_Val>, bool> std::_Rb_tree<_Key, _Val, _KeyOfValue, _Compare, _Alloc>::_M_emplace_unique(_Args&& ...) [with _Args = {std::pair<int, const cubload::class_entry*>}; _Key = int; _Val = std::pair<const int, const cubload::class_entry*>; _KeyOfValue = std::_Select1st<std::pair<const int, const cubload::class_entry*> >; _Compare = std::greater<int>; _Alloc = std::allocator<std::pair<const int, const cubload::class_entry*> >]’ at /usr/include/c++/11/bits/stl_tree.h:2393:18,
    inlined from ‘std::__enable_if_t<std::is_constructible<std::pair<const _Key, _Tp>, _Pair>::value, std::pair<typename std::_Rb_tree<_Key, std::pair<const _Key, _Tp>, std::_Select1st<std::pair<const _Key, _Tp> >, _Compare, typename __gnu_cxx::__alloc_traits<_Allocator>::rebind<std::pair<const _Key, _Tp> >::other>::iterator, bool> > std::map<_Key, _Tp, _Compare, _Alloc>::insert(_Pair&&) [with _Pair = std::pair<int, const cubload::class_entry*>; _Key = int; _Tp = const cubload::class_entry*; _Compare = std::greater<int>; _Alloc = std::allocator<std::pair<const int, const cubload::class_entry*> >]’ at /usr/include/c++/11/bits/stl_map.h:817:33,
    inlined from ‘void cubload::class_registry::register_class(const char*, cubload::class_id, OID, std::vector<const cubload::attribute*>&)’ at /home/vimkim/gh/cb/pr7927-publication-release/src/loaddb/load_class_registry.cpp:161:26:
/home/vimkim/gh/cb/pr7927-publication-release/src/base/memory_cwrapper.h:86:8: warning: ‘void free(void*)’ called on pointer returned from a mismatched allocation function [-Wmismatched-new-delete]
   86 |   free (ptr);
      |   ~~~~~^~~~~
In file included from /usr/include/c++/11/x86_64-redhat-linux/bits/c++allocator.h:33,
                 from /usr/include/c++/11/bits/allocator.h:46,
                 from /usr/include/c++/11/unordered_map:40,
                 from /usr/include/c++/11/functional:61,
                 from /home/vimkim/gh/cb/pr7927-publication-release/src/base/mem_block.hpp:39,
                 from /home/vimkim/gh/cb/pr7927-publication-release/src/base/packer.hpp:29,
                 from /home/vimkim/gh/cb/pr7927-publication-release/src/base/packable_object.hpp:28,
                 from /home/vimkim/gh/cb/pr7927-publication-release/src/loaddb/load_common.hpp:26,
                 from /home/vimkim/gh/cb/pr7927-publication-release/src/loaddb/load_class_registry.hpp:26,
                 from /home/vimkim/gh/cb/pr7927-publication-release/src/loaddb/load_class_registry.cpp:23:
/usr/include/c++/11/ext/new_allocator.h: In member function ‘void cubload::class_registry::register_class(const char*, cubload::class_id, OID, std::vector<const cubload::attribute*>&)’:
/usr/include/c++/11/ext/new_allocator.h:127:48: note: returned from ‘void* operator new(std::size_t)’
  127 |         return static_cast<_Tp*>(::operator new(__n * sizeof(_Tp)));
      |                                  ~~~~~~~~~~~~~~^~~~~~~~~~~~~~~~~~~
[735/1299] Building CXX object cubrid/CMakeFiles/cubrid.dir/__/src/loaddb/load_db_value_converter.cpp.o
[736/1299] Building CXX object cubrid/CMakeFiles/cubrid.dir/__/src/monitor/monitor_vacuum_ovfp_threshold.cpp.o
[737/1299] Building CXX object cubrid/CMakeFiles/cubrid.dir/__/src/object/transform.c.o
[738/1299] Building CXX object cubrid/CMakeFiles/cubrid.dir/__/src/loaddb/load_semantic_helper.cpp.o
[739/1299] Building CXX object cubrid/CMakeFiles/cubrid.dir/__/src/storage/btree_unique.cpp.o
[740/1299] Building CXX object cubrid/CMakeFiles/cubrid.dir/__/src/method/method_scan.cpp.o
[741/1299] Building CXX object cs/CMakeFiles/cubridcs.dir/__/src/query/string_opfunc.c.o
[742/1299] Building CXX object cubrid/CMakeFiles/cubrid.dir/__/src/sp/pl_execution_stack_context.cpp.o
[743/1299] Building CXX object cubrid/CMakeFiles/cubrid.dir/__/src/connection/coordinator.cpp.o
In file included from /home/vimkim/gh/cb/pr7927-publication-release/src/base/memory_alloc.h:54,
                 from /home/vimkim/gh/cb/pr7927-publication-release/src/connection/connection_defs.h:38,
                 from /home/vimkim/gh/cb/pr7927-publication-release/src/connection/connection_globals.h:29,
                 from /home/vimkim/gh/cb/pr7927-publication-release/src/connection/connection_context.hpp:26,
                 from /home/vimkim/gh/cb/pr7927-publication-release/src/connection/connection_pool.hpp:33,
                 from /home/vimkim/gh/cb/pr7927-publication-release/src/connection/coordinator.cpp:33:
In function ‘void cub_free(void*)’,
    inlined from ‘void operator delete(void*, size_t)’ at /home/vimkim/gh/cb/pr7927-publication-release/src/base/memory_wrapper.hpp:75:12,
    inlined from ‘void __gnu_cxx::new_allocator<_Tp>::deallocate(_Tp*, __gnu_cxx::new_allocator<_Tp>::size_type) [with _Tp = std::__detail::_Hash_node<std::pair<const long unsigned int, std::pair<cubconn::statistics::metrics<cubconn::statistics::context, double>, cubconn::statistics::metrics<cubconn::statistics::context> > >, false>]’ at /usr/include/c++/11/ext/new_allocator.h:145:19,
    inlined from ‘static void std::allocator_traits<std::allocator<_CharT> >::deallocate(std::allocator_traits<std::allocator<_CharT> >::allocator_type&, std::allocator_traits<std::allocator<_CharT> >::pointer, std::allocator_traits<std::allocator<_CharT> >::size_type) [with _Tp = std::__detail::_Hash_node<std::pair<const long unsigned int, std::pair<cubconn::statistics::metrics<cubconn::statistics::context, double>, cubconn::statistics::metrics<cubconn::statistics::context> > >, false>]’ at /usr/include/c++/11/bits/alloc_traits.h:496:23,
    inlined from ‘void std::__detail::_Hashtable_alloc<_NodeAlloc>::_M_deallocate_node_ptr(std::__detail::_Hashtable_alloc<_NodeAlloc>::__node_ptr) [with _NodeAlloc = std::allocator<std::__detail::_Hash_node<std::pair<const long unsigned int, std::pair<cubconn::statistics::metrics<cubconn::statistics::context, double>, cubconn::statistics::metrics<cubconn::statistics::context> > >, false> >]’ at /usr/include/c++/11/bits/hashtable_policy.h:1909:38,
    inlined from ‘void std::__detail::_Hashtable_alloc<_NodeAlloc>::_M_deallocate_node(std::__detail::_Hashtable_alloc<_NodeAlloc>::__node_ptr) [with _NodeAlloc = std::allocator<std::__detail::_Hash_node<std::pair<const long unsigned int, std::pair<cubconn::statistics::metrics<cubconn::statistics::context, double>, cubconn::statistics::metrics<cubconn::statistics::context> > >, false> >]’ at /usr/include/c++/11/bits/hashtable_policy.h:1899:29,
    inlined from ‘std::_Hashtable<_Key, _Value, _Alloc, _ExtractKey, _Equal, _Hash, _RangeHash, _Unused, _RehashPolicy, _Traits>::_Scoped_node::~_Scoped_node() [with _Key = long unsigned int; _Value = std::pair<const long unsigned int, std::pair<cubconn::statistics::metrics<cubconn::statistics::context, double>, cubconn::statistics::metrics<cubconn::statistics::context> > >; _Alloc = std::allocator<std::pair<const long unsigned int, std::pair<cubconn::statistics::metrics<cubconn::statistics::context, double>, cubconn::statistics::metrics<cubconn::statistics::context> > > >; _ExtractKey = std::__detail::_Select1st; _Equal = std::equal_to<long unsigned int>; _Hash = std::hash<long unsigned int>; _RangeHash = std::__detail::_Mod_range_hashing; _Unused = std::__detail::_Default_ranged_hash; _RehashPolicy = std::__detail::_Prime_rehash_policy; _Traits = std::__detail::_Hashtable_traits<false, false, true>]’ at /usr/include/c++/11/bits/hashtable.h:308:57,
    inlined from ‘std::pair<typename std::__detail::_Insert<_Key, _Value, _Alloc, _ExtractKey, _Equal, _Hash, _RangeHash, _Unused, _RehashPolicy, _Traits>::iterator, bool> std::_Hashtable<_Key, _Value, _Alloc, _ExtractKey, _Equal, _Hash, _RangeHash, _Unused, _RehashPolicy, _Traits>::_M_emplace(std::true_type, _Args&& ...) [with _Args = {long unsigned int&, std::pair<cubconn::statistics::metrics<cubconn::statistics::context, double>, cubconn::statistics::metrics<cubconn::statistics::context, long unsigned int> >}; _Key = long unsigned int; _Value = std::pair<const long unsigned int, std::pair<cubconn::statistics::metrics<cubconn::statistics::context, double>, cubconn::statistics::metrics<cubconn::statistics::context> > >; _Alloc = std::allocator<std::pair<const long unsigned int, std::pair<cubconn::statistics::metrics<cubconn::statistics::context, double>, cubconn::statistics::metrics<cubconn::statistics::context> > > >; _ExtractKey = std::__detail::_Select1st; _Equal = std::equal_to<long unsigned int>; _Hash = std::hash<long unsigned int>; _RangeHash = std::__detail::_Mod_range_hashing; _Unused = std::__detail::_Default_ranged_hash; _RehashPolicy = std::__detail::_Prime_rehash_policy; _Traits = std::__detail::_Hashtable_traits<false, false, true>]’ at /usr/include/c++/11/bits/hashtable.h:1978:7,
    inlined from ‘std::_Hashtable<_Key, _Value, _Alloc, _ExtractKey, _Equal, _Hash, _RangeHash, _Unused, _RehashPolicy, _Traits>::__ireturn_type std::_Hashtable<_Key, _Value, _Alloc, _ExtractKey, _Equal, _Hash, _RangeHash, _Unused, _RehashPolicy, _Traits>::emplace(_Args&& ...) [with _Args = {long unsigned int&, std::pair<cubconn::statistics::metrics<cubconn::statistics::context, double>, cubconn::statistics::metrics<cubconn::statistics::context, long unsigned int> >}; _Key = long unsigned int; _Value = std::pair<const long unsigned int, std::pair<cubconn::statistics::metrics<cubconn::statistics::context, double>, cubconn::statistics::metrics<cubconn::statistics::context> > >; _Alloc = std::allocator<std::pair<const long unsigned int, std::pair<cubconn::statistics::metrics<cubconn::statistics::context, double>, cubconn::statistics::metrics<cubconn::statistics::context> > > >; _ExtractKey = std::__detail::_Select1st; _Equal = std::equal_to<long unsigned int>; _Hash = std::hash<long unsigned int>; _RangeHash = std::__detail::_Mod_range_hashing; _Unused = std::__detail::_Default_ranged_hash; _RehashPolicy = std::__detail::_Prime_rehash_policy; _Traits = std::__detail::_Hashtable_traits<false, false, true>]’ at /usr/include/c++/11/bits/hashtable.h:915:21,
    inlined from ‘std::pair<typename std::_Hashtable<_Key, std::pair<const _Key, _Tp>, _Alloc, std::__detail::_Select1st, _Pred, _Hash, std::__detail::_Mod_range_hashing, std::__detail::_Default_ranged_hash, std::__detail::_Prime_rehash_policy, std::__detail::_Hashtable_traits<std::__not_<std::__and_<std::__is_fast_hash<_Hash>, std::__is_nothrow_invocable<const _Hash&, const _Key&> > >::value, false, true> >::iterator, bool> std::unordered_map<_Key, _Tp, _Hash, _Pred, _Alloc>::emplace(_Args&& ...) [with _Args = {long unsigned int&, std::pair<cubconn::statistics::metrics<cubconn::statistics::context, double>, cubconn::statistics::metrics<cubconn::statistics::context, long unsigned int> >}; _Key = long unsigned int; _Tp = std::pair<cubconn::statistics::metrics<cubconn::statistics::context, double>, cubconn::statistics::metrics<cubconn::statistics::context> >; _Hash = std::hash<long unsigned int>; _Pred = std::equal_to<long unsigned int>; _Alloc = std::allocator<std::pair<const long unsigned int, std::pair<cubconn::statistics::metrics<cubconn::statistics::context, double>, cubconn::statistics::metrics<cubconn::statistics::context> > > >]’ at /usr/include/c++/11/bits/unordered_map.h:389:23,
    inlined from ‘bool cubconn::connection::coordinator::handle_message_queue_new_client(cubconn::connection::coordinator::message&)’ at /home/vimkim/gh/cb/pr7927-publication-release/src/connection/coordinator.cpp:967:45:
/home/vimkim/gh/cb/pr7927-publication-release/src/base/memory_cwrapper.h:86:8: warning: ‘void free(void*)’ called on pointer returned from a mismatched allocation function [-Wmismatched-new-delete]
   86 |   free (ptr);
      |   ~~~~~^~~~~
In file included from /usr/include/c++/11/x86_64-redhat-linux/bits/c++allocator.h:33,
                 from /usr/include/c++/11/bits/allocator.h:46,
                 from /usr/include/c++/11/string:41,
                 from /usr/include/c++/11/random:40,
                 from /home/vimkim/gh/cb/pr7927-publication-release/src/connection/coordinator.cpp:23:
/usr/include/c++/11/ext/new_allocator.h: In member function ‘bool cubconn::connection::coordinator::handle_message_queue_new_client(cubconn::connection::coordinator::message&)’:
/usr/include/c++/11/ext/new_allocator.h:127:48: note: returned from ‘void* operator new(std::size_t)’
  127 |         return static_cast<_Tp*>(::operator new(__n * sizeof(_Tp)));
      |                                  ~~~~~~~~~~~~~~^~~~~~~~~~~~~~~~~~~
In file included from /home/vimkim/gh/cb/pr7927-publication-release/src/base/memory_alloc.h:54,
                 from /home/vimkim/gh/cb/pr7927-publication-release/src/connection/connection_defs.h:38,
                 from /home/vimkim/gh/cb/pr7927-publication-release/src/connection/connection_globals.h:29,
                 from /home/vimkim/gh/cb/pr7927-publication-release/src/connection/connection_context.hpp:26,
                 from /home/vimkim/gh/cb/pr7927-publication-release/src/connection/connection_pool.hpp:33,
                 from /home/vimkim/gh/cb/pr7927-publication-release/src/connection/coordinator.cpp:33:
In function ‘void cub_free(void*)’,
    inlined from ‘void operator delete(void*, size_t)’ at /home/vimkim/gh/cb/pr7927-publication-release/src/base/memory_wrapper.hpp:75:12,
    inlined from ‘void __gnu_cxx::new_allocator<_Tp>::deallocate(_Tp*, __gnu_cxx::new_allocator<_Tp>::size_type) [with _Tp = std::__detail::_Hash_node<std::pair<const long unsigned int, std::pair<cubconn::statistics::metrics<cubconn::statistics::context, double>, cubconn::statistics::metrics<cubconn::statistics::context> > >, false>]’ at /usr/include/c++/11/ext/new_allocator.h:145:19,
    inlined from ‘static void std::allocator_traits<std::allocator<_CharT> >::deallocate(std::allocator_traits<std::allocator<_CharT> >::allocator_type&, std::allocator_traits<std::allocator<_CharT> >::pointer, std::allocator_traits<std::allocator<_CharT> >::size_type) [with _Tp = std::__detail::_Hash_node<std::pair<const long unsigned int, std::pair<cubconn::statistics::metrics<cubconn::statistics::context, double>, cubconn::statistics::metrics<cubconn::statistics::context> > >, false>]’ at /usr/include/c++/11/bits/alloc_traits.h:496:23,
    inlined from ‘void std::__detail::_Hashtable_alloc<_NodeAlloc>::_M_deallocate_node_ptr(std::__detail::_Hashtable_alloc<_NodeAlloc>::__node_ptr) [with _NodeAlloc = std::allocator<std::__detail::_Hash_node<std::pair<const long unsigned int, std::pair<cubconn::statistics::metrics<cubconn::statistics::context, double>, cubconn::statistics::metrics<cubconn::statistics::context> > >, false> >]’ at /usr/include/c++/11/bits/hashtable_policy.h:1909:38,
    inlined from ‘void std::__detail::_Hashtable_alloc<_NodeAlloc>::_M_deallocate_node(std::__detail::_Hashtable_alloc<_NodeAlloc>::__node_ptr) [with _NodeAlloc = std::allocator<std::__detail::_Hash_node<std::pair<const long unsigned int, std::pair<cubconn::statistics::metrics<cubconn::statistics::context, double>, cubconn::statistics::metrics<cubconn::statistics::context> > >, false> >]’ at /usr/include/c++/11/bits/hashtable_policy.h:1899:29,
    inlined from ‘std::_Hashtable<_Key, _Value, _Alloc, _ExtractKey, _Equal, _Hash, _RangeHash, _Unused, _RehashPolicy, _Traits>::_Scoped_node::~_Scoped_node() [with _Key = long unsigned int; _Value = std::pair<const long unsigned int, std::pair<cubconn::statistics::metrics<cubconn::statistics::context, double>, cubconn::statistics::metrics<cubconn::statistics::context> > >; _Alloc = std::allocator<std::pair<const long unsigned int, std::pair<cubconn::statistics::metrics<cubconn::statistics::context, double>, cubconn::statistics::metrics<cubconn::statistics::context> > > >; _ExtractKey = std::__detail::_Select1st; _Equal = std::equal_to<long unsigned int>; _Hash = std::hash<long unsigned int>; _RangeHash = std::__detail::_Mod_range_hashing; _Unused = std::__detail::_Default_ranged_hash; _RehashPolicy = std::__detail::_Prime_rehash_policy; _Traits = std::__detail::_Hashtable_traits<false, false, true>]’ at /usr/include/c++/11/bits/hashtable.h:308:57,
    inlined from ‘std::pair<typename std::__detail::_Insert<_Key, _Value, _Alloc, _ExtractKey, _Equal, _Hash, _RangeHash, _Unused, _RehashPolicy, _Traits>::iterator, bool> std::_Hashtable<_Key, _Value, _Alloc, _ExtractKey, _Equal, _Hash, _RangeHash, _Unused, _RehashPolicy, _Traits>::_M_emplace(std::true_type, _Args&& ...) [with _Args = {const long unsigned int&, std::pair<cubconn::statistics::metrics<cubconn::statistics::context, double>, cubconn::statistics::metrics<cubconn::statistics::context, long unsigned int> >}; _Key = long unsigned int; _Value = std::pair<const long unsigned int, std::pair<cubconn::statistics::metrics<cubconn::statistics::context, double>, cubconn::statistics::metrics<cubconn::statistics::context> > >; _Alloc = std::allocator<std::pair<const long unsigned int, std::pair<cubconn::statistics::metrics<cubconn::statistics::context, double>, cubconn::statistics::metrics<cubconn::statistics::context> > > >; _ExtractKey = std::__detail::_Select1st; _Equal = std::equal_to<long unsigned int>; _Hash = std::hash<long unsigned int>; _RangeHash = std::__detail::_Mod_range_hashing; _Unused = std::__detail::_Default_ranged_hash; _RehashPolicy = std::__detail::_Prime_rehash_policy; _Traits = std::__detail::_Hashtable_traits<false, false, true>]’ at /usr/include/c++/11/bits/hashtable.h:1978:7,
    inlined from ‘std::_Hashtable<_Key, _Value, _Alloc, _ExtractKey, _Equal, _Hash, _RangeHash, _Unused, _RehashPolicy, _Traits>::__ireturn_type std::_Hashtable<_Key, _Value, _Alloc, _ExtractKey, _Equal, _Hash, _RangeHash, _Unused, _RehashPolicy, _Traits>::emplace(_Args&& ...) [with _Args = {const long unsigned int&, std::pair<cubconn::statistics::metrics<cubconn::statistics::context, double>, cubconn::statistics::metrics<cubconn::statistics::context, long unsigned int> >}; _Key = long unsigned int; _Value = std::pair<const long unsigned int, std::pair<cubconn::statistics::metrics<cubconn::statistics::context, double>, cubconn::statistics::metrics<cubconn::statistics::context> > >; _Alloc = std::allocator<std::pair<const long unsigned int, std::pair<cubconn::statistics::metrics<cubconn::statistics::context, double>, cubconn::statistics::metrics<cubconn::statistics::context> > > >; _ExtractKey = std::__detail::_Select1st; _Equal = std::equal_to<long unsigned int>; _Hash = std::hash<long unsigned int>; _RangeHash = std::__detail::_Mod_range_hashing; _Unused = std::__detail::_Default_ranged_hash; _RehashPolicy = std::__detail::_Prime_rehash_policy; _Traits = std::__detail::_Hashtable_traits<false, false, true>]’ at /usr/include/c++/11/bits/hashtable.h:915:21,
    inlined from ‘std::pair<typename std::_Hashtable<_Key, std::pair<const _Key, _Tp>, _Alloc, std::__detail::_Select1st, _Pred, _Hash, std::__detail::_Mod_range_hashing, std::__detail::_Default_ranged_hash, std::__detail::_Prime_rehash_policy, std::__detail::_Hashtable_traits<std::__not_<std::__and_<std::__is_fast_hash<_Hash>, std::__is_nothrow_invocable<const _Hash&, const _Key&> > >::value, false, true> >::iterator, bool> std::unordered_map<_Key, _Tp, _Hash, _Pred, _Alloc>::emplace(_Args&& ...) [with _Args = {const long unsigned int&, std::pair<cubconn::statistics::metrics<cubconn::statistics::context, double>, cubconn::statistics::metrics<cubconn::statistics::context, long unsigned int> >}; _Key = long unsigned int; _Tp = std::pair<cubconn::statistics::metrics<cubconn::statistics::context, double>, cubconn::statistics::metrics<cubconn::statistics::context> >; _Hash = std::hash<long unsigned int>; _Pred = std::equal_to<long unsigned int>; _Alloc = std::allocator<std::pair<const long unsigned int, std::pair<cubconn::statistics::metrics<cubconn::statistics::context, double>, cubconn::statistics::metrics<cubconn::statistics::context> > > >]’ at /usr/include/c++/11/bits/unordered_map.h:389:23,
    inlined from ‘bool cubconn::connection::coordinator::transfer_connection(uint64_t, int, int)’ at /home/vimkim/gh/cb/pr7927-publication-release/src/connection/coordinator.cpp:268:41:
/home/vimkim/gh/cb/pr7927-publication-release/src/base/memory_cwrapper.h:86:8: warning: ‘void free(void*)’ called on pointer returned from a mismatched allocation function [-Wmismatched-new-delete]
   86 |   free (ptr);
      |   ~~~~~^~~~~
In file included from /usr/include/c++/11/x86_64-redhat-linux/bits/c++allocator.h:33,
                 from /usr/include/c++/11/bits/allocator.h:46,
                 from /usr/include/c++/11/string:41,
                 from /usr/include/c++/11/random:40,
                 from /home/vimkim/gh/cb/pr7927-publication-release/src/connection/coordinator.cpp:23:
/usr/include/c++/11/ext/new_allocator.h: In member function ‘bool cubconn::connection::coordinator::transfer_connection(uint64_t, int, int)’:
/usr/include/c++/11/ext/new_allocator.h:127:48: note: returned from ‘void* operator new(std::size_t)’
  127 |         return static_cast<_Tp*>(::operator new(__n * sizeof(_Tp)));
      |                                  ~~~~~~~~~~~~~~^~~~~~~~~~~~~~~~~~~
[744/1299] Building CXX object cubrid/CMakeFiles/cubrid.dir/__/src/object/set_object.c.o
[745/1299] Building CXX object cubrid/CMakeFiles/cubrid.dir/__/src/query/qfile_tuple_layout.c.o
[746/1299] Building CXX object cubrid/CMakeFiles/cubrid.dir/__/src/query/crypt_opfunc.c.o
[747/1299] Building CXX object cubrid/CMakeFiles/cubrid.dir/__/src/object/object_representation.c.o
/home/vimkim/gh/cb/pr7927-publication-release/src/object/object_representation.c: In function ‘char* or_unpack_spacedb(char*, SPACEDB_ALL*, SPACEDB_ONEVOL**, SPACEDB_FILES*)’:
/home/vimkim/gh/cb/pr7927-publication-release/src/object/object_representation.c:6284:19: warning: ‘char* strncpy(char*, const char*, size_t)’ specified bound 4096 equals destination size [-Wstringop-truncation]
 6284 |           strncpy ((*vols)[iter_vol].name, volname, DB_MAX_PATH_LENGTH);
      |           ~~~~~~~~^~~~~~~~~~~~~~~~~~~~~~~~~~~~~~~~~~~~~~~~~~~~~~~~~~~~~
[748/1299] Building CXX object cubrid/CMakeFiles/cubrid.dir/__/src/query/string_regex.cpp.o
[749/1299] Building CXX object cubrid/CMakeFiles/cubrid.dir/__/src/storage/byte_order.c.o
[750/1299] Building CXX object cubrid/CMakeFiles/cubrid.dir/__/src/storage/es_common.c.o
[751/1299] Building CXX object cubrid/CMakeFiles/cubrid.dir/__/src/query/set_scan.c.o
[752/1299] Building CXX object cubrid/CMakeFiles/cubrid.dir/__/src/query/string_regex_re2.cpp.o
[753/1299] Building CXX object cubrid/CMakeFiles/cubrid.dir/__/src/storage/es.c.o
[754/1299] Building CXX object cubrid/CMakeFiles/cubrid.dir/__/src/sp/pl_executor.cpp.o
[755/1299] Building CXX object cubrid/CMakeFiles/cubrid.dir/__/src/query/query_reevaluation.cpp.o
[756/1299] Building CXX object cubrid/CMakeFiles/cubrid.dir/__/src/query/regu_var.cpp.o
[757/1299] Building CXX object cubrid/CMakeFiles/cubrid.dir/__/src/query/numeric_opfunc.c.o
[758/1299] Building CXX object cubrid/CMakeFiles/cubrid.dir/__/src/loaddb/load_session.cpp.o
In file included from /home/vimkim/gh/cb/pr7927-publication-release/src/base/memory_alloc.h:54,
                 from /home/vimkim/gh/cb/pr7927-publication-release/src/base/memory_hash.h:30,
                 from /home/vimkim/gh/cb/pr7927-publication-release/src/storage/file_io.h:33,
                 from /home/vimkim/gh/cb/pr7927-publication-release/src/transaction/log_manager.h:37,
                 from /home/vimkim/gh/cb/pr7927-publication-release/src/storage/system_catalog.h:36,
                 from /home/vimkim/gh/cb/pr7927-publication-release/src/base/object_representation_sr.h:42,
                 from /home/vimkim/gh/cb/pr7927-publication-release/src/loaddb/load_class_registry.hpp:27,
                 from /home/vimkim/gh/cb/pr7927-publication-release/src/loaddb/load_session.hpp:27,
                 from /home/vimkim/gh/cb/pr7927-publication-release/src/loaddb/load_session.cpp:23:
In function ‘void cub_free(void*)’,
    inlined from ‘void operator delete [](void*)’ at /home/vimkim/gh/cb/pr7927-publication-release/src/base/memory_wrapper.hpp:80:12,
    inlined from ‘typename std::enable_if<std::is_convertible<_Up (*)[], _Tp (*)[]>::value>::type std::default_delete<_Tp []>::operator()(_Up*) const [with _Up = char; _Tp = char]’ at /usr/include/c++/11/bits/unique_ptr.h:120:4,
    inlined from ‘std::unique_ptr<_Tp [], _Dp>::~unique_ptr() [with _Tp = char; _Dp = std::default_delete<char []>]’ at /usr/include/c++/11/bits/unique_ptr.h:612:17,
    inlined from ‘static std::string cubload::error_handler::format(const char*, Args&& ...) [with Args = {}]’ at /home/vimkim/gh/cb/pr7927-publication-release/src/loaddb/load_error_handler.hpp:205:3:
/home/vimkim/gh/cb/pr7927-publication-release/src/base/memory_cwrapper.h:86:8: warning: ‘void free(void*)’ called on pointer returned from a mismatched allocation function [-Wmismatched-new-delete]
   86 |   free (ptr);
      |   ~~~~~^~~~~
In file included from /home/vimkim/gh/cb/pr7927-publication-release/src/loaddb/load_session.hpp:29,
                 from /home/vimkim/gh/cb/pr7927-publication-release/src/loaddb/load_session.cpp:23:
/home/vimkim/gh/cb/pr7927-publication-release/src/loaddb/load_error_handler.hpp: In static member function ‘static std::string cubload::error_handler::format(const char*, Args&& ...) [with Args = {}]’:
/home/vimkim/gh/cb/pr7927-publication-release/src/loaddb/load_error_handler.hpp:199:34: note: returned from ‘void* operator new [](std::size_t)’
  199 |     std::unique_ptr<char[]> msg (new char[size]);
      |                                  ^~~~~~~~~~~~~~
In file included from /home/vimkim/gh/cb/pr7927-publication-release/src/base/memory_alloc.h:54,
                 from /home/vimkim/gh/cb/pr7927-publication-release/src/base/memory_hash.h:30,
                 from /home/vimkim/gh/cb/pr7927-publication-release/src/storage/file_io.h:33,
                 from /home/vimkim/gh/cb/pr7927-publication-release/src/transaction/log_manager.h:37,
                 from /home/vimkim/gh/cb/pr7927-publication-release/src/storage/system_catalog.h:36,
                 from /home/vimkim/gh/cb/pr7927-publication-release/src/base/object_representation_sr.h:42,
                 from /home/vimkim/gh/cb/pr7927-publication-release/src/loaddb/load_class_registry.hpp:27,
                 from /home/vimkim/gh/cb/pr7927-publication-release/src/loaddb/load_session.hpp:27,
                 from /home/vimkim/gh/cb/pr7927-publication-release/src/loaddb/load_session.cpp:23:
In function ‘void cub_free(void*)’,
    inlined from ‘void operator delete [](void*)’ at /home/vimkim/gh/cb/pr7927-publication-release/src/base/memory_wrapper.hpp:80:12,
    inlined from ‘typename std::enable_if<std::is_convertible<_Up (*)[], _Tp (*)[]>::value>::type std::default_delete<_Tp []>::operator()(_Up*) const [with _Up = char; _Tp = char]’ at /usr/include/c++/11/bits/unique_ptr.h:120:4,
    inlined from ‘std::unique_ptr<_Tp [], _Dp>::~unique_ptr() [with _Tp = char; _Dp = std::default_delete<char []>]’ at /usr/include/c++/11/bits/unique_ptr.h:612:17,
    inlined from ‘static std::string cubload::error_handler::format(const char*, Args&& ...) [with Args = {int&}]’ at /home/vimkim/gh/cb/pr7927-publication-release/src/loaddb/load_error_handler.hpp:205:3,
    inlined from ‘void cubload::error_handler::on_error_with_line(int, MSGCAT_LOADDB_MSG, Args&& ...) [with Args = {}]’ at /home/vimkim/gh/cb/pr7927-publication-release/src/loaddb/load_error_handler.hpp:152:20:
/home/vimkim/gh/cb/pr7927-publication-release/src/base/memory_cwrapper.h:86:8: warning: ‘void free(void*)’ called on pointer returned from a mismatched allocation function [-Wmismatched-new-delete]
   86 |   free (ptr);
      |   ~~~~~^~~~~
In file included from /home/vimkim/gh/cb/pr7927-publication-release/src/loaddb/load_session.hpp:29,
                 from /home/vimkim/gh/cb/pr7927-publication-release/src/loaddb/load_session.cpp:23:
/home/vimkim/gh/cb/pr7927-publication-release/src/loaddb/load_error_handler.hpp: In member function ‘void cubload::error_handler::on_error_with_line(int, MSGCAT_LOADDB_MSG, Args&& ...) [with Args = {}]’:
/home/vimkim/gh/cb/pr7927-publication-release/src/loaddb/load_error_handler.hpp:199:34: note: returned from ‘void* operator new [](std::size_t)’
  199 |     std::unique_ptr<char[]> msg (new char[size]);
      |                                  ^~~~~~~~~~~~~~
In file included from /home/vimkim/gh/cb/pr7927-publication-release/src/base/memory_alloc.h:54,
                 from /home/vimkim/gh/cb/pr7927-publication-release/src/base/memory_hash.h:30,
                 from /home/vimkim/gh/cb/pr7927-publication-release/src/storage/file_io.h:33,
                 from /home/vimkim/gh/cb/pr7927-publication-release/src/transaction/log_manager.h:37,
                 from /home/vimkim/gh/cb/pr7927-publication-release/src/storage/system_catalog.h:36,
                 from /home/vimkim/gh/cb/pr7927-publication-release/src/base/object_representation_sr.h:42,
                 from /home/vimkim/gh/cb/pr7927-publication-release/src/loaddb/load_class_registry.hpp:27,
                 from /home/vimkim/gh/cb/pr7927-publication-release/src/loaddb/load_session.hpp:27,
                 from /home/vimkim/gh/cb/pr7927-publication-release/src/loaddb/load_session.cpp:23:
In function ‘void cub_free(void*)’,
    inlined from ‘void operator delete [](void*)’ at /home/vimkim/gh/cb/pr7927-publication-release/src/base/memory_wrapper.hpp:80:12,
    inlined from ‘typename std::enable_if<std::is_convertible<_Up (*)[], _Tp (*)[]>::value>::type std::default_delete<_Tp []>::operator()(_Up*) const [with _Up = char; _Tp = char]’ at /usr/include/c++/11/bits/unique_ptr.h:120:4,
    inlined from ‘std::unique_ptr<_Tp [], _Dp>::~unique_ptr() [with _Tp = char; _Dp = std::default_delete<char []>]’ at /usr/include/c++/11/bits/unique_ptr.h:612:17,
    inlined from ‘static std::string cubload::error_handler::format(const char*, Args&& ...) [with Args = {int}]’ at /home/vimkim/gh/cb/pr7927-publication-release/src/loaddb/load_error_handler.hpp:205:3:
/home/vimkim/gh/cb/pr7927-publication-release/src/base/memory_cwrapper.h:86:8: warning: ‘void free(void*)’ called on pointer returned from a mismatched allocation function [-Wmismatched-new-delete]
   86 |   free (ptr);
      |   ~~~~~^~~~~
In file included from /home/vimkim/gh/cb/pr7927-publication-release/src/loaddb/load_session.hpp:29,
                 from /home/vimkim/gh/cb/pr7927-publication-release/src/loaddb/load_session.cpp:23:
/home/vimkim/gh/cb/pr7927-publication-release/src/loaddb/load_error_handler.hpp: In static member function ‘static std::string cubload::error_handler::format(const char*, Args&& ...) [with Args = {int}]’:
/home/vimkim/gh/cb/pr7927-publication-release/src/loaddb/load_error_handler.hpp:199:34: note: returned from ‘void* operator new [](std::size_t)’
  199 |     std::unique_ptr<char[]> msg (new char[size]);
      |                                  ^~~~~~~~~~~~~~
In file included from /home/vimkim/gh/cb/pr7927-publication-release/src/base/memory_alloc.h:54,
                 from /home/vimkim/gh/cb/pr7927-publication-release/src/base/memory_hash.h:30,
                 from /home/vimkim/gh/cb/pr7927-publication-release/src/storage/file_io.h:33,
                 from /home/vimkim/gh/cb/pr7927-publication-release/src/transaction/log_manager.h:37,
                 from /home/vimkim/gh/cb/pr7927-publication-release/src/storage/system_catalog.h:36,
                 from /home/vimkim/gh/cb/pr7927-publication-release/src/base/object_representation_sr.h:42,
                 from /home/vimkim/gh/cb/pr7927-publication-release/src/loaddb/load_class_registry.hpp:27,
                 from /home/vimkim/gh/cb/pr7927-publication-release/src/loaddb/load_session.hpp:27,
                 from /home/vimkim/gh/cb/pr7927-publication-release/src/loaddb/load_session.cpp:23:
In function ‘void cub_free(void*)’,
    inlined from ‘void operator delete [](void*)’ at /home/vimkim/gh/cb/pr7927-publication-release/src/base/memory_wrapper.hpp:80:12,
    inlined from ‘typename std::enable_if<std::is_convertible<_Up (*)[], _Tp (*)[]>::value>::type std::default_delete<_Tp []>::operator()(_Up*) const [with _Up = char; _Tp = char]’ at /usr/include/c++/11/bits/unique_ptr.h:120:4,
    inlined from ‘std::unique_ptr<_Tp [], _Dp>::~unique_ptr() [with _Tp = char; _Dp = std::default_delete<char []>]’ at /usr/include/c++/11/bits/unique_ptr.h:612:17,
    inlined from ‘static std::string cubload::error_handler::format(const char*, Args&& ...) [with Args = {const char*, long unsigned int&}]’ at /home/vimkim/gh/cb/pr7927-publication-release/src/loaddb/load_error_handler.hpp:205:3,
    inlined from ‘static std::string cubload::error_handler::format_log_msg(MSGCAT_LOADDB_MSG, Args&& ...) [with Args = {const char*, long unsigned int&}]’ at /home/vimkim/gh/cb/pr7927-publication-release/src/loaddb/load_error_handler.hpp:225:20:
/home/vimkim/gh/cb/pr7927-publication-release/src/base/memory_cwrapper.h:86:8: warning: ‘void free(void*)’ called on pointer returned from a mismatched allocation function [-Wmismatched-new-delete]
   86 |   free (ptr);
      |   ~~~~~^~~~~
In file included from /home/vimkim/gh/cb/pr7927-publication-release/src/loaddb/load_session.hpp:29,
                 from /home/vimkim/gh/cb/pr7927-publication-release/src/loaddb/load_session.cpp:23:
/home/vimkim/gh/cb/pr7927-publication-release/src/loaddb/load_error_handler.hpp: In static member function ‘static std::string cubload::error_handler::format_log_msg(MSGCAT_LOADDB_MSG, Args&& ...) [with Args = {const char*, long unsigned int&}]’:
/home/vimkim/gh/cb/pr7927-publication-release/src/loaddb/load_error_handler.hpp:199:34: note: returned from ‘void* operator new [](std::size_t)’
  199 |     std::unique_ptr<char[]> msg (new char[size]);
      |                                  ^~~~~~~~~~~~~~
[759/1299] Building CXX object cubrid/CMakeFiles/cubrid.dir/__/src/query/dblink_scan.c.o
[760/1299] Building CXX object cubrid/CMakeFiles/cubrid.dir/__/src/sp/pl_session.cpp.o
[761/1299] Building CXX object cubrid/CMakeFiles/cubrid.dir/__/src/storage/oid.c.o
[762/1299] Building CXX object cubrid/CMakeFiles/cubrid.dir/__/src/query/vacuum_oos.cpp.o
[763/1299] Building CXX object cubrid/CMakeFiles/cubrid.dir/__/src/storage/heap_pending_record.cpp.o
[764/1299] Building CXX object cubrid/CMakeFiles/cubrid.dir/__/src/storage/es_posix.c.o
[765/1299] Building CXX object cubrid/CMakeFiles/cubrid.dir/__/src/query/query_evaluator.c.o
[766/1299] Building CXX object cubrid/CMakeFiles/cubrid.dir/__/src/connection/connection_worker.cpp.o
[767/1299] Building CXX object cubrid/CMakeFiles/cubrid.dir/__/src/query/dblink_2pc.c.o
[768/1299] Building CXX object cubrid/CMakeFiles/cubrid.dir/__/src/storage/oos_util.cpp.o
[769/1299] Building CXX object cubrid/CMakeFiles/cubrid.dir/__/src/storage/es_owfs.c.o
[770/1299] Building CXX object cubrid/CMakeFiles/cubrid.dir/__/src/loaddb/load_server_loader.cpp.o
In file included from /home/vimkim/gh/cb/pr7927-publication-release/src/base/memory_alloc.h:54,
                 from /home/vimkim/gh/cb/pr7927-publication-release/src/base/memory_hash.h:30,
                 from /home/vimkim/gh/cb/pr7927-publication-release/src/storage/file_io.h:33,
                 from /home/vimkim/gh/cb/pr7927-publication-release/src/transaction/log_manager.h:37,
                 from /home/vimkim/gh/cb/pr7927-publication-release/src/storage/system_catalog.h:36,
                 from /home/vimkim/gh/cb/pr7927-publication-release/src/base/object_representation_sr.h:42,
                 from /home/vimkim/gh/cb/pr7927-publication-release/src/query/heap_attrinfo.h:27,
                 from /home/vimkim/gh/cb/pr7927-publication-release/src/loaddb/load_server_loader.hpp:27,
                 from /home/vimkim/gh/cb/pr7927-publication-release/src/loaddb/load_server_loader.cpp:23:
In function ‘void cub_free(void*)’,
    inlined from ‘void operator delete [](void*)’ at /home/vimkim/gh/cb/pr7927-publication-release/src/base/memory_wrapper.hpp:80:12,
    inlined from ‘typename std::enable_if<std::is_convertible<_Up (*)[], _Tp (*)[]>::value>::type std::default_delete<_Tp []>::operator()(_Up*) const [with _Up = char; _Tp = char]’ at /usr/include/c++/11/bits/unique_ptr.h:120:4,
    inlined from ‘std::unique_ptr<_Tp [], _Dp>::~unique_ptr() [with _Tp = char; _Dp = std::default_delete<char []>]’ at /usr/include/c++/11/bits/unique_ptr.h:612:17,
    inlined from ‘static std::string cubload::error_handler::format(const char*, Args&& ...) [with Args = {}]’ at /home/vimkim/gh/cb/pr7927-publication-release/src/loaddb/load_error_handler.hpp:205:3:
/home/vimkim/gh/cb/pr7927-publication-release/src/base/memory_cwrapper.h:86:8: warning: ‘void free(void*)’ called on pointer returned from a mismatched allocation function [-Wmismatched-new-delete]
   86 |   free (ptr);
      |   ~~~~~^~~~~
In file included from /home/vimkim/gh/cb/pr7927-publication-release/src/loaddb/load_scanner.hpp:26,
                 from /home/vimkim/gh/cb/pr7927-publication-release/src/loaddb/load_driver.hpp:32,
                 from /home/vimkim/gh/cb/pr7927-publication-release/src/loaddb/load_server_loader.cpp:30:
/home/vimkim/gh/cb/pr7927-publication-release/src/loaddb/load_error_handler.hpp: In static member function ‘static std::string cubload::error_handler::format(const char*, Args&& ...) [with Args = {}]’:
/home/vimkim/gh/cb/pr7927-publication-release/src/loaddb/load_error_handler.hpp:199:34: note: returned from ‘void* operator new [](std::size_t)’
  199 |     std::unique_ptr<char[]> msg (new char[size]);
      |                                  ^~~~~~~~~~~~~~
In file included from /home/vimkim/gh/cb/pr7927-publication-release/src/base/memory_alloc.h:54,
                 from /home/vimkim/gh/cb/pr7927-publication-release/src/base/memory_hash.h:30,
                 from /home/vimkim/gh/cb/pr7927-publication-release/src/storage/file_io.h:33,
                 from /home/vimkim/gh/cb/pr7927-publication-release/src/transaction/log_manager.h:37,
                 from /home/vimkim/gh/cb/pr7927-publication-release/src/storage/system_catalog.h:36,
                 from /home/vimkim/gh/cb/pr7927-publication-release/src/base/object_representation_sr.h:42,
                 from /home/vimkim/gh/cb/pr7927-publication-release/src/query/heap_attrinfo.h:27,
                 from /home/vimkim/gh/cb/pr7927-publication-release/src/loaddb/load_server_loader.hpp:27,
                 from /home/vimkim/gh/cb/pr7927-publication-release/src/loaddb/load_server_loader.cpp:23:
In function ‘void cub_free(void*)’,
    inlined from ‘void operator delete [](void*)’ at /home/vimkim/gh/cb/pr7927-publication-release/src/base/memory_wrapper.hpp:80:12,
    inlined from ‘typename std::enable_if<std::is_convertible<_Up (*)[], _Tp (*)[]>::value>::type std::default_delete<_Tp []>::operator()(_Up*) const [with _Up = char; _Tp = char]’ at /usr/include/c++/11/bits/unique_ptr.h:120:4,
    inlined from ‘std::unique_ptr<_Tp [], _Dp>::~unique_ptr() [with _Tp = char; _Dp = std::default_delete<char []>]’ at /usr/include/c++/11/bits/unique_ptr.h:612:17,
    inlined from ‘static std::string cubload::error_handler::format(const char*, Args&& ...) [with Args = {int}]’ at /home/vimkim/gh/cb/pr7927-publication-release/src/loaddb/load_error_handler.hpp:205:3:
/home/vimkim/gh/cb/pr7927-publication-release/src/base/memory_cwrapper.h:86:8: warning: ‘void free(void*)’ called on pointer returned from a mismatched allocation function [-Wmismatched-new-delete]
   86 |   free (ptr);
      |   ~~~~~^~~~~
In file included from /home/vimkim/gh/cb/pr7927-publication-release/src/loaddb/load_scanner.hpp:26,
                 from /home/vimkim/gh/cb/pr7927-publication-release/src/loaddb/load_driver.hpp:32,
                 from /home/vimkim/gh/cb/pr7927-publication-release/src/loaddb/load_server_loader.cpp:30:
/home/vimkim/gh/cb/pr7927-publication-release/src/loaddb/load_error_handler.hpp: In static member function ‘static std::string cubload::error_handler::format(const char*, Args&& ...) [with Args = {int}]’:
/home/vimkim/gh/cb/pr7927-publication-release/src/loaddb/load_error_handler.hpp:199:34: note: returned from ‘void* operator new [](std::size_t)’
  199 |     std::unique_ptr<char[]> msg (new char[size]);
      |                                  ^~~~~~~~~~~~~~
In file included from /home/vimkim/gh/cb/pr7927-publication-release/src/base/memory_alloc.h:54,
                 from /home/vimkim/gh/cb/pr7927-publication-release/src/base/memory_hash.h:30,
                 from /home/vimkim/gh/cb/pr7927-publication-release/src/storage/file_io.h:33,
                 from /home/vimkim/gh/cb/pr7927-publication-release/src/transaction/log_manager.h:37,
                 from /home/vimkim/gh/cb/pr7927-publication-release/src/storage/system_catalog.h:36,
                 from /home/vimkim/gh/cb/pr7927-publication-release/src/base/object_representation_sr.h:42,
                 from /home/vimkim/gh/cb/pr7927-publication-release/src/query/heap_attrinfo.h:27,
                 from /home/vimkim/gh/cb/pr7927-publication-release/src/loaddb/load_server_loader.hpp:27,
                 from /home/vimkim/gh/cb/pr7927-publication-release/src/loaddb/load_server_loader.cpp:23:
In function ‘void cub_free(void*)’,
    inlined from ‘void operator delete [](void*)’ at /home/vimkim/gh/cb/pr7927-publication-release/src/base/memory_wrapper.hpp:80:12,
    inlined from ‘typename std::enable_if<std::is_convertible<_Up (*)[], _Tp (*)[]>::value>::type std::default_delete<_Tp []>::operator()(_Up*) const [with _Up = char; _Tp = char]’ at /usr/include/c++/11/bits/unique_ptr.h:120:4,
    inlined from ‘std::unique_ptr<_Tp [], _Dp>::~unique_ptr() [with _Tp = char; _Dp = std::default_delete<char []>]’ at /usr/include/c++/11/bits/unique_ptr.h:612:17,
    inlined from ‘static std::string cubload::error_handler::format(const char*, Args&& ...) [with Args = {char*&, const char*}]’ at /home/vimkim/gh/cb/pr7927-publication-release/src/loaddb/load_error_handler.hpp:205:3,
    inlined from ‘void cubload::error_handler::log_date_time_conversion_error(Args&& ...) [with Args = {char*&, const char*}]’ at /home/vimkim/gh/cb/pr7927-publication-release/src/loaddb/load_error_handler.hpp:214:20:
/home/vimkim/gh/cb/pr7927-publication-release/src/base/memory_cwrapper.h:86:8: warning: ‘void free(void*)’ called on pointer returned from a mismatched allocation function [-Wmismatched-new-delete]
   86 |   free (ptr);
      |   ~~~~~^~~~~
In file included from /home/vimkim/gh/cb/pr7927-publication-release/src/loaddb/load_scanner.hpp:26,
                 from /home/vimkim/gh/cb/pr7927-publication-release/src/loaddb/load_driver.hpp:32,
                 from /home/vimkim/gh/cb/pr7927-publication-release/src/loaddb/load_server_loader.cpp:30:
/home/vimkim/gh/cb/pr7927-publication-release/src/loaddb/load_error_handler.hpp: In member function ‘void cubload::error_handler::log_date_time_conversion_error(Args&& ...) [with Args = {char*&, const char*}]’:
/home/vimkim/gh/cb/pr7927-publication-release/src/loaddb/load_error_handler.hpp:199:34: note: returned from ‘void* operator new [](std::size_t)’
  199 |     std::unique_ptr<char[]> msg (new char[size]);
      |                                  ^~~~~~~~~~~~~~
In file included from /home/vimkim/gh/cb/pr7927-publication-release/src/base/memory_alloc.h:54,
                 from /home/vimkim/gh/cb/pr7927-publication-release/src/base/memory_hash.h:30,
                 from /home/vimkim/gh/cb/pr7927-publication-release/src/storage/file_io.h:33,
                 from /home/vimkim/gh/cb/pr7927-publication-release/src/transaction/log_manager.h:37,
                 from /home/vimkim/gh/cb/pr7927-publication-release/src/storage/system_catalog.h:36,
                 from /home/vimkim/gh/cb/pr7927-publication-release/src/base/object_representation_sr.h:42,
                 from /home/vimkim/gh/cb/pr7927-publication-release/src/query/heap_attrinfo.h:27,
                 from /home/vimkim/gh/cb/pr7927-publication-release/src/loaddb/load_server_loader.hpp:27,
                 from /home/vimkim/gh/cb/pr7927-publication-release/src/loaddb/load_server_loader.cpp:23:
In function ‘void cub_free(void*)’,
    inlined from ‘void operator delete [](void*)’ at /home/vimkim/gh/cb/pr7927-publication-release/src/base/memory_wrapper.hpp:80:12,
    inlined from ‘typename std::enable_if<std::is_convertible<_Up (*)[], _Tp (*)[]>::value>::type std::default_delete<_Tp []>::operator()(_Up*) const [with _Up = char; _Tp = char]’ at /usr/include/c++/11/bits/unique_ptr.h:120:4,
    inlined from ‘std::unique_ptr<_Tp [], _Dp>::~unique_ptr() [with _Tp = char; _Dp = std::default_delete<char []>]’ at /usr/include/c++/11/bits/unique_ptr.h:612:17,
    inlined from ‘static std::string cubload::error_handler::format(const char*, Args&& ...) [with Args = {const char*&}]’ at /home/vimkim/gh/cb/pr7927-publication-release/src/loaddb/load_error_handler.hpp:205:3:
/home/vimkim/gh/cb/pr7927-publication-release/src/base/memory_cwrapper.h:86:8: warning: ‘void free(void*)’ called on pointer returned from a mismatched allocation function [-Wmismatched-new-delete]
   86 |   free (ptr);
      |   ~~~~~^~~~~
In file included from /home/vimkim/gh/cb/pr7927-publication-release/src/loaddb/load_scanner.hpp:26,
                 from /home/vimkim/gh/cb/pr7927-publication-release/src/loaddb/load_driver.hpp:32,
                 from /home/vimkim/gh/cb/pr7927-publication-release/src/loaddb/load_server_loader.cpp:30:
/home/vimkim/gh/cb/pr7927-publication-release/src/loaddb/load_error_handler.hpp: In static member function ‘static std::string cubload::error_handler::format(const char*, Args&& ...) [with Args = {const char*&}]’:
/home/vimkim/gh/cb/pr7927-publication-release/src/loaddb/load_error_handler.hpp:199:34: note: returned from ‘void* operator new [](std::size_t)’
  199 |     std::unique_ptr<char[]> msg (new char[size]);
      |                                  ^~~~~~~~~~~~~~
In file included from /home/vimkim/gh/cb/pr7927-publication-release/src/base/memory_alloc.h:54,
                 from /home/vimkim/gh/cb/pr7927-publication-release/src/base/memory_hash.h:30,
                 from /home/vimkim/gh/cb/pr7927-publication-release/src/storage/file_io.h:33,
                 from /home/vimkim/gh/cb/pr7927-publication-release/src/transaction/log_manager.h:37,
                 from /home/vimkim/gh/cb/pr7927-publication-release/src/storage/system_catalog.h:36,
                 from /home/vimkim/gh/cb/pr7927-publication-release/src/base/object_representation_sr.h:42,
                 from /home/vimkim/gh/cb/pr7927-publication-release/src/query/heap_attrinfo.h:27,
                 from /home/vimkim/gh/cb/pr7927-publication-release/src/loaddb/load_server_loader.hpp:27,
                 from /home/vimkim/gh/cb/pr7927-publication-release/src/loaddb/load_server_loader.cpp:23:
In function ‘void cub_free(void*)’,
    inlined from ‘void operator delete [](void*)’ at /home/vimkim/gh/cb/pr7927-publication-release/src/base/memory_wrapper.hpp:80:12,
    inlined from ‘typename std::enable_if<std::is_convertible<_Up (*)[], _Tp (*)[]>::value>::type std::default_delete<_Tp []>::operator()(_Up*) const [with _Up = char; _Tp = char]’ at /usr/include/c++/11/bits/unique_ptr.h:120:4,
    inlined from ‘std::unique_ptr<_Tp [], _Dp>::~unique_ptr() [with _Tp = char; _Dp = std::default_delete<char []>]’ at /usr/include/c++/11/bits/unique_ptr.h:612:17,
    inlined from ‘static std::string cubload::error_handler::format(const char*, Args&& ...) [with Args = {int&}]’ at /home/vimkim/gh/cb/pr7927-publication-release/src/loaddb/load_error_handler.hpp:205:3,
    inlined from ‘void cubload::error_handler::on_error_with_line(int, MSGCAT_LOADDB_MSG, Args&& ...) [with Args = {const char*&}]’ at /home/vimkim/gh/cb/pr7927-publication-release/src/loaddb/load_error_handler.hpp:152:20:
/home/vimkim/gh/cb/pr7927-publication-release/src/base/memory_cwrapper.h:86:8: warning: ‘void free(void*)’ called on pointer returned from a mismatched allocation function [-Wmismatched-new-delete]
   86 |   free (ptr);
      |   ~~~~~^~~~~
In file included from /home/vimkim/gh/cb/pr7927-publication-release/src/loaddb/load_scanner.hpp:26,
                 from /home/vimkim/gh/cb/pr7927-publication-release/src/loaddb/load_driver.hpp:32,
                 from /home/vimkim/gh/cb/pr7927-publication-release/src/loaddb/load_server_loader.cpp:30:
/home/vimkim/gh/cb/pr7927-publication-release/src/loaddb/load_error_handler.hpp: In member function ‘void cubload::error_handler::on_error_with_line(int, MSGCAT_LOADDB_MSG, Args&& ...) [with Args = {const char*&}]’:
/home/vimkim/gh/cb/pr7927-publication-release/src/loaddb/load_error_handler.hpp:199:34: note: returned from ‘void* operator new [](std::size_t)’
  199 |     std::unique_ptr<char[]> msg (new char[size]);
      |                                  ^~~~~~~~~~~~~~
[771/1299] Building CXX object cubrid/CMakeFiles/cubrid.dir/__/src/storage/storage_common.c.o
[772/1299] Building CXX object cubrid/CMakeFiles/cubrid.dir/__/src/query/scan_json_table.cpp.o
[773/1299] Building CXX object cubrid/CMakeFiles/cubrid.dir/__/src/storage/statistics_ndv.c.o
[774/1299] Building CXX object cubrid/CMakeFiles/cubrid.dir/__/src/connection/server_support.c.o
[775/1299] Building CXX object cubrid/CMakeFiles/cubrid.dir/__/src/storage/ftab_set.cpp.o
[776/1299] Building CXX object cubrid/CMakeFiles/cubrid.dir/__/src/query/partition.c.o
[777/1299] Building CXX object cubrid/CMakeFiles/cubrid.dir/__/src/query/query_analytic.cpp.o
[778/1299] Building CXX object cubrid/CMakeFiles/cubrid.dir/__/src/query/query_aggregate.cpp.o
[779/1299] Building CXX object cubrid/CMakeFiles/cubrid.dir/__/src/query/query_hash_scan.c.o
[780/1299] Building CXX object cubrid/CMakeFiles/cubrid.dir/__/src/storage/compactdb_sr.c.o
[781/1299] Building CXX object cubrid/CMakeFiles/cubrid.dir/__/src/session/session_sr.c.o
[782/1299] Building C object sa/CMakeFiles/cubridsa.dir/__/csql_grammar.c.o
/home/vimkim/gh/cb/pr7927-publication-release/build_preset_release_gcc/csql_grammar.c: In function ‘yyuserAction’:
/home/vimkim/gh/cb/pr7927-publication-release/build_preset_release_gcc/csql_grammar.c:42611:80: warning: implicit conversion from ‘enum pt_currency_types’ to ‘DB_CURRENCY’ [-Wenum-conversion]
42611 |                             pt_value_set_monetary (this_parser, val, str, txt, PT_CURRENCY_YEN);
      |                                                                                ^~~~~~~~~~~~~~~
/home/vimkim/gh/cb/pr7927-publication-release/build_preset_release_gcc/csql_grammar.c:42631:80: warning: implicit conversion from ‘enum pt_currency_types’ to ‘DB_CURRENCY’ [-Wenum-conversion]
42631 |                             pt_value_set_monetary (this_parser, val, str, txt, PT_CURRENCY_DOLLAR);
      |                                                                                ^~~~~~~~~~~~~~~~~~
/home/vimkim/gh/cb/pr7927-publication-release/build_preset_release_gcc/csql_grammar.c:42651:80: warning: implicit conversion from ‘enum pt_currency_types’ to ‘DB_CURRENCY’ [-Wenum-conversion]
42651 |                             pt_value_set_monetary (this_parser, val, str, txt, PT_CURRENCY_WON);
      |                                                                                ^~~~~~~~~~~~~~~
/home/vimkim/gh/cb/pr7927-publication-release/build_preset_release_gcc/csql_grammar.c:42671:80: warning: implicit conversion from ‘enum pt_currency_types’ to ‘DB_CURRENCY’ [-Wenum-conversion]
42671 |                             pt_value_set_monetary (this_parser, val, str, txt, PT_CURRENCY_TL);
      |                                                                                ^~~~~~~~~~~~~~
/home/vimkim/gh/cb/pr7927-publication-release/build_preset_release_gcc/csql_grammar.c:42691:80: warning: implicit conversion from ‘enum pt_currency_types’ to ‘DB_CURRENCY’ [-Wenum-conversion]
42691 |                             pt_value_set_monetary (this_parser, val, str, txt, PT_CURRENCY_BRITISH_POUND);
      |                                                                                ^~~~~~~~~~~~~~~~~~~~~~~~~
/home/vimkim/gh/cb/pr7927-publication-release/build_preset_release_gcc/csql_grammar.c:42710:80: warning: implicit conversion from ‘enum pt_currency_types’ to ‘DB_CURRENCY’ [-Wenum-conversion]
42710 |                             pt_value_set_monetary (this_parser, val, str, txt, PT_CURRENCY_CAMBODIAN_RIEL);
      |                                                                                ^~~~~~~~~~~~~~~~~~~~~~~~~~
/home/vimkim/gh/cb/pr7927-publication-release/build_preset_release_gcc/csql_grammar.c:42729:80: warning: implicit conversion from ‘enum pt_currency_types’ to ‘DB_CURRENCY’ [-Wenum-conversion]
42729 |                             pt_value_set_monetary (this_parser, val, str, txt, PT_CURRENCY_CHINESE_RENMINBI);
      |                                                                                ^~~~~~~~~~~~~~~~~~~~~~~~~~~~
/home/vimkim/gh/cb/pr7927-publication-release/build_preset_release_gcc/csql_grammar.c:42748:80: warning: implicit conversion from ‘enum pt_currency_types’ to ‘DB_CURRENCY’ [-Wenum-conversion]
42748 |                             pt_value_set_monetary (this_parser, val, str, txt, PT_CURRENCY_INDIAN_RUPEE);
      |                                                                                ^~~~~~~~~~~~~~~~~~~~~~~~
/home/vimkim/gh/cb/pr7927-publication-release/build_preset_release_gcc/csql_grammar.c:42767:80: warning: implicit conversion from ‘enum pt_currency_types’ to ‘DB_CURRENCY’ [-Wenum-conversion]
42767 |                             pt_value_set_monetary (this_parser, val, str, txt, PT_CURRENCY_RUSSIAN_RUBLE);
      |                                                                                ^~~~~~~~~~~~~~~~~~~~~~~~~
/home/vimkim/gh/cb/pr7927-publication-release/build_preset_release_gcc/csql_grammar.c:42786:80: warning: implicit conversion from ‘enum pt_currency_types’ to ‘DB_CURRENCY’ [-Wenum-conversion]
42786 |                             pt_value_set_monetary (this_parser, val, str, txt, PT_CURRENCY_AUSTRALIAN_DOLLAR);
      |                                                                                ^~~~~~~~~~~~~~~~~~~~~~~~~~~~~
/home/vimkim/gh/cb/pr7927-publication-release/build_preset_release_gcc/csql_grammar.c:42805:80: warning: implicit conversion from ‘enum pt_currency_types’ to ‘DB_CURRENCY’ [-Wenum-conversion]
42805 |                             pt_value_set_monetary (this_parser, val, str, txt, PT_CURRENCY_CANADIAN_DOLLAR);
      |                                                                                ^~~~~~~~~~~~~~~~~~~~~~~~~~~
/home/vimkim/gh/cb/pr7927-publication-release/build_preset_release_gcc/csql_grammar.c:42824:80: warning: implicit conversion from ‘enum pt_currency_types’ to ‘DB_CURRENCY’ [-Wenum-conversion]
42824 |                             pt_value_set_monetary (this_parser, val, str, txt, PT_CURRENCY_BRASILIAN_REAL);
      |                                                                                ^~~~~~~~~~~~~~~~~~~~~~~~~~
/home/vimkim/gh/cb/pr7927-publication-release/build_preset_release_gcc/csql_grammar.c:42843:80: warning: implicit conversion from ‘enum pt_currency_types’ to ‘DB_CURRENCY’ [-Wenum-conversion]
42843 |                             pt_value_set_monetary (this_parser, val, str, txt, PT_CURRENCY_ROMANIAN_LEU);
      |                                                                                ^~~~~~~~~~~~~~~~~~~~~~~~
/home/vimkim/gh/cb/pr7927-publication-release/build_preset_release_gcc/csql_grammar.c:42862:80: warning: implicit conversion from ‘enum pt_currency_types’ to ‘DB_CURRENCY’ [-Wenum-conversion]
42862 |                             pt_value_set_monetary (this_parser, val, str, txt, PT_CURRENCY_EURO);
      |                                                                                ^~~~~~~~~~~~~~~~
/home/vimkim/gh/cb/pr7927-publication-release/build_preset_release_gcc/csql_grammar.c:42881:80: warning: implicit conversion from ‘enum pt_currency_types’ to ‘DB_CURRENCY’ [-Wenum-conversion]
42881 |                             pt_value_set_monetary (this_parser, val, str, txt, PT_CURRENCY_SWISS_FRANC);
      |                                                                                ^~~~~~~~~~~~~~~~~~~~~~~
/home/vimkim/gh/cb/pr7927-publication-release/build_preset_release_gcc/csql_grammar.c:42900:80: warning: implicit conversion from ‘enum pt_currency_types’ to ‘DB_CURRENCY’ [-Wenum-conversion]
42900 |                             pt_value_set_monetary (this_parser, val, str, txt, PT_CURRENCY_DANISH_KRONE);
      |                                                                                ^~~~~~~~~~~~~~~~~~~~~~~~
/home/vimkim/gh/cb/pr7927-publication-release/build_preset_release_gcc/csql_grammar.c:42919:80: warning: implicit conversion from ‘enum pt_currency_types’ to ‘DB_CURRENCY’ [-Wenum-conversion]
42919 |                             pt_value_set_monetary (this_parser, val, str, txt, PT_CURRENCY_NORWEGIAN_KRONE);
      |                                                                                ^~~~~~~~~~~~~~~~~~~~~~~~~~~
/home/vimkim/gh/cb/pr7927-publication-release/build_preset_release_gcc/csql_grammar.c:42938:80: warning: implicit conversion from ‘enum pt_currency_types’ to ‘DB_CURRENCY’ [-Wenum-conversion]
42938 |                             pt_value_set_monetary (this_parser, val, str, txt, PT_CURRENCY_BULGARIAN_LEV);
      |                                                                                ^~~~~~~~~~~~~~~~~~~~~~~~~
/home/vimkim/gh/cb/pr7927-publication-release/build_preset_release_gcc/csql_grammar.c:42957:80: warning: implicit conversion from ‘enum pt_currency_types’ to ‘DB_CURRENCY’ [-Wenum-conversion]
42957 |                             pt_value_set_monetary (this_parser, val, str, txt, PT_CURRENCY_VIETNAMESE_DONG);
      |                                                                                ^~~~~~~~~~~~~~~~~~~~~~~~~~~
/home/vimkim/gh/cb/pr7927-publication-release/build_preset_release_gcc/csql_grammar.c:42976:80: warning: implicit conversion from ‘enum pt_currency_types’ to ‘DB_CURRENCY’ [-Wenum-conversion]
42976 |                             pt_value_set_monetary (this_parser, val, str, txt, PT_CURRENCY_CZECH_KORUNA);
      |                                                                                ^~~~~~~~~~~~~~~~~~~~~~~~
/home/vimkim/gh/cb/pr7927-publication-release/build_preset_release_gcc/csql_grammar.c:42995:80: warning: implicit conversion from ‘enum pt_currency_types’ to ‘DB_CURRENCY’ [-Wenum-conversion]
42995 |                             pt_value_set_monetary (this_parser, val, str, txt, PT_CURRENCY_POLISH_ZLOTY);
      |                                                                                ^~~~~~~~~~~~~~~~~~~~~~~~
/home/vimkim/gh/cb/pr7927-publication-release/build_preset_release_gcc/csql_grammar.c:43014:80: warning: implicit conversion from ‘enum pt_currency_types’ to ‘DB_CURRENCY’ [-Wenum-conversion]
43014 |                             pt_value_set_monetary (this_parser, val, str, txt, PT_CURRENCY_SWEDISH_KRONA);
      |                                                                                ^~~~~~~~~~~~~~~~~~~~~~~~~
/home/vimkim/gh/cb/pr7927-publication-release/build_preset_release_gcc/csql_grammar.c:43033:80: warning: implicit conversion from ‘enum pt_currency_types’ to ‘DB_CURRENCY’ [-Wenum-conversion]
43033 |                             pt_value_set_monetary (this_parser, val, str, txt, PT_CURRENCY_CROATIAN_KUNA);
      |                                                                                ^~~~~~~~~~~~~~~~~~~~~~~~~
/home/vimkim/gh/cb/pr7927-publication-release/build_preset_release_gcc/csql_grammar.c:43052:80: warning: implicit conversion from ‘enum pt_currency_types’ to ‘DB_CURRENCY’ [-Wenum-conversion]
43052 |                             pt_value_set_monetary (this_parser, val, str, txt, PT_CURRENCY_SERBIAN_DINAR);
      |                                                                                ^~~~~~~~~~~~~~~~~~~~~~~~~
/home/vimkim/gh/cb/pr7927-publication-release/build_preset_release_gcc/csql_grammar.c: In function ‘pt_value_set_monetary’:
/home/vimkim/gh/cb/pr7927-publication-release/build_preset_release_gcc/csql_grammar.c:49108:42: warning: implicit conversion from ‘DB_CURRENCY’ to ‘PT_CURRENCY’ {aka ‘enum pt_currency_types’} [-Wenum-conversion]
49108 |   node->info.value.data_value.money.type = type;
      |                                          ^
[783/1299] Building CXX object cubrid/CMakeFiles/cubrid.dir/__/src/query/query_hash_join.c.o
[784/1299] Building CXX object cubrid/CMakeFiles/cubrid.dir/__/src/storage/record_descriptor.cpp.o
[785/1299] Building CXX object cubrid/CMakeFiles/cubrid.dir/__/src/loaddb/load_worker_manager.cpp.o
[786/1299] Building CXX object cubrid/CMakeFiles/cubrid.dir/__/src/query/query_dump.c.o
[787/1299] Building CXX object cubrid/CMakeFiles/cubrid.dir/__/src/thread/critical_section_tracker.cpp.o
[788/1299] Building CXX object cubrid/CMakeFiles/cubrid.dir/__/src/query/query_manager.c.o
[789/1299] Building CXX object cubrid/CMakeFiles/cubrid.dir/__/src/query/arithmetic.c.o
[790/1299] Building CXX object cubrid/CMakeFiles/cubrid.dir/__/src/object/object_domain.c.o
[791/1299] Building CXX object cubrid/CMakeFiles/cubrid.dir/__/src/query/stream_to_xasl.c.o
[792/1299] Building CXX object cubrid/CMakeFiles/cubrid.dir/__/src/storage/heap_oos.cpp.o
In file included from /home/vimkim/gh/cb/pr7927-publication-release/src/base/memory_alloc.h:54,
                 from /home/vimkim/gh/cb/pr7927-publication-release/src/base/memory_hash.h:30,
                 from /home/vimkim/gh/cb/pr7927-publication-release/src/storage/file_io.h:33,
                 from /home/vimkim/gh/cb/pr7927-publication-release/src/transaction/log_manager.h:37,
                 from /home/vimkim/gh/cb/pr7927-publication-release/src/storage/file_manager.h:33,
                 from /home/vimkim/gh/cb/pr7927-publication-release/src/storage/heap_file.h:34,
                 from /home/vimkim/gh/cb/pr7927-publication-release/src/storage/heap_oos.hpp:26,
                 from /home/vimkim/gh/cb/pr7927-publication-release/src/storage/heap_oos.cpp:26:
In function ‘void cub_free(void*)’,
    inlined from ‘void operator delete(void*, size_t)’ at /home/vimkim/gh/cb/pr7927-publication-release/src/base/memory_wrapper.hpp:75:12,
    inlined from ‘void __gnu_cxx::new_allocator<_Tp>::deallocate(_Tp*, __gnu_cxx::new_allocator<_Tp>::size_type) [with _Tp = char]’ at /usr/include/c++/11/ext/new_allocator.h:145:19,
    inlined from ‘static void std::allocator_traits<std::allocator<_Tp1> >::deallocate(std::allocator_traits<std::allocator<_Tp1> >::allocator_type&, std::allocator_traits<std::allocator<_Tp1> >::pointer, std::allocator_traits<std::allocator<_Tp1> >::size_type) [with _Tp = char]’ at /usr/include/c++/11/bits/alloc_traits.h:496:23,
    inlined from ‘void std::_Vector_base<_Tp, _Alloc>::_M_deallocate(std::_Vector_base<_Tp, _Alloc>::pointer, std::size_t) [with _Tp = char; _Alloc = std::allocator<char>]’ at /usr/include/c++/11/bits/stl_vector.h:354:19,
    inlined from ‘std::_Vector_base<_Tp, _Alloc>::~_Vector_base() [with _Tp = char; _Alloc = std::allocator<char>]’ at /usr/include/c++/11/bits/stl_vector.h:335:15,
    inlined from ‘std::vector<_Tp, _Alloc>::~vector() [with _Tp = char; _Alloc = std::allocator<char>]’ at /usr/include/c++/11/bits/stl_vector.h:683:7,
    inlined from ‘SCAN_CODE heap_record_replace_oos_oids(THREAD_ENTRY*, HEAP_GET_CONTEXT*)’ at /home/vimkim/gh/cb/pr7927-publication-release/src/storage/heap_oos.cpp:688:5:
/home/vimkim/gh/cb/pr7927-publication-release/src/base/memory_cwrapper.h:86:8: warning: ‘void free(void*)’ called on pointer returned from a mismatched allocation function [-Wmismatched-new-delete]
   86 |   free (ptr);
      |   ~~~~~^~~~~
In file included from /usr/include/c++/11/x86_64-redhat-linux/bits/c++allocator.h:33,
                 from /usr/include/c++/11/bits/allocator.h:46,
                 from /usr/include/c++/11/vector:64,
                 from /home/vimkim/gh/cb/pr7927-publication-release/src/transaction/log_lsa.hpp:32,
                 from /home/vimkim/gh/cb/pr7927-publication-release/src/storage/disk_manager.h:30,
                 from /home/vimkim/gh/cb/pr7927-publication-release/src/storage/file_manager.h:32,
                 from /home/vimkim/gh/cb/pr7927-publication-release/src/storage/heap_file.h:34,
                 from /home/vimkim/gh/cb/pr7927-publication-release/src/storage/heap_oos.hpp:26,
                 from /home/vimkim/gh/cb/pr7927-publication-release/src/storage/heap_oos.cpp:26:
/usr/include/c++/11/ext/new_allocator.h: In function ‘SCAN_CODE heap_record_replace_oos_oids(THREAD_ENTRY*, HEAP_GET_CONTEXT*)’:
/usr/include/c++/11/ext/new_allocator.h:127:48: note: returned from ‘void* operator new(std::size_t)’
  127 |         return static_cast<_Tp*>(::operator new(__n * sizeof(_Tp)));
      |                                  ~~~~~~~~~~~~~~^~~~~~~~~~~~~~~~~~~
[793/1299] Building CXX object cubrid/CMakeFiles/cubrid.dir/__/src/thread/thread_worker_pool_impl.cpp.o
[794/1299] Building CXX object cubrid/CMakeFiles/cubrid.dir/__/src/query/filter_pred_cache.c.o
[795/1299] Building CXX object cubrid/CMakeFiles/cubrid.dir/__/src/thread/thread_daemon.cpp.o
[796/1299] Building CXX object cubrid/CMakeFiles/cubrid.dir/__/src/query/memoize.cpp.o
[797/1299] Building CXX object cubrid/CMakeFiles/cubrid.dir/__/src/storage/overflow_file.c.o
[798/1299] Building CXX object cubrid/CMakeFiles/cubrid.dir/__/src/transaction/log_lsa.cpp.o
[799/1299] Building CXX object cubrid/CMakeFiles/cubrid.dir/__/src/object/object_primitive.c.o
[800/1299] Building CXX object cubrid/CMakeFiles/cubrid.dir/__/src/transaction/client_credentials.cpp.o
[801/1299] Building CXX object cubrid/CMakeFiles/cubrid.dir/__/src/query/serial.c.o
[802/1299] Building CXX object cubrid/CMakeFiles/cubrid.dir/__/src/query/list_file.c.o
[803/1299] Building CXX object cubrid/CMakeFiles/cubrid.dir/__/src/storage/bestspace.cpp.o
[804/1299] Building CXX object cubrid/CMakeFiles/cubrid.dir/__/src/communication/network_interface_sr.cpp.o
In file included from /home/vimkim/gh/cb/pr7927-publication-release/src/base/memory_alloc.h:54,
                 from /home/vimkim/gh/cb/pr7927-publication-release/src/connection/connection_defs.h:38,
                 from /home/vimkim/gh/cb/pr7927-publication-release/src/base/perf_monitor.h:30,
                 from /home/vimkim/gh/cb/pr7927-publication-release/src/communication/network_interface_sr.cpp:36:
In function ‘void cub_free(void*)’,
    inlined from ‘void operator delete(void*, size_t)’ at /home/vimkim/gh/cb/pr7927-publication-release/src/base/memory_wrapper.hpp:75:12,
    inlined from ‘void __gnu_cxx::new_allocator<_Tp>::deallocate(_Tp*, __gnu_cxx::new_allocator<_Tp>::size_type) [with _Tp = std::__detail::_Hash_node<db_identifier, true>]’ at /usr/include/c++/11/ext/new_allocator.h:145:19,
    inlined from ‘static void std::allocator_traits<std::allocator<_Tp1> >::deallocate(std::allocator_traits<std::allocator<_Tp1> >::allocator_type&, std::allocator_traits<std::allocator<_Tp1> >::pointer, std::allocator_traits<std::allocator<_Tp1> >::size_type) [with _Tp = std::__detail::_Hash_node<db_identifier, true>]’ at /usr/include/c++/11/bits/alloc_traits.h:496:23,
    inlined from ‘void std::__detail::_Hashtable_alloc<_NodeAlloc>::_M_deallocate_node_ptr(std::__detail::_Hashtable_alloc<_NodeAlloc>::__node_ptr) [with _NodeAlloc = std::allocator<std::__detail::_Hash_node<db_identifier, true> >]’ at /usr/include/c++/11/bits/hashtable_policy.h:1909:38,
    inlined from ‘void std::__detail::_Hashtable_alloc<_NodeAlloc>::_M_deallocate_node(std::__detail::_Hashtable_alloc<_NodeAlloc>::__node_ptr) [with _NodeAlloc = std::allocator<std::__detail::_Hash_node<db_identifier, true> >]’ at /usr/include/c++/11/bits/hashtable_policy.h:1899:29,
    inlined from ‘std::_Hashtable<_Key, _Value, _Alloc, _ExtractKey, _Equal, _Hash, _RangeHash, _Unused, _RehashPolicy, _Traits>::_Scoped_node::~_Scoped_node() [with _Key = db_identifier; _Value = db_identifier; _Alloc = std::allocator<db_identifier>; _ExtractKey = std::__detail::_Identity; _Equal = std::equal_to<db_identifier>; _Hash = std::hash<db_identifier>; _RangeHash = std::__detail::_Mod_range_hashing; _Unused = std::__detail::_Default_ranged_hash; _RehashPolicy = std::__detail::_Prime_rehash_policy; _Traits = std::__detail::_Hashtable_traits<true, true, true>]’ at /usr/include/c++/11/bits/hashtable.h:308:57,
    inlined from ‘std::pair<typename std::__detail::_Insert<_Key, _Value, _Alloc, _ExtractKey, _Equal, _Hash, _RangeHash, _Unused, _RehashPolicy, _Traits>::iterator, bool> std::_Hashtable<_Key, _Value, _Alloc, _ExtractKey, _Equal, _Hash, _RangeHash, _Unused, _RehashPolicy, _Traits>::_M_emplace(std::true_type, _Args&& ...) [with _Args = {db_identifier&}; _Key = db_identifier; _Value = db_identifier; _Alloc = std::allocator<db_identifier>; _ExtractKey = std::__detail::_Identity; _Equal = std::equal_to<db_identifier>; _Hash = std::hash<db_identifier>; _RangeHash = std::__detail::_Mod_range_hashing; _Unused = std::__detail::_Default_ranged_hash; _RehashPolicy = std::__detail::_Prime_rehash_policy; _Traits = std::__detail::_Hashtable_traits<true, true, true>]’ at /usr/include/c++/11/bits/hashtable.h:1978:7,
    inlined from ‘std::_Hashtable<_Key, _Value, _Alloc, _ExtractKey, _Equal, _Hash, _RangeHash, _Unused, _RehashPolicy, _Traits>::__ireturn_type std::_Hashtable<_Key, _Value, _Alloc, _ExtractKey, _Equal, _Hash, _RangeHash, _Unused, _RehashPolicy, _Traits>::emplace(_Args&& ...) [with _Args = {db_identifier&}; _Key = db_identifier; _Value = db_identifier; _Alloc = std::allocator<db_identifier>; _ExtractKey = std::__detail::_Identity; _Equal = std::equal_to<db_identifier>; _Hash = std::hash<db_identifier>; _RangeHash = std::__detail::_Mod_range_hashing; _Unused = std::__detail::_Default_ranged_hash; _RehashPolicy = std::__detail::_Prime_rehash_policy; _Traits = std::__detail::_Hashtable_traits<true, true, true>]’ at /usr/include/c++/11/bits/hashtable.h:915:21,
    inlined from ‘std::pair<typename std::_Hashtable<_Value, _Value, _Alloc, std::__detail::_Identity, _Pred, _Hash, std::__detail::_Mod_range_hashing, std::__detail::_Default_ranged_hash, std::__detail::_Prime_rehash_policy, std::__detail::_Hashtable_traits<std::__not_<std::__and_<std::__is_fast_hash<_Hash>, std::__is_nothrow_invocable<const _Hash&, const _Tp&> > >::value, true, true> >::iterator, bool> std::unordered_set<_Value, _Hash, _Pred, _Alloc>::emplace(_Args&& ...) [with _Args = {db_identifier&}; _Value = db_identifier; _Hash = std::hash<db_identifier>; _Pred = std::equal_to<db_identifier>; _Alloc = std::allocator<db_identifier>]’ at /usr/include/c++/11/bits/unordered_set.h:378:23,
    inlined from ‘void sflashback_get_loginfo(THREAD_ENTRY*, unsigned int, char*, int)’ at /home/vimkim/gh/cb/pr7927-publication-release/src/communication/network_interface_sr.cpp:12021:36:
/home/vimkim/gh/cb/pr7927-publication-release/src/base/memory_cwrapper.h:86:8: warning: ‘void free(void*)’ called on pointer returned from a mismatched allocation function [-Wmismatched-new-delete]
   86 |   free (ptr);
      |   ~~~~~^~~~~
In file included from /usr/include/c++/11/x86_64-redhat-linux/bits/c++allocator.h:33,
                 from /usr/include/c++/11/bits/allocator.h:46,
                 from /usr/include/c++/11/memory:64,
                 from /home/vimkim/gh/cb/pr7927-publication-release/src/base/filesys.hpp:26,
                 from /home/vimkim/gh/cb/pr7927-publication-release/src/communication/network_interface_sr.cpp:32:
/usr/include/c++/11/ext/new_allocator.h: In function ‘void sflashback_get_loginfo(THREAD_ENTRY*, unsigned int, char*, int)’:
/usr/include/c++/11/ext/new_allocator.h:127:48: note: returned from ‘void* operator new(std::size_t)’
  127 |         return static_cast<_Tp*>(::operator new(__n * sizeof(_Tp)));
      |                                  ~~~~~~~~~~~~~~^~~~~~~~~~~~~~~~~~~
[805/1299] Building CXX object cubrid/CMakeFiles/cubrid.dir/__/src/thread/thread_worker_pool_taskcap.cpp.o
[806/1299] Building CXX object cubrid/CMakeFiles/cubrid.dir/__/src/thread/thread_entry_task.cpp.o
[807/1299] Building CXX object cubrid/CMakeFiles/cubrid.dir/__/src/storage/extendible_hash.c.o
[808/1299] Building CXX object cubrid/CMakeFiles/cubrid.dir/__/src/thread/critical_section.c.o
[809/1299] Building CXX object cubrid/CMakeFiles/cubrid.dir/__/src/transaction/log_comm.c.o
[810/1299] Building CXX object cubrid/CMakeFiles/cubrid.dir/__/src/thread/thread_manager.cpp.o
[811/1299] Building CXX object cubrid/CMakeFiles/cubrid.dir/__/src/storage/tde.c.o
[812/1299] Building CXX object cubrid/CMakeFiles/cubrid.dir/__/src/storage/statistics_sr.c.o
[813/1299] Building CXX object cubrid/CMakeFiles/cubrid.dir/__/src/transaction/locator.c.o
[814/1299] Building CXX object cubrid/CMakeFiles/cubrid.dir/__/src/query/xasl_cache.c.o
[815/1299] Building CXX object cubrid/CMakeFiles/cubrid.dir/__/src/transaction/log_recovery_redo.cpp.o
[816/1299] Building CXX object cubrid/CMakeFiles/cubrid.dir/__/src/transaction/log_postpone_cache.cpp.o
[817/1299] Building CXX object cubrid/CMakeFiles/cubrid.dir/__/src/query/scan_manager.c.o
[818/1299] Building CXX object cubrid/CMakeFiles/cubrid.dir/__/src/storage/disk_manager.c.o
/home/vimkim/gh/cb/pr7927-publication-release/src/storage/disk_manager.c: In function ‘int disk_spacedb(THREAD_ENTRY*, SPACEDB_ALL*, SPACEDB_ONEVOL**)’:
/home/vimkim/gh/cb/pr7927-publication-release/src/storage/disk_manager.c:6157:19: warning: ‘char* strncpy(char*, const char*, size_t)’ specified bound 4096 equals destination size [-Wstringop-truncation]
 6157 |           strncpy ((*spacevols)[iter_spacevols].name, disk_vhdr_get_vol_fullname (volheader), DB_MAX_PATH_LENGTH);
      |           ~~~~~~~~^~~~~~~~~~~~~~~~~~~~~~~~~~~~~~~~~~~~~~~~~~~~~~~~~~~~~~~~~~~~~~~~~~~~~~~~~~~~~~~~~~~~~~~~~~~~~~~
[819/1299] Building CXX object cubrid/CMakeFiles/cubrid.dir/__/src/transaction/log_global.c.o
[820/1299] Building CXX object cubrid/CMakeFiles/cubrid.dir/__/src/storage/external_sort.c.o
[821/1299] Building CXX object cubrid/CMakeFiles/cubrid.dir/__/src/thread/thread_lockfree_hash_map.cpp.o
[822/1299] Building CXX object cubrid/CMakeFiles/cubrid.dir/__/src/query/fetch.c.o
[823/1299] Building CXX object cubrid/CMakeFiles/cubrid.dir/__/src/transaction/log_2pc.c.o
[824/1299] Building CXX object cubrid/CMakeFiles/cubrid.dir/__/src/xasl/xasl_unpack_info.cpp.o
[825/1299] Building CXX object cubrid/CMakeFiles/cubrid.dir/__/src/query/query_opfunc.c.o
[826/1299] Building CXX object cubrid/CMakeFiles/cubrid.dir/__/src/transaction/log_compress.c.o
[827/1299] Building CXX object cubrid/CMakeFiles/cubrid.dir/__/src/transaction/log_append.cpp.o
[828/1299] Building CXX object cubrid/CMakeFiles/cubrid.dir/__/src/xasl/access_json_table.cpp.o
[829/1299] Building CXX object cubrid/CMakeFiles/cubrid.dir/__/src/storage/catalog_class.c.o
[830/1299] Building CXX object cubrid/CMakeFiles/cubrid.dir/__/src/storage/oos_file.cpp.o
[831/1299] Building CXX object util/CMakeFiles/csql.dir/__/src/base/cubrid_getopt_long.c.o
[832/1299] Building CXX object cubrid/CMakeFiles/cubrid.dir/__/src/transaction/mvcc.c.o
[833/1299] Building CXX object cubrid/CMakeFiles/cubrid.dir/__/src/session/session.c.o
[834/1299] Building CXX object cubrid/CMakeFiles/cubrid.dir/__/src/transaction/mvcc_active_tran.cpp.o
[835/1299] Building CXX object util/CMakeFiles/csql.dir/__/src/base/porting.c.o
[836/1299] Building CXX object cubrid/CMakeFiles/cubrid.dir/__/src/storage/slotted_page.c.o
[837/1299] Building CXX object cubrid/CMakeFiles/cubrid.dir/__/src/storage/btree_sort.c.o
[838/1299] Building CXX object cubrid/CMakeFiles/cubrid.dir/__/src/transaction/recovery.c.o
[839/1299] Building CXX object cubrid/CMakeFiles/cubrid.dir/__/src/thread/thread_entry.cpp.o
[840/1299] Building CXX object cubrid/CMakeFiles/cubrid.dir/__/src/storage/file_io.c.o
/home/vimkim/gh/cb/pr7927-publication-release/src/storage/file_io.c: In function ‘int fileio_cache(VOLID, const char*, int, FILEIO_LOCKF_TYPE)’:
/home/vimkim/gh/cb/pr7927-publication-release/src/storage/file_io.c:5998:15: warning: ‘char* strncpy(char*, const char*, size_t)’ specified bound 4096 equals destination size [-Wstringop-truncation]
 5998 |       strncpy (vol_info_p->vlabel, vol_label_p, PATH_MAX);
      |       ~~~~~~~~^~~~~~~~~~~~~~~~~~~~~~~~~~~~~~~~~~~~~~~~~~~
/home/vimkim/gh/cb/pr7927-publication-release/src/storage/file_io.c: In function ‘int fileio_backup_volume(THREAD_ENTRY*, FILEIO_BACKUP_SESSION*, const char*, VOLID, PAGEID, bool)’:
/home/vimkim/gh/cb/pr7927-publication-release/src/storage/file_io.c:8394:11: warning: ‘char* strncpy(char*, const char*, size_t)’ specified bound 4096 equals destination size [-Wstringop-truncation]
 8394 |   strncpy (file_header_p->vlabel, session_p->dbfile.vlabel, PATH_MAX);
      |   ~~~~~~~~^~~~~~~~~~~~~~~~~~~~~~~~~~~~~~~~~~~~~~~~~~~~~~~~~~~~~~~~~~~
[841/1299] Building CXX object cubrid/CMakeFiles/cubrid.dir/__/src/transaction/replication.c.o
[842/1299] Building CXX object cubrid/CMakeFiles/cubrid.dir/__/src/transaction/mvcc_table.cpp.o
[843/1299] Building CXX object cubrid/CMakeFiles/cubrid.dir/__/src/transaction/log_system_tran.cpp.o
[844/1299] Building CXX object util/CMakeFiles/cubrid_rel.dir/__/src/executables/cubrid_version.c.o
[845/1299] Building CXX object util/CMakeFiles/csql.dir/__/src/executables/util_support.c.o
[846/1299] Building CXX object cubrid/CMakeFiles/cubrid.dir/__/src/transaction/log_writer.c.o
[847/1299] Building CXX object cubrid/CMakeFiles/cubrid.dir/__/src/xasl/xasl_analytic.cpp.o
[848/1299] Building CXX object util/CMakeFiles/cub_master.dir/__/src/executables/master_util.c.o
[849/1299] Building CXX object util/CMakeFiles/cubrid-bin.dir/__/src/executables/util_support.c.o
[850/1299] Building CXX object cubrid/CMakeFiles/cubrid.dir/__/src/query/parallel/px_scan/px_scan_instnum.cpp.o
[851/1299] Building CXX object cubrid/CMakeFiles/cubrid.dir/__/src/transaction/transaction_sr.c.o
[852/1299] Building CXX object cubrid/CMakeFiles/cubrid.dir/__/src/query/parallel/px_hash_join/px_hash_join_spawn_manager.cpp.o
[853/1299] Building CXX object util/CMakeFiles/cub_admin.dir/__/src/base/cubrid_getopt_long.c.o
[854/1299] Building CXX object cubrid/CMakeFiles/cubrid.dir/__/src/xasl/xasl_predicate.cpp.o
[855/1299] Building CXX object util/CMakeFiles/cub_admin.dir/__/src/base/porting.c.o
[856/1299] Building CXX object util/CMakeFiles/csql.dir/__/src/executables/csql_launcher.c.o
[857/1299] Building CXX object util/CMakeFiles/cub_commdb.dir/__/src/executables/util_support.c.o
[858/1299] Building CXX object cubrid/CMakeFiles/cubrid.dir/__/src/transaction/transaction_transient.cpp.o
[859/1299] Building CXX object util/CMakeFiles/cub_admin.dir/__/src/executables/util_support.c.o
[860/1299] Building C object util/CMakeFiles/gencat.dir/__/src/executables/gencat.c.o
[861/1299] Building CXX object util/CMakeFiles/cub_commdb.dir/__/src/executables/master_util.c.o
[862/1299] Building CXX object cubrid/CMakeFiles/cubrid.dir/__/src/query/parallel/px_scan/px_scan_input_handler_list.cpp.o
[863/1299] Building CXX object util/CMakeFiles/gencat.dir/__/src/base/porting.c.o
[864/1299] Linking CXX executable bin/gencat
[865/1299] Building CXX object cubrid/CMakeFiles/cubrid.dir/__/src/transaction/boot_sr.c.o
[866/1299] Building CXX object cubrid/CMakeFiles/cubrid.dir/__/src/storage/file_manager.c.o
In file included from /home/vimkim/gh/cb/pr7927-publication-release/src/base/memory_alloc.h:54,
                 from /home/vimkim/gh/cb/pr7927-publication-release/src/base/memory_hash.h:30,
                 from /home/vimkim/gh/cb/pr7927-publication-release/src/storage/file_io.h:33,
                 from /home/vimkim/gh/cb/pr7927-publication-release/src/transaction/log_manager.h:37,
                 from /home/vimkim/gh/cb/pr7927-publication-release/src/storage/file_manager.h:33,
                 from /home/vimkim/gh/cb/pr7927-publication-release/src/storage/file_manager.c:35:
In function ‘void cub_free(void*)’,
    inlined from ‘void operator delete(void*, size_t)’ at /home/vimkim/gh/cb/pr7927-publication-release/src/base/memory_wrapper.hpp:75:12,
    inlined from ‘void __gnu_cxx::new_allocator<_Tp>::deallocate(_Tp*, __gnu_cxx::new_allocator<_Tp>::size_type) [with _Tp = std::__detail::_Hash_node<std::pair<const vfid, FILE_TYPE>, true>]’ at /usr/include/c++/11/ext/new_allocator.h:145:19,
    inlined from ‘static void std::allocator_traits<std::allocator<_Tp1> >::deallocate(std::allocator_traits<std::allocator<_Tp1> >::allocator_type&, std::allocator_traits<std::allocator<_Tp1> >::pointer, std::allocator_traits<std::allocator<_Tp1> >::size_type) [with _Tp = std::__detail::_Hash_node<std::pair<const vfid, FILE_TYPE>, true>]’ at /usr/include/c++/11/bits/alloc_traits.h:496:23,
    inlined from ‘void std::__detail::_Hashtable_alloc<_NodeAlloc>::_M_deallocate_node_ptr(std::__detail::_Hashtable_alloc<_NodeAlloc>::__node_ptr) [with _NodeAlloc = std::allocator<std::__detail::_Hash_node<std::pair<const vfid, FILE_TYPE>, true> >]’ at /usr/include/c++/11/bits/hashtable_policy.h:1909:38,
    inlined from ‘void std::__detail::_Hashtable_alloc<_NodeAlloc>::_M_deallocate_node(std::__detail::_Hashtable_alloc<_NodeAlloc>::__node_ptr) [with _NodeAlloc = std::allocator<std::__detail::_Hash_node<std::pair<const vfid, FILE_TYPE>, true> >]’ at /usr/include/c++/11/bits/hashtable_policy.h:1899:29,
    inlined from ‘std::_Hashtable<_Key, _Value, _Alloc, _ExtractKey, _Equal, _Hash, _RangeHash, _Unused, _RehashPolicy, _Traits>::_Scoped_node::~_Scoped_node() [with _Key = vfid; _Value = std::pair<const vfid, FILE_TYPE>; _Alloc = std::allocator<std::pair<const vfid, FILE_TYPE> >; _ExtractKey = std::__detail::_Select1st; _Equal = std::equal_to<vfid>; _Hash = std::hash<vfid>; _RangeHash = std::__detail::_Mod_range_hashing; _Unused = std::__detail::_Default_ranged_hash; _RehashPolicy = std::__detail::_Prime_rehash_policy; _Traits = std::__detail::_Hashtable_traits<true, false, true>]’ at /usr/include/c++/11/bits/hashtable.h:308:57,
    inlined from ‘std::pair<typename std::__detail::_Insert<_Key, _Value, _Alloc, _ExtractKey, _Equal, _Hash, _RangeHash, _Unused, _RehashPolicy, _Traits>::iterator, bool> std::_Hashtable<_Key, _Value, _Alloc, _ExtractKey, _Equal, _Hash, _RangeHash, _Unused, _RehashPolicy, _Traits>::_M_emplace(std::true_type, _Args&& ...) [with _Args = {vfid, FILE_TYPE&}; _Key = vfid; _Value = std::pair<const vfid, FILE_TYPE>; _Alloc = std::allocator<std::pair<const vfid, FILE_TYPE> >; _ExtractKey = std::__detail::_Select1st; _Equal = std::equal_to<vfid>; _Hash = std::hash<vfid>; _RangeHash = std::__detail::_Mod_range_hashing; _Unused = std::__detail::_Default_ranged_hash; _RehashPolicy = std::__detail::_Prime_rehash_policy; _Traits = std::__detail::_Hashtable_traits<true, false, true>]’ at /usr/include/c++/11/bits/hashtable.h:1978:7,
    inlined from ‘std::_Hashtable<_Key, _Value, _Alloc, _ExtractKey, _Equal, _Hash, _RangeHash, _Unused, _RehashPolicy, _Traits>::__ireturn_type std::_Hashtable<_Key, _Value, _Alloc, _ExtractKey, _Equal, _Hash, _RangeHash, _Unused, _RehashPolicy, _Traits>::emplace(_Args&& ...) [with _Args = {vfid, FILE_TYPE&}; _Key = vfid; _Value = std::pair<const vfid, FILE_TYPE>; _Alloc = std::allocator<std::pair<const vfid, FILE_TYPE> >; _ExtractKey = std::__detail::_Select1st; _Equal = std::equal_to<vfid>; _Hash = std::hash<vfid>; _RangeHash = std::__detail::_Mod_range_hashing; _Unused = std::__detail::_Default_ranged_hash; _RehashPolicy = std::__detail::_Prime_rehash_policy; _Traits = std::__detail::_Hashtable_traits<true, false, true>]’ at /usr/include/c++/11/bits/hashtable.h:915:21,
    inlined from ‘std::pair<typename std::_Hashtable<_Key, std::pair<const _Key, _Tp>, _Alloc, std::__detail::_Select1st, _Pred, _Hash, std::__detail::_Mod_range_hashing, std::__detail::_Default_ranged_hash, std::__detail::_Prime_rehash_policy, std::__detail::_Hashtable_traits<std::__not_<std::__and_<std::__is_fast_hash<_Hash>, std::__is_nothrow_invocable<const _Hash&, const _Key&> > >::value, false, true> >::iterator, bool> std::unordered_map<_Key, _Tp, _Hash, _Pred, _Alloc>::emplace(_Args&& ...) [with _Args = {vfid, FILE_TYPE&}; _Key = vfid; _Tp = FILE_TYPE; _Hash = std::hash<vfid>; _Pred = std::equal_to<vfid>; _Alloc = std::allocator<std::pair<const vfid, FILE_TYPE> >]’ at /usr/include/c++/11/bits/unordered_map.h:389:23,
    inlined from ‘int file_tracker_item_collect_invalid_file(THREAD_ENTRY*, PAGE_PTR, FILE_EXTENSIBLE_DATA*, int, bool*, void*)’ at /home/vimkim/gh/cb/pr7927-publication-release/src/storage/file_manager.c:11639:52:
/home/vimkim/gh/cb/pr7927-publication-release/src/base/memory_cwrapper.h:86:8: warning: ‘void free(void*)’ called on pointer returned from a mismatched allocation function [-Wmismatched-new-delete]
   86 |   free (ptr);
      |   ~~~~~^~~~~
In file included from /usr/include/c++/11/x86_64-redhat-linux/bits/c++allocator.h:33,
                 from /usr/include/c++/11/bits/allocator.h:46,
                 from /usr/include/c++/11/unordered_map:40,
                 from /home/vimkim/gh/cb/pr7927-publication-release/src/storage/file_manager.c:32:
/usr/include/c++/11/ext/new_allocator.h: In function ‘int file_tracker_item_collect_invalid_file(THREAD_ENTRY*, PAGE_PTR, FILE_EXTENSIBLE_DATA*, int, bool*, void*)’:
/usr/include/c++/11/ext/new_allocator.h:127:48: note: returned from ‘void* operator new(std::size_t)’
  127 |         return static_cast<_Tp*>(::operator new(__n * sizeof(_Tp)));
      |                                  ~~~~~~~~~~~~~~^~~~~~~~~~~~~~~~~~~
[867/1299] Building CXX object util/CMakeFiles/unittests_lf.dir/__/src/executables/unittests_lf.c.o
[868/1299] Building CXX object cubrid/CMakeFiles/cubrid.dir/__/src/xasl/xasl_stream.cpp.o
[869/1299] Building CXX object util/CMakeFiles/cub_admin.dir/__/src/executables/util_admin.c.o
[870/1299] Building CXX object util/CMakeFiles/cub_commdb.dir/__/src/executables/commdb.c.o
[871/1299] Building CXX object util/CMakeFiles/cub_master.dir/__/src/executables/master_request.c.o
[872/1299] Building CXX object cubrid/CMakeFiles/cubrid.dir/__/src/query/parallel/px_hash_join/px_hash_join_task_manager.cpp.o
[873/1299] Building CXX object cubrid/CMakeFiles/cubrid.dir/__/src/query/parallel/px_callable_task.cpp.o
[874/1299] Building CXX object util/CMakeFiles/cub_master.dir/__/src/executables/master.c.o
[875/1299] Building CXX object util/CMakeFiles/unittests_bit.dir/__/src/executables/unittests_bit.c.o
[876/1299] Building CXX object cubrid/CMakeFiles/cubrid.dir/__/src/query/string_regex_std.cpp.o
[877/1299] Building CXX object cubrid/CMakeFiles/cubrid.dir/__/src/storage/system_catalog.c.o
[878/1299] Building CXX object cubrid/CMakeFiles/cubrid.dir/__/src/query/parallel/px_scan/px_scan_input_handler_index.cpp.o
[879/1299] Building CXX object cubrid/CMakeFiles/cubrid.dir/__/src/query/parallel/px_scan/index/px_scan_index_leaf_page_dispatcher.cpp.o
[880/1299] Building CXX object cubrid/CMakeFiles/cubrid.dir/__/src/transaction/flashback.c.o
In file included from /home/vimkim/gh/cb/pr7927-publication-release/src/base/memory_alloc.h:54,
                 from /home/vimkim/gh/cb/pr7927-publication-release/src/base/memory_hash.h:30,
                 from /home/vimkim/gh/cb/pr7927-publication-release/src/storage/file_io.h:33,
                 from /home/vimkim/gh/cb/pr7927-publication-release/src/transaction/flashback.h:38,
                 from /home/vimkim/gh/cb/pr7927-publication-release/src/transaction/flashback.c:45:
In function ‘void cub_free(void*)’,
    inlined from ‘void operator delete(void*, size_t)’ at /home/vimkim/gh/cb/pr7927-publication-release/src/base/memory_wrapper.hpp:75:12,
    inlined from ‘void __gnu_cxx::new_allocator<_Tp>::deallocate(_Tp*, __gnu_cxx::new_allocator<_Tp>::size_type) [with _Tp = std::__detail::_Hash_node<db_identifier, true>]’ at /usr/include/c++/11/ext/new_allocator.h:145:19,
    inlined from ‘static void std::allocator_traits<std::allocator<_Tp1> >::deallocate(std::allocator_traits<std::allocator<_Tp1> >::allocator_type&, std::allocator_traits<std::allocator<_Tp1> >::pointer, std::allocator_traits<std::allocator<_Tp1> >::size_type) [with _Tp = std::__detail::_Hash_node<db_identifier, true>]’ at /usr/include/c++/11/bits/alloc_traits.h:496:23,
    inlined from ‘void std::__detail::_Hashtable_alloc<_NodeAlloc>::_M_deallocate_node_ptr(std::__detail::_Hashtable_alloc<_NodeAlloc>::__node_ptr) [with _NodeAlloc = std::allocator<std::__detail::_Hash_node<db_identifier, true> >]’ at /usr/include/c++/11/bits/hashtable_policy.h:1909:38,
    inlined from ‘void std::__detail::_Hashtable_alloc<_NodeAlloc>::_M_deallocate_node(std::__detail::_Hashtable_alloc<_NodeAlloc>::__node_ptr) [with _NodeAlloc = std::allocator<std::__detail::_Hash_node<db_identifier, true> >]’ at /usr/include/c++/11/bits/hashtable_policy.h:1899:29,
    inlined from ‘std::_Hashtable<_Key, _Value, _Alloc, _ExtractKey, _Equal, _Hash, _RangeHash, _Unused, _RehashPolicy, _Traits>::_Scoped_node::~_Scoped_node() [with _Key = db_identifier; _Value = db_identifier; _Alloc = std::allocator<db_identifier>; _ExtractKey = std::__detail::_Identity; _Equal = std::equal_to<db_identifier>; _Hash = std::hash<db_identifier>; _RangeHash = std::__detail::_Mod_range_hashing; _Unused = std::__detail::_Default_ranged_hash; _RehashPolicy = std::__detail::_Prime_rehash_policy; _Traits = std::__detail::_Hashtable_traits<true, true, true>]’ at /usr/include/c++/11/bits/hashtable.h:308:57,
    inlined from ‘std::pair<typename std::__detail::_Insert<_Key, _Value, _Alloc, _ExtractKey, _Equal, _Hash, _RangeHash, _Unused, _RehashPolicy, _Traits>::iterator, bool> std::_Hashtable<_Key, _Value, _Alloc, _ExtractKey, _Equal, _Hash, _RangeHash, _Unused, _RehashPolicy, _Traits>::_M_emplace(std::true_type, _Args&& ...) [with _Args = {db_identifier&}; _Key = db_identifier; _Value = db_identifier; _Alloc = std::allocator<db_identifier>; _ExtractKey = std::__detail::_Identity; _Equal = std::equal_to<db_identifier>; _Hash = std::hash<db_identifier>; _RangeHash = std::__detail::_Mod_range_hashing; _Unused = std::__detail::_Default_ranged_hash; _RehashPolicy = std::__detail::_Prime_rehash_policy; _Traits = std::__detail::_Hashtable_traits<true, true, true>]’ at /usr/include/c++/11/bits/hashtable.h:1978:7,
    inlined from ‘std::_Hashtable<_Key, _Value, _Alloc, _ExtractKey, _Equal, _Hash, _RangeHash, _Unused, _RehashPolicy, _Traits>::__ireturn_type std::_Hashtable<_Key, _Value, _Alloc, _ExtractKey, _Equal, _Hash, _RangeHash, _Unused, _RehashPolicy, _Traits>::emplace(_Args&& ...) [with _Args = {db_identifier&}; _Key = db_identifier; _Value = db_identifier; _Alloc = std::allocator<db_identifier>; _ExtractKey = std::__detail::_Identity; _Equal = std::equal_to<db_identifier>; _Hash = std::hash<db_identifier>; _RangeHash = std::__detail::_Mod_range_hashing; _Unused = std::__detail::_Default_ranged_hash; _RehashPolicy = std::__detail::_Prime_rehash_policy; _Traits = std::__detail::_Hashtable_traits<true, true, true>]’ at /usr/include/c++/11/bits/hashtable.h:915:21,
    inlined from ‘std::pair<typename std::_Hashtable<_Value, _Value, _Alloc, std::__detail::_Identity, _Pred, _Hash, std::__detail::_Mod_range_hashing, std::__detail::_Default_ranged_hash, std::__detail::_Prime_rehash_policy, std::__detail::_Hashtable_traits<std::__not_<std::__and_<std::__is_fast_hash<_Hash>, std::__is_nothrow_invocable<const _Hash&, const _Tp&> > >::value, true, true> >::iterator, bool> std::unordered_set<_Value, _Hash, _Pred, _Alloc>::emplace(_Args&& ...) [with _Args = {db_identifier&}; _Value = db_identifier; _Hash = std::hash<db_identifier>; _Pred = std::equal_to<db_identifier>; _Alloc = std::allocator<db_identifier>]’ at /usr/include/c++/11/bits/unordered_set.h:378:23,
    inlined from ‘void flashback_fill_dml_summary(FLASHBACK_SUMMARY_ENTRY*, OID, SUPPLEMENT_REC_TYPE)’ at /home/vimkim/gh/cb/pr7927-publication-release/src/transaction/flashback.c:250:43,
    inlined from ‘int flashback_make_summary_list(THREAD_ENTRY*, FLASHBACK_SUMMARY_CONTEXT*)’ at /home/vimkim/gh/cb/pr7927-publication-release/src/transaction/flashback.c:491:32:
/home/vimkim/gh/cb/pr7927-publication-release/src/base/memory_cwrapper.h:86:8: warning: ‘void free(void*)’ called on pointer returned from a mismatched allocation function [-Wmismatched-new-delete]
   86 |   free (ptr);
      |   ~~~~~^~~~~
In file included from /usr/include/c++/11/x86_64-redhat-linux/bits/c++allocator.h:33,
                 from /usr/include/c++/11/bits/allocator.h:46,
                 from /usr/include/c++/11/unordered_map:40,
                 from /usr/include/c++/11/functional:61,
                 from /usr/include/c++/11/pstl/glue_algorithm_defs.h:13,
                 from /usr/include/c++/11/algorithm:74,
                 from /home/vimkim/gh/cb/pr7927-publication-release/src/transaction/flashback.h:30,
                 from /home/vimkim/gh/cb/pr7927-publication-release/src/transaction/flashback.c:45:
/usr/include/c++/11/ext/new_allocator.h: In function ‘int flashback_make_summary_list(THREAD_ENTRY*, FLASHBACK_SUMMARY_CONTEXT*)’:
/usr/include/c++/11/ext/new_allocator.h:127:48: note: returned from ‘void* operator new(std::size_t)’
  127 |         return static_cast<_Tp*>(::operator new(__n * sizeof(_Tp)));
      |                                  ~~~~~~~~~~~~~~^~~~~~~~~~~~~~~~~~~
[881/1299] Building CXX object cubrid-cci/cci/CMakeFiles/cascci.dir/__/src/cci/cci_net_buf.c.o
[882/1299] Building CXX object cubrid-cci/cci/CMakeFiles/cascci.dir/__/src/base/porting.c.o
[883/1299] Building CXX object cubrid/CMakeFiles/cubrid.dir/__/src/storage/double_write_buffer.cpp.o
[884/1299] Building CXX object cubrid/CMakeFiles/cubrid.dir/__/src/query/parallel/px_sort.c.o
[885/1299] Building CXX object cubrid/CMakeFiles/cubrid.dir/__/src/transaction/log_prior_inflight.cpp.o
[886/1299] Building CXX object cubrid/CMakeFiles/cubrid.dir/__/src/query/parallel/px_scan/index/px_scan_index_overflow_drain_fsm.cpp.o
[887/1299] Building CXX object cubrid-cci/cci/CMakeFiles/cascci.dir/__/src/cci/cci_t_lob.c.o
[888/1299] Building CXX object cubrid/CMakeFiles/cubrid.dir/__/src/optimizer/histogram/histogram_reader.cpp.o
[889/1299] Building CXX object cubrid/CMakeFiles/cubrid.dir/__/src/query/parallel/px_scan/index/px_scan_index_key_range_list.cpp.o
[890/1299] Building CXX object cubrid-cci/tools/CMakeFiles/cci_applier.dir/__/src/base/cubrid_getopt_long.c.o
[891/1299] Building CXX object cubrid/CMakeFiles/cubrid.dir/__/src/query/parallel/px_scan/px_scan_input_handler_heap.cpp.o
[892/1299] Building CXX object cubrid/CMakeFiles/cubrid.dir/__/src/xasl/xasl_iteration.cpp.o
[893/1299] Building CXX object broker/CMakeFiles/cub_broker.dir/__/src/broker/broker_process_size.c.o
[894/1299] Building CXX object cubrid/CMakeFiles/cubrid.dir/__/src/query/parallel/px_scan/index/px_scan_index_overflow_chain_pool.cpp.o
[895/1299] Building CXX object cubrid/CMakeFiles/cubrid.dir/__/src/query/parallel/px_hash_join/px_hash_join.cpp.o
[896/1299] Building CXX object cubrid/CMakeFiles/cubrid.dir/__/src/query/parallel/px_scan/px_scan_slot_iterator.cpp.o
[897/1299] Building CXX object broker/CMakeFiles/cub_broker.dir/__/src/broker/broker_error.c.o
[898/1299] Building CXX object cubrid/CMakeFiles/cubrid.dir/__/src/query/parallel/px_parallel.cpp.o
[899/1299] Building CXX object broker/CMakeFiles/cub_broker.dir/__/src/broker/broker_max_heap.c.o
[900/1299] Building CXX object cubrid-cci/cci/CMakeFiles/cascci.dir/__/src/cci/cci_common.c.o
[901/1299] Building CXX object cubrid/CMakeFiles/cubrid.dir/__/src/compat/db_json.cpp.o
[902/1299] Building CXX object cubrid/CMakeFiles/cubrid.dir/__/src/query/parallel/px_worker_manager.cpp.o
[903/1299] Building CXX object broker/CMakeFiles/cub_broker.dir/__/src/broker/broker_access_list.c.o
[904/1299] Building CXX object cubrid-cci/tools/CMakeFiles/cci_applier.dir/__/src/tools/cci_applier.c.o
[905/1299] Building CXX object cubrid/CMakeFiles/cubrid.dir/__/src/optimizer/histogram/histogram_builder.cpp.o
[906/1299] Building CXX object broker/CMakeFiles/cub_broker.dir/__/src/broker/broker_send_fd.c.o
[907/1299] Building CXX object util/CMakeFiles/cubrid-bin.dir/__/src/executables/util_service.c.o
/home/vimkim/gh/cb/pr7927-publication-release/src/executables/util_service.c: In function ‘int process_pl(int, int, const char**, bool, bool, bool, bool)’:
/home/vimkim/gh/cb/pr7927-publication-release/src/executables/util_service.c:3032:15: warning: ‘char* strncpy(char*, const char*, size_t)’ specified bound 4096 equals destination size [-Wstringop-truncation]
 3032 |       strncpy (buf, argv[0], buf_size);
      |       ~~~~~~~~^~~~~~~~~~~~~~~~~~~~~~~~
[908/1299] Building CXX object cubrid/CMakeFiles/cubrid.dir/__/src/query/parallel/px_scan/px_scan_slot_iterator_list.cpp.o
[909/1299] Building CXX object cubrid-cci/cci/CMakeFiles/cascci.dir/__/src/cci/cci_properties.c.o
[910/1299] Building CXX object broker/CMakeFiles/cub_gateway.dir/__/src/broker/broker_process_size.c.o
[911/1299] Building CXX object cubrid-cci/cci/CMakeFiles/cascci.dir/__/src/cci/cci_ssl.c.o
[912/1299] Building CXX object util/CMakeFiles/cub_pl.dir/__/src/executables/pl.cpp.o
[913/1299] Building CXX object cubrid/CMakeFiles/cubrid.dir/__/src/storage/btree_load.c.o
[914/1299] Building CXX object cubrid/CMakeFiles/cubrid.dir/__/src/query/parallel/px_scan/index/px_scan_index_leaf_slot_walker.cpp.o
[915/1299] Building CXX object cubrid-cci/cci/CMakeFiles/cascci.dir/__/src/cci/cci_t_set.c.o
[916/1299] Building CXX object broker/CMakeFiles/cub_gateway.dir/__/src/broker/broker_access_list.c.o
[917/1299] Building CXX object broker/CMakeFiles/cub_gateway.dir/__/src/broker/broker_error.c.o
[918/1299] Building CXX object cubrid/CMakeFiles/cubrid.dir/__/src/query/parallel/px_scan/px_scan_slot_iterator_index.cpp.o
[919/1299] Building CXX object broker/CMakeFiles/cub_gateway.dir/__/src/broker/broker_max_heap.c.o
[920/1299] Building CXX object util/CMakeFiles/cub_pl.dir/__/src/sp/pl_sr_jvm.cpp.o
[921/1299] Building CXX object cubrid/CMakeFiles/cubrid.dir/__/src/xasl/xasl_spawner.cpp.o
[922/1299] Building CXX object broker/CMakeFiles/cub_gateway.dir/__/src/broker/broker_send_fd.c.o
[923/1299] Building CXX object broker/CMakeFiles/cub_broker.dir/__/src/broker/broker_shm.c.o
[924/1299] Building CXX object broker/CMakeFiles/cub_broker.dir/__/src/broker/broker_util.c.o
[925/1299] Building CXX object cubrid-cci/cci/CMakeFiles/cascci.dir/__/src/cci/cci_network.c.o
[926/1299] Building CXX object cubrid/CMakeFiles/cubrid.dir/__/src/thread/concurrency_slot.cpp.o
[927/1299] Building CXX object broker/CMakeFiles/cub_gateway.dir/__/src/broker/broker_shm.c.o
[928/1299] Building CXX object broker/CMakeFiles/broker_monitor.dir/__/src/broker/broker_max_heap.c.o
[929/1299] Building CXX object broker/CMakeFiles/cub_broker.dir/__/src/broker/broker_filename.c.o
[930/1299] Building CXX object broker/CMakeFiles/broker_monitor.dir/__/src/broker/broker_error.c.o
[931/1299] Building CXX object broker/CMakeFiles/cub_broker.dir/__/src/broker/broker_proxy_conn.c.o
[932/1299] Building CXX object util/CMakeFiles/unittests_lf.dir/__/src/base/porting.c.o
[933/1299] Building CXX object util/CMakeFiles/cub_master.dir/__/src/executables/master_heartbeat.c.o
In file included from /home/vimkim/gh/cb/pr7927-publication-release/src/base/packer.hpp:26,
                 from /home/vimkim/gh/cb/pr7927-publication-release/src/base/packable_object.hpp:28,
                 from /home/vimkim/gh/cb/pr7927-publication-release/src/transaction/client_credentials.hpp:28,
                 from /home/vimkim/gh/cb/pr7927-publication-release/src/transaction/boot.h:26,
                 from /home/vimkim/gh/cb/pr7927-publication-release/src/connection/connection_defs.h:30,
                 from /home/vimkim/gh/cb/pr7927-publication-release/src/connection/connection_cl.h:29,
                 from /home/vimkim/gh/cb/pr7927-publication-release/src/executables/master_heartbeat.c:49:
In function ‘int hb_set_net_header(HBP_HEADER*, unsigned char, bool, short unsigned int, unsigned int, char*)’,
    inlined from ‘int hb_cluster_send_heartbeat_internal(sockaddr_in*, socklen_t, char*, bool)’ at /home/vimkim/gh/cb/pr7927-publication-release/src/executables/master_heartbeat.c:1712:38:
/home/vimkim/gh/cb/pr7927-publication-release/src/base/porting.h:329:11: warning: ‘char* strncpy(char*, const char*, size_t)’ output may be truncated copying 63 bytes from a string of length 63 [-Wstringop-truncation]
  329 |   strncpy (buf, str, size); buf[(size) - 1] = '\0'
      |   ~~~~~~~~^~~~~~~~~~~~~~~~
/home/vimkim/gh/cb/pr7927-publication-release/src/base/porting.h:339:3: note: in expansion of macro ‘strncpy_size’
  339 |   strncpy_size (buf, str, sizeof (buf)); check_is_array (buf)
      |   ^~~~~~~~~~~~
/home/vimkim/gh/cb/pr7927-publication-release/src/executables/master_heartbeat.c:1927:3: note: in expansion of macro ‘strncpy_bufsize’
 1927 |   strncpy_bufsize (header->group_id, hb_Cluster->group_id);
      |   ^~~~~~~~~~~~~~~
/home/vimkim/gh/cb/pr7927-publication-release/src/base/porting.h:329:11: warning: ‘char* strncpy(char*, const char*, size_t)’ output may be truncated copying 255 bytes from a string of length 255 [-Wstringop-truncation]
  329 |   strncpy (buf, str, size); buf[(size) - 1] = '\0'
      |   ~~~~~~~~^~~~~~~~~~~~~~~~
/home/vimkim/gh/cb/pr7927-publication-release/src/base/porting.h:339:3: note: in expansion of macro ‘strncpy_size’
  339 |   strncpy_size (buf, str, sizeof (buf)); check_is_array (buf)
      |   ^~~~~~~~~~~~
/home/vimkim/gh/cb/pr7927-publication-release/src/executables/master_heartbeat.c:1929:3: note: in expansion of macro ‘strncpy_bufsize’
 1929 |   strncpy_bufsize (header->orig_host_name, hb_Cluster->myself->host_name);
      |   ^~~~~~~~~~~~~~~
/home/vimkim/gh/cb/pr7927-publication-release/src/executables/master_heartbeat.c: In function ‘void hb_register_new_process(CSS_CONN_ENTRY*)’:
/home/vimkim/gh/cb/pr7927-publication-release/src/executables/master_heartbeat.c:4339:83: warning: ‘%s’ directive output may be truncated writing up to 3959 bytes into a region of size 2002 [-Wformat-truncation=]
 4339 |   snprintf (error_string, LINE_MAX, "%s (expected pid: %d, pid:%d, state:%s, args:%s)", HB_RESULT_FAILURE_STR,
      |                                                                                   ^~
/home/vimkim/gh/cb/pr7927-publication-release/src/executables/master_heartbeat.c:4339:12: note: ‘snprintf’ output 48 or more bytes (assuming 4007) into a destination of size 2048
 4339 |   snprintf (error_string, LINE_MAX, "%s (expected pid: %d, pid:%d, state:%s, args:%s)", HB_RESULT_FAILURE_STR,
      |   ~~~~~~~~~^~~~~~~~~~~~~~~~~~~~~~~~~~~~~~~~~~~~~~~~~~~~~~~~~~~~~~~~~~~~~~~~~~~~~~~~~~~~~~~~~~~~~~~~~~~~~~~~~~~
 4340 |             proc->pid, ntohl (hbp_proc_register->pid), hb_process_state_string (proc->type, proc->state),
      |             ~~~~~~~~~~~~~~~~~~~~~~~~~~~~~~~~~~~~~~~~~~~~~~~~~~~~~~~~~~~~~~~~~~~~~~~~~~~~~~~~~~~~~~~~~~~~~
 4341 |             hbp_proc_register->args);
      |             ~~~~~~~~~~~~~~~~~~~~~~~~
/home/vimkim/gh/cb/pr7927-publication-release/src/executables/master_heartbeat.c:4327:69: warning: ‘%s’ directive output may be truncated writing up to 3959 bytes into a region of size 2019 [-Wformat-truncation=]
 4327 |       snprintf (error_string, LINE_MAX, "%s (pid:%d, state:%s, args:%s)", HB_RESULT_SUCCESS_STR,
      |                                                                     ^~
/home/vimkim/gh/cb/pr7927-publication-release/src/executables/master_heartbeat.c:4327:16: note: ‘snprintf’ output 31 or more bytes (assuming 3990) into a destination of size 2048
 4327 |       snprintf (error_string, LINE_MAX, "%s (pid:%d, state:%s, args:%s)", HB_RESULT_SUCCESS_STR,
      |       ~~~~~~~~~^~~~~~~~~~~~~~~~~~~~~~~~~~~~~~~~~~~~~~~~~~~~~~~~~~~~~~~~~~~~~~~~~~~~~~~~~~~~~~~~~
 4328 |                 ntohl (hbp_proc_register->pid), hb_process_state_string (proc->type, proc->state),
      |                 ~~~~~~~~~~~~~~~~~~~~~~~~~~~~~~~~~~~~~~~~~~~~~~~~~~~~~~~~~~~~~~~~~~~~~~~~~~~~~~~~~~
 4329 |                 hbp_proc_register->args);
      |                 ~~~~~~~~~~~~~~~~~~~~~~~~
[934/1299] Building CXX object cubrid-cci/cci/CMakeFiles/cascci.dir/__/src/cci/cci_handle_mng.c.o
[935/1299] Building CXX object broker/CMakeFiles/broker_monitor.dir/__/src/broker/broker_process_info.c.o
[936/1299] Building CXX object broker/CMakeFiles/cub_gateway.dir/__/src/broker/broker_util.c.o
[937/1299] Building CXX object broker/CMakeFiles/broker_monitor.dir/__/src/broker/broker_process_size.c.o
[938/1299] Building CXX object cubrid-cci/cci/CMakeFiles/cascci.dir/__/src/cci/cci_map.cpp.o
[939/1299] Building CXX object util/CMakeFiles/cub_master.dir/__/src/executables/master_server_monitor.cpp.o
[940/1299] Building CXX object cubrid/CMakeFiles/cubrid.dir/__/src/query/parallel/px_scan/px_scan_trace_handler.cpp.o
[941/1299] Building CXX object util/CMakeFiles/unittests_area.dir/__/src/base/memory_monitor_api.cpp.o
[942/1299] Building CXX object broker/CMakeFiles/cub_broker.dir/__/src/broker/shard_metadata.c.o
[943/1299] Building CXX object broker/CMakeFiles/gateway_monitor.dir/__/src/broker/broker_process_info.c.o
[944/1299] Building CXX object broker/CMakeFiles/gateway_monitor.dir/__/src/broker/broker_process_size.c.o
[945/1299] Building CXX object broker/CMakeFiles/gateway_monitor.dir/__/src/broker/broker_error.c.o
[946/1299] Building CXX object broker/CMakeFiles/gateway_monitor.dir/__/src/broker/broker_max_heap.c.o
[947/1299] Building CXX object broker/CMakeFiles/cub_broker.dir/__/src/broker/shard_shm.c.o
[948/1299] Building CXX object util/CMakeFiles/unittests_lf.dir/__/src/base/memory_monitor_api.cpp.o
[949/1299] Building CXX object broker/CMakeFiles/cub_gateway.dir/__/src/broker/broker_filename.c.o
[950/1299] Building CXX object util/CMakeFiles/unittests_area.dir/__/src/executables/unittests_area.c.o
[951/1299] Building CXX object broker/CMakeFiles/broker_monitor.dir/__/src/broker/broker_util.c.o
[952/1299] Building CXX object util/CMakeFiles/unittests_snapshot.dir/__/src/base/memory_monitor_api.cpp.o
[953/1299] Building CXX object util/CMakeFiles/unittests_bit.dir/__/src/base/memory_monitor_api.cpp.o
[954/1299] Building CXX object broker/CMakeFiles/broker_changer.dir/__/src/broker/broker_process_size.c.o
[955/1299] Building CXX object broker/CMakeFiles/broker_changer.dir/__/src/broker/broker_error.c.o
[956/1299] Building CXX object broker/CMakeFiles/broker_changer.dir/__/src/broker/broker_max_heap.c.o
[957/1299] Building CXX object broker/CMakeFiles/broker_monitor.dir/__/src/broker/broker_shm.c.o
[958/1299] Building CXX object broker/CMakeFiles/cub_gateway.dir/__/src/broker/broker_proxy_conn.c.o
[959/1299] Building CXX object cubrid/CMakeFiles/cubrid.dir/__/src/query/parallel/px_worker_manager_global.cpp.o
[960/1299] Building CXX object broker/CMakeFiles/gateway_monitor.dir/__/src/broker/broker_util.c.o
[961/1299] Building CXX object broker/CMakeFiles/broker_monitor.dir/__/src/base/util_func.c.o
[962/1299] Building CXX object broker/CMakeFiles/cub_gateway.dir/__/src/broker/shard_metadata.c.o
[963/1299] Building CXX object broker/CMakeFiles/cub_gateway.dir/__/src/broker/shard_shm.c.o
[964/1299] Building CXX object broker/CMakeFiles/gateway_monitor.dir/__/src/broker/broker_shm.c.o
[965/1299] Building CXX object broker/CMakeFiles/broker_changer.dir/__/src/broker/broker_acl.c.o
[966/1299] Building CXX object broker/CMakeFiles/broker_changer.dir/__/src/broker/shard_key_func.c.o
[967/1299] Building CXX object cubrid-cci/cci/CMakeFiles/cascci.dir/__/src/cci/cci_log.cpp.o
[968/1299] Building CXX object broker/CMakeFiles/broker_monitor.dir/__/src/broker/cas_util.c.o
[969/1299] Building CXX object cubrid/CMakeFiles/cubrid.dir/__/src/query/vacuum.c.o
[970/1299] Building CXX object cubrid-cci/cci/CMakeFiles/cascci.dir/__/src/cci/cas_cci.c.o
[971/1299] Building CXX object broker/CMakeFiles/cubrid_broker.dir/__/src/broker/broker_process_size.c.o
[972/1299] Building CXX object broker/CMakeFiles/broker_monitor.dir/__/src/broker/broker_filename.c.o
[973/1299] Building CXX object broker/CMakeFiles/cubrid_broker.dir/__/src/broker/broker_max_heap.c.o
[974/1299] Building CXX object broker/CMakeFiles/gateway_monitor.dir/__/src/base/util_func.c.o
[975/1299] Building CXX object broker/CMakeFiles/broker_changer.dir/__/src/broker/broker_util.c.o
[976/1299] Building CXX object cubrid/CMakeFiles/cubrid.dir/__/src/transaction/log_recovery_redo_parallel.cpp.o
[977/1299] Building CXX object broker/CMakeFiles/cubrid_broker.dir/__/src/broker/broker_error.c.o
[978/1299] Building CXX object cubrid/CMakeFiles/cubrid.dir/__/src/transaction/log_tran_table.c.o
[979/1299] Building CXX object broker/CMakeFiles/broker_monitor.dir/__/src/broker/shard_shm.c.o
[980/1299] Building CXX object broker/CMakeFiles/cubrid_broker.dir/__/src/base/porting.c.o
[981/1299] Building CXX object broker/CMakeFiles/broker_changer.dir/__/src/broker/broker_changer.c.o
[982/1299] Building CXX object broker/CMakeFiles/cubrid_broker.dir/__/src/broker/shard_key_func.c.o
[983/1299] Building CXX object broker/CMakeFiles/broker_changer.dir/__/src/broker/broker_shm.c.o
[984/1299] Building CXX object util/CMakeFiles/unittests_lf.dir/__/src/base/lock_free.c.o
[985/1299] Building CXX object cubrid/CMakeFiles/cubrid.dir/__/src/query/parallel/px_scan/px_scan_pre_execution_info.cpp.o
In file included from /home/vimkim/gh/cb/pr7927-publication-release/src/base/memory_alloc.h:54,
                 from /home/vimkim/gh/cb/pr7927-publication-release/src/base/memory_hash.h:30,
                 from /home/vimkim/gh/cb/pr7927-publication-release/src/query/xasl.h:32,
                 from /home/vimkim/gh/cb/pr7927-publication-release/src/query/parallel/px_scan/px_scan_pre_execution_info.hpp:28,
                 from /home/vimkim/gh/cb/pr7927-publication-release/src/query/parallel/px_scan/px_scan_pre_execution_info.cpp:23:
In function ‘void cub_free(void*)’,
    inlined from ‘void operator delete(void*, size_t)’ at /home/vimkim/gh/cb/pr7927-publication-release/src/base/memory_wrapper.hpp:75:12,
    inlined from ‘void __gnu_cxx::new_allocator<_Tp>::deallocate(_Tp*, __gnu_cxx::new_allocator<_Tp>::size_type) [with _Tp = std::_Rb_tree_node<std::pair<const int, db_value> >]’ at /usr/include/c++/11/ext/new_allocator.h:145:19,
    inlined from ‘static void std::allocator_traits<std::allocator<_CharT> >::deallocate(std::allocator_traits<std::allocator<_CharT> >::allocator_type&, std::allocator_traits<std::allocator<_CharT> >::pointer, std::allocator_traits<std::allocator<_CharT> >::size_type) [with _Tp = std::_Rb_tree_node<std::pair<const int, db_value> >]’ at /usr/include/c++/11/bits/alloc_traits.h:496:23,
    inlined from ‘void std::_Rb_tree<_Key, _Val, _KeyOfValue, _Compare, _Alloc>::_M_put_node(std::_Rb_tree<_Key, _Val, _KeyOfValue, _Compare, _Alloc>::_Link_type) [with _Key = int; _Val = std::pair<const int, db_value>; _KeyOfValue = std::_Select1st<std::pair<const int, db_value> >; _Compare = std::less<int>; _Alloc = std::allocator<std::pair<const int, db_value> >]’ at /usr/include/c++/11/bits/stl_tree.h:565:34,
    inlined from ‘void std::_Rb_tree<_Key, _Val, _KeyOfValue, _Compare, _Alloc>::_M_drop_node(std::_Rb_tree<_Key, _Val, _KeyOfValue, _Compare, _Alloc>::_Link_type) [with _Key = int; _Val = std::pair<const int, db_value>; _KeyOfValue = std::_Select1st<std::pair<const int, db_value> >; _Compare = std::less<int>; _Alloc = std::allocator<std::pair<const int, db_value> >]’ at /usr/include/c++/11/bits/stl_tree.h:632:13,
    inlined from ‘std::pair<std::_Rb_tree_iterator<_Val>, bool> std::_Rb_tree<_Key, _Val, _KeyOfValue, _Compare, _Alloc>::_M_emplace_unique(_Args&& ...) [with _Args = {int&, db_value&}; _Key = int; _Val = std::pair<const int, db_value>; _KeyOfValue = std::_Select1st<std::pair<const int, db_value> >; _Compare = std::less<int>; _Alloc = std::allocator<std::pair<const int, db_value> >]’ at /usr/include/c++/11/bits/stl_tree.h:2393:18,
    inlined from ‘std::pair<typename std::_Rb_tree<_Key, std::pair<const _Key, _Tp>, std::_Select1st<std::pair<const _Key, _Tp> >, _Compare, typename __gnu_cxx::__alloc_traits<_Allocator>::rebind<std::pair<const _Key, _Tp> >::other>::iterator, bool> std::map<_Key, _Tp, _Compare, _Alloc>::emplace(_Args&& ...) [with _Args = {int&, db_value&}; _Key = int; _Tp = db_value; _Compare = std::less<int>; _Alloc = std::allocator<std::pair<const int, db_value> >]’ at /usr/include/c++/11/bits/stl_map.h:577:33,
    inlined from ‘void parallel_scan::pre_execution_info::capture_precomp_vals(xasl_node*)’ at /home/vimkim/gh/cb/pr7927-publication-release/src/query/parallel/px_scan/px_scan_pre_execution_info.cpp:113:29:
/home/vimkim/gh/cb/pr7927-publication-release/src/base/memory_cwrapper.h:86:8: warning: ‘void free(void*)’ called on pointer returned from a mismatched allocation function [-Wmismatched-new-delete]
   86 |   free (ptr);
      |   ~~~~~^~~~~
In file included from /usr/include/c++/11/x86_64-redhat-linux/bits/c++allocator.h:33,
                 from /usr/include/c++/11/bits/allocator.h:46,
                 from /usr/include/c++/11/string:41,
                 from /home/vimkim/gh/cb/pr7927-publication-release/src/xasl/access_json_table.hpp:26,
                 from /home/vimkim/gh/cb/pr7927-publication-release/src/query/xasl.h:30,
                 from /home/vimkim/gh/cb/pr7927-publication-release/src/query/parallel/px_scan/px_scan_pre_execution_info.hpp:28,
                 from /home/vimkim/gh/cb/pr7927-publication-release/src/query/parallel/px_scan/px_scan_pre_execution_info.cpp:23:
/usr/include/c++/11/ext/new_allocator.h: In member function ‘void parallel_scan::pre_execution_info::capture_precomp_vals(xasl_node*)’:
/usr/include/c++/11/ext/new_allocator.h:127:48: note: returned from ‘void* operator new(std::size_t)’
  127 |         return static_cast<_Tp*>(::operator new(__n * sizeof(_Tp)));
      |                                  ~~~~~~~~~~~~~~^~~~~~~~~~~~~~~~~~~
[986/1299] Building CXX object broker/CMakeFiles/broker_monitor.dir/__/src/broker/shard_metadata.c.o
[987/1299] Building CXX object broker/CMakeFiles/cubrid_broker.dir/__/src/broker/broker_acl.c.o
[988/1299] Building CXX object broker/CMakeFiles/gateway_monitor.dir/__/src/broker/cas_util.c.o
[989/1299] Building CXX object broker/CMakeFiles/gateway_monitor.dir/__/src/broker/broker_filename.c.o
[990/1299] Building CXX object cubrid-cci/cci/CMakeFiles/cascci.dir/__/src/cci/cci_query_execute.c.o
[991/1299] Building CXX object util/CMakeFiles/cub_server.dir/__/src/executables/server.c.o
[992/1299] Building CXX object cubrid/CMakeFiles/cubrid.dir/__/src/query/parallel/px_thread_safe_queue.cpp.o
[993/1299] Building CXX object cubrid/CMakeFiles/cubrid.dir/__/src/query/parallel/px_query_execute/px_query_task.cpp.o
[994/1299] Building CXX object broker/CMakeFiles/gateway_monitor.dir/__/src/broker/shard_metadata.c.o
[995/1299] Building CXX object broker/CMakeFiles/cubrid_gateway.dir/__/src/broker/broker_max_heap.c.o
[996/1299] Building CXX object broker/CMakeFiles/broker_changer.dir/__/src/broker/broker_filename.c.o
[997/1299] Building CXX object broker/CMakeFiles/cubrid_gateway.dir/__/src/base/porting.c.o
[998/1299] Building CXX object broker/CMakeFiles/cubrid_broker.dir/__/src/broker/broker_shm.c.o
[999/1299] Building CXX object broker/CMakeFiles/cubrid_gateway.dir/__/src/broker/broker_error.c.o
[1000/1299] Building CXX object broker/CMakeFiles/gateway_monitor.dir/__/src/broker/shard_shm.c.o
[1001/1299] Building CXX object broker/CMakeFiles/cubrid_broker.dir/__/src/broker/broker_util.c.o
[1002/1299] Building CXX object broker/CMakeFiles/cub_broker.dir/__/src/broker/broker.c.o
[1003/1299] Building CXX object broker/CMakeFiles/cubrid_gateway.dir/__/src/broker/broker_process_size.c.o
[1004/1299] Building CXX object broker/CMakeFiles/cubrid_gateway.dir/__/src/broker/shard_key_func.c.o
[1005/1299] Building CXX object broker/CMakeFiles/cubrid_gateway.dir/__/src/broker/broker_acl.c.o
[1006/1299] Building CXX object broker/CMakeFiles/cubrid_broker.dir/__/src/broker/broker_admin.c.o
[1007/1299] Building CXX object broker/CMakeFiles/cas_common_lib.dir/__/src/broker/cas_optimization.c.o
[1008/1299] Building CXX object broker/CMakeFiles/cas_common_lib.dir/__/src/broker/cas_sql_log2.c.o
[1009/1299] Building CXX object broker/CMakeFiles/cas_common_lib.dir/__/src/broker/cas_meta.c.o
[1010/1299] Building CXX object broker/CMakeFiles/cub_gateway.dir/__/src/broker/broker.c.o
[1011/1299] Building CXX object broker/CMakeFiles/broker_changer.dir/__/src/broker/shard_metadata.c.o
[1012/1299] Building CXX object broker/CMakeFiles/cas_common_lib.dir/__/src/broker/cas_common_vars.c.o
[1013/1299] Building CXX object broker/CMakeFiles/broker_monitor.dir/__/src/broker/broker_config.c.o
[1014/1299] Building CXX object broker/CMakeFiles/cubrid_broker.dir/__/src/broker/broker_filename.c.o
[1015/1299] Building CXX object cubrid/CMakeFiles/cubrid.dir/__/src/transaction/log_recovery.c.o
[1016/1299] Building CXX object broker/CMakeFiles/cas_common_lib.dir/__/src/broker/cas_network.c.o
[1017/1299] Building CXX object broker/CMakeFiles/broker_changer.dir/__/src/broker/shard_shm.c.o
[1018/1299] Building CXX object broker/CMakeFiles/cubrid_broker.dir/__/src/base/util_func.c.o
[1019/1299] Building CXX object broker/CMakeFiles/cubrid_gateway.dir/__/src/broker/broker_util.c.o
[1020/1299] Building CXX object cubrid/CMakeFiles/cubrid.dir/__/src/sp/pl_struct_compile.cpp.o
[1021/1299] Building CXX object broker/CMakeFiles/cubrid_gateway.dir/__/src/broker/broker_shm.c.o
[1022/1299] Building CXX object broker/CMakeFiles/cas_common_lib.dir/__/src/broker/broker_acl.c.o
[1023/1299] Building CXX object broker/CMakeFiles/cubrid_broker.dir/__/src/broker/shard_metadata.c.o
[1024/1299] Building CXX object cubrid/CMakeFiles/cubrid.dir/__/src/query/string_opfunc.c.o
[1025/1299] Building CXX object broker/CMakeFiles/cub_cas_cgw.dir/__/src/broker/broker_process_size.c.o
[1026/1299] Building CXX object broker/CMakeFiles/cub_cas.dir/__/src/broker/broker_error.c.o
[1027/1299] Building CXX object broker/CMakeFiles/cub_cas.dir/__/src/broker/broker_recv_fd.c.o
[1028/1299] Building CXX object broker/CMakeFiles/cubrid_gateway.dir/__/src/base/util_func.c.o
[1029/1299] Building CXX object broker/CMakeFiles/cub_cas_cgw.dir/__/src/broker/broker_recv_fd.c.o
[1030/1299] Building CXX object broker/CMakeFiles/cubrid_broker.dir/__/src/broker/shard_shm.c.o
[1031/1299] Building CXX object broker/CMakeFiles/cubrid_gateway.dir/__/src/broker/broker_filename.c.o
[1032/1299] Building CXX object broker/CMakeFiles/cub_cas.dir/__/src/broker/broker_process_size.c.o
[1033/1299] Building CXX object broker/CMakeFiles/cub_cas_cgw.dir/__/src/broker/broker_error.c.o
[1034/1299] Building CXX object broker/CMakeFiles/cas_common_lib.dir/__/src/broker/cas_ssl.c.o
[1035/1299] Building CXX object broker/CMakeFiles/cub_cas.dir/__/src/broker/cas_schema_info.c.o
[1036/1299] Building CXX object broker/CMakeFiles/cas_common_lib.dir/__/src/broker/broker_util.c.o
[1037/1299] Building CXX object broker/CMakeFiles/cub_proxy.dir/__/src/broker/broker_process_size.c.o
[1038/1299] Building CXX object broker/CMakeFiles/cubrid_gateway.dir/__/src/broker/broker_admin.c.o
[1039/1299] Building CXX object broker/CMakeFiles/cas_common_lib.dir/__/src/broker/cas_util.c.o
[1040/1299] Building CXX object broker/CMakeFiles/cas_common_lib.dir/__/src/broker/cas_error.c.o
[1041/1299] Building CXX object broker/CMakeFiles/cub_proxy.dir/__/src/broker/broker_error.c.o
[1042/1299] Building CXX object broker/CMakeFiles/gateway_monitor.dir/__/src/broker/broker_config.c.o
[1043/1299] Building CXX object broker/CMakeFiles/cubrid_gateway.dir/__/src/broker/shard_metadata.c.o
[1044/1299] Building CXX object broker/CMakeFiles/cubrid_gateway.dir/__/src/broker/shard_shm.c.o
[1045/1299] Building CXX object cubrid/CMakeFiles/cubrid.dir/__/src/transaction/locator_sr.c.o
[1046/1299] Building CXX object broker/CMakeFiles/cas_common_lib.dir/__/src/broker/broker_shm.c.o
[1047/1299] Building CXX object broker/CMakeFiles/cas_common_lib.dir/__/src/broker/broker_filename.c.o
[1048/1299] Building CXX object broker/CMakeFiles/cas_common_lib.dir/__/src/broker/cas_log.c.o
[1049/1299] Building CXX object broker/CMakeFiles/broker_monitor.dir/__/src/broker/broker_monitor.c.o
[1050/1299] Building CXX object broker/CMakeFiles/cas_common_lib.dir/__/src/broker/cas_common_function.c.o
[1051/1299] Building CXX object broker/CMakeFiles/cas_common_lib.dir/__/src/broker/cas_common_execute.c.o
[1052/1299] Building CXX object broker/CMakeFiles/cas_common_lib.dir/__/src/broker/cas_net_buf.c.o
[1053/1299] Building CXX object cubrid/CMakeFiles/cubrid.dir/__/src/transaction/lock_manager.c.o
[1054/1299] Building CXX object broker/CMakeFiles/cas_common_lib.dir/__/src/broker/cas_handle.c.o
[1055/1299] Building CXX object broker/CMakeFiles/cub_proxy.dir/__/src/broker/broker_recv_fd.c.o
[1056/1299] Building CXX object broker/CMakeFiles/cub_proxy.dir/__/src/broker/shard_key_func.c.o
[1057/1299] Building CXX object broker/CMakeFiles/broker_log_converter.dir/__/src/broker/broker_log_converter.c.o
[1058/1299] Building CXX object broker/CMakeFiles/broker_changer.dir/__/src/broker/broker_config.c.o
[1059/1299] Building CXX object broker/CMakeFiles/cub_proxy.dir/__/src/broker/broker_util.c.o
[1060/1299] Building CXX object broker/CMakeFiles/cub_proxy.dir/__/src/broker/cas_meta.c.o
[1061/1299] Building CXX object util/CMakeFiles/unittests_snapshot.dir/__/src/executables/unittests_snapshot.c.o
[1062/1299] Building CXX object broker/CMakeFiles/cub_proxy.dir/__/src/broker/shard_proxy.c.o
[1063/1299] Building CXX object broker/CMakeFiles/broker_log_converter.dir/__/src/broker/log_top_string.c.o
[1064/1299] Building CXX object broker/CMakeFiles/gateway_monitor.dir/__/src/broker/broker_monitor.c.o
[1065/1299] Building CXX object broker/CMakeFiles/cub_cas.dir/__/src/broker/cas_xa.c.o
[1066/1299] Building CXX object broker/CMakeFiles/broker_log_runner.dir/__/src/broker/log_top_string.c.o
[1067/1299] Building CXX object broker/CMakeFiles/cub_proxy.dir/__/src/broker/broker_acl.c.o
[1068/1299] Building CXX object broker/CMakeFiles/broker_log_converter.dir/__/src/broker/broker_log_util.c.o
[1069/1299] Building CXX object broker/CMakeFiles/cub_cas.dir/__/src/broker/cas_str_like.c.o
[1070/1299] Building CXX object broker/CMakeFiles/cub_proxy.dir/__/src/broker/shard_parser.c.o
[1071/1299] Building CXX object broker/CMakeFiles/broker_tester.dir/__/src/broker/broker_error.c.o
[1072/1299] Building CXX object broker/CMakeFiles/broker_log_runner.dir/__/src/broker/broker_log_util.c.o
[1073/1299] Building CXX object broker/CMakeFiles/cub_proxy.dir/__/src/broker/broker_shm.c.o
[1074/1299] Building CXX object broker/CMakeFiles/broker_tester.dir/__/src/broker/log_top_string.c.o
[1075/1299] Building CXX object broker/CMakeFiles/broker_log_top.dir/__/src/broker/cas_query_info.c.o
[1076/1299] Building CXX object broker/CMakeFiles/broker_changer.dir/__/src/broker/broker_admin_pub.c.o
/home/vimkim/gh/cb/pr7927-publication-release/src/broker/broker_admin_pub.c: In function ‘int admin_getid_cmd(int, int, const char**)’:
/home/vimkim/gh/cb/pr7927-publication-release/src/broker/broker_admin_pub.c:1719:49: warning: ‘%s’ directive writing up to 4095 bytes into a region of size 2033 [-Wformat-overflow=]
 1719 |         sprintf (buf + buf_len, "LIBRARY_NAME : %s, ",
      |                                                 ^~
/home/vimkim/gh/cb/pr7927-publication-release/src/broker/broker_admin_pub.c:1719:17: note: ‘sprintf’ output between 18 and 4113 bytes into a destination of size 2048
 1719 |         sprintf (buf + buf_len, "LIBRARY_NAME : %s, ",
      |         ~~~~~~~~^~~~~~~~~~~~~~~~~~~~~~~~~~~~~~~~~~~~~~
 1720 |                  (shm_proxy_p->shard_key_library_name[0] == 0) ? "NOT DEFINED" : shm_proxy_p->shard_key_library_name);
      |                  ~~~~~~~~~~~~~~~~~~~~~~~~~~~~~~~~~~~~~~~~~~~~~~~~~~~~~~~~~~~~~~~~~~~~~~~~~~~~~~~~~~~~~~~~~~~~~~~~~~~~
/home/vimkim/gh/cb/pr7927-publication-release/src/broker/broker_admin_pub.c:1722:50: warning: ‘%s’ directive writing up to 4095 bytes into a region of size 2032 [-Wformat-overflow=]
 1722 |         sprintf (buf + buf_len, "FUNCTION_NAME : %s ",
      |                                                  ^~
/home/vimkim/gh/cb/pr7927-publication-release/src/broker/broker_admin_pub.c:1722:17: note: ‘sprintf’ output between 18 and 4113 bytes into a destination of size 2048
 1722 |         sprintf (buf + buf_len, "FUNCTION_NAME : %s ",
      |         ~~~~~~~~^~~~~~~~~~~~~~~~~~~~~~~~~~~~~~~~~~~~~~
 1723 |                  (shm_proxy_p->shard_key_function_name[0] == 0) ? "NOT DEFINED" : shm_proxy_p->shard_key_function_name);
      |                  ~~~~~~~~~~~~~~~~~~~~~~~~~~~~~~~~~~~~~~~~~~~~~~~~~~~~~~~~~~~~~~~~~~~~~~~~~~~~~~~~~~~~~~~~~~~~~~~~~~~~~~
[1077/1299] Building CXX object broker/CMakeFiles/cubrid_broker.dir/__/src/broker/broker_config.c.o
[1078/1299] Building CXX object broker/CMakeFiles/broker_log_top.dir/__/src/broker/broker_log_time.c.o
[1079/1299] Building CXX object broker/CMakeFiles/broker_log_top.dir/__/src/broker/broker_error.c.o
[1080/1299] Building CXX object broker/CMakeFiles/broker_log_top.dir/__/src/broker/broker_log_sql_list.c.o
[1081/1299] Building CXX object cubrid/CMakeFiles/cubrid.dir/__/src/query/parallel/px_query_execute/px_query_executor.cpp.o
[1082/1299] Building CXX object broker/CMakeFiles/broker_log_top.dir/__/src/broker/log_top_string.c.o
[1083/1299] Building CXX object broker/CMakeFiles/broker_log_top.dir/__/src/broker/broker_log_util.c.o
[1084/1299] Building CXX object broker/CMakeFiles/cub_proxy.dir/__/src/broker/shard_proxy_queue.c.o
[1085/1299] Building CXX object broker/CMakeFiles/broker_log_top.dir/__/src/broker/broker_log_top_tran.c.o
[1086/1299] Building CXX object broker/CMakeFiles/cub_proxy.dir/__/src/broker/broker_filename.c.o
[1087/1299] Building CXX object broker/CMakeFiles/cubrid_replay.dir/__/src/broker/broker_log_util.c.o
[1088/1299] Building CXX object broker/CMakeFiles/cub_proxy.dir/__/src/broker/shard_statement.c.o
[1089/1299] Building CXX object broker/CMakeFiles/cub_broker.dir/__/src/broker/query_replace.c.o
[1090/1299] Building CXX object broker/CMakeFiles/cub_proxy.dir/__/src/broker/shard_metadata.c.o
[1091/1299] Building CXX object broker/CMakeFiles/cub_proxy.dir/__/src/broker/cas_util.c.o
[1092/1299] Building CXX object broker/CMakeFiles/broker_log_top.dir/__/src/broker/broker_log_top.c.o
[1093/1299] Building CXX object broker/CMakeFiles/cubrid_replay.dir/__/src/broker/log_top_string.c.o
[1094/1299] Building CXX object broker/CMakeFiles/cub_proxy.dir/__/src/broker/shard_proxy_log.c.o
[1095/1299] Building CXX object broker/CMakeFiles/broker_tester.dir/__/src/broker/broker_util.c.o
[1096/1299] Building CXX object broker/CMakeFiles/broker_tester.dir/__/src/broker/broker_shm.c.o
[1097/1299] Generating csql.cat for en_US.utf8
[1098/1299] Building CXX object broker/CMakeFiles/brokeradmin.dir/__/src/broker/broker_error.c.o
[1099/1299] Generating utils.cat for en_US.utf8
[1100/1299] Generating cubrid.cat for en_US.utf8
[1101/1299] Generating csql.cat for en_US
[1102/1299] Generating cubrid.cat for en_US
[1103/1299] Building CXX object broker/CMakeFiles/cub_proxy.dir/__/src/broker/cas_net_buf.c.o
[1104/1299] Generating utils.cat for en_US
[1105/1299] Generating csql.cat for ko_KR.utf8
[1106/1299] Generating cubrid.cat for ko_KR.utf8
[1107/1299] Generating csql.cat for ko_KR.euckr
[1108/1299] Building CXX object broker/CMakeFiles/cubrid_gateway.dir/__/src/broker/broker_config.c.o
[1109/1299] Generating utils.cat for ko_KR.utf8
[1110/1299] Building CXX object broker/CMakeFiles/cub_proxy.dir/__/src/broker/shard_shm.c.o
[1111/1299] Generating cubrid.cat for ko_KR.euckr
[1112/1299] Generating utils.cat for ko_KR.euckr
[1113/1299] Performing update step for 'catch2'
[1114/1299] Building CXX object broker/CMakeFiles/cubrid_broker.dir/__/src/broker/broker_admin_pub.c.o
/home/vimkim/gh/cb/pr7927-publication-release/src/broker/broker_admin_pub.c: In function ‘int admin_getid_cmd(int, int, const char**)’:
/home/vimkim/gh/cb/pr7927-publication-release/src/broker/broker_admin_pub.c:1719:49: warning: ‘%s’ directive writing up to 4095 bytes into a region of size 2033 [-Wformat-overflow=]
 1719 |         sprintf (buf + buf_len, "LIBRARY_NAME : %s, ",
      |                                                 ^~
/home/vimkim/gh/cb/pr7927-publication-release/src/broker/broker_admin_pub.c:1719:17: note: ‘sprintf’ output between 18 and 4113 bytes into a destination of size 2048
 1719 |         sprintf (buf + buf_len, "LIBRARY_NAME : %s, ",
      |         ~~~~~~~~^~~~~~~~~~~~~~~~~~~~~~~~~~~~~~~~~~~~~~
 1720 |                  (shm_proxy_p->shard_key_library_name[0] == 0) ? "NOT DEFINED" : shm_proxy_p->shard_key_library_name);
      |                  ~~~~~~~~~~~~~~~~~~~~~~~~~~~~~~~~~~~~~~~~~~~~~~~~~~~~~~~~~~~~~~~~~~~~~~~~~~~~~~~~~~~~~~~~~~~~~~~~~~~~
/home/vimkim/gh/cb/pr7927-publication-release/src/broker/broker_admin_pub.c:1722:50: warning: ‘%s’ directive writing up to 4095 bytes into a region of size 2032 [-Wformat-overflow=]
 1722 |         sprintf (buf + buf_len, "FUNCTION_NAME : %s ",
      |                                                  ^~
/home/vimkim/gh/cb/pr7927-publication-release/src/broker/broker_admin_pub.c:1722:17: note: ‘sprintf’ output between 18 and 4113 bytes into a destination of size 2048
 1722 |         sprintf (buf + buf_len, "FUNCTION_NAME : %s ",
      |         ~~~~~~~~^~~~~~~~~~~~~~~~~~~~~~~~~~~~~~~~~~~~~~
 1723 |                  (shm_proxy_p->shard_key_function_name[0] == 0) ? "NOT DEFINED" : shm_proxy_p->shard_key_function_name);
      |                  ~~~~~~~~~~~~~~~~~~~~~~~~~~~~~~~~~~~~~~~~~~~~~~~~~~~~~~~~~~~~~~~~~~~~~~~~~~~~~~~~~~~~~~~~~~~~~~~~~~~~~~
[1115/1299] No patch step for 'catch2'
[1116/1299] Building CXX object broker/CMakeFiles/cub_gateway.dir/__/src/broker/query_replace.c.o
[1117/1299] Building CXX object broker/CMakeFiles/brokeradmin.dir/__/src/broker/broker_max_heap.c.o
[1118/1299] Building CXX object broker/CMakeFiles/brokeradmin.dir/__/src/broker/broker_process_info.c.o
[1119/1299] Building CXX object broker/CMakeFiles/brokeradmin.dir/__/src/broker/shard_key_func.c.o
[1120/1299] Performing configure step for 'catch2'
loading initial cache file /home/vimkim/gh/cb/pr7927-publication-release/build_preset_release_gcc/unit_tests/catch2-prefix/tmp/catch2-cache-RelWithDebInfo.cmake
-- Configuring done (0.1s)
-- Generating done (0.0s)
-- Build files have been written to: /home/vimkim/gh/cb/pr7927-publication-release/build_preset_release_gcc/unit_tests/catch2-prefix/src/catch2-build
[1121/1299] Building CXX object broker/CMakeFiles/brokeradmin.dir/__/src/broker/broker_process_size.c.o
[1122/1299] Building CXX object broker/CMakeFiles/broker_tester.dir/__/src/broker/broker_filename.c.o
[1123/1299] Performing build step for 'catch2'
ninja: no work to do.
[1124/1299] Building CXX object broker/CMakeFiles/brokeradmin.dir/__/src/broker/broker_acl.c.o
[1125/1299] Building CXX object broker/CMakeFiles/broker_log_top.dir/__/src/broker/broker_util.c.o
[1126/1299] No install step for 'catch2'
[1127/1299] Building CXX object broker/CMakeFiles/broker_tester.dir/__/src/broker/shard_shm.c.o
[1128/1299] Completed 'catch2'
[1129/1299] Building CXX object broker/CMakeFiles/broker_log_top.dir/__/src/broker/broker_shm.c.o
[1130/1299] Building CXX object cm_common/CMakeFiles/cmstat.dir/__/src/cm_common/cm_errmsg.c.o
[1131/1299] Building CXX object broker/CMakeFiles/broker_tester.dir/__/src/broker/shard_metadata.c.o
[1132/1299] Building CXX object broker/CMakeFiles/cub_proxy.dir/__/src/broker/shard_proxy_handler.c.o
[1133/1299] Building CXX object cm_common/CMakeFiles/cmstat.dir/__/src/cm_common/cm_broker_admin.c.o
[1134/1299] Building CXX object broker/CMakeFiles/broker_log_runner.dir/__/src/broker/cas_runner.c.o
[1135/1299] Building CXX object broker/CMakeFiles/broker_monitor.dir/__/src/broker/query_replace.c.o
[1136/1299] Building CXX object broker/CMakeFiles/cas_cgw_lib.dir/__/src/broker/cas_cgw_odbc.c.o
[1137/1299] Building CXX object broker/CMakeFiles/brokeradmin.dir/__/src/broker/broker_util.c.o
[1138/1299] Building CXX object broker/CMakeFiles/gateway_monitor.dir/__/src/broker/query_replace.c.o
[1139/1299] Building CXX object broker/CMakeFiles/cub_proxy.dir/__/src/broker/shard_proxy_io.c.o
[1140/1299] Building CXX object broker/CMakeFiles/broker_log_top.dir/__/src/broker/broker_filename.c.o
[1141/1299] Building CXX object cubrid/CMakeFiles/cubrid.dir/__/src/transaction/log_page_buffer.c.o
/home/vimkim/gh/cb/pr7927-publication-release/src/transaction/log_page_buffer.c: In function ‘void logpb_checkpoint_trans(LOG_INFO_CHKPT_TRANS*, log_tdes*, int&, int&, LOG_LSA&)’:
/home/vimkim/gh/cb/pr7927-publication-release/src/transaction/log_page_buffer.c:7165:15: warning: ‘char* strncpy(char*, const char*, size_t)’ specified bound 33 equals destination size [-Wstringop-truncation]
 7165 |       strncpy (chkpt_entry->user_name, tdes->client.get_db_user (), LOG_USERNAME_MAX);
      |       ~~~~~~~~^~~~~~~~~~~~~~~~~~~~~~~~~~~~~~~~~~~~~~~~~~~~~~~~~~~~~~~~~~~~~~~~~~~~~~~
[1142/1299] Building CXX object broker/CMakeFiles/cub_proxy.dir/__/src/broker/shard_proxy_function.c.o
[1143/1299] Building CXX object broker/CMakeFiles/brokeradmin.dir/__/src/broker/broker_shm.c.o
[1144/1299] Building CXX object broker/CMakeFiles/cubrid_gateway.dir/__/src/broker/broker_admin_pub.c.o
/home/vimkim/gh/cb/pr7927-publication-release/src/broker/broker_admin_pub.c: In function ‘int admin_getid_cmd(int, int, const char**)’:
/home/vimkim/gh/cb/pr7927-publication-release/src/broker/broker_admin_pub.c:1719:49: warning: ‘%s’ directive writing up to 4095 bytes into a region of size 2033 [-Wformat-overflow=]
 1719 |         sprintf (buf + buf_len, "LIBRARY_NAME : %s, ",
      |                                                 ^~
/home/vimkim/gh/cb/pr7927-publication-release/src/broker/broker_admin_pub.c:1719:17: note: ‘sprintf’ output between 18 and 4113 bytes into a destination of size 2048
 1719 |         sprintf (buf + buf_len, "LIBRARY_NAME : %s, ",
      |         ~~~~~~~~^~~~~~~~~~~~~~~~~~~~~~~~~~~~~~~~~~~~~~
 1720 |                  (shm_proxy_p->shard_key_library_name[0] == 0) ? "NOT DEFINED" : shm_proxy_p->shard_key_library_name);
      |                  ~~~~~~~~~~~~~~~~~~~~~~~~~~~~~~~~~~~~~~~~~~~~~~~~~~~~~~~~~~~~~~~~~~~~~~~~~~~~~~~~~~~~~~~~~~~~~~~~~~~~
/home/vimkim/gh/cb/pr7927-publication-release/src/broker/broker_admin_pub.c:1722:50: warning: ‘%s’ directive writing up to 4095 bytes into a region of size 2032 [-Wformat-overflow=]
 1722 |         sprintf (buf + buf_len, "FUNCTION_NAME : %s ",
      |                                                  ^~
/home/vimkim/gh/cb/pr7927-publication-release/src/broker/broker_admin_pub.c:1722:17: note: ‘sprintf’ output between 18 and 4113 bytes into a destination of size 2048
 1722 |         sprintf (buf + buf_len, "FUNCTION_NAME : %s ",
      |         ~~~~~~~~^~~~~~~~~~~~~~~~~~~~~~~~~~~~~~~~~~~~~~
 1723 |                  (shm_proxy_p->shard_key_function_name[0] == 0) ? "NOT DEFINED" : shm_proxy_p->shard_key_function_name);
      |                  ~~~~~~~~~~~~~~~~~~~~~~~~~~~~~~~~~~~~~~~~~~~~~~~~~~~~~~~~~~~~~~~~~~~~~~~~~~~~~~~~~~~~~~~~~~~~~~~~~~~~~~
[1145/1299] Building CXX object broker/CMakeFiles/broker_tester.dir/__/src/broker/broker_tester.c.o
[1146/1299] Building CXX object broker/CMakeFiles/broker_log_top.dir/__/src/broker/shard_metadata.c.o
[1147/1299] Building CXX object broker/CMakeFiles/broker_log_top.dir/__/src/broker/shard_shm.c.o
[1148/1299] Building CXX object broker/CMakeFiles/broker_changer.dir/__/src/broker/query_replace.c.o
[1149/1299] Building CXX object broker/CMakeFiles/cubrid_replay.dir/__/src/broker/broker_log_replay.c.o
[1150/1299] Building CXX object cm_common/CMakeFiles/cmstat.dir/__/src/cm_common/cm_mem_cpu_stat.c.o
[1151/1299] Building CXX object broker/CMakeFiles/brokeradmin.dir/__/src/broker/broker_filename.c.o
[1152/1299] Building CXX object broker/CMakeFiles/cubrid_replay.dir/__/src/base/filesys_temp.cpp.o
[1153/1299] Building CXX object cm_common/CMakeFiles/cmdep.dir/__/src/cm_common/cm_utils.c.o
[1154/1299] Building CXX object broker/CMakeFiles/brokeradmin.dir/__/src/broker/broker_admin_so.c.o
[1155/1299] Building CXX object timezones/CMakeFiles/gen_timezone.dir/__/src/executables/generate_timezone.cpp.o
[1156/1299] Building CXX object cm_common/CMakeFiles/cmstat.dir/__/src/cm_common/cm_utils.c.o
[1157/1299] Building CXX object broker/CMakeFiles/brokeradmin.dir/__/src/broker/shard_metadata.c.o
[1158/1299] Building CXX object broker/CMakeFiles/brokeradmin.dir/__/src/broker/shard_shm.c.o
[1159/1299] Building CXX object broker/CMakeFiles/cas_common_lib.dir/__/src/broker/cas_common_main.c.o
[1160/1299] Building CXX object broker/CMakeFiles/cubrid_broker.dir/__/src/broker/query_replace.c.o
[1161/1299] Building CXX object cubrid/CMakeFiles/cubrid.dir/__/src/query/parallel/px_scan/px_scan_task.cpp.o
In file included from /home/vimkim/gh/cb/pr7927-publication-release/src/base/memory_alloc.h:54,
                 from /home/vimkim/gh/cb/pr7927-publication-release/src/base/memory_hash.h:30,
                 from /home/vimkim/gh/cb/pr7927-publication-release/src/storage/file_io.h:33,
                 from /home/vimkim/gh/cb/pr7927-publication-release/src/transaction/log_manager.h:37,
                 from /home/vimkim/gh/cb/pr7927-publication-release/src/storage/file_manager.h:33,
                 from /home/vimkim/gh/cb/pr7927-publication-release/src/query/query_manager.h:34,
                 from /home/vimkim/gh/cb/pr7927-publication-release/src/query/parallel/px_scan/px_scan_task.hpp:26,
                 from /home/vimkim/gh/cb/pr7927-publication-release/src/query/parallel/px_scan/px_scan_task.cpp:23:
In function ‘void cub_free(void*)’,
    inlined from ‘void operator delete(void*, size_t)’ at /home/vimkim/gh/cb/pr7927-publication-release/src/base/memory_wrapper.hpp:75:12,
    inlined from ‘void __gnu_cxx::new_allocator<_Tp>::deallocate(_Tp*, __gnu_cxx::new_allocator<_Tp>::size_type) [with _Tp = std::_Rb_tree_node<std::pair<const int, parallel_scan::scan_info> >]’ at /usr/include/c++/11/ext/new_allocator.h:145:19,
    inlined from ‘static void std::allocator_traits<std::allocator<_Tp1> >::deallocate(std::allocator_traits<std::allocator<_Tp1> >::allocator_type&, std::allocator_traits<std::allocator<_Tp1> >::pointer, std::allocator_traits<std::allocator<_Tp1> >::size_type) [with _Tp = std::_Rb_tree_node<std::pair<const int, parallel_scan::scan_info> >]’ at /usr/include/c++/11/bits/alloc_traits.h:496:23,
    inlined from ‘void std::_Rb_tree<_Key, _Val, _KeyOfValue, _Compare, _Alloc>::_M_put_node(std::_Rb_tree<_Key, _Val, _KeyOfValue, _Compare, _Alloc>::_Link_type) [with _Key = int; _Val = std::pair<const int, parallel_scan::scan_info>; _KeyOfValue = std::_Select1st<std::pair<const int, parallel_scan::scan_info> >; _Compare = std::less<int>; _Alloc = std::allocator<std::pair<const int, parallel_scan::scan_info> >]’ at /usr/include/c++/11/bits/stl_tree.h:565:34,
    inlined from ‘void std::_Rb_tree<_Key, _Val, _KeyOfValue, _Compare, _Alloc>::_M_drop_node(std::_Rb_tree<_Key, _Val, _KeyOfValue, _Compare, _Alloc>::_Link_type) [with _Key = int; _Val = std::pair<const int, parallel_scan::scan_info>; _KeyOfValue = std::_Select1st<std::pair<const int, parallel_scan::scan_info> >; _Compare = std::less<int>; _Alloc = std::allocator<std::pair<const int, parallel_scan::scan_info> >]’ at /usr/include/c++/11/bits/stl_tree.h:632:13,
    inlined from ‘std::_Rb_tree<_Key, _Val, _KeyOfValue, _Compare, _Alloc>::iterator std::_Rb_tree<_Key, _Val, _KeyOfValue, _Compare, _Alloc>::_M_emplace_hint_unique(std::_Rb_tree<_Key, _Val, _KeyOfValue, _Compare, _Alloc>::const_iterator, _Args&& ...) [with _Args = {const std::piecewise_construct_t&, std::tuple<const int&>, std::tuple<>}; _Key = int; _Val = std::pair<const int, parallel_scan::scan_info>; _KeyOfValue = std::_Select1st<std::pair<const int, parallel_scan::scan_info> >; _Compare = std::less<int>; _Alloc = std::allocator<std::pair<const int, parallel_scan::scan_info> >]’ at /usr/include/c++/11/bits/stl_tree.h:2440:18,
    inlined from ‘std::map<_Key, _Tp, _Compare, _Alloc>::mapped_type& std::map<_Key, _Tp, _Compare, _Alloc>::operator[](const key_type&) [with _Key = int; _Tp = parallel_scan::scan_info; _Compare = std::less<int>; _Alloc = std::allocator<std::pair<const int, parallel_scan::scan_info> >]’ at /usr/include/c++/11/bits/stl_map.h:501:37,
    inlined from ‘parallel_scan::scan_info parallel_scan::pre_execution_info::get_scan_info(parallel_scan::XASL_NODE_ID)’ at /home/vimkim/gh/cb/pr7927-publication-release/src/query/parallel/px_scan/px_scan_pre_execution_info.hpp:61:29,
    inlined from ‘int parallel_scan::task<result_type, ST>::initialize(cubthread::entry&) [with parallel_scan::RESULT_TYPE result_type = parallel_scan::RESULT_TYPE::BUILDVALUE_OPT; parallel_scan::SCAN_TYPE ST = parallel_scan::SCAN_TYPE::INDEX]’ at /home/vimkim/gh/cb/pr7927-publication-release/src/query/parallel/px_scan/px_scan_task.cpp:239:61:
/home/vimkim/gh/cb/pr7927-publication-release/src/base/memory_cwrapper.h:86:8: warning: ‘void free(void*)’ called on pointer returned from a mismatched allocation function [-Wmismatched-new-delete]
   86 |   free (ptr);
      |   ~~~~~^~~~~
In file included from /usr/include/c++/11/x86_64-redhat-linux/bits/c++allocator.h:33,
                 from /usr/include/c++/11/bits/allocator.h:46,
                 from /usr/include/c++/11/vector:64,
                 from /home/vimkim/gh/cb/pr7927-publication-release/src/transaction/log_lsa.hpp:32,
                 from /home/vimkim/gh/cb/pr7927-publication-release/src/storage/disk_manager.h:30,
                 from /home/vimkim/gh/cb/pr7927-publication-release/src/storage/file_manager.h:32,
                 from /home/vimkim/gh/cb/pr7927-publication-release/src/query/query_manager.h:34,
                 from /home/vimkim/gh/cb/pr7927-publication-release/src/query/parallel/px_scan/px_scan_task.hpp:26,
                 from /home/vimkim/gh/cb/pr7927-publication-release/src/query/parallel/px_scan/px_scan_task.cpp:23:
/usr/include/c++/11/ext/new_allocator.h: In member function ‘int parallel_scan::task<result_type, ST>::initialize(cubthread::entry&) [with parallel_scan::RESULT_TYPE result_type = parallel_scan::RESULT_TYPE::BUILDVALUE_OPT; parallel_scan::SCAN_TYPE ST = parallel_scan::SCAN_TYPE::INDEX]’:
/usr/include/c++/11/ext/new_allocator.h:127:48: note: returned from ‘void* operator new(std::size_t)’
  127 |         return static_cast<_Tp*>(::operator new(__n * sizeof(_Tp)));
      |                                  ~~~~~~~~~~~~~~^~~~~~~~~~~~~~~~~~~
In file included from /home/vimkim/gh/cb/pr7927-publication-release/src/base/memory_alloc.h:54,
                 from /home/vimkim/gh/cb/pr7927-publication-release/src/base/memory_hash.h:30,
                 from /home/vimkim/gh/cb/pr7927-publication-release/src/storage/file_io.h:33,
                 from /home/vimkim/gh/cb/pr7927-publication-release/src/transaction/log_manager.h:37,
                 from /home/vimkim/gh/cb/pr7927-publication-release/src/storage/file_manager.h:33,
                 from /home/vimkim/gh/cb/pr7927-publication-release/src/query/query_manager.h:34,
                 from /home/vimkim/gh/cb/pr7927-publication-release/src/query/parallel/px_scan/px_scan_task.hpp:26,
                 from /home/vimkim/gh/cb/pr7927-publication-release/src/query/parallel/px_scan/px_scan_task.cpp:23:
In function ‘void cub_free(void*)’,
    inlined from ‘void operator delete(void*, size_t)’ at /home/vimkim/gh/cb/pr7927-publication-release/src/base/memory_wrapper.hpp:75:12,
    inlined from ‘void __gnu_cxx::new_allocator<_Tp>::deallocate(_Tp*, __gnu_cxx::new_allocator<_Tp>::size_type) [with _Tp = std::_Rb_tree_node<std::pair<const int, parallel_scan::scan_info> >]’ at /usr/include/c++/11/ext/new_allocator.h:145:19,
    inlined from ‘static void std::allocator_traits<std::allocator<_Tp1> >::deallocate(std::allocator_traits<std::allocator<_Tp1> >::allocator_type&, std::allocator_traits<std::allocator<_Tp1> >::pointer, std::allocator_traits<std::allocator<_Tp1> >::size_type) [with _Tp = std::_Rb_tree_node<std::pair<const int, parallel_scan::scan_info> >]’ at /usr/include/c++/11/bits/alloc_traits.h:496:23,
    inlined from ‘void std::_Rb_tree<_Key, _Val, _KeyOfValue, _Compare, _Alloc>::_M_put_node(std::_Rb_tree<_Key, _Val, _KeyOfValue, _Compare, _Alloc>::_Link_type) [with _Key = int; _Val = std::pair<const int, parallel_scan::scan_info>; _KeyOfValue = std::_Select1st<std::pair<const int, parallel_scan::scan_info> >; _Compare = std::less<int>; _Alloc = std::allocator<std::pair<const int, parallel_scan::scan_info> >]’ at /usr/include/c++/11/bits/stl_tree.h:565:34,
    inlined from ‘void std::_Rb_tree<_Key, _Val, _KeyOfValue, _Compare, _Alloc>::_M_drop_node(std::_Rb_tree<_Key, _Val, _KeyOfValue, _Compare, _Alloc>::_Link_type) [with _Key = int; _Val = std::pair<const int, parallel_scan::scan_info>; _KeyOfValue = std::_Select1st<std::pair<const int, parallel_scan::scan_info> >; _Compare = std::less<int>; _Alloc = std::allocator<std::pair<const int, parallel_scan::scan_info> >]’ at /usr/include/c++/11/bits/stl_tree.h:632:13,
    inlined from ‘std::_Rb_tree<_Key, _Val, _KeyOfValue, _Compare, _Alloc>::iterator std::_Rb_tree<_Key, _Val, _KeyOfValue, _Compare, _Alloc>::_M_emplace_hint_unique(std::_Rb_tree<_Key, _Val, _KeyOfValue, _Compare, _Alloc>::const_iterator, _Args&& ...) [with _Args = {const std::piecewise_construct_t&, std::tuple<const int&>, std::tuple<>}; _Key = int; _Val = std::pair<const int, parallel_scan::scan_info>; _KeyOfValue = std::_Select1st<std::pair<const int, parallel_scan::scan_info> >; _Compare = std::less<int>; _Alloc = std::allocator<std::pair<const int, parallel_scan::scan_info> >]’ at /usr/include/c++/11/bits/stl_tree.h:2440:18,
    inlined from ‘std::map<_Key, _Tp, _Compare, _Alloc>::mapped_type& std::map<_Key, _Tp, _Compare, _Alloc>::operator[](const key_type&) [with _Key = int; _Tp = parallel_scan::scan_info; _Compare = std::less<int>; _Alloc = std::allocator<std::pair<const int, parallel_scan::scan_info> >]’ at /usr/include/c++/11/bits/stl_map.h:501:37,
    inlined from ‘parallel_scan::scan_info parallel_scan::pre_execution_info::get_scan_info(parallel_scan::XASL_NODE_ID)’ at /home/vimkim/gh/cb/pr7927-publication-release/src/query/parallel/px_scan/px_scan_pre_execution_info.hpp:61:29,
    inlined from ‘int parallel_scan::task<result_type, ST>::initialize(cubthread::entry&) [with parallel_scan::RESULT_TYPE result_type = parallel_scan::RESULT_TYPE::MERGEABLE_LIST; parallel_scan::SCAN_TYPE ST = parallel_scan::SCAN_TYPE::HEAP]’ at /home/vimkim/gh/cb/pr7927-publication-release/src/query/parallel/px_scan/px_scan_task.cpp:239:61:
/home/vimkim/gh/cb/pr7927-publication-release/src/base/memory_cwrapper.h:86:8: warning: ‘void free(void*)’ called on pointer returned from a mismatched allocation function [-Wmismatched-new-delete]
   86 |   free (ptr);
      |   ~~~~~^~~~~
In file included from /usr/include/c++/11/x86_64-redhat-linux/bits/c++allocator.h:33,
                 from /usr/include/c++/11/bits/allocator.h:46,
                 from /usr/include/c++/11/vector:64,
                 from /home/vimkim/gh/cb/pr7927-publication-release/src/transaction/log_lsa.hpp:32,
                 from /home/vimkim/gh/cb/pr7927-publication-release/src/storage/disk_manager.h:30,
                 from /home/vimkim/gh/cb/pr7927-publication-release/src/storage/file_manager.h:32,
                 from /home/vimkim/gh/cb/pr7927-publication-release/src/query/query_manager.h:34,
                 from /home/vimkim/gh/cb/pr7927-publication-release/src/query/parallel/px_scan/px_scan_task.hpp:26,
                 from /home/vimkim/gh/cb/pr7927-publication-release/src/query/parallel/px_scan/px_scan_task.cpp:23:
/usr/include/c++/11/ext/new_allocator.h: In member function ‘int parallel_scan::task<result_type, ST>::initialize(cubthread::entry&) [with parallel_scan::RESULT_TYPE result_type = parallel_scan::RESULT_TYPE::MERGEABLE_LIST; parallel_scan::SCAN_TYPE ST = parallel_scan::SCAN_TYPE::HEAP]’:
/usr/include/c++/11/ext/new_allocator.h:127:48: note: returned from ‘void* operator new(std::size_t)’
  127 |         return static_cast<_Tp*>(::operator new(__n * sizeof(_Tp)));
      |                                  ~~~~~~~~~~~~~~^~~~~~~~~~~~~~~~~~~
In file included from /home/vimkim/gh/cb/pr7927-publication-release/src/base/memory_alloc.h:54,
                 from /home/vimkim/gh/cb/pr7927-publication-release/src/base/memory_hash.h:30,
                 from /home/vimkim/gh/cb/pr7927-publication-release/src/storage/file_io.h:33,
                 from /home/vimkim/gh/cb/pr7927-publication-release/src/transaction/log_manager.h:37,
                 from /home/vimkim/gh/cb/pr7927-publication-release/src/storage/file_manager.h:33,
                 from /home/vimkim/gh/cb/pr7927-publication-release/src/query/query_manager.h:34,
                 from /home/vimkim/gh/cb/pr7927-publication-release/src/query/parallel/px_scan/px_scan_task.hpp:26,
                 from /home/vimkim/gh/cb/pr7927-publication-release/src/query/parallel/px_scan/px_scan_task.cpp:23:
In function ‘void cub_free(void*)’,
    inlined from ‘void operator delete(void*, size_t)’ at /home/vimkim/gh/cb/pr7927-publication-release/src/base/memory_wrapper.hpp:75:12,
    inlined from ‘void __gnu_cxx::new_allocator<_Tp>::deallocate(_Tp*, __gnu_cxx::new_allocator<_Tp>::size_type) [with _Tp = std::_Rb_tree_node<std::pair<const int, parallel_scan::scan_info> >]’ at /usr/include/c++/11/ext/new_allocator.h:145:19,
    inlined from ‘static void std::allocator_traits<std::allocator<_Tp1> >::deallocate(std::allocator_traits<std::allocator<_Tp1> >::allocator_type&, std::allocator_traits<std::allocator<_Tp1> >::pointer, std::allocator_traits<std::allocator<_Tp1> >::size_type) [with _Tp = std::_Rb_tree_node<std::pair<const int, parallel_scan::scan_info> >]’ at /usr/include/c++/11/bits/alloc_traits.h:496:23,
    inlined from ‘void std::_Rb_tree<_Key, _Val, _KeyOfValue, _Compare, _Alloc>::_M_put_node(std::_Rb_tree<_Key, _Val, _KeyOfValue, _Compare, _Alloc>::_Link_type) [with _Key = int; _Val = std::pair<const int, parallel_scan::scan_info>; _KeyOfValue = std::_Select1st<std::pair<const int, parallel_scan::scan_info> >; _Compare = std::less<int>; _Alloc = std::allocator<std::pair<const int, parallel_scan::scan_info> >]’ at /usr/include/c++/11/bits/stl_tree.h:565:34,
    inlined from ‘void std::_Rb_tree<_Key, _Val, _KeyOfValue, _Compare, _Alloc>::_M_drop_node(std::_Rb_tree<_Key, _Val, _KeyOfValue, _Compare, _Alloc>::_Link_type) [with _Key = int; _Val = std::pair<const int, parallel_scan::scan_info>; _KeyOfValue = std::_Select1st<std::pair<const int, parallel_scan::scan_info> >; _Compare = std::less<int>; _Alloc = std::allocator<std::pair<const int, parallel_scan::scan_info> >]’ at /usr/include/c++/11/bits/stl_tree.h:632:13,
    inlined from ‘std::_Rb_tree<_Key, _Val, _KeyOfValue, _Compare, _Alloc>::iterator std::_Rb_tree<_Key, _Val, _KeyOfValue, _Compare, _Alloc>::_M_emplace_hint_unique(std::_Rb_tree<_Key, _Val, _KeyOfValue, _Compare, _Alloc>::const_iterator, _Args&& ...) [with _Args = {const std::piecewise_construct_t&, std::tuple<const int&>, std::tuple<>}; _Key = int; _Val = std::pair<const int, parallel_scan::scan_info>; _KeyOfValue = std::_Select1st<std::pair<const int, parallel_scan::scan_info> >; _Compare = std::less<int>; _Alloc = std::allocator<std::pair<const int, parallel_scan::scan_info> >]’ at /usr/include/c++/11/bits/stl_tree.h:2440:18,
    inlined from ‘std::map<_Key, _Tp, _Compare, _Alloc>::mapped_type& std::map<_Key, _Tp, _Compare, _Alloc>::operator[](const key_type&) [with _Key = int; _Tp = parallel_scan::scan_info; _Compare = std::less<int>; _Alloc = std::allocator<std::pair<const int, parallel_scan::scan_info> >]’ at /usr/include/c++/11/bits/stl_map.h:501:37,
    inlined from ‘parallel_scan::scan_info parallel_scan::pre_execution_info::get_scan_info(parallel_scan::XASL_NODE_ID)’ at /home/vimkim/gh/cb/pr7927-publication-release/src/query/parallel/px_scan/px_scan_pre_execution_info.hpp:61:29,
    inlined from ‘int parallel_scan::task<result_type, ST>::initialize(cubthread::entry&) [with parallel_scan::RESULT_TYPE result_type = parallel_scan::RESULT_TYPE::BUILDVALUE_OPT; parallel_scan::SCAN_TYPE ST = parallel_scan::SCAN_TYPE::HEAP]’ at /home/vimkim/gh/cb/pr7927-publication-release/src/query/parallel/px_scan/px_scan_task.cpp:239:61:
/home/vimkim/gh/cb/pr7927-publication-release/src/base/memory_cwrapper.h:86:8: warning: ‘void free(void*)’ called on pointer returned from a mismatched allocation function [-Wmismatched-new-delete]
   86 |   free (ptr);
      |   ~~~~~^~~~~
In file included from /usr/include/c++/11/x86_64-redhat-linux/bits/c++allocator.h:33,
                 from /usr/include/c++/11/bits/allocator.h:46,
                 from /usr/include/c++/11/vector:64,
                 from /home/vimkim/gh/cb/pr7927-publication-release/src/transaction/log_lsa.hpp:32,
                 from /home/vimkim/gh/cb/pr7927-publication-release/src/storage/disk_manager.h:30,
                 from /home/vimkim/gh/cb/pr7927-publication-release/src/storage/file_manager.h:32,
                 from /home/vimkim/gh/cb/pr7927-publication-release/src/query/query_manager.h:34,
                 from /home/vimkim/gh/cb/pr7927-publication-release/src/query/parallel/px_scan/px_scan_task.hpp:26,
                 from /home/vimkim/gh/cb/pr7927-publication-release/src/query/parallel/px_scan/px_scan_task.cpp:23:
/usr/include/c++/11/ext/new_allocator.h: In member function ‘int parallel_scan::task<result_type, ST>::initialize(cubthread::entry&) [with parallel_scan::RESULT_TYPE result_type = parallel_scan::RESULT_TYPE::BUILDVALUE_OPT; parallel_scan::SCAN_TYPE ST = parallel_scan::SCAN_TYPE::HEAP]’:
/usr/include/c++/11/ext/new_allocator.h:127:48: note: returned from ‘void* operator new(std::size_t)’
  127 |         return static_cast<_Tp*>(::operator new(__n * sizeof(_Tp)));
      |                                  ~~~~~~~~~~~~~~^~~~~~~~~~~~~~~~~~~
In file included from /home/vimkim/gh/cb/pr7927-publication-release/src/base/memory_alloc.h:54,
                 from /home/vimkim/gh/cb/pr7927-publication-release/src/base/memory_hash.h:30,
                 from /home/vimkim/gh/cb/pr7927-publication-release/src/storage/file_io.h:33,
                 from /home/vimkim/gh/cb/pr7927-publication-release/src/transaction/log_manager.h:37,
                 from /home/vimkim/gh/cb/pr7927-publication-release/src/storage/file_manager.h:33,
                 from /home/vimkim/gh/cb/pr7927-publication-release/src/query/query_manager.h:34,
                 from /home/vimkim/gh/cb/pr7927-publication-release/src/query/parallel/px_scan/px_scan_task.hpp:26,
                 from /home/vimkim/gh/cb/pr7927-publication-release/src/query/parallel/px_scan/px_scan_task.cpp:23:
In function ‘void cub_free(void*)’,
    inlined from ‘void operator delete(void*, size_t)’ at /home/vimkim/gh/cb/pr7927-publication-release/src/base/memory_wrapper.hpp:75:12,
    inlined from ‘void __gnu_cxx::new_allocator<_Tp>::deallocate(_Tp*, __gnu_cxx::new_allocator<_Tp>::size_type) [with _Tp = std::_Rb_tree_node<std::pair<const int, parallel_scan::scan_info> >]’ at /usr/include/c++/11/ext/new_allocator.h:145:19,
    inlined from ‘static void std::allocator_traits<std::allocator<_Tp1> >::deallocate(std::allocator_traits<std::allocator<_Tp1> >::allocator_type&, std::allocator_traits<std::allocator<_Tp1> >::pointer, std::allocator_traits<std::allocator<_Tp1> >::size_type) [with _Tp = std::_Rb_tree_node<std::pair<const int, parallel_scan::scan_info> >]’ at /usr/include/c++/11/bits/alloc_traits.h:496:23,
    inlined from ‘void std::_Rb_tree<_Key, _Val, _KeyOfValue, _Compare, _Alloc>::_M_put_node(std::_Rb_tree<_Key, _Val, _KeyOfValue, _Compare, _Alloc>::_Link_type) [with _Key = int; _Val = std::pair<const int, parallel_scan::scan_info>; _KeyOfValue = std::_Select1st<std::pair<const int, parallel_scan::scan_info> >; _Compare = std::less<int>; _Alloc = std::allocator<std::pair<const int, parallel_scan::scan_info> >]’ at /usr/include/c++/11/bits/stl_tree.h:565:34,
    inlined from ‘void std::_Rb_tree<_Key, _Val, _KeyOfValue, _Compare, _Alloc>::_M_drop_node(std::_Rb_tree<_Key, _Val, _KeyOfValue, _Compare, _Alloc>::_Link_type) [with _Key = int; _Val = std::pair<const int, parallel_scan::scan_info>; _KeyOfValue = std::_Select1st<std::pair<const int, parallel_scan::scan_info> >; _Compare = std::less<int>; _Alloc = std::allocator<std::pair<const int, parallel_scan::scan_info> >]’ at /usr/include/c++/11/bits/stl_tree.h:632:13,
    inlined from ‘std::_Rb_tree<_Key, _Val, _KeyOfValue, _Compare, _Alloc>::iterator std::_Rb_tree<_Key, _Val, _KeyOfValue, _Compare, _Alloc>::_M_emplace_hint_unique(std::_Rb_tree<_Key, _Val, _KeyOfValue, _Compare, _Alloc>::const_iterator, _Args&& ...) [with _Args = {const std::piecewise_construct_t&, std::tuple<const int&>, std::tuple<>}; _Key = int; _Val = std::pair<const int, parallel_scan::scan_info>; _KeyOfValue = std::_Select1st<std::pair<const int, parallel_scan::scan_info> >; _Compare = std::less<int>; _Alloc = std::allocator<std::pair<const int, parallel_scan::scan_info> >]’ at /usr/include/c++/11/bits/stl_tree.h:2440:18,
    inlined from ‘std::map<_Key, _Tp, _Compare, _Alloc>::mapped_type& std::map<_Key, _Tp, _Compare, _Alloc>::operator[](const key_type&) [with _Key = int; _Tp = parallel_scan::scan_info; _Compare = std::less<int>; _Alloc = std::allocator<std::pair<const int, parallel_scan::scan_info> >]’ at /usr/include/c++/11/bits/stl_map.h:501:37,
    inlined from ‘parallel_scan::scan_info parallel_scan::pre_execution_info::get_scan_info(parallel_scan::XASL_NODE_ID)’ at /home/vimkim/gh/cb/pr7927-publication-release/src/query/parallel/px_scan/px_scan_pre_execution_info.hpp:61:29,
    inlined from ‘int parallel_scan::task<result_type, ST>::initialize(cubthread::entry&) [with parallel_scan::RESULT_TYPE result_type = parallel_scan::RESULT_TYPE::MERGEABLE_LIST; parallel_scan::SCAN_TYPE ST = parallel_scan::SCAN_TYPE::LIST]’ at /home/vimkim/gh/cb/pr7927-publication-release/src/query/parallel/px_scan/px_scan_task.cpp:239:61:
/home/vimkim/gh/cb/pr7927-publication-release/src/base/memory_cwrapper.h:86:8: warning: ‘void free(void*)’ called on pointer returned from a mismatched allocation function [-Wmismatched-new-delete]
   86 |   free (ptr);
      |   ~~~~~^~~~~
In file included from /usr/include/c++/11/x86_64-redhat-linux/bits/c++allocator.h:33,
                 from /usr/include/c++/11/bits/allocator.h:46,
                 from /usr/include/c++/11/vector:64,
                 from /home/vimkim/gh/cb/pr7927-publication-release/src/transaction/log_lsa.hpp:32,
                 from /home/vimkim/gh/cb/pr7927-publication-release/src/storage/disk_manager.h:30,
                 from /home/vimkim/gh/cb/pr7927-publication-release/src/storage/file_manager.h:32,
                 from /home/vimkim/gh/cb/pr7927-publication-release/src/query/query_manager.h:34,
                 from /home/vimkim/gh/cb/pr7927-publication-release/src/query/parallel/px_scan/px_scan_task.hpp:26,
                 from /home/vimkim/gh/cb/pr7927-publication-release/src/query/parallel/px_scan/px_scan_task.cpp:23:
/usr/include/c++/11/ext/new_allocator.h: In member function ‘int parallel_scan::task<result_type, ST>::initialize(cubthread::entry&) [with parallel_scan::RESULT_TYPE result_type = parallel_scan::RESULT_TYPE::MERGEABLE_LIST; parallel_scan::SCAN_TYPE ST = parallel_scan::SCAN_TYPE::LIST]’:
/usr/include/c++/11/ext/new_allocator.h:127:48: note: returned from ‘void* operator new(std::size_t)’
  127 |         return static_cast<_Tp*>(::operator new(__n * sizeof(_Tp)));
      |                                  ~~~~~~~~~~~~~~^~~~~~~~~~~~~~~~~~~
In file included from /home/vimkim/gh/cb/pr7927-publication-release/src/base/memory_alloc.h:54,
                 from /home/vimkim/gh/cb/pr7927-publication-release/src/base/memory_hash.h:30,
                 from /home/vimkim/gh/cb/pr7927-publication-release/src/storage/file_io.h:33,
                 from /home/vimkim/gh/cb/pr7927-publication-release/src/transaction/log_manager.h:37,
                 from /home/vimkim/gh/cb/pr7927-publication-release/src/storage/file_manager.h:33,
                 from /home/vimkim/gh/cb/pr7927-publication-release/src/query/query_manager.h:34,
                 from /home/vimkim/gh/cb/pr7927-publication-release/src/query/parallel/px_scan/px_scan_task.hpp:26,
                 from /home/vimkim/gh/cb/pr7927-publication-release/src/query/parallel/px_scan/px_scan_task.cpp:23:
In function ‘void cub_free(void*)’,
    inlined from ‘void operator delete(void*, size_t)’ at /home/vimkim/gh/cb/pr7927-publication-release/src/base/memory_wrapper.hpp:75:12,
    inlined from ‘void __gnu_cxx::new_allocator<_Tp>::deallocate(_Tp*, __gnu_cxx::new_allocator<_Tp>::size_type) [with _Tp = std::_Rb_tree_node<std::pair<const int, parallel_scan::scan_info> >]’ at /usr/include/c++/11/ext/new_allocator.h:145:19,
    inlined from ‘static void std::allocator_traits<std::allocator<_Tp1> >::deallocate(std::allocator_traits<std::allocator<_Tp1> >::allocator_type&, std::allocator_traits<std::allocator<_Tp1> >::pointer, std::allocator_traits<std::allocator<_Tp1> >::size_type) [with _Tp = std::_Rb_tree_node<std::pair<const int, parallel_scan::scan_info> >]’ at /usr/include/c++/11/bits/alloc_traits.h:496:23,
    inlined from ‘void std::_Rb_tree<_Key, _Val, _KeyOfValue, _Compare, _Alloc>::_M_put_node(std::_Rb_tree<_Key, _Val, _KeyOfValue, _Compare, _Alloc>::_Link_type) [with _Key = int; _Val = std::pair<const int, parallel_scan::scan_info>; _KeyOfValue = std::_Select1st<std::pair<const int, parallel_scan::scan_info> >; _Compare = std::less<int>; _Alloc = std::allocator<std::pair<const int, parallel_scan::scan_info> >]’ at /usr/include/c++/11/bits/stl_tree.h:565:34,
    inlined from ‘void std::_Rb_tree<_Key, _Val, _KeyOfValue, _Compare, _Alloc>::_M_drop_node(std::_Rb_tree<_Key, _Val, _KeyOfValue, _Compare, _Alloc>::_Link_type) [with _Key = int; _Val = std::pair<const int, parallel_scan::scan_info>; _KeyOfValue = std::_Select1st<std::pair<const int, parallel_scan::scan_info> >; _Compare = std::less<int>; _Alloc = std::allocator<std::pair<const int, parallel_scan::scan_info> >]’ at /usr/include/c++/11/bits/stl_tree.h:632:13,
    inlined from ‘std::_Rb_tree<_Key, _Val, _KeyOfValue, _Compare, _Alloc>::iterator std::_Rb_tree<_Key, _Val, _KeyOfValue, _Compare, _Alloc>::_M_emplace_hint_unique(std::_Rb_tree<_Key, _Val, _KeyOfValue, _Compare, _Alloc>::const_iterator, _Args&& ...) [with _Args = {const std::piecewise_construct_t&, std::tuple<const int&>, std::tuple<>}; _Key = int; _Val = std::pair<const int, parallel_scan::scan_info>; _KeyOfValue = std::_Select1st<std::pair<const int, parallel_scan::scan_info> >; _Compare = std::less<int>; _Alloc = std::allocator<std::pair<const int, parallel_scan::scan_info> >]’ at /usr/include/c++/11/bits/stl_tree.h:2440:18,
    inlined from ‘std::map<_Key, _Tp, _Compare, _Alloc>::mapped_type& std::map<_Key, _Tp, _Compare, _Alloc>::operator[](const key_type&) [with _Key = int; _Tp = parallel_scan::scan_info; _Compare = std::less<int>; _Alloc = std::allocator<std::pair<const int, parallel_scan::scan_info> >]’ at /usr/include/c++/11/bits/stl_map.h:501:37,
    inlined from ‘parallel_scan::scan_info parallel_scan::pre_execution_info::get_scan_info(parallel_scan::XASL_NODE_ID)’ at /home/vimkim/gh/cb/pr7927-publication-release/src/query/parallel/px_scan/px_scan_pre_execution_info.hpp:61:29,
    inlined from ‘int parallel_scan::task<result_type, ST>::initialize(cubthread::entry&) [with parallel_scan::RESULT_TYPE result_type = parallel_scan::RESULT_TYPE::BUILDVALUE_OPT; parallel_scan::SCAN_TYPE ST = parallel_scan::SCAN_TYPE::LIST]’ at /home/vimkim/gh/cb/pr7927-publication-release/src/query/parallel/px_scan/px_scan_task.cpp:239:61:
/home/vimkim/gh/cb/pr7927-publication-release/src/base/memory_cwrapper.h:86:8: warning: ‘void free(void*)’ called on pointer returned from a mismatched allocation function [-Wmismatched-new-delete]
   86 |   free (ptr);
      |   ~~~~~^~~~~
In file included from /usr/include/c++/11/x86_64-redhat-linux/bits/c++allocator.h:33,
                 from /usr/include/c++/11/bits/allocator.h:46,
                 from /usr/include/c++/11/vector:64,
                 from /home/vimkim/gh/cb/pr7927-publication-release/src/transaction/log_lsa.hpp:32,
                 from /home/vimkim/gh/cb/pr7927-publication-release/src/storage/disk_manager.h:30,
                 from /home/vimkim/gh/cb/pr7927-publication-release/src/storage/file_manager.h:32,
                 from /home/vimkim/gh/cb/pr7927-publication-release/src/query/query_manager.h:34,
                 from /home/vimkim/gh/cb/pr7927-publication-release/src/query/parallel/px_scan/px_scan_task.hpp:26,
                 from /home/vimkim/gh/cb/pr7927-publication-release/src/query/parallel/px_scan/px_scan_task.cpp:23:
/usr/include/c++/11/ext/new_allocator.h: In member function ‘int parallel_scan::task<result_type, ST>::initialize(cubthread::entry&) [with parallel_scan::RESULT_TYPE result_type = parallel_scan::RESULT_TYPE::BUILDVALUE_OPT; parallel_scan::SCAN_TYPE ST = parallel_scan::SCAN_TYPE::LIST]’:
/usr/include/c++/11/ext/new_allocator.h:127:48: note: returned from ‘void* operator new(std::size_t)’
  127 |         return static_cast<_Tp*>(::operator new(__n * sizeof(_Tp)));
      |                                  ~~~~~~~~~~~~~~^~~~~~~~~~~~~~~~~~~
In file included from /home/vimkim/gh/cb/pr7927-publication-release/src/base/memory_alloc.h:54,
                 from /home/vimkim/gh/cb/pr7927-publication-release/src/base/memory_hash.h:30,
                 from /home/vimkim/gh/cb/pr7927-publication-release/src/storage/file_io.h:33,
                 from /home/vimkim/gh/cb/pr7927-publication-release/src/transaction/log_manager.h:37,
                 from /home/vimkim/gh/cb/pr7927-publication-release/src/storage/file_manager.h:33,
                 from /home/vimkim/gh/cb/pr7927-publication-release/src/query/query_manager.h:34,
                 from /home/vimkim/gh/cb/pr7927-publication-release/src/query/parallel/px_scan/px_scan_task.hpp:26,
                 from /home/vimkim/gh/cb/pr7927-publication-release/src/query/parallel/px_scan/px_scan_task.cpp:23:
In function ‘void cub_free(void*)’,
    inlined from ‘void operator delete(void*, size_t)’ at /home/vimkim/gh/cb/pr7927-publication-release/src/base/memory_wrapper.hpp:75:12,
    inlined from ‘void __gnu_cxx::new_allocator<_Tp>::deallocate(_Tp*, __gnu_cxx::new_allocator<_Tp>::size_type) [with _Tp = std::_Rb_tree_node<std::pair<const int, parallel_scan::scan_info> >]’ at /usr/include/c++/11/ext/new_allocator.h:145:19,
    inlined from ‘static void std::allocator_traits<std::allocator<_Tp1> >::deallocate(std::allocator_traits<std::allocator<_Tp1> >::allocator_type&, std::allocator_traits<std::allocator<_Tp1> >::pointer, std::allocator_traits<std::allocator<_Tp1> >::size_type) [with _Tp = std::_Rb_tree_node<std::pair<const int, parallel_scan::scan_info> >]’ at /usr/include/c++/11/bits/alloc_traits.h:496:23,
    inlined from ‘void std::_Rb_tree<_Key, _Val, _KeyOfValue, _Compare, _Alloc>::_M_put_node(std::_Rb_tree<_Key, _Val, _KeyOfValue, _Compare, _Alloc>::_Link_type) [with _Key = int; _Val = std::pair<const int, parallel_scan::scan_info>; _KeyOfValue = std::_Select1st<std::pair<const int, parallel_scan::scan_info> >; _Compare = std::less<int>; _Alloc = std::allocator<std::pair<const int, parallel_scan::scan_info> >]’ at /usr/include/c++/11/bits/stl_tree.h:565:34,
    inlined from ‘void std::_Rb_tree<_Key, _Val, _KeyOfValue, _Compare, _Alloc>::_M_drop_node(std::_Rb_tree<_Key, _Val, _KeyOfValue, _Compare, _Alloc>::_Link_type) [with _Key = int; _Val = std::pair<const int, parallel_scan::scan_info>; _KeyOfValue = std::_Select1st<std::pair<const int, parallel_scan::scan_info> >; _Compare = std::less<int>; _Alloc = std::allocator<std::pair<const int, parallel_scan::scan_info> >]’ at /usr/include/c++/11/bits/stl_tree.h:632:13,
    inlined from ‘std::_Rb_tree<_Key, _Val, _KeyOfValue, _Compare, _Alloc>::iterator std::_Rb_tree<_Key, _Val, _KeyOfValue, _Compare, _Alloc>::_M_emplace_hint_unique(std::_Rb_tree<_Key, _Val, _KeyOfValue, _Compare, _Alloc>::const_iterator, _Args&& ...) [with _Args = {const std::piecewise_construct_t&, std::tuple<const int&>, std::tuple<>}; _Key = int; _Val = std::pair<const int, parallel_scan::scan_info>; _KeyOfValue = std::_Select1st<std::pair<const int, parallel_scan::scan_info> >; _Compare = std::less<int>; _Alloc = std::allocator<std::pair<const int, parallel_scan::scan_info> >]’ at /usr/include/c++/11/bits/stl_tree.h:2440:18,
    inlined from ‘std::map<_Key, _Tp, _Compare, _Alloc>::mapped_type& std::map<_Key, _Tp, _Compare, _Alloc>::operator[](const key_type&) [with _Key = int; _Tp = parallel_scan::scan_info; _Compare = std::less<int>; _Alloc = std::allocator<std::pair<const int, parallel_scan::scan_info> >]’ at /usr/include/c++/11/bits/stl_map.h:501:37,
    inlined from ‘parallel_scan::scan_info parallel_scan::pre_execution_info::get_scan_info(parallel_scan::XASL_NODE_ID)’ at /home/vimkim/gh/cb/pr7927-publication-release/src/query/parallel/px_scan/px_scan_pre_execution_info.hpp:61:29,
    inlined from ‘int parallel_scan::task<result_type, ST>::initialize(cubthread::entry&) [with parallel_scan::RESULT_TYPE result_type = parallel_scan::RESULT_TYPE::MERGEABLE_LIST; parallel_scan::SCAN_TYPE ST = parallel_scan::SCAN_TYPE::INDEX]’ at /home/vimkim/gh/cb/pr7927-publication-release/src/query/parallel/px_scan/px_scan_task.cpp:239:61:
/home/vimkim/gh/cb/pr7927-publication-release/src/base/memory_cwrapper.h:86:8: warning: ‘void free(void*)’ called on pointer returned from a mismatched allocation function [-Wmismatched-new-delete]
   86 |   free (ptr);
      |   ~~~~~^~~~~
In file included from /usr/include/c++/11/x86_64-redhat-linux/bits/c++allocator.h:33,
                 from /usr/include/c++/11/bits/allocator.h:46,
                 from /usr/include/c++/11/vector:64,
                 from /home/vimkim/gh/cb/pr7927-publication-release/src/transaction/log_lsa.hpp:32,
                 from /home/vimkim/gh/cb/pr7927-publication-release/src/storage/disk_manager.h:30,
                 from /home/vimkim/gh/cb/pr7927-publication-release/src/storage/file_manager.h:32,
                 from /home/vimkim/gh/cb/pr7927-publication-release/src/query/query_manager.h:34,
                 from /home/vimkim/gh/cb/pr7927-publication-release/src/query/parallel/px_scan/px_scan_task.hpp:26,
                 from /home/vimkim/gh/cb/pr7927-publication-release/src/query/parallel/px_scan/px_scan_task.cpp:23:
/usr/include/c++/11/ext/new_allocator.h: In member function ‘int parallel_scan::task<result_type, ST>::initialize(cubthread::entry&) [with parallel_scan::RESULT_TYPE result_type = parallel_scan::RESULT_TYPE::MERGEABLE_LIST; parallel_scan::SCAN_TYPE ST = parallel_scan::SCAN_TYPE::INDEX]’:
/usr/include/c++/11/ext/new_allocator.h:127:48: note: returned from ‘void* operator new(std::size_t)’
  127 |         return static_cast<_Tp*>(::operator new(__n * sizeof(_Tp)));
      |                                  ~~~~~~~~~~~~~~^~~~~~~~~~~~~~~~~~~
[1162/1299] Building CXX object cm_common/CMakeFiles/cub_jobsa.dir/__/src/cm_common/cm_class_info_sa.c.o
[1163/1299] Building CXX object cubrid/CMakeFiles/cubrid.dir/__/src/query/parallel/px_scan/px_scan.cpp.o
[1164/1299] Building CXX object cm_common/CMakeFiles/cub_sainfo.dir/__/src/cm_common/cm_class_info_sa.c.o
[1165/1299] Building C object cs/CMakeFiles/cubridcs.dir/__/csql_grammar.c.o
/home/vimkim/gh/cb/pr7927-publication-release/build_preset_release_gcc/csql_grammar.c: In function ‘yyuserAction’:
/home/vimkim/gh/cb/pr7927-publication-release/build_preset_release_gcc/csql_grammar.c:42611:80: warning: implicit conversion from ‘enum pt_currency_types’ to ‘DB_CURRENCY’ [-Wenum-conversion]
42611 |                             pt_value_set_monetary (this_parser, val, str, txt, PT_CURRENCY_YEN);
      |                                                                                ^~~~~~~~~~~~~~~
/home/vimkim/gh/cb/pr7927-publication-release/build_preset_release_gcc/csql_grammar.c:42631:80: warning: implicit conversion from ‘enum pt_currency_types’ to ‘DB_CURRENCY’ [-Wenum-conversion]
42631 |                             pt_value_set_monetary (this_parser, val, str, txt, PT_CURRENCY_DOLLAR);
      |                                                                                ^~~~~~~~~~~~~~~~~~
/home/vimkim/gh/cb/pr7927-publication-release/build_preset_release_gcc/csql_grammar.c:42651:80: warning: implicit conversion from ‘enum pt_currency_types’ to ‘DB_CURRENCY’ [-Wenum-conversion]
42651 |                             pt_value_set_monetary (this_parser, val, str, txt, PT_CURRENCY_WON);
      |                                                                                ^~~~~~~~~~~~~~~
/home/vimkim/gh/cb/pr7927-publication-release/build_preset_release_gcc/csql_grammar.c:42671:80: warning: implicit conversion from ‘enum pt_currency_types’ to ‘DB_CURRENCY’ [-Wenum-conversion]
42671 |                             pt_value_set_monetary (this_parser, val, str, txt, PT_CURRENCY_TL);
      |                                                                                ^~~~~~~~~~~~~~
/home/vimkim/gh/cb/pr7927-publication-release/build_preset_release_gcc/csql_grammar.c:42691:80: warning: implicit conversion from ‘enum pt_currency_types’ to ‘DB_CURRENCY’ [-Wenum-conversion]
42691 |                             pt_value_set_monetary (this_parser, val, str, txt, PT_CURRENCY_BRITISH_POUND);
      |                                                                                ^~~~~~~~~~~~~~~~~~~~~~~~~
/home/vimkim/gh/cb/pr7927-publication-release/build_preset_release_gcc/csql_grammar.c:42710:80: warning: implicit conversion from ‘enum pt_currency_types’ to ‘DB_CURRENCY’ [-Wenum-conversion]
42710 |                             pt_value_set_monetary (this_parser, val, str, txt, PT_CURRENCY_CAMBODIAN_RIEL);
      |                                                                                ^~~~~~~~~~~~~~~~~~~~~~~~~~
/home/vimkim/gh/cb/pr7927-publication-release/build_preset_release_gcc/csql_grammar.c:42729:80: warning: implicit conversion from ‘enum pt_currency_types’ to ‘DB_CURRENCY’ [-Wenum-conversion]
42729 |                             pt_value_set_monetary (this_parser, val, str, txt, PT_CURRENCY_CHINESE_RENMINBI);
      |                                                                                ^~~~~~~~~~~~~~~~~~~~~~~~~~~~
/home/vimkim/gh/cb/pr7927-publication-release/build_preset_release_gcc/csql_grammar.c:42748:80: warning: implicit conversion from ‘enum pt_currency_types’ to ‘DB_CURRENCY’ [-Wenum-conversion]
42748 |                             pt_value_set_monetary (this_parser, val, str, txt, PT_CURRENCY_INDIAN_RUPEE);
      |                                                                                ^~~~~~~~~~~~~~~~~~~~~~~~
/home/vimkim/gh/cb/pr7927-publication-release/build_preset_release_gcc/csql_grammar.c:42767:80: warning: implicit conversion from ‘enum pt_currency_types’ to ‘DB_CURRENCY’ [-Wenum-conversion]
42767 |                             pt_value_set_monetary (this_parser, val, str, txt, PT_CURRENCY_RUSSIAN_RUBLE);
      |                                                                                ^~~~~~~~~~~~~~~~~~~~~~~~~
/home/vimkim/gh/cb/pr7927-publication-release/build_preset_release_gcc/csql_grammar.c:42786:80: warning: implicit conversion from ‘enum pt_currency_types’ to ‘DB_CURRENCY’ [-Wenum-conversion]
42786 |                             pt_value_set_monetary (this_parser, val, str, txt, PT_CURRENCY_AUSTRALIAN_DOLLAR);
      |                                                                                ^~~~~~~~~~~~~~~~~~~~~~~~~~~~~
/home/vimkim/gh/cb/pr7927-publication-release/build_preset_release_gcc/csql_grammar.c:42805:80: warning: implicit conversion from ‘enum pt_currency_types’ to ‘DB_CURRENCY’ [-Wenum-conversion]
42805 |                             pt_value_set_monetary (this_parser, val, str, txt, PT_CURRENCY_CANADIAN_DOLLAR);
      |                                                                                ^~~~~~~~~~~~~~~~~~~~~~~~~~~
/home/vimkim/gh/cb/pr7927-publication-release/build_preset_release_gcc/csql_grammar.c:42824:80: warning: implicit conversion from ‘enum pt_currency_types’ to ‘DB_CURRENCY’ [-Wenum-conversion]
42824 |                             pt_value_set_monetary (this_parser, val, str, txt, PT_CURRENCY_BRASILIAN_REAL);
      |                                                                                ^~~~~~~~~~~~~~~~~~~~~~~~~~
/home/vimkim/gh/cb/pr7927-publication-release/build_preset_release_gcc/csql_grammar.c:42843:80: warning: implicit conversion from ‘enum pt_currency_types’ to ‘DB_CURRENCY’ [-Wenum-conversion]
42843 |                             pt_value_set_monetary (this_parser, val, str, txt, PT_CURRENCY_ROMANIAN_LEU);
      |                                                                                ^~~~~~~~~~~~~~~~~~~~~~~~
/home/vimkim/gh/cb/pr7927-publication-release/build_preset_release_gcc/csql_grammar.c:42862:80: warning: implicit conversion from ‘enum pt_currency_types’ to ‘DB_CURRENCY’ [-Wenum-conversion]
42862 |                             pt_value_set_monetary (this_parser, val, str, txt, PT_CURRENCY_EURO);
      |                                                                                ^~~~~~~~~~~~~~~~
/home/vimkim/gh/cb/pr7927-publication-release/build_preset_release_gcc/csql_grammar.c:42881:80: warning: implicit conversion from ‘enum pt_currency_types’ to ‘DB_CURRENCY’ [-Wenum-conversion]
42881 |                             pt_value_set_monetary (this_parser, val, str, txt, PT_CURRENCY_SWISS_FRANC);
      |                                                                                ^~~~~~~~~~~~~~~~~~~~~~~
/home/vimkim/gh/cb/pr7927-publication-release/build_preset_release_gcc/csql_grammar.c:42900:80: warning: implicit conversion from ‘enum pt_currency_types’ to ‘DB_CURRENCY’ [-Wenum-conversion]
42900 |                             pt_value_set_monetary (this_parser, val, str, txt, PT_CURRENCY_DANISH_KRONE);
      |                                                                                ^~~~~~~~~~~~~~~~~~~~~~~~
/home/vimkim/gh/cb/pr7927-publication-release/build_preset_release_gcc/csql_grammar.c:42919:80: warning: implicit conversion from ‘enum pt_currency_types’ to ‘DB_CURRENCY’ [-Wenum-conversion]
42919 |                             pt_value_set_monetary (this_parser, val, str, txt, PT_CURRENCY_NORWEGIAN_KRONE);
      |                                                                                ^~~~~~~~~~~~~~~~~~~~~~~~~~~
/home/vimkim/gh/cb/pr7927-publication-release/build_preset_release_gcc/csql_grammar.c:42938:80: warning: implicit conversion from ‘enum pt_currency_types’ to ‘DB_CURRENCY’ [-Wenum-conversion]
42938 |                             pt_value_set_monetary (this_parser, val, str, txt, PT_CURRENCY_BULGARIAN_LEV);
      |                                                                                ^~~~~~~~~~~~~~~~~~~~~~~~~
/home/vimkim/gh/cb/pr7927-publication-release/build_preset_release_gcc/csql_grammar.c:42957:80: warning: implicit conversion from ‘enum pt_currency_types’ to ‘DB_CURRENCY’ [-Wenum-conversion]
42957 |                             pt_value_set_monetary (this_parser, val, str, txt, PT_CURRENCY_VIETNAMESE_DONG);
      |                                                                                ^~~~~~~~~~~~~~~~~~~~~~~~~~~
/home/vimkim/gh/cb/pr7927-publication-release/build_preset_release_gcc/csql_grammar.c:42976:80: warning: implicit conversion from ‘enum pt_currency_types’ to ‘DB_CURRENCY’ [-Wenum-conversion]
42976 |                             pt_value_set_monetary (this_parser, val, str, txt, PT_CURRENCY_CZECH_KORUNA);
      |                                                                                ^~~~~~~~~~~~~~~~~~~~~~~~
/home/vimkim/gh/cb/pr7927-publication-release/build_preset_release_gcc/csql_grammar.c:42995:80: warning: implicit conversion from ‘enum pt_currency_types’ to ‘DB_CURRENCY’ [-Wenum-conversion]
42995 |                             pt_value_set_monetary (this_parser, val, str, txt, PT_CURRENCY_POLISH_ZLOTY);
      |                                                                                ^~~~~~~~~~~~~~~~~~~~~~~~
/home/vimkim/gh/cb/pr7927-publication-release/build_preset_release_gcc/csql_grammar.c:43014:80: warning: implicit conversion from ‘enum pt_currency_types’ to ‘DB_CURRENCY’ [-Wenum-conversion]
43014 |                             pt_value_set_monetary (this_parser, val, str, txt, PT_CURRENCY_SWEDISH_KRONA);
      |                                                                                ^~~~~~~~~~~~~~~~~~~~~~~~~
/home/vimkim/gh/cb/pr7927-publication-release/build_preset_release_gcc/csql_grammar.c:43033:80: warning: implicit conversion from ‘enum pt_currency_types’ to ‘DB_CURRENCY’ [-Wenum-conversion]
43033 |                             pt_value_set_monetary (this_parser, val, str, txt, PT_CURRENCY_CROATIAN_KUNA);
      |                                                                                ^~~~~~~~~~~~~~~~~~~~~~~~~
/home/vimkim/gh/cb/pr7927-publication-release/build_preset_release_gcc/csql_grammar.c:43052:80: warning: implicit conversion from ‘enum pt_currency_types’ to ‘DB_CURRENCY’ [-Wenum-conversion]
43052 |                             pt_value_set_monetary (this_parser, val, str, txt, PT_CURRENCY_SERBIAN_DINAR);
      |                                                                                ^~~~~~~~~~~~~~~~~~~~~~~~~
/home/vimkim/gh/cb/pr7927-publication-release/build_preset_release_gcc/csql_grammar.c: In function ‘pt_value_set_monetary’:
/home/vimkim/gh/cb/pr7927-publication-release/build_preset_release_gcc/csql_grammar.c:49108:42: warning: implicit conversion from ‘DB_CURRENCY’ to ‘PT_CURRENCY’ {aka ‘enum pt_currency_types’} [-Wenum-conversion]
49108 |   node->info.value.data_value.money.type = type;
      |                                          ^
[1166/1299] Building CXX object cubrid/CMakeFiles/cubrid.dir/__/src/query/parallel/px_scan/px_scan_result_handler.cpp.o
[1167/1299] Building CXX object broker/CMakeFiles/cub_cas.dir/__/src/broker/cas.c.o
[1168/1299] Building CXX object broker/CMakeFiles/cas_cgw_lib.dir/__/src/broker/cas_cgw_execute.c.o
[1169/1299] Building CXX object broker/CMakeFiles/cas_cgw_lib.dir/__/src/broker/cas_cgw_function.c.o
[1170/1299] Building CXX object unit_tests/common/CMakeFiles/test_common.dir/test_perf_compare.cpp.o
[1171/1299] Linking CXX static library unit_tests/common/libtest_common.a
[1172/1299] Building CXX object broker/CMakeFiles/cas_common_lib.dir/__/src/base/ddl_log.c.o
[1173/1299] Building CXX object broker/CMakeFiles/broker_tester.dir/__/src/broker/broker_config.c.o
[1174/1299] Building CXX object broker/CMakeFiles/cub_cas_cgw.dir/__/src/broker/cas_cgw.c.o
[1175/1299] Building CXX object broker/CMakeFiles/broker_log_top.dir/__/src/broker/broker_config.c.o
[1176/1299] Building CXX object broker/CMakeFiles/brokeradmin.dir/__/src/broker/broker_config.c.o
[1177/1299] Building CXX object broker/CMakeFiles/cubrid_gateway.dir/__/src/broker/query_replace.c.o
[1178/1299] Building CXX object broker/CMakeFiles/cub_cas.dir/__/src/broker/cas_function.c.o
[1179/1299] Building CXX object broker/CMakeFiles/cas_common_lib.dir/__/src/broker/query_replace.c.o
[1180/1299] Building CXX object broker/CMakeFiles/brokeradmin.dir/__/src/broker/broker_admin_pub.c.o
/home/vimkim/gh/cb/pr7927-publication-release/src/broker/broker_admin_pub.c: In function ‘int admin_getid_cmd(int, int, const char**)’:
/home/vimkim/gh/cb/pr7927-publication-release/src/broker/broker_admin_pub.c:1719:49: warning: ‘%s’ directive writing up to 4095 bytes into a region of size 2033 [-Wformat-overflow=]
 1719 |         sprintf (buf + buf_len, "LIBRARY_NAME : %s, ",
      |                                                 ^~
/home/vimkim/gh/cb/pr7927-publication-release/src/broker/broker_admin_pub.c:1719:17: note: ‘sprintf’ output between 18 and 4113 bytes into a destination of size 2048
 1719 |         sprintf (buf + buf_len, "LIBRARY_NAME : %s, ",
      |         ~~~~~~~~^~~~~~~~~~~~~~~~~~~~~~~~~~~~~~~~~~~~~~
 1720 |                  (shm_proxy_p->shard_key_library_name[0] == 0) ? "NOT DEFINED" : shm_proxy_p->shard_key_library_name);
      |                  ~~~~~~~~~~~~~~~~~~~~~~~~~~~~~~~~~~~~~~~~~~~~~~~~~~~~~~~~~~~~~~~~~~~~~~~~~~~~~~~~~~~~~~~~~~~~~~~~~~~~
/home/vimkim/gh/cb/pr7927-publication-release/src/broker/broker_admin_pub.c:1722:50: warning: ‘%s’ directive writing up to 4095 bytes into a region of size 2032 [-Wformat-overflow=]
 1722 |         sprintf (buf + buf_len, "FUNCTION_NAME : %s ",
      |                                                  ^~
/home/vimkim/gh/cb/pr7927-publication-release/src/broker/broker_admin_pub.c:1722:17: note: ‘sprintf’ output between 18 and 4113 bytes into a destination of size 2048
 1722 |         sprintf (buf + buf_len, "FUNCTION_NAME : %s ",
      |         ~~~~~~~~^~~~~~~~~~~~~~~~~~~~~~~~~~~~~~~~~~~~~~
 1723 |                  (shm_proxy_p->shard_key_function_name[0] == 0) ? "NOT DEFINED" : shm_proxy_p->shard_key_function_name);
      |                  ~~~~~~~~~~~~~~~~~~~~~~~~~~~~~~~~~~~~~~~~~~~~~~~~~~~~~~~~~~~~~~~~~~~~~~~~~~~~~~~~~~~~~~~~~~~~~~~~~~~~~~
[1181/1299] Building CXX object broker/CMakeFiles/cub_proxy.dir/__/src/broker/query_replace.c.o
[1182/1299] Building CXX object cubrid/CMakeFiles/cubrid.dir/__/src/transaction/log_manager.c.o
In file included from /home/vimkim/gh/cb/pr7927-publication-release/src/base/memory_alloc.h:54,
                 from /home/vimkim/gh/cb/pr7927-publication-release/src/base/memory_hash.h:30,
                 from /home/vimkim/gh/cb/pr7927-publication-release/src/storage/file_io.h:33,
                 from /home/vimkim/gh/cb/pr7927-publication-release/src/transaction/log_manager.h:37,
                 from /home/vimkim/gh/cb/pr7927-publication-release/src/transaction/log_manager.c:47:
In function ‘void cub_free(void*)’,
    inlined from ‘void operator delete(void*, size_t)’ at /home/vimkim/gh/cb/pr7927-publication-release/src/base/memory_wrapper.hpp:75:12,
    inlined from ‘void __gnu_cxx::new_allocator<_Tp>::deallocate(_Tp*, __gnu_cxx::new_allocator<_Tp>::size_type) [with _Tp = std::__detail::_Hash_node<std::pair<const int, int>, false>]’ at /usr/include/c++/11/ext/new_allocator.h:145:19,
    inlined from ‘static void std::allocator_traits<std::allocator<_Tp1> >::deallocate(std::allocator_traits<std::allocator<_Tp1> >::allocator_type&, std::allocator_traits<std::allocator<_Tp1> >::pointer, std::allocator_traits<std::allocator<_Tp1> >::size_type) [with _Tp = std::__detail::_Hash_node<std::pair<const int, int>, false>]’ at /usr/include/c++/11/bits/alloc_traits.h:496:23,
    inlined from ‘void std::__detail::_Hashtable_alloc<_NodeAlloc>::_M_deallocate_node_ptr(std::__detail::_Hashtable_alloc<_NodeAlloc>::__node_ptr) [with _NodeAlloc = std::allocator<std::__detail::_Hash_node<std::pair<const int, int>, false> >]’ at /usr/include/c++/11/bits/hashtable_policy.h:1909:38,
    inlined from ‘void std::__detail::_Hashtable_alloc<_NodeAlloc>::_M_deallocate_node(std::__detail::_Hashtable_alloc<_NodeAlloc>::__node_ptr) [with _NodeAlloc = std::allocator<std::__detail::_Hash_node<std::pair<const int, int>, false> >]’ at /usr/include/c++/11/bits/hashtable_policy.h:1899:29,
    inlined from ‘std::_Hashtable<_Key, _Value, _Alloc, _ExtractKey, _Equal, _Hash, _RangeHash, _Unused, _RehashPolicy, _Traits>::_Scoped_node::~_Scoped_node() [with _Key = int; _Value = std::pair<const int, int>; _Alloc = std::allocator<std::pair<const int, int> >; _ExtractKey = std::__detail::_Select1st; _Equal = std::equal_to<int>; _Hash = std::hash<int>; _RangeHash = std::__detail::_Mod_range_hashing; _Unused = std::__detail::_Default_ranged_hash; _RehashPolicy = std::__detail::_Prime_rehash_policy; _Traits = std::__detail::_Hashtable_traits<false, false, true>]’ at /usr/include/c++/11/bits/hashtable.h:308:57,
    inlined from ‘std::pair<typename std::__detail::_Insert<_Key, _Value, _Alloc, _ExtractKey, _Equal, _Hash, _RangeHash, _Unused, _RehashPolicy, _Traits>::iterator, bool> std::_Hashtable<_Key, _Value, _Alloc, _ExtractKey, _Equal, _Hash, _RangeHash, _Unused, _RehashPolicy, _Traits>::_M_emplace(std::true_type, _Args&& ...) [with _Args = {std::pair<int, int>}; _Key = int; _Value = std::pair<const int, int>; _Alloc = std::allocator<std::pair<const int, int> >; _ExtractKey = std::__detail::_Select1st; _Equal = std::equal_to<int>; _Hash = std::hash<int>; _RangeHash = std::__detail::_Mod_range_hashing; _Unused = std::__detail::_Default_ranged_hash; _RehashPolicy = std::__detail::_Prime_rehash_policy; _Traits = std::__detail::_Hashtable_traits<false, false, true>]’ at /usr/include/c++/11/bits/hashtable.h:1978:7,
    inlined from ‘std::_Hashtable<_Key, _Value, _Alloc, _ExtractKey, _Equal, _Hash, _RangeHash, _Unused, _RehashPolicy, _Traits>::__ireturn_type std::_Hashtable<_Key, _Value, _Alloc, _ExtractKey, _Equal, _Hash, _RangeHash, _Unused, _RehashPolicy, _Traits>::emplace(_Args&& ...) [with _Args = {std::pair<int, int>}; _Key = int; _Value = std::pair<const int, int>; _Alloc = std::allocator<std::pair<const int, int> >; _ExtractKey = std::__detail::_Select1st; _Equal = std::equal_to<int>; _Hash = std::hash<int>; _RangeHash = std::__detail::_Mod_range_hashing; _Unused = std::__detail::_Default_ranged_hash; _RehashPolicy = std::__detail::_Prime_rehash_policy; _Traits = std::__detail::_Hashtable_traits<false, false, true>]’ at /usr/include/c++/11/bits/hashtable.h:915:21,
    inlined from ‘std::__enable_if_t<std::is_constructible<typename std::_Hashtable<_Key, std::pair<const _Key, _Tp>, _Alloc, std::__detail::_Select1st, _Pred, _Hash, std::__detail::_Mod_range_hashing, std::__detail::_Default_ranged_hash, std::__detail::_Prime_rehash_policy, std::__detail::_Hashtable_traits<std::__not_<std::__and_<std::__is_fast_hash<_Hash>, std::__is_nothrow_invocable<const _Hash&, const _Key&> > >::value, false, true> >::value_type, _Pair&&>::value, std::pair<typename std::_Hashtable<_Key, std::pair<const _Key, _Tp>, _Alloc, std::__detail::_Select1st, _Pred, _Hash, std::__detail::_Mod_range_hashing, std::__detail::_Default_ranged_hash, std::__detail::_Prime_rehash_policy, std::__detail::_Hashtable_traits<std::__not_<std::__and_<std::__is_fast_hash<_Hash>, std::__is_nothrow_invocable<const _Hash&, const _Key&> > >::value, false, true> >::iterator, bool> > std::unordered_map<_Key, _Tp, _Hash, _Pred, _Alloc>::insert(_Pair&&) [with _Pair = std::pair<int, int>; _Key = int; _Tp = int; _Hash = std::hash<int>; _Pred = std::equal_to<int>; _Alloc = std::allocator<std::pair<const int, int> >]’ at /usr/include/c++/11/bits/unordered_map.h:564:30,
    inlined from ‘int cdc_log_extract(THREAD_ENTRY*, LOG_LSA*, CDC_LOGINFO_ENTRY*)’ at /home/vimkim/gh/cb/pr7927-publication-release/src/transaction/log_manager.c:11032:42:
/home/vimkim/gh/cb/pr7927-publication-release/src/base/memory_cwrapper.h:86:8: warning: ‘void free(void*)’ called on pointer returned from a mismatched allocation function [-Wmismatched-new-delete]
   86 |   free (ptr);
      |   ~~~~~^~~~~
In file included from /usr/include/c++/11/x86_64-redhat-linux/bits/c++allocator.h:33,
                 from /usr/include/c++/11/bits/allocator.h:46,
                 from /usr/include/c++/11/vector:64,
                 from /home/vimkim/gh/cb/pr7927-publication-release/src/transaction/log_lsa.hpp:32,
                 from /home/vimkim/gh/cb/pr7927-publication-release/src/storage/disk_manager.h:30,
                 from /home/vimkim/gh/cb/pr7927-publication-release/src/transaction/log_manager.h:35,
                 from /home/vimkim/gh/cb/pr7927-publication-release/src/transaction/log_manager.c:47:
/usr/include/c++/11/ext/new_allocator.h: In function ‘int cdc_log_extract(THREAD_ENTRY*, LOG_LSA*, CDC_LOGINFO_ENTRY*)’:
/usr/include/c++/11/ext/new_allocator.h:127:48: note: returned from ‘void* operator new(std::size_t)’
  127 |         return static_cast<_Tp*>(::operator new(__n * sizeof(_Tp)));
      |                                  ~~~~~~~~~~~~~~^~~~~~~~~~~~~~~~~~~
[1183/1299] Building CXX object unit_tests/oos/CMakeFiles/test_oos_tde_gate.dir/test_oos_tde_gate.cpp.o
[1184/1299] Building CXX object cubrid/CMakeFiles/cubrid.dir/__/src/query/query_executor.c.o
[1185/1299] Building CXX object broker/CMakeFiles/broker_log_top.dir/__/src/broker/query_replace.c.o
[1186/1299] Building CXX object cubrid/CMakeFiles/cubrid.dir/__/src/storage/btree.c.o
/home/vimkim/gh/cb/pr7927-publication-release/src/storage/btree.c: In function ‘DISK_ISVALID btree_verify_subtree(THREAD_ENTRY*, const OID*, BTID_INT*, const char*, PAGE_PTR, VPID*, BTREE_NODE_INFO*)’:
/home/vimkim/gh/cb/pr7927-publication-release/src/storage/btree.c:13691:18: warning: ‘prev_sep.db_identifier::volid’ may be used uninitialized in this function [-Wmaybe-uninitialized]
13691 |       if (i >= 2 && OID_GT (&prev_sep, &cur_sep))
/home/vimkim/gh/cb/pr7927-publication-release/src/storage/btree.c:13518:7: note: ‘prev_sep.db_identifier::volid’ was declared here
13518 |   OID prev_sep, cur_sep;
      |       ^~~~~~~~
[1187/1299] Building CXX object broker/CMakeFiles/broker_tester.dir/__/src/broker/query_replace.c.o
[1188/1299] Building CXX object broker/CMakeFiles/brokeradmin.dir/__/src/broker/query_replace.c.o
[1189/1299] Building CXX object unit_tests/oos/CMakeFiles/test_oos_record_flags.dir/test_oos_record_flags.cpp.o
[1190/1299] Building CXX object cm_common/CMakeFiles/cmdep.dir/__/src/cm_common/cm_dep_tasks.c.o
[1191/1299] Building CXX object cubrid-cci/cci/CMakeFiles/cascci.dir/__/src/cci/cci_util.c.o
[1192/1299] Building CXX object util/CMakeFiles/loadjava.dir/__/src/executables/loadjava.cpp.o
[1193/1299] Building CXX object broker/CMakeFiles/cub_cas.dir/__/src/broker/cas_execute.c.o
[1194/1299] Linking CXX shared library cubrid-cci/cci/libcascci.so.11.3
[1195/1299] Creating library symlink cubrid-cci/cci/libcascci.so
[1196/1299] Linking CXX executable bin/cci_applier
[1197/1299] Building CXX object cubrid/CMakeFiles/cubrid.dir/__/src/storage/heap_file.c.o
In file included from /home/vimkim/gh/cb/pr7927-publication-release/src/base/memory_alloc.h:54,
                 from /home/vimkim/gh/cb/pr7927-publication-release/src/base/memory_hash.h:30,
                 from /home/vimkim/gh/cb/pr7927-publication-release/src/base/stack_dump.h:30,
                 from /home/vimkim/gh/cb/pr7927-publication-release/src/storage/heap_file.c:32:
In function ‘void cub_free(void*)’,
    inlined from ‘void operator delete(void*, size_t)’ at /home/vimkim/gh/cb/pr7927-publication-release/src/base/memory_wrapper.hpp:75:12,
    inlined from ‘void __gnu_cxx::new_allocator<_Tp>::deallocate(_Tp*, __gnu_cxx::new_allocator<_Tp>::size_type) [with _Tp = heap_capacity_worker_arg]’ at /usr/include/c++/11/ext/new_allocator.h:145:19,
    inlined from ‘static void std::allocator_traits<std::allocator<_CharT> >::deallocate(std::allocator_traits<std::allocator<_CharT> >::allocator_type&, std::allocator_traits<std::allocator<_CharT> >::pointer, std::allocator_traits<std::allocator<_CharT> >::size_type) [with _Tp = heap_capacity_worker_arg]’ at /usr/include/c++/11/bits/alloc_traits.h:496:23,
    inlined from ‘void std::_Vector_base<_Tp, _Alloc>::_M_deallocate(std::_Vector_base<_Tp, _Alloc>::pointer, std::size_t) [with _Tp = heap_capacity_worker_arg; _Alloc = std::allocator<heap_capacity_worker_arg>]’ at /usr/include/c++/11/bits/stl_vector.h:354:19,
    inlined from ‘std::_Vector_base<_Tp, _Alloc>::~_Vector_base() [with _Tp = heap_capacity_worker_arg; _Alloc = std::allocator<heap_capacity_worker_arg>]’ at /usr/include/c++/11/bits/stl_vector.h:335:15,
    inlined from ‘std::vector<_Tp, _Alloc>::~vector() [with _Tp = heap_capacity_worker_arg; _Alloc = std::allocator<heap_capacity_worker_arg>]’ at /usr/include/c++/11/bits/stl_vector.h:683:7,
    inlined from ‘int heap_get_capacity_parallel(THREAD_ENTRY*, const HFID*, HEAP_CAPACITY_INFO*, bool*)’ at /home/vimkim/gh/cb/pr7927-publication-release/src/storage/heap_file.c:10071:3,
    inlined from ‘int heap_get_capacity(THREAD_ENTRY*, const HFID*, HEAP_CAPACITY_INFO*)’ at /home/vimkim/gh/cb/pr7927-publication-release/src/storage/heap_file.c:10186:43,
    inlined from ‘SCAN_CODE heap_capacity_next_scan(THREAD_ENTRY*, int, DB_VALUE**, int, void*)’ at /home/vimkim/gh/cb/pr7927-publication-release/src/storage/heap_file.c:20406:29:
/home/vimkim/gh/cb/pr7927-publication-release/src/base/memory_cwrapper.h:86:8: warning: ‘void free(void*)’ called on pointer returned from a mismatched allocation function [-Wmismatched-new-delete]
   86 |   free (ptr);
      |   ~~~~~^~~~~
In file included from /usr/include/c++/11/x86_64-redhat-linux/bits/c++allocator.h:33,
                 from /usr/include/c++/11/bits/allocator.h:46,
                 from /usr/include/c++/11/memory:64,
                 from /home/vimkim/gh/cb/pr7927-publication-release/src/base/memory_alloc.h:45,
                 from /home/vimkim/gh/cb/pr7927-publication-release/src/base/memory_hash.h:30,
                 from /home/vimkim/gh/cb/pr7927-publication-release/src/base/stack_dump.h:30,
                 from /home/vimkim/gh/cb/pr7927-publication-release/src/storage/heap_file.c:32:
/usr/include/c++/11/ext/new_allocator.h: In function ‘SCAN_CODE heap_capacity_next_scan(THREAD_ENTRY*, int, DB_VALUE**, int, void*)’:
/usr/include/c++/11/ext/new_allocator.h:127:48: note: returned from ‘void* operator new(std::size_t)’
  127 |         return static_cast<_Tp*>(::operator new(__n * sizeof(_Tp)));
      |                                  ~~~~~~~~~~~~~~^~~~~~~~~~~~~~~~~~~
In file included from /home/vimkim/gh/cb/pr7927-publication-release/src/base/memory_alloc.h:54,
                 from /home/vimkim/gh/cb/pr7927-publication-release/src/base/memory_hash.h:30,
                 from /home/vimkim/gh/cb/pr7927-publication-release/src/base/stack_dump.h:30,
                 from /home/vimkim/gh/cb/pr7927-publication-release/src/storage/heap_file.c:32:
In function ‘void cub_free(void*)’,
    inlined from ‘void operator delete(void*, size_t)’ at /home/vimkim/gh/cb/pr7927-publication-release/src/base/memory_wrapper.hpp:75:12,
    inlined from ‘void __gnu_cxx::new_allocator<_Tp>::deallocate(_Tp*, __gnu_cxx::new_allocator<_Tp>::size_type) [with _Tp = heap_capacity_accum]’ at /usr/include/c++/11/ext/new_allocator.h:145:19,
    inlined from ‘static void std::allocator_traits<std::allocator<_CharT> >::deallocate(std::allocator_traits<std::allocator<_CharT> >::allocator_type&, std::allocator_traits<std::allocator<_CharT> >::pointer, std::allocator_traits<std::allocator<_CharT> >::size_type) [with _Tp = heap_capacity_accum]’ at /usr/include/c++/11/bits/alloc_traits.h:496:23,
    inlined from ‘void std::_Vector_base<_Tp, _Alloc>::_M_deallocate(std::_Vector_base<_Tp, _Alloc>::pointer, std::size_t) [with _Tp = heap_capacity_accum; _Alloc = std::allocator<heap_capacity_accum>]’ at /usr/include/c++/11/bits/stl_vector.h:354:19,
    inlined from ‘std::_Vector_base<_Tp, _Alloc>::~_Vector_base() [with _Tp = heap_capacity_accum; _Alloc = std::allocator<heap_capacity_accum>]’ at /usr/include/c++/11/bits/stl_vector.h:335:15,
    inlined from ‘std::vector<_Tp, _Alloc>::~vector() [with _Tp = heap_capacity_accum; _Alloc = std::allocator<heap_capacity_accum>]’ at /usr/include/c++/11/bits/stl_vector.h:683:7,
    inlined from ‘int heap_get_capacity_parallel(THREAD_ENTRY*, const HFID*, HEAP_CAPACITY_INFO*, bool*)’ at /home/vimkim/gh/cb/pr7927-publication-release/src/storage/heap_file.c:10071:3,
    inlined from ‘int heap_get_capacity(THREAD_ENTRY*, const HFID*, HEAP_CAPACITY_INFO*)’ at /home/vimkim/gh/cb/pr7927-publication-release/src/storage/heap_file.c:10186:43,
    inlined from ‘SCAN_CODE heap_capacity_next_scan(THREAD_ENTRY*, int, DB_VALUE**, int, void*)’ at /home/vimkim/gh/cb/pr7927-publication-release/src/storage/heap_file.c:20406:29:
/home/vimkim/gh/cb/pr7927-publication-release/src/base/memory_cwrapper.h:86:8: warning: ‘void free(void*)’ called on pointer returned from a mismatched allocation function [-Wmismatched-new-delete]
   86 |   free (ptr);
      |   ~~~~~^~~~~
In file included from /usr/include/c++/11/x86_64-redhat-linux/bits/c++allocator.h:33,
                 from /usr/include/c++/11/bits/allocator.h:46,
                 from /usr/include/c++/11/memory:64,
                 from /home/vimkim/gh/cb/pr7927-publication-release/src/base/memory_alloc.h:45,
                 from /home/vimkim/gh/cb/pr7927-publication-release/src/base/memory_hash.h:30,
                 from /home/vimkim/gh/cb/pr7927-publication-release/src/base/stack_dump.h:30,
                 from /home/vimkim/gh/cb/pr7927-publication-release/src/storage/heap_file.c:32:
/usr/include/c++/11/ext/new_allocator.h: In function ‘SCAN_CODE heap_capacity_next_scan(THREAD_ENTRY*, int, DB_VALUE**, int, void*)’:
/usr/include/c++/11/ext/new_allocator.h:127:48: note: returned from ‘void* operator new(std::size_t)’
  127 |         return static_cast<_Tp*>(::operator new(__n * sizeof(_Tp)));
      |                                  ~~~~~~~~~~~~~~^~~~~~~~~~~~~~~~~~~
In file included from /home/vimkim/gh/cb/pr7927-publication-release/src/base/memory_alloc.h:54,
                 from /home/vimkim/gh/cb/pr7927-publication-release/src/base/memory_hash.h:30,
                 from /home/vimkim/gh/cb/pr7927-publication-release/src/base/stack_dump.h:30,
                 from /home/vimkim/gh/cb/pr7927-publication-release/src/storage/heap_file.c:32:
In function ‘void cub_free(void*)’,
    inlined from ‘void operator delete(void*, size_t)’ at /home/vimkim/gh/cb/pr7927-publication-release/src/base/memory_wrapper.hpp:75:12,
    inlined from ‘void __gnu_cxx::new_allocator<_Tp>::deallocate(_Tp*, __gnu_cxx::new_allocator<_Tp>::size_type) [with _Tp = heap_capacity_worker_arg]’ at /usr/include/c++/11/ext/new_allocator.h:145:19,
    inlined from ‘static void std::allocator_traits<std::allocator<_CharT> >::deallocate(std::allocator_traits<std::allocator<_CharT> >::allocator_type&, std::allocator_traits<std::allocator<_CharT> >::pointer, std::allocator_traits<std::allocator<_CharT> >::size_type) [with _Tp = heap_capacity_worker_arg]’ at /usr/include/c++/11/bits/alloc_traits.h:496:23,
    inlined from ‘void std::_Vector_base<_Tp, _Alloc>::_M_deallocate(std::_Vector_base<_Tp, _Alloc>::pointer, std::size_t) [with _Tp = heap_capacity_worker_arg; _Alloc = std::allocator<heap_capacity_worker_arg>]’ at /usr/include/c++/11/bits/stl_vector.h:354:19,
    inlined from ‘std::_Vector_base<_Tp, _Alloc>::~_Vector_base() [with _Tp = heap_capacity_worker_arg; _Alloc = std::allocator<heap_capacity_worker_arg>]’ at /usr/include/c++/11/bits/stl_vector.h:335:15,
    inlined from ‘std::vector<_Tp, _Alloc>::~vector() [with _Tp = heap_capacity_worker_arg; _Alloc = std::allocator<heap_capacity_worker_arg>]’ at /usr/include/c++/11/bits/stl_vector.h:683:7,
    inlined from ‘int heap_get_capacity_parallel(THREAD_ENTRY*, const HFID*, HEAP_CAPACITY_INFO*, bool*)’ at /home/vimkim/gh/cb/pr7927-publication-release/src/storage/heap_file.c:10071:3,
    inlined from ‘int heap_get_capacity(THREAD_ENTRY*, const HFID*, HEAP_CAPACITY_INFO*)’ at /home/vimkim/gh/cb/pr7927-publication-release/src/storage/heap_file.c:10186:43,
    inlined from ‘SCAN_CODE heap_capacity_next_scan(THREAD_ENTRY*, int, DB_VALUE**, int, void*)’ at /home/vimkim/gh/cb/pr7927-publication-release/src/storage/heap_file.c:20406:29:
/home/vimkim/gh/cb/pr7927-publication-release/src/base/memory_cwrapper.h:86:8: warning: ‘void free(void*)’ called on pointer returned from a mismatched allocation function [-Wmismatched-new-delete]
   86 |   free (ptr);
      |   ~~~~~^~~~~
In file included from /usr/include/c++/11/x86_64-redhat-linux/bits/c++allocator.h:33,
                 from /usr/include/c++/11/bits/allocator.h:46,
                 from /usr/include/c++/11/memory:64,
                 from /home/vimkim/gh/cb/pr7927-publication-release/src/base/memory_alloc.h:45,
                 from /home/vimkim/gh/cb/pr7927-publication-release/src/base/memory_hash.h:30,
                 from /home/vimkim/gh/cb/pr7927-publication-release/src/base/stack_dump.h:30,
                 from /home/vimkim/gh/cb/pr7927-publication-release/src/storage/heap_file.c:32:
/usr/include/c++/11/ext/new_allocator.h: In function ‘SCAN_CODE heap_capacity_next_scan(THREAD_ENTRY*, int, DB_VALUE**, int, void*)’:
/usr/include/c++/11/ext/new_allocator.h:127:48: note: returned from ‘void* operator new(std::size_t)’
  127 |         return static_cast<_Tp*>(::operator new(__n * sizeof(_Tp)));
      |                                  ~~~~~~~~~~~~~~^~~~~~~~~~~~~~~~~~~
In file included from /home/vimkim/gh/cb/pr7927-publication-release/src/base/memory_alloc.h:54,
                 from /home/vimkim/gh/cb/pr7927-publication-release/src/base/memory_hash.h:30,
                 from /home/vimkim/gh/cb/pr7927-publication-release/src/base/stack_dump.h:30,
                 from /home/vimkim/gh/cb/pr7927-publication-release/src/storage/heap_file.c:32:
In function ‘void cub_free(void*)’,
    inlined from ‘void operator delete(void*, size_t)’ at /home/vimkim/gh/cb/pr7927-publication-release/src/base/memory_wrapper.hpp:75:12,
    inlined from ‘void __gnu_cxx::new_allocator<_Tp>::deallocate(_Tp*, __gnu_cxx::new_allocator<_Tp>::size_type) [with _Tp = heap_capacity_accum]’ at /usr/include/c++/11/ext/new_allocator.h:145:19,
    inlined from ‘static void std::allocator_traits<std::allocator<_CharT> >::deallocate(std::allocator_traits<std::allocator<_CharT> >::allocator_type&, std::allocator_traits<std::allocator<_CharT> >::pointer, std::allocator_traits<std::allocator<_CharT> >::size_type) [with _Tp = heap_capacity_accum]’ at /usr/include/c++/11/bits/alloc_traits.h:496:23,
    inlined from ‘void std::_Vector_base<_Tp, _Alloc>::_M_deallocate(std::_Vector_base<_Tp, _Alloc>::pointer, std::size_t) [with _Tp = heap_capacity_accum; _Alloc = std::allocator<heap_capacity_accum>]’ at /usr/include/c++/11/bits/stl_vector.h:354:19,
    inlined from ‘std::_Vector_base<_Tp, _Alloc>::~_Vector_base() [with _Tp = heap_capacity_accum; _Alloc = std::allocator<heap_capacity_accum>]’ at /usr/include/c++/11/bits/stl_vector.h:335:15,
    inlined from ‘std::vector<_Tp, _Alloc>::~vector() [with _Tp = heap_capacity_accum; _Alloc = std::allocator<heap_capacity_accum>]’ at /usr/include/c++/11/bits/stl_vector.h:683:7,
    inlined from ‘int heap_get_capacity_parallel(THREAD_ENTRY*, const HFID*, HEAP_CAPACITY_INFO*, bool*)’ at /home/vimkim/gh/cb/pr7927-publication-release/src/storage/heap_file.c:10071:3,
    inlined from ‘int heap_get_capacity(THREAD_ENTRY*, const HFID*, HEAP_CAPACITY_INFO*)’ at /home/vimkim/gh/cb/pr7927-publication-release/src/storage/heap_file.c:10186:43,
    inlined from ‘SCAN_CODE heap_capacity_next_scan(THREAD_ENTRY*, int, DB_VALUE**, int, void*)’ at /home/vimkim/gh/cb/pr7927-publication-release/src/storage/heap_file.c:20406:29:
/home/vimkim/gh/cb/pr7927-publication-release/src/base/memory_cwrapper.h:86:8: warning: ‘void free(void*)’ called on pointer returned from a mismatched allocation function [-Wmismatched-new-delete]
   86 |   free (ptr);
      |   ~~~~~^~~~~
In file included from /usr/include/c++/11/x86_64-redhat-linux/bits/c++allocator.h:33,
                 from /usr/include/c++/11/bits/allocator.h:46,
                 from /usr/include/c++/11/memory:64,
                 from /home/vimkim/gh/cb/pr7927-publication-release/src/base/memory_alloc.h:45,
                 from /home/vimkim/gh/cb/pr7927-publication-release/src/base/memory_hash.h:30,
                 from /home/vimkim/gh/cb/pr7927-publication-release/src/base/stack_dump.h:30,
                 from /home/vimkim/gh/cb/pr7927-publication-release/src/storage/heap_file.c:32:
/usr/include/c++/11/ext/new_allocator.h: In function ‘SCAN_CODE heap_capacity_next_scan(THREAD_ENTRY*, int, DB_VALUE**, int, void*)’:
/usr/include/c++/11/ext/new_allocator.h:127:48: note: returned from ‘void* operator new(std::size_t)’
  127 |         return static_cast<_Tp*>(::operator new(__n * sizeof(_Tp)));
      |                                  ~~~~~~~~~~~~~~^~~~~~~~~~~~~~~~~~~
In file included from /home/vimkim/gh/cb/pr7927-publication-release/src/base/memory_alloc.h:54,
                 from /home/vimkim/gh/cb/pr7927-publication-release/src/base/memory_hash.h:30,
                 from /home/vimkim/gh/cb/pr7927-publication-release/src/base/stack_dump.h:30,
                 from /home/vimkim/gh/cb/pr7927-publication-release/src/storage/heap_file.c:32:
In function ‘void cub_free(void*)’,
    inlined from ‘void operator delete(void*, size_t)’ at /home/vimkim/gh/cb/pr7927-publication-release/src/base/memory_wrapper.hpp:75:12,
    inlined from ‘void __gnu_cxx::new_allocator<_Tp>::deallocate(_Tp*, __gnu_cxx::new_allocator<_Tp>::size_type) [with _Tp = heap_capacity_worker_arg]’ at /usr/include/c++/11/ext/new_allocator.h:145:19,
    inlined from ‘static void std::allocator_traits<std::allocator<_CharT> >::deallocate(std::allocator_traits<std::allocator<_CharT> >::allocator_type&, std::allocator_traits<std::allocator<_CharT> >::pointer, std::allocator_traits<std::allocator<_CharT> >::size_type) [with _Tp = heap_capacity_worker_arg]’ at /usr/include/c++/11/bits/alloc_traits.h:496:23,
    inlined from ‘void std::_Vector_base<_Tp, _Alloc>::_M_deallocate(std::_Vector_base<_Tp, _Alloc>::pointer, std::size_t) [with _Tp = heap_capacity_worker_arg; _Alloc = std::allocator<heap_capacity_worker_arg>]’ at /usr/include/c++/11/bits/stl_vector.h:354:19,
    inlined from ‘std::_Vector_base<_Tp, _Alloc>::~_Vector_base() [with _Tp = heap_capacity_worker_arg; _Alloc = std::allocator<heap_capacity_worker_arg>]’ at /usr/include/c++/11/bits/stl_vector.h:335:15,
    inlined from ‘std::vector<_Tp, _Alloc>::~vector() [with _Tp = heap_capacity_worker_arg; _Alloc = std::allocator<heap_capacity_worker_arg>]’ at /usr/include/c++/11/bits/stl_vector.h:683:7,
    inlined from ‘int heap_get_capacity_parallel(THREAD_ENTRY*, const HFID*, HEAP_CAPACITY_INFO*, bool*)’ at /home/vimkim/gh/cb/pr7927-publication-release/src/storage/heap_file.c:10071:3,
    inlined from ‘int heap_get_capacity(THREAD_ENTRY*, const HFID*, HEAP_CAPACITY_INFO*)’ at /home/vimkim/gh/cb/pr7927-publication-release/src/storage/heap_file.c:10186:43,
    inlined from ‘SCAN_CODE heap_capacity_next_scan(THREAD_ENTRY*, int, DB_VALUE**, int, void*)’ at /home/vimkim/gh/cb/pr7927-publication-release/src/storage/heap_file.c:20406:29:
/home/vimkim/gh/cb/pr7927-publication-release/src/base/memory_cwrapper.h:86:8: warning: ‘void free(void*)’ called on pointer returned from a mismatched allocation function [-Wmismatched-new-delete]
   86 |   free (ptr);
      |   ~~~~~^~~~~
In file included from /usr/include/c++/11/x86_64-redhat-linux/bits/c++allocator.h:33,
                 from /usr/include/c++/11/bits/allocator.h:46,
                 from /usr/include/c++/11/memory:64,
                 from /home/vimkim/gh/cb/pr7927-publication-release/src/base/memory_alloc.h:45,
                 from /home/vimkim/gh/cb/pr7927-publication-release/src/base/memory_hash.h:30,
                 from /home/vimkim/gh/cb/pr7927-publication-release/src/base/stack_dump.h:30,
                 from /home/vimkim/gh/cb/pr7927-publication-release/src/storage/heap_file.c:32:
/usr/include/c++/11/ext/new_allocator.h: In function ‘SCAN_CODE heap_capacity_next_scan(THREAD_ENTRY*, int, DB_VALUE**, int, void*)’:
/usr/include/c++/11/ext/new_allocator.h:127:48: note: returned from ‘void* operator new(std::size_t)’
  127 |         return static_cast<_Tp*>(::operator new(__n * sizeof(_Tp)));
      |                                  ~~~~~~~~~~~~~~^~~~~~~~~~~~~~~~~~~
In file included from /home/vimkim/gh/cb/pr7927-publication-release/src/base/memory_alloc.h:54,
                 from /home/vimkim/gh/cb/pr7927-publication-release/src/base/memory_hash.h:30,
                 from /home/vimkim/gh/cb/pr7927-publication-release/src/base/stack_dump.h:30,
                 from /home/vimkim/gh/cb/pr7927-publication-release/src/storage/heap_file.c:32:
In function ‘void cub_free(void*)’,
    inlined from ‘void operator delete(void*, size_t)’ at /home/vimkim/gh/cb/pr7927-publication-release/src/base/memory_wrapper.hpp:75:12,
    inlined from ‘void __gnu_cxx::new_allocator<_Tp>::deallocate(_Tp*, __gnu_cxx::new_allocator<_Tp>::size_type) [with _Tp = heap_capacity_worker_arg]’ at /usr/include/c++/11/ext/new_allocator.h:145:19,
    inlined from ‘static void std::allocator_traits<std::allocator<_CharT> >::deallocate(std::allocator_traits<std::allocator<_CharT> >::allocator_type&, std::allocator_traits<std::allocator<_CharT> >::pointer, std::allocator_traits<std::allocator<_CharT> >::size_type) [with _Tp = heap_capacity_worker_arg]’ at /usr/include/c++/11/bits/alloc_traits.h:496:23,
    inlined from ‘void std::_Vector_base<_Tp, _Alloc>::_M_deallocate(std::_Vector_base<_Tp, _Alloc>::pointer, std::size_t) [with _Tp = heap_capacity_worker_arg; _Alloc = std::allocator<heap_capacity_worker_arg>]’ at /usr/include/c++/11/bits/stl_vector.h:354:19,
    inlined from ‘std::_Vector_base<_Tp, _Alloc>::~_Vector_base() [with _Tp = heap_capacity_worker_arg; _Alloc = std::allocator<heap_capacity_worker_arg>]’ at /usr/include/c++/11/bits/stl_vector.h:335:15,
    inlined from ‘std::vector<_Tp, _Alloc>::~vector() [with _Tp = heap_capacity_worker_arg; _Alloc = std::allocator<heap_capacity_worker_arg>]’ at /usr/include/c++/11/bits/stl_vector.h:683:7,
    inlined from ‘int heap_get_capacity_parallel(THREAD_ENTRY*, const HFID*, HEAP_CAPACITY_INFO*, bool*)’ at /home/vimkim/gh/cb/pr7927-publication-release/src/storage/heap_file.c:10071:3,
    inlined from ‘int heap_get_capacity(THREAD_ENTRY*, const HFID*, HEAP_CAPACITY_INFO*)’ at /home/vimkim/gh/cb/pr7927-publication-release/src/storage/heap_file.c:10186:43,
    inlined from ‘SCAN_CODE heap_capacity_next_scan(THREAD_ENTRY*, int, DB_VALUE**, int, void*)’ at /home/vimkim/gh/cb/pr7927-publication-release/src/storage/heap_file.c:20406:29:
/home/vimkim/gh/cb/pr7927-publication-release/src/base/memory_cwrapper.h:86:8: warning: ‘void free(void*)’ called on pointer returned from a mismatched allocation function [-Wmismatched-new-delete]
   86 |   free (ptr);
      |   ~~~~~^~~~~
In file included from /usr/include/c++/11/x86_64-redhat-linux/bits/c++allocator.h:33,
                 from /usr/include/c++/11/bits/allocator.h:46,
                 from /usr/include/c++/11/memory:64,
                 from /home/vimkim/gh/cb/pr7927-publication-release/src/base/memory_alloc.h:45,
                 from /home/vimkim/gh/cb/pr7927-publication-release/src/base/memory_hash.h:30,
                 from /home/vimkim/gh/cb/pr7927-publication-release/src/base/stack_dump.h:30,
                 from /home/vimkim/gh/cb/pr7927-publication-release/src/storage/heap_file.c:32:
/usr/include/c++/11/ext/new_allocator.h: In function ‘SCAN_CODE heap_capacity_next_scan(THREAD_ENTRY*, int, DB_VALUE**, int, void*)’:
/usr/include/c++/11/ext/new_allocator.h:127:48: note: returned from ‘void* operator new(std::size_t)’
  127 |         return static_cast<_Tp*>(::operator new(__n * sizeof(_Tp)));
      |                                  ~~~~~~~~~~~~~~^~~~~~~~~~~~~~~~~~~
[1198/1299] Building CXX object unit_tests/oos/sql/CMakeFiles/test_oos_sql_bigone.dir/test_oos_sql_bigone.cpp.o
[1199/1299] Building CXX object unit_tests/oos/CMakeFiles/test_oos_no_logging.dir/test_oos_no_logging.cpp.o
[1200/1299] Building CXX object unit_tests/oos/sql/CMakeFiles/test_oos_sql_ddl.dir/test_oos_sql_ddl.cpp.o
[1201/1299] Building CXX object unit_tests/oos/sql/CMakeFiles/test_oos_sql_txn.dir/test_oos_sql_txn.cpp.o
[1202/1299] Building CXX object unit_tests/oos/sql/CMakeFiles/test_oos_sql_boundary.dir/test_oos_sql_boundary.cpp.o
[1203/1299] Building CXX object unit_tests/oos/sql/CMakeFiles/test_oos_sql_delete.dir/test_oos_sql_delete.cpp.o
[1204/1299] Building CXX object cubrid/CMakeFiles/cubrid.dir/__/src/storage/page_buffer.c.o
[1205/1299] Building CXX object unit_tests/oos/sql/CMakeFiles/test_oos_sql_update_delete.dir/test_oos_sql_update_delete.cpp.o
[1206/1299] Building CXX object unit_tests/oos/sql/CMakeFiles/test_oos_sql_crud.dir/test_oos_sql_crud.cpp.o
[1207/1299] Building CXX object unit_tests/oos/CMakeFiles/test_oos_delete.dir/test_oos_delete.cpp.o
[1208/1299] Building CXX object unit_tests/oos/sql/CMakeFiles/test_oos_sql_visible_version.dir/test_oos_sql_visible_version.cpp.o
[1209/1299] Building CXX object unit_tests/oos/sql/CMakeFiles/test_oos_sql_crash_recovery.dir/test_oos_sql_crash_recovery.cpp.o
[1210/1299] Building CXX object unit_tests/oos/sql/CMakeFiles/test_oos_sql_eager_cleanup.dir/test_oos_sql_eager_cleanup.cpp.o
[1211/1299] Building CXX object unit_tests/oos/CMakeFiles/test_oos_remove_file.dir/test_oos_remove_file.cpp.o
[1212/1299] Building CXX object unit_tests/oos/CMakeFiles/test_oos_mock_vacuum_server.dir/test_oos_mock_vacuum_server.cpp.o
[1213/1299] Linking CXX shared library cs/libcubridcs.so.11.5
[1214/1299] Creating library symlink cs/libcubridcs.so
[1215/1299] Linking CXX executable bin/broker_log_converter
[1216/1299] Linking CXX executable bin/broker_log_runner
[1217/1299] Linking CXX executable bin/cub_commdb
[1218/1299] Linking CXX executable bin/cubrid_replay
[1219/1299] Linking CXX static library broker/libcas_common_lib.a
[1220/1299] Linking CXX shared library cm_common/libcmdep.so.11.5
[1221/1299] Creating library symlink cm_common/libcmdep.so
[1222/1299] Linking CXX executable bin/cub_master
[1223/1299] Linking CXX executable bin/broker_tester
[1224/1299] Linking CXX executable bin/cub_gateway
[1225/1299] Linking CXX executable bin/cub_broker
[1226/1299] Linking CXX shared library broker/libbrokeradmin.so.11.5
[1227/1299] Linking CXX executable bin/gateway_monitor
[1228/1299] Linking CXX executable bin/broker_monitor
[1229/1299] Linking CXX executable bin/broker_changer
[1230/1299] Linking CXX executable bin/broker_log_top
[1231/1299] Linking CXX executable bin/cubrid_broker
[1232/1299] Linking CXX executable bin/cubrid_gateway
[1233/1299] Linking CXX static library broker/libcas_cgw_lib.a
[1234/1299] Creating library symlink broker/libbrokeradmin.so
[1235/1299] Linking CXX executable bin/cub_proxy
[1236/1299] Linking CXX shared library cm_common/libcmstat.so.11.5
[1237/1299] Creating library symlink cm_common/libcmstat.so
[1238/1299] Building CXX object unit_tests/oos/CMakeFiles/test_oos_remove_file_server.dir/test_oos_remove_file_server.cpp.o
[1239/1299] Linking CXX executable bin/cub_cas
[1240/1299] Linking CXX executable bin/cub_cas_cgw
[1241/1299] Building CXX object unit_tests/oos/CMakeFiles/test_oos.dir/test_oos.cpp.o
[1242/1299] Building CXX object unit_tests/oos/CMakeFiles/test_oos_delete_server.dir/test_oos_delete_server.cpp.o
[1243/1299] Building CXX object unit_tests/oos/CMakeFiles/test_oos_growth_sweep.dir/test_oos_growth_sweep.cpp.o
[1244/1299] Building CXX object unit_tests/oos/CMakeFiles/test_oos_real_vacuum_server.dir/test_oos_real_vacuum_server.cpp.o
[1245/1299] Building CXX object unit_tests/oos/CMakeFiles/test_oos_eager_diagnostics.dir/test_oos_eager_diagnostics.cpp.o
[1246/1299] Building CXX object unit_tests/oos/sql/CMakeFiles/test_oos_sql_storage.dir/test_oos_sql_storage.cpp.o
[1247/1299] Building CXX object cubrid/CMakeFiles/cubrid.dir/__/src/optimizer/histogram/histogram_sampler_sr.cpp.o
[1248/1299] Linking CXX shared library sa/libcubridsa.so.11.5
[1249/1299] Creating library symlink sa/libcubridsa.so
[1250/1299] Linking CXX executable bin/cub_admin
[1251/1299] Linking CXX executable bin/csql
[1252/1299] Linking CXX executable bin/gen_timezone
[1253/1299] Linking CXX executable bin/cub_sainfo
[1254/1299] Linking CXX executable bin/cubrid_rel
[1255/1299] Linking CXX executable bin/cubrid
[1256/1299] Linking CXX executable bin/cub_jobsa
[1257/1299] Linking CXX executable bin/cub_pl
[1258/1299] Linking CXX executable bin/loadjava
[1259/1299] Linking CXX executable bin/test_byte_span_writer
[1260/1299] Linking CXX executable bin/test_oos_tde_gate
[1261/1299] Linking CXX executable bin/test_oos_record_flags
[1262/1299] Linking CXX executable bin/test_oos_sql_crud
[1263/1299] Linking CXX executable bin/test_oos_sql_update_delete
[1264/1299] Linking CXX executable bin/test_oos_no_logging
[1265/1299] Linking CXX executable bin/test_oos_delete
[1266/1299] Linking CXX executable bin/test_oos
[1267/1299] Linking CXX executable bin/test_oos_sql_bigone
[1268/1299] Linking CXX executable bin/test_oos_remove_file
[1269/1299] Linking CXX executable bin/test_oos_eager_diagnostics
[1270/1299] Linking CXX executable bin/test_oos_sql_txn
[1271/1299] Linking CXX executable bin/test_oos_sql_boundary
[1272/1299] Linking CXX executable bin/test_oos_sql_ddl
[1273/1299] Linking CXX executable bin/test_oos_sql_crash_recovery
[1274/1299] Linking CXX executable bin/test_oos_sql_delete
[1275/1299] Linking CXX executable bin/test_oos_sql_visible_version
[1276/1299] Linking CXX executable bin/test_oos_sql_eager_cleanup
[1277/1299] Linking CXX executable bin/test_oos_growth_sweep
[1278/1299] Linking CXX executable bin/test_oos_sql_storage
[1279/1299] Building CXX object unit_tests/oos/CMakeFiles/test_oos_bestspace.dir/test_oos_bestspace.cpp.o
[1280/1299] Linking CXX executable bin/test_oos_bestspace
[1281/1299] Building CXX object unit_tests/oos/CMakeFiles/test_oos_vacuum_server.dir/test_oos_vacuum_server.cpp.o
[1282/1299] Linking CXX shared library cubrid/libcubrid.so.11.5
[1283/1299] Creating library symlink cubrid/libcubrid.so
[1284/1299] Linking CXX executable bin/cub_server
[1285/1299] Linking CXX executable bin/unittests_bit
[1286/1299] Linking CXX executable bin/unittests_area
[1287/1299] Linking CXX executable bin/unittests_snapshot
[1288/1299] Linking CXX executable bin/unittests_lf
[1289/1299] Linking CXX executable bin/test_oos_mock_vacuum_server
[1290/1299] Linking CXX executable bin/test_oos_delete_server
[1291/1299] Linking CXX executable bin/test_oos_remove_file_server
[1292/1299] Linking CXX executable bin/test_oos_real_vacuum_server
[1293/1299] Linking CXX executable bin/test_oos_vacuum_server
[1294/1299] Building CXX object unit_tests/oos/CMakeFiles/test_oos_identity_stamp.dir/test_oos_identity_stamp.cpp.o
[1295/1299] Linking CXX executable bin/test_oos_identity_stamp
[1296/1299] Building CXX object unit_tests/oos/CMakeFiles/test_oos_server.dir/test_oos_server.cpp.o
[1297/1299] Linking CXX executable bin/test_oos_server
[1298/1299] Building CXX object unit_tests/oos/sql/CMakeFiles/test_oos_sql_show.dir/test_oos_sql_show.cpp.o
[1299/1299] Linking CXX executable bin/test_oos_sql_show
-- Install configuration: "RelWithDebInfo"
-- Up-to-date: /home/vimkim/.cub/install/pr7927-publication-release/release_gcc/vm/pl_server.jar
-- Up-to-date: /home/vimkim/.cub/install/pr7927-publication-release/release_gcc/vm/logging.properties
-- Installing: /home/vimkim/.cub/install/pr7927-publication-release/release_gcc/lib/libcubridsa.so.11.5
-- Set runtime path of "/home/vimkim/.cub/install/pr7927-publication-release/release_gcc/lib/libcubridsa.so.11.5" to "/home/vimkim/.cub/install/pr7927-publication-release/release_gcc/lib"
-- Up-to-date: /home/vimkim/.cub/install/pr7927-publication-release/release_gcc/lib/libcubridsa.so
-- Installing: /home/vimkim/.cub/install/pr7927-publication-release/release_gcc/lib/libcubridcs.so.11.5
-- Set runtime path of "/home/vimkim/.cub/install/pr7927-publication-release/release_gcc/lib/libcubridcs.so.11.5" to "/home/vimkim/.cub/install/pr7927-publication-release/release_gcc/lib"
-- Up-to-date: /home/vimkim/.cub/install/pr7927-publication-release/release_gcc/lib/libcubridcs.so
-- Installing: /home/vimkim/.cub/install/pr7927-publication-release/release_gcc/lib/libcubrid.so.11.5
-- Set runtime path of "/home/vimkim/.cub/install/pr7927-publication-release/release_gcc/lib/libcubrid.so.11.5" to "/home/vimkim/.cub/install/pr7927-publication-release/release_gcc/lib"
-- Up-to-date: /home/vimkim/.cub/install/pr7927-publication-release/release_gcc/lib/libcubrid.so
-- Up-to-date: /home/vimkim/.cub/install/pr7927-publication-release/release_gcc/include/dbi.h
-- Up-to-date: /home/vimkim/.cub/install/pr7927-publication-release/release_gcc/include/dbtran_def.h
-- Up-to-date: /home/vimkim/.cub/install/pr7927-publication-release/release_gcc/include/dbtype_def.h
-- Up-to-date: /home/vimkim/.cub/install/pr7927-publication-release/release_gcc/include/db_set_function.h
-- Up-to-date: /home/vimkim/.cub/install/pr7927-publication-release/release_gcc/include/dbtype_function.h
-- Up-to-date: /home/vimkim/.cub/install/pr7927-publication-release/release_gcc/include/db_date.h
-- Up-to-date: /home/vimkim/.cub/install/pr7927-publication-release/release_gcc/include/db_elo.h
-- Up-to-date: /home/vimkim/.cub/install/pr7927-publication-release/release_gcc/include/cache_time.h
-- Up-to-date: /home/vimkim/.cub/install/pr7927-publication-release/release_gcc/include/error_code.h
-- Up-to-date: /home/vimkim/.cub/install/pr7927-publication-release/release_gcc/include/cubrid_log.h
-- Up-to-date: /home/vimkim/.cub/install/pr7927-publication-release/release_gcc/include/cm_stat.h
-- Installing: /home/vimkim/.cub/install/pr7927-publication-release/release_gcc/bin/csql
-- Set runtime path of "/home/vimkim/.cub/install/pr7927-publication-release/release_gcc/bin/csql" to "/home/vimkim/.cub/install/pr7927-publication-release/release_gcc/lib"
-- Installing: /home/vimkim/.cub/install/pr7927-publication-release/release_gcc/bin/cub_master
-- Set runtime path of "/home/vimkim/.cub/install/pr7927-publication-release/release_gcc/bin/cub_master" to "/home/vimkim/.cub/install/pr7927-publication-release/release_gcc/lib"
-- Installing: /home/vimkim/.cub/install/pr7927-publication-release/release_gcc/bin/cub_server
-- Set runtime path of "/home/vimkim/.cub/install/pr7927-publication-release/release_gcc/bin/cub_server" to "/home/vimkim/.cub/install/pr7927-publication-release/release_gcc/lib"
-- Installing: /home/vimkim/.cub/install/pr7927-publication-release/release_gcc/bin/cubrid
-- Set runtime path of "/home/vimkim/.cub/install/pr7927-publication-release/release_gcc/bin/cubrid" to "/home/vimkim/.cub/install/pr7927-publication-release/release_gcc/lib"
-- Installing: /home/vimkim/.cub/install/pr7927-publication-release/release_gcc/bin/cub_commdb
-- Set runtime path of "/home/vimkim/.cub/install/pr7927-publication-release/release_gcc/bin/cub_commdb" to "/home/vimkim/.cub/install/pr7927-publication-release/release_gcc/lib"
-- Installing: /home/vimkim/.cub/install/pr7927-publication-release/release_gcc/bin/cubrid_rel
-- Set runtime path of "/home/vimkim/.cub/install/pr7927-publication-release/release_gcc/bin/cubrid_rel" to "/home/vimkim/.cub/install/pr7927-publication-release/release_gcc/lib"
-- Installing: /home/vimkim/.cub/install/pr7927-publication-release/release_gcc/bin/loadjava
-- Set runtime path of "/home/vimkim/.cub/install/pr7927-publication-release/release_gcc/bin/loadjava" to "/home/vimkim/.cub/install/pr7927-publication-release/release_gcc/lib"
-- Installing: /home/vimkim/.cub/install/pr7927-publication-release/release_gcc/bin/cub_pl
-- Set runtime path of "/home/vimkim/.cub/install/pr7927-publication-release/release_gcc/bin/cub_pl" to "/home/vimkim/.cub/install/pr7927-publication-release/release_gcc/lib"
-- Installing: /home/vimkim/.cub/install/pr7927-publication-release/release_gcc/bin/cub_admin
-- Set runtime path of "/home/vimkim/.cub/install/pr7927-publication-release/release_gcc/bin/cub_admin" to "/home/vimkim/.cub/install/pr7927-publication-release/release_gcc/lib"
-- Installing: /home/vimkim/.cub/install/pr7927-publication-release/release_gcc/cci/lib/libcascci.so.11.3
-- Set runtime path of "/home/vimkim/.cub/install/pr7927-publication-release/release_gcc/cci/lib/libcascci.so.11.3" to "/home/vimkim/.cub/install/pr7927-publication-release/release_gcc/lib"
-- Up-to-date: /home/vimkim/.cub/install/pr7927-publication-release/release_gcc/cci/lib/libcascci.so
-- Up-to-date: /home/vimkim/.cub/install/pr7927-publication-release/release_gcc/cci/include/cas_cci.h
-- Up-to-date: /home/vimkim/.cub/install/pr7927-publication-release/release_gcc/cci/include/compat_dbtran_def.h
-- Up-to-date: /home/vimkim/.cub/install/pr7927-publication-release/release_gcc/cci/include/broker_cas_error.h
-- Up-to-date: /home/vimkim/.cub/install/pr7927-publication-release/release_gcc/include/cas_cci.h
-- Up-to-date: /home/vimkim/.cub/install/pr7927-publication-release/release_gcc/include/broker_cas_error.h
-- Up-to-date: /home/vimkim/.cub/install/pr7927-publication-release/release_gcc/include/compat_dbtran_def.h
-- Up-to-date: /home/vimkim/.cub/install/pr7927-publication-release/release_gcc/lib/libcascci.so
-- Up-to-date: /home/vimkim/.cub/install/pr7927-publication-release/release_gcc/lib/libcascci.so.11.3
-- Installing: /home/vimkim/.cub/install/pr7927-publication-release/release_gcc/bin/cci_applier
-- Set runtime path of "/home/vimkim/.cub/install/pr7927-publication-release/release_gcc/bin/cci_applier" to "/home/vimkim/.cub/install/pr7927-publication-release/release_gcc/lib"
-- Installing: /home/vimkim/.cub/install/pr7927-publication-release/release_gcc/bin/broker_log_converter
-- Set runtime path of "/home/vimkim/.cub/install/pr7927-publication-release/release_gcc/bin/broker_log_converter" to "/home/vimkim/.cub/install/pr7927-publication-release/release_gcc/lib"
-- Installing: /home/vimkim/.cub/install/pr7927-publication-release/release_gcc/bin/broker_log_runner
-- Set runtime path of "/home/vimkim/.cub/install/pr7927-publication-release/release_gcc/bin/broker_log_runner" to "/home/vimkim/.cub/install/pr7927-publication-release/release_gcc/lib"
-- Installing: /home/vimkim/.cub/install/pr7927-publication-release/release_gcc/bin/broker_tester
-- Set runtime path of "/home/vimkim/.cub/install/pr7927-publication-release/release_gcc/bin/broker_tester" to "/home/vimkim/.cub/install/pr7927-publication-release/release_gcc/lib"
-- Installing: /home/vimkim/.cub/install/pr7927-publication-release/release_gcc/bin/cubrid_replay
-- Set runtime path of "/home/vimkim/.cub/install/pr7927-publication-release/release_gcc/bin/cubrid_replay" to "/home/vimkim/.cub/install/pr7927-publication-release/release_gcc/lib"
-- Installing: /home/vimkim/.cub/install/pr7927-publication-release/release_gcc/bin/cub_broker
-- Set runtime path of "/home/vimkim/.cub/install/pr7927-publication-release/release_gcc/bin/cub_broker" to "/home/vimkim/.cub/install/pr7927-publication-release/release_gcc/lib"
-- Installing: /home/vimkim/.cub/install/pr7927-publication-release/release_gcc/bin/cub_gateway
-- Set runtime path of "/home/vimkim/.cub/install/pr7927-publication-release/release_gcc/bin/cub_gateway" to "/home/vimkim/.cub/install/pr7927-publication-release/release_gcc/lib"
-- Installing: /home/vimkim/.cub/install/pr7927-publication-release/release_gcc/bin/broker_monitor
-- Set runtime path of "/home/vimkim/.cub/install/pr7927-publication-release/release_gcc/bin/broker_monitor" to "/home/vimkim/.cub/install/pr7927-publication-release/release_gcc/lib"
-- Installing: /home/vimkim/.cub/install/pr7927-publication-release/release_gcc/bin/gateway_monitor
-- Set runtime path of "/home/vimkim/.cub/install/pr7927-publication-release/release_gcc/bin/gateway_monitor" to "/home/vimkim/.cub/install/pr7927-publication-release/release_gcc/lib"
-- Installing: /home/vimkim/.cub/install/pr7927-publication-release/release_gcc/bin/broker_changer
-- Set runtime path of "/home/vimkim/.cub/install/pr7927-publication-release/release_gcc/bin/broker_changer" to "/home/vimkim/.cub/install/pr7927-publication-release/release_gcc/lib"
-- Installing: /home/vimkim/.cub/install/pr7927-publication-release/release_gcc/bin/cubrid_broker
-- Set runtime path of "/home/vimkim/.cub/install/pr7927-publication-release/release_gcc/bin/cubrid_broker" to "/home/vimkim/.cub/install/pr7927-publication-release/release_gcc/lib"
-- Installing: /home/vimkim/.cub/install/pr7927-publication-release/release_gcc/bin/cubrid_gateway
-- Set runtime path of "/home/vimkim/.cub/install/pr7927-publication-release/release_gcc/bin/cubrid_gateway" to "/home/vimkim/.cub/install/pr7927-publication-release/release_gcc/lib"
-- Installing: /home/vimkim/.cub/install/pr7927-publication-release/release_gcc/bin/cub_cas
-- Set runtime path of "/home/vimkim/.cub/install/pr7927-publication-release/release_gcc/bin/cub_cas" to "/home/vimkim/.cub/install/pr7927-publication-release/release_gcc/lib"
-- Installing: /home/vimkim/.cub/install/pr7927-publication-release/release_gcc/bin/cub_cas_cgw
-- Set runtime path of "/home/vimkim/.cub/install/pr7927-publication-release/release_gcc/bin/cub_cas_cgw" to "/home/vimkim/.cub/install/pr7927-publication-release/release_gcc/lib"
-- Installing: /home/vimkim/.cub/install/pr7927-publication-release/release_gcc/bin/cub_proxy
-- Set runtime path of "/home/vimkim/.cub/install/pr7927-publication-release/release_gcc/bin/cub_proxy" to "/home/vimkim/.cub/install/pr7927-publication-release/release_gcc/lib"
-- Up-to-date: /home/vimkim/.cub/install/pr7927-publication-release/release_gcc/include/shard_key.h
-- Installing: /home/vimkim/.cub/install/pr7927-publication-release/release_gcc/bin/broker_log_top
-- Set runtime path of "/home/vimkim/.cub/install/pr7927-publication-release/release_gcc/bin/broker_log_top" to "/home/vimkim/.cub/install/pr7927-publication-release/release_gcc/lib"
-- Installing: /home/vimkim/.cub/install/pr7927-publication-release/release_gcc/lib/libbrokeradmin.so.11.5
-- Set runtime path of "/home/vimkim/.cub/install/pr7927-publication-release/release_gcc/lib/libbrokeradmin.so.11.5" to "/home/vimkim/.cub/install/pr7927-publication-release/release_gcc/lib"
-- Up-to-date: /home/vimkim/.cub/install/pr7927-publication-release/release_gcc/lib/libbrokeradmin.so
-- Installing: /home/vimkim/.cub/install/pr7927-publication-release/release_gcc/lib/libcmstat.so.11.5
-- Set runtime path of "/home/vimkim/.cub/install/pr7927-publication-release/release_gcc/lib/libcmstat.so.11.5" to "/home/vimkim/.cub/install/pr7927-publication-release/release_gcc/lib"
-- Up-to-date: /home/vimkim/.cub/install/pr7927-publication-release/release_gcc/lib/libcmstat.so
-- Installing: /home/vimkim/.cub/install/pr7927-publication-release/release_gcc/lib/libcmdep.so.11.5
-- Set runtime path of "/home/vimkim/.cub/install/pr7927-publication-release/release_gcc/lib/libcmdep.so.11.5" to "/home/vimkim/.cub/install/pr7927-publication-release/release_gcc/lib"
-- Up-to-date: /home/vimkim/.cub/install/pr7927-publication-release/release_gcc/lib/libcmdep.so
-- Installing: /home/vimkim/.cub/install/pr7927-publication-release/release_gcc/bin/cub_jobsa
-- Set runtime path of "/home/vimkim/.cub/install/pr7927-publication-release/release_gcc/bin/cub_jobsa" to "/home/vimkim/.cub/install/pr7927-publication-release/release_gcc/lib"
-- Installing: /home/vimkim/.cub/install/pr7927-publication-release/release_gcc/bin/cub_sainfo
-- Set runtime path of "/home/vimkim/.cub/install/pr7927-publication-release/release_gcc/bin/cub_sainfo" to "/home/vimkim/.cub/install/pr7927-publication-release/release_gcc/lib"
-- Up-to-date: /home/vimkim/.cub/install/pr7927-publication-release/release_gcc/conf/cubrid.conf
-- Up-to-date: /home/vimkim/.cub/install/pr7927-publication-release/release_gcc/conf/cubrid.conf.large
-- Up-to-date: /home/vimkim/.cub/install/pr7927-publication-release/release_gcc/conf/cubrid.conf.small
-- Up-to-date: /home/vimkim/.cub/install/pr7927-publication-release/release_gcc/conf/cubrid_broker.conf
-- Up-to-date: /home/vimkim/.cub/install/pr7927-publication-release/release_gcc/conf/cubrid_broker.conf.shard
-- Up-to-date: /home/vimkim/.cub/install/pr7927-publication-release/release_gcc/conf/cubrid_gateway.conf
-- Up-to-date: /home/vimkim/.cub/install/pr7927-publication-release/release_gcc/conf/cubrid_ha.conf
-- Up-to-date: /home/vimkim/.cub/install/pr7927-publication-release/release_gcc/conf/cubrid_hosts.conf
-- Up-to-date: /home/vimkim/.cub/install/pr7927-publication-release/release_gcc/conf/shard_connection.txt
-- Up-to-date: /home/vimkim/.cub/install/pr7927-publication-release/release_gcc/conf/shard_key.txt
-- Up-to-date: /home/vimkim/.cub/install/pr7927-publication-release/release_gcc/conf/cubrid_locales.all.txt
-- Up-to-date: /home/vimkim/.cub/install/pr7927-publication-release/release_gcc/conf/cubrid_locales.txt
-- Up-to-date: /home/vimkim/.cub/install/pr7927-publication-release/release_gcc/conf/cas_ssl_cert.crt
-- Up-to-date: /home/vimkim/.cub/install/pr7927-publication-release/release_gcc/conf/cas_ssl_cert.key
-- Up-to-date: /home/vimkim/.cub/install/pr7927-publication-release/release_gcc/msg/en_US.utf8
-- Up-to-date: /home/vimkim/.cub/install/pr7927-publication-release/release_gcc/msg/en_US.utf8/csql.msg
-- Up-to-date: /home/vimkim/.cub/install/pr7927-publication-release/release_gcc/msg/en_US.utf8/utils.msg
-- Up-to-date: /home/vimkim/.cub/install/pr7927-publication-release/release_gcc/msg/en_US.utf8/cubrid.msg
-- Up-to-date: /home/vimkim/.cub/install/pr7927-publication-release/release_gcc/msg/en_US.utf8
-- Installing: /home/vimkim/.cub/install/pr7927-publication-release/release_gcc/msg/en_US.utf8/csql.cat
-- Installing: /home/vimkim/.cub/install/pr7927-publication-release/release_gcc/msg/en_US.utf8/cubrid.cat
-- Installing: /home/vimkim/.cub/install/pr7927-publication-release/release_gcc/msg/en_US.utf8/utils.cat
-- Up-to-date: /home/vimkim/.cub/install/pr7927-publication-release/release_gcc/msg/en_US
-- Up-to-date: /home/vimkim/.cub/install/pr7927-publication-release/release_gcc/msg/en_US/csql.msg
-- Up-to-date: /home/vimkim/.cub/install/pr7927-publication-release/release_gcc/msg/en_US/utils.msg
-- Up-to-date: /home/vimkim/.cub/install/pr7927-publication-release/release_gcc/msg/en_US/cubrid.msg
-- Up-to-date: /home/vimkim/.cub/install/pr7927-publication-release/release_gcc/msg/en_US
-- Installing: /home/vimkim/.cub/install/pr7927-publication-release/release_gcc/msg/en_US/csql.cat
-- Installing: /home/vimkim/.cub/install/pr7927-publication-release/release_gcc/msg/en_US/utils.cat
-- Installing: /home/vimkim/.cub/install/pr7927-publication-release/release_gcc/msg/en_US/cubrid.cat
-- Up-to-date: /home/vimkim/.cub/install/pr7927-publication-release/release_gcc/msg/ko_KR.utf8
-- Up-to-date: /home/vimkim/.cub/install/pr7927-publication-release/release_gcc/msg/ko_KR.utf8/csql.msg
-- Up-to-date: /home/vimkim/.cub/install/pr7927-publication-release/release_gcc/msg/ko_KR.utf8/utils.msg
-- Up-to-date: /home/vimkim/.cub/install/pr7927-publication-release/release_gcc/msg/ko_KR.utf8/cubrid.msg
-- Up-to-date: /home/vimkim/.cub/install/pr7927-publication-release/release_gcc/msg/ko_KR.utf8
-- Installing: /home/vimkim/.cub/install/pr7927-publication-release/release_gcc/msg/ko_KR.utf8/csql.cat
-- Installing: /home/vimkim/.cub/install/pr7927-publication-release/release_gcc/msg/ko_KR.utf8/utils.cat
-- Installing: /home/vimkim/.cub/install/pr7927-publication-release/release_gcc/msg/ko_KR.utf8/cubrid.cat
-- Up-to-date: /home/vimkim/.cub/install/pr7927-publication-release/release_gcc/msg/ko_KR.euckr
-- Up-to-date: /home/vimkim/.cub/install/pr7927-publication-release/release_gcc/msg/ko_KR.euckr/cubrid.msg
-- Up-to-date: /home/vimkim/.cub/install/pr7927-publication-release/release_gcc/msg/ko_KR.euckr/csql.msg
-- Up-to-date: /home/vimkim/.cub/install/pr7927-publication-release/release_gcc/msg/ko_KR.euckr/utils.msg
-- Up-to-date: /home/vimkim/.cub/install/pr7927-publication-release/release_gcc/msg/ko_KR.euckr
-- Installing: /home/vimkim/.cub/install/pr7927-publication-release/release_gcc/msg/ko_KR.euckr/csql.cat
-- Installing: /home/vimkim/.cub/install/pr7927-publication-release/release_gcc/msg/ko_KR.euckr/utils.cat
-- Installing: /home/vimkim/.cub/install/pr7927-publication-release/release_gcc/msg/ko_KR.euckr/cubrid.cat
-- Up-to-date: /home/vimkim/.cub/install/pr7927-publication-release/release_gcc/demo/demodb_objects
-- Up-to-date: /home/vimkim/.cub/install/pr7927-publication-release/release_gcc/demo/demodb_schema
-- Up-to-date: /home/vimkim/.cub/install/pr7927-publication-release/release_gcc/demo/make_cubrid_demo.sh
-- Up-to-date: /home/vimkim/.cub/install/pr7927-publication-release/release_gcc/share/init.d/cubrid-ha
-- Up-to-date: /home/vimkim/.cub/install/pr7927-publication-release/release_gcc/share/init.d/cubrid
-- Up-to-date: /home/vimkim/.cub/install/pr7927-publication-release/release_gcc/share/scripts/check_reserved.sql
-- Up-to-date: /home/vimkim/.cub/install/pr7927-publication-release/release_gcc/share/scripts/broker_log_top.py
-- Up-to-date: /home/vimkim/.cub/install/pr7927-publication-release/release_gcc/share/scripts/brokerstatus_to_csv.py
-- Up-to-date: /home/vimkim/.cub/install/pr7927-publication-release/release_gcc/share/scripts/statdump_to_csv.py
-- Up-to-date: /home/vimkim/.cub/install/pr7927-publication-release/release_gcc/share/scripts/ha/ha_make_slavedb.sh
-- Up-to-date: /home/vimkim/.cub/install/pr7927-publication-release/release_gcc/share/scripts/ha/VERSION
-- Up-to-date: /home/vimkim/.cub/install/pr7927-publication-release/release_gcc/share/scripts/ha/README
-- Up-to-date: /home/vimkim/.cub/install/pr7927-publication-release/release_gcc/share/scripts/ha/functions/ha_check_environment.sh
-- Up-to-date: /home/vimkim/.cub/install/pr7927-publication-release/release_gcc/share/scripts/ha/functions/ha_check_script.sh
-- Up-to-date: /home/vimkim/.cub/install/pr7927-publication-release/release_gcc/share/scripts/ha/expect/scp_from.exp
-- Up-to-date: /home/vimkim/.cub/install/pr7927-publication-release/release_gcc/share/scripts/ha/expect/scp_to.exp
-- Up-to-date: /home/vimkim/.cub/install/pr7927-publication-release/release_gcc/share/scripts/ha/expect/ssh.exp
-- Up-to-date: /home/vimkim/.cub/install/pr7927-publication-release/release_gcc/share/scripts/ha/common/common.sh
-- Up-to-date: /home/vimkim/.cub/install/pr7927-publication-release/release_gcc/share/systemtap/tapset/cubrid_func.stp
-- Up-to-date: /home/vimkim/.cub/install/pr7927-publication-release/release_gcc/share/systemtap/tapset/scripts/buffer_access.stp
-- Up-to-date: /home/vimkim/.cub/install/pr7927-publication-release/release_gcc/share/systemtap/tapset/scripts/global_time.stp
-- Up-to-date: /home/vimkim/.cub/install/pr7927-publication-release/release_gcc/share/systemtap/tapset/scripts/io_stat.stp
-- Up-to-date: /home/vimkim/.cub/install/pr7927-publication-release/release_gcc/share/systemtap/tapset/scripts/lock_time.stp
-- Up-to-date: /home/vimkim/.cub/install/pr7927-publication-release/release_gcc/share/systemtap/tapset/scripts/obj_access.stp
-- Up-to-date: /home/vimkim/.cub/install/pr7927-publication-release/release_gcc/share/systemtap/tapset/scripts/query_time.stp
-- Up-to-date: /home/vimkim/.cub/install/pr7927-publication-release/release_gcc/share/systemtap/tapset/scripts/transaction.stp
-- Up-to-date: /home/vimkim/.cub/install/pr7927-publication-release/release_gcc/share/systemtap/tapset/scripts/topcallstack_helper.stp
-- Up-to-date: /home/vimkim/.cub/install/pr7927-publication-release/release_gcc/share/systemtap/tapset/scripts/get_file_line.sh
-- Up-to-date: /home/vimkim/.cub/install/pr7927-publication-release/release_gcc/share/systemtap/tapset/scripts/topcallstack
-- Up-to-date: /home/vimkim/.cub/install/pr7927-publication-release/release_gcc/share/scripts/setup.sh
-- Up-to-date: /home/vimkim/.cub/install/pr7927-publication-release/release_gcc/share/scripts/cubrid.sh
-- Up-to-date: /home/vimkim/.cub/install/pr7927-publication-release/release_gcc/share/scripts/cubrid.csh
-- Up-to-date: /home/vimkim/.cub/install/pr7927-publication-release/release_gcc/share/scripts/unloaddb.sh
-- Up-to-date: /home/vimkim/.cub/install/pr7927-publication-release/release_gcc/share/scripts/restore_to_newdb.sh
-- Up-to-date: /home/vimkim/.cub/install/pr7927-publication-release/release_gcc/share/scripts/check_index_ovfps.sh
-- Up-to-date: /home/vimkim/.cub/install/pr7927-publication-release/release_gcc/bin/make_locale.sh
-- Up-to-date: /home/vimkim/.cub/install/pr7927-publication-release/release_gcc/locales/loclib/build_locale.sh
-- Up-to-date: /home/vimkim/.cub/install/pr7927-publication-release/release_gcc/locales/data
-- Up-to-date: /home/vimkim/.cub/install/pr7927-publication-release/release_gcc/locales/data/codepages
-- Up-to-date: /home/vimkim/.cub/install/pr7927-publication-release/release_gcc/locales/data/codepages/8859-1.TXT
-- Up-to-date: /home/vimkim/.cub/install/pr7927-publication-release/release_gcc/locales/data/codepages/8859-15.TXT
-- Up-to-date: /home/vimkim/.cub/install/pr7927-publication-release/release_gcc/locales/data/codepages/8859-9.TXT
-- Up-to-date: /home/vimkim/.cub/install/pr7927-publication-release/release_gcc/locales/data/codepages/CP1250.TXT
-- Up-to-date: /home/vimkim/.cub/install/pr7927-publication-release/release_gcc/locales/data/codepages/CP1258.TXT
-- Up-to-date: /home/vimkim/.cub/install/pr7927-publication-release/release_gcc/locales/data/codepages/CP932.TXT
-- Up-to-date: /home/vimkim/.cub/install/pr7927-publication-release/release_gcc/locales/data/codepages/CP936.TXT
-- Up-to-date: /home/vimkim/.cub/install/pr7927-publication-release/release_gcc/locales/data/codepages/CP949.TXT
-- Up-to-date: /home/vimkim/.cub/install/pr7927-publication-release/release_gcc/locales/data/ducet.txt
-- Up-to-date: /home/vimkim/.cub/install/pr7927-publication-release/release_gcc/locales/data/ldml
-- Up-to-date: /home/vimkim/.cub/install/pr7927-publication-release/release_gcc/locales/data/ldml/common_collations.xml
-- Up-to-date: /home/vimkim/.cub/install/pr7927-publication-release/release_gcc/locales/data/ldml/cubrid_de_DE.xml
-- Up-to-date: /home/vimkim/.cub/install/pr7927-publication-release/release_gcc/locales/data/ldml/cubrid_es_ES.xml
-- Up-to-date: /home/vimkim/.cub/install/pr7927-publication-release/release_gcc/locales/data/ldml/cubrid_fr_FR.xml
-- Up-to-date: /home/vimkim/.cub/install/pr7927-publication-release/release_gcc/locales/data/ldml/cubrid_it_IT.xml
-- Up-to-date: /home/vimkim/.cub/install/pr7927-publication-release/release_gcc/locales/data/ldml/cubrid_ja_JP.xml
-- Up-to-date: /home/vimkim/.cub/install/pr7927-publication-release/release_gcc/locales/data/ldml/cubrid_km_KH.xml
-- Up-to-date: /home/vimkim/.cub/install/pr7927-publication-release/release_gcc/locales/data/ldml/cubrid_ko_KR.xml
-- Up-to-date: /home/vimkim/.cub/install/pr7927-publication-release/release_gcc/locales/data/ldml/cubrid_ro_RO.xml
-- Up-to-date: /home/vimkim/.cub/install/pr7927-publication-release/release_gcc/locales/data/ldml/cubrid_tr_TR.xml
-- Up-to-date: /home/vimkim/.cub/install/pr7927-publication-release/release_gcc/locales/data/ldml/cubrid_vi_VN.xml
-- Up-to-date: /home/vimkim/.cub/install/pr7927-publication-release/release_gcc/locales/data/ldml/cubrid_zh_CN.xml
-- Up-to-date: /home/vimkim/.cub/install/pr7927-publication-release/release_gcc/locales/data/unicodedata.txt
-- Up-to-date: /home/vimkim/.cub/install/pr7927-publication-release/release_gcc/locales/loclib/locale_lib_common.h
-- Up-to-date: /home/vimkim/.cub/install/pr7927-publication-release/release_gcc/lib/libcubrid_timezones.so.11.5
-- Up-to-date: /home/vimkim/.cub/install/pr7927-publication-release/release_gcc/lib/libcubrid_timezones.so
-- Up-to-date: /home/vimkim/.cub/install/pr7927-publication-release/release_gcc/bin/make_tz.sh
-- Up-to-date: /home/vimkim/.cub/install/pr7927-publication-release/release_gcc/timezones/tzlib/build_tz.sh
-- Up-to-date: /home/vimkim/.cub/install/pr7927-publication-release/release_gcc/timezones/tzdata
-- Up-to-date: /home/vimkim/.cub/install/pr7927-publication-release/release_gcc/timezones/tzdata/africa
-- Up-to-date: /home/vimkim/.cub/install/pr7927-publication-release/release_gcc/timezones/tzdata/antarctica
-- Up-to-date: /home/vimkim/.cub/install/pr7927-publication-release/release_gcc/timezones/tzdata/asia
-- Up-to-date: /home/vimkim/.cub/install/pr7927-publication-release/release_gcc/timezones/tzdata/australasia
-- Up-to-date: /home/vimkim/.cub/install/pr7927-publication-release/release_gcc/timezones/tzdata/backward
-- Up-to-date: /home/vimkim/.cub/install/pr7927-publication-release/release_gcc/timezones/tzdata/etcetera
-- Up-to-date: /home/vimkim/.cub/install/pr7927-publication-release/release_gcc/timezones/tzdata/europe
-- Up-to-date: /home/vimkim/.cub/install/pr7927-publication-release/release_gcc/timezones/tzdata/iso3166.tab
-- Up-to-date: /home/vimkim/.cub/install/pr7927-publication-release/release_gcc/timezones/tzdata/leapseconds
-- Up-to-date: /home/vimkim/.cub/install/pr7927-publication-release/release_gcc/timezones/tzdata/northamerica
-- Up-to-date: /home/vimkim/.cub/install/pr7927-publication-release/release_gcc/timezones/tzdata/pacificnew
-- Up-to-date: /home/vimkim/.cub/install/pr7927-publication-release/release_gcc/timezones/tzdata/southamerica
-- Up-to-date: /home/vimkim/.cub/install/pr7927-publication-release/release_gcc/timezones/tzdata/windowsZones.xml
-- Up-to-date: /home/vimkim/.cub/install/pr7927-publication-release/release_gcc/timezones/tzdata/zone.tab
-- Up-to-date: /home/vimkim/.cub/install/pr7927-publication-release/release_gcc/timezones/tzlib/timezone_lib_common.h
-- Up-to-date: /home/vimkim/.cub/install/pr7927-publication-release/release_gcc/include
-- Up-to-date: /home/vimkim/.cub/install/pr7927-publication-release/release_gcc/include/gmock
-- Up-to-date: /home/vimkim/.cub/install/pr7927-publication-release/release_gcc/include/gmock/gmock-actions.h
-- Up-to-date: /home/vimkim/.cub/install/pr7927-publication-release/release_gcc/include/gmock/gmock-cardinalities.h
-- Up-to-date: /home/vimkim/.cub/install/pr7927-publication-release/release_gcc/include/gmock/gmock-function-mocker.h
-- Up-to-date: /home/vimkim/.cub/install/pr7927-publication-release/release_gcc/include/gmock/gmock-matchers.h
-- Up-to-date: /home/vimkim/.cub/install/pr7927-publication-release/release_gcc/include/gmock/gmock-more-actions.h
-- Up-to-date: /home/vimkim/.cub/install/pr7927-publication-release/release_gcc/include/gmock/gmock-more-matchers.h
-- Up-to-date: /home/vimkim/.cub/install/pr7927-publication-release/release_gcc/include/gmock/gmock-nice-strict.h
-- Up-to-date: /home/vimkim/.cub/install/pr7927-publication-release/release_gcc/include/gmock/gmock-spec-builders.h
-- Up-to-date: /home/vimkim/.cub/install/pr7927-publication-release/release_gcc/include/gmock/gmock.h
-- Up-to-date: /home/vimkim/.cub/install/pr7927-publication-release/release_gcc/include/gmock/internal
-- Up-to-date: /home/vimkim/.cub/install/pr7927-publication-release/release_gcc/include/gmock/internal/custom
-- Up-to-date: /home/vimkim/.cub/install/pr7927-publication-release/release_gcc/include/gmock/internal/custom/README.md
-- Up-to-date: /home/vimkim/.cub/install/pr7927-publication-release/release_gcc/include/gmock/internal/custom/gmock-generated-actions.h
-- Up-to-date: /home/vimkim/.cub/install/pr7927-publication-release/release_gcc/include/gmock/internal/custom/gmock-matchers.h
-- Up-to-date: /home/vimkim/.cub/install/pr7927-publication-release/release_gcc/include/gmock/internal/custom/gmock-port.h
-- Up-to-date: /home/vimkim/.cub/install/pr7927-publication-release/release_gcc/include/gmock/internal/gmock-internal-utils.h
-- Up-to-date: /home/vimkim/.cub/install/pr7927-publication-release/release_gcc/include/gmock/internal/gmock-port.h
-- Up-to-date: /home/vimkim/.cub/install/pr7927-publication-release/release_gcc/include/gmock/internal/gmock-pp.h
-- Up-to-date: /home/vimkim/.cub/install/pr7927-publication-release/release_gcc/lib64/libgmock.a
-- Up-to-date: /home/vimkim/.cub/install/pr7927-publication-release/release_gcc/lib64/libgmock_main.a
-- Up-to-date: /home/vimkim/.cub/install/pr7927-publication-release/release_gcc/lib64/pkgconfig/gmock.pc
-- Up-to-date: /home/vimkim/.cub/install/pr7927-publication-release/release_gcc/lib64/pkgconfig/gmock_main.pc
-- Up-to-date: /home/vimkim/.cub/install/pr7927-publication-release/release_gcc/lib64/cmake/GTest/GTestTargets.cmake
-- Up-to-date: /home/vimkim/.cub/install/pr7927-publication-release/release_gcc/lib64/cmake/GTest/GTestTargets-relwithdebinfo.cmake
-- Up-to-date: /home/vimkim/.cub/install/pr7927-publication-release/release_gcc/lib64/cmake/GTest/GTestConfigVersion.cmake
-- Up-to-date: /home/vimkim/.cub/install/pr7927-publication-release/release_gcc/lib64/cmake/GTest/GTestConfig.cmake
-- Up-to-date: /home/vimkim/.cub/install/pr7927-publication-release/release_gcc/include
-- Up-to-date: /home/vimkim/.cub/install/pr7927-publication-release/release_gcc/include/gtest
-- Up-to-date: /home/vimkim/.cub/install/pr7927-publication-release/release_gcc/include/gtest/gtest-assertion-result.h
-- Up-to-date: /home/vimkim/.cub/install/pr7927-publication-release/release_gcc/include/gtest/gtest-death-test.h
-- Up-to-date: /home/vimkim/.cub/install/pr7927-publication-release/release_gcc/include/gtest/gtest-matchers.h
-- Up-to-date: /home/vimkim/.cub/install/pr7927-publication-release/release_gcc/include/gtest/gtest-message.h
-- Up-to-date: /home/vimkim/.cub/install/pr7927-publication-release/release_gcc/include/gtest/gtest-param-test.h
-- Up-to-date: /home/vimkim/.cub/install/pr7927-publication-release/release_gcc/include/gtest/gtest-printers.h
-- Up-to-date: /home/vimkim/.cub/install/pr7927-publication-release/release_gcc/include/gtest/gtest-spi.h
-- Up-to-date: /home/vimkim/.cub/install/pr7927-publication-release/release_gcc/include/gtest/gtest-test-part.h
-- Up-to-date: /home/vimkim/.cub/install/pr7927-publication-release/release_gcc/include/gtest/gtest-typed-test.h
-- Up-to-date: /home/vimkim/.cub/install/pr7927-publication-release/release_gcc/include/gtest/gtest.h
-- Up-to-date: /home/vimkim/.cub/install/pr7927-publication-release/release_gcc/include/gtest/gtest_pred_impl.h
-- Up-to-date: /home/vimkim/.cub/install/pr7927-publication-release/release_gcc/include/gtest/gtest_prod.h
-- Up-to-date: /home/vimkim/.cub/install/pr7927-publication-release/release_gcc/include/gtest/internal
-- Up-to-date: /home/vimkim/.cub/install/pr7927-publication-release/release_gcc/include/gtest/internal/custom
-- Up-to-date: /home/vimkim/.cub/install/pr7927-publication-release/release_gcc/include/gtest/internal/custom/README.md
-- Up-to-date: /home/vimkim/.cub/install/pr7927-publication-release/release_gcc/include/gtest/internal/custom/gtest-port.h
-- Up-to-date: /home/vimkim/.cub/install/pr7927-publication-release/release_gcc/include/gtest/internal/custom/gtest-printers.h
-- Up-to-date: /home/vimkim/.cub/install/pr7927-publication-release/release_gcc/include/gtest/internal/custom/gtest.h
-- Up-to-date: /home/vimkim/.cub/install/pr7927-publication-release/release_gcc/include/gtest/internal/gtest-death-test-internal.h
-- Up-to-date: /home/vimkim/.cub/install/pr7927-publication-release/release_gcc/include/gtest/internal/gtest-filepath.h
-- Up-to-date: /home/vimkim/.cub/install/pr7927-publication-release/release_gcc/include/gtest/internal/gtest-internal.h
-- Up-to-date: /home/vimkim/.cub/install/pr7927-publication-release/release_gcc/include/gtest/internal/gtest-param-util.h
-- Up-to-date: /home/vimkim/.cub/install/pr7927-publication-release/release_gcc/include/gtest/internal/gtest-port-arch.h
-- Up-to-date: /home/vimkim/.cub/install/pr7927-publication-release/release_gcc/include/gtest/internal/gtest-port.h
-- Up-to-date: /home/vimkim/.cub/install/pr7927-publication-release/release_gcc/include/gtest/internal/gtest-string.h
-- Up-to-date: /home/vimkim/.cub/install/pr7927-publication-release/release_gcc/include/gtest/internal/gtest-type-util.h
-- Up-to-date: /home/vimkim/.cub/install/pr7927-publication-release/release_gcc/lib64/libgtest.a
-- Up-to-date: /home/vimkim/.cub/install/pr7927-publication-release/release_gcc/lib64/libgtest_main.a
-- Up-to-date: /home/vimkim/.cub/install/pr7927-publication-release/release_gcc/lib64/pkgconfig/gtest.pc
-- Up-to-date: /home/vimkim/.cub/install/pr7927-publication-release/release_gcc/lib64/pkgconfig/gtest_main.pc
-- Up-to-date: /home/vimkim/.cub/install/pr7927-publication-release/release_gcc/log
-- Up-to-date: /home/vimkim/.cub/install/pr7927-publication-release/release_gcc/var
-- Up-to-date: /home/vimkim/.cub/install/pr7927-publication-release/release_gcc/tmp
-- Up-to-date: /home/vimkim/.cub/install/pr7927-publication-release/release_gcc/databases
-- Up-to-date: /home/vimkim/.cub/install/pr7927-publication-release/release_gcc/var/CUBRID_SOCK
-- Up-to-date: /home/vimkim/.cub/install/pr7927-publication-release/release_gcc/3rdparty
-- Up-to-date: /home/vimkim/.cub/install/pr7927-publication-release/release_gcc/3rdparty/adoptium.temurin_license.txt
-- Up-to-date: /home/vimkim/.cub/install/pr7927-publication-release/release_gcc/3rdparty/adoptium.temurin_license_assembly_exception.txt
-- Up-to-date: /home/vimkim/.cub/install/pr7927-publication-release/release_gcc/3rdparty/libedit_license.txt
-- Up-to-date: /home/vimkim/.cub/install/pr7927-publication-release/release_gcc/3rdparty/libexpat_license.txt
-- Up-to-date: /home/vimkim/.cub/install/pr7927-publication-release/release_gcc/3rdparty/libodbc_license.txt
-- Up-to-date: /home/vimkim/.cub/install/pr7927-publication-release/release_gcc/3rdparty/libopenssl_license.txt
-- Up-to-date: /home/vimkim/.cub/install/pr7927-publication-release/release_gcc/3rdparty/libtbb_license.txt
-- Up-to-date: /home/vimkim/.cub/install/pr7927-publication-release/release_gcc/3rdparty/lz4_license.txt
-- Up-to-date: /home/vimkim/.cub/install/pr7927-publication-release/release_gcc/3rdparty/rapidjson_license.txt
-- Up-to-date: /home/vimkim/.cub/install/pr7927-publication-release/release_gcc/3rdparty/re2_license.txt
-- Up-to-date: /home/vimkim/.cub/install/pr7927-publication-release/release_gcc/./COPYING
-- Up-to-date: /home/vimkim/.cub/install/pr7927-publication-release/release_gcc/./CREDITS
-- Up-to-date: /home/vimkim/.cub/install/pr7927-publication-release/release_gcc/./README.md
-- Up-to-date: /home/vimkim/.cub/install/pr7927-publication-release/release_gcc/./README_TAR_INSTALL
-- Up-to-date: /home/vimkim/.cub/install/pr7927-publication-release/release_gcc/databases/databases.txt.sample
-- Up-to-date: /home/vimkim/.cub/install/pr7927-publication-release/release_gcc/var/CUBRID_SOCK/README.txt
-- Up-to-date: /home/vimkim/.cub/install/pr7927-publication-release/release_gcc/tmp/README.txt
Build and install completed successfully!
Build-only installation is ready. Initialize explicitly when needed:
  cub-workenv init --worktree /home/vimkim/gh/cb/pr7927-publication-release --install /home/vimkim/.cub/install/pr7927-publication-release/release_gcc --preset release_gcc
Existing work environments are preserved; use cub-workenv doctor after rebuilding.
