id	direction	origin_kind	producer	fetch_api	current_policy	wrapper_chain	terminal_consumer	operation	byte_range	oos_capable	classification	required_handling	current_handling	verdict	evidence	test	finding_id	followup
F-001	forward	plumbing	heap_record_replace_oos_oids	heap_record_replace_oos_oids	PROPAGATE(context->recdes_consumption_policy)	(policy sink)	heap_oos_build_record / return S_SUCCESS	expand stubs iff CONSUME_RAW_BYTES else preserve stored form	full (rebuilds VOT+var area) when expanding	yes (any heap instance record)	PROPAGATE	honor context policy: CONSUME->expand, DONT->preserve	same	CORRECT	heap_oos.cpp:351 heap_record_replace_oos_oids; branch on context->recdes_consumption_policy==HEAP_RECDES_DONT_CONSUME_RAW_BYTES (heap_oos.cpp:362) returns early; else heap_oos_parse_vot/read_values/build_record	none	-	field is recdes_consumption_policy (not expand_oos); expand_oos is only a local bool alias at heap_file.c:26218
F-002	forward	plumbing	heap_init_get_context	heap_init_get_context	PROPAGATE(param)	(sets context)	heap_get_record_data_when_all_ready	stores caller policy into HEAP_GET_CONTEXT	n/a	n/a	PROPAGATE	copy param to context->recdes_consumption_policy after asserting validity	same	CORRECT	heap_file.c:26747 heap_init_get_context; asserts HEAP_IS_VALID_RECDES_CONSUMPTION_POLICY (26751); context->recdes_consumption_policy=recdes_consumption_policy (26778)	none	-	-
F-003	forward	heap_fetch	heap_get_visible_version	heap_record_replace_oos_oids	PROPAGATE(param)	heap_get_visible_version->heap_get_visible_version_internal->heap_get_record_data_when_all_ready->heap_record_replace_oos_oids	(caller-dependent)	single-oid visible-version fetch	depends on caller policy	yes	PROPAGATE	forward caller policy through context	same	CORRECT	heap_file.c:26168 heap_get_visible_version; heap_init_get_context(...,recdes_consumption_policy) 26176; heap_get_visible_version_internal 26179	none	-	public API; reverse audit enumerates its callers
F-004	forward	heap_scan	heap_scan_get_visible_version / _impl	heap_record_replace_oos_oids	PROPAGATE(param)	heap_scan_get_visible_version->heap_scan_get_visible_version_impl->heap_get_visible_version_internal->...->heap_record_replace_oos_oids	(caller-dependent)	heap-scan visible-version fetch with peeked-record fast path	depends on caller policy	yes	PROPAGATE	forward caller policy; fast-path shortcut must not skip needed expand	same	CORRECT	heap_file.c:26332/26210; expand_oos=(policy==CONSUME) 26218; shortcut disabled when expand_oos && heap_recdes_contains_oos(peeked) 26240-26243	none	-	fast-path shortcut correctly consulted heap_recdes_contains_oos before returning peeked bytes
F-005	forward	plumbing	heap_get_visible_version_internal	heap_record_replace_oos_oids	PROPAGATE(context)	...->heap_get_visible_version_internal	heap_get_record_data_when_all_ready OR heap_get_visible_version_from_log+replace	route current-version and prev-version(log) fetches	depends on policy	yes	PROPAGATE	both current and prev-version(undo log) paths honor policy	same	CORRECT	heap_file.c:26374; prev-version path calls heap_record_replace_oos_oids at 26444 (guarded by recdes_p!=NULL); current path heap_get_record_data_when_all_ready 26466	none	-	undo-log/prev-version reconstruction also expands when CONSUME
F-006	forward	plumbing	heap_get_record_data_when_all_ready	heap_record_replace_oos_oids	PROPAGATE(context)	...->heap_get_record_data_when_all_ready	heap_record_replace_oos_oids (REC_HOME/REC_RELOCATION); heap_get_bigone_content (REC_BIGONE)	fetch record body then expand per policy	full when expanding	yes for REC_HOME/RELOCATION; no for REC_BIGONE	PROPAGATE	expand REC_HOME/RELOCATION per policy; REC_BIGONE never OOS	same	CORRECT	heap_file.c:7426; REC_RELOCATION->replace_oos 7460; REC_HOME->replace_oos 7482; REC_BIGONE->heap_get_bigone_content 7463	none	-	REC_BIGONE excluded: OOS+bigone rejected at write (ER_HEAP_OOS_OVERPASS_MAXOBJ_SIZE, CBRD-26937) so bigone carries no stubs
F-007	forward	plumbing	heap_get_visible_version_from_log(caller)	heap_record_replace_oos_oids	PROPAGATE(context)	heap_get_visible_version_internal(TOO_NEW)->heap_get_visible_version_from_log->heap_record_replace_oos_oids	heap_record_replace_oos_oids	expand prev-version undo recdes per policy	full when expanding	yes	PROPAGATE	expand reconstructed prev version iff CONSUME	same	CORRECT	heap_file.c:26438 heap_get_visible_version_from_log; then 26444 heap_record_replace_oos_oids when recdes_p!=NULL	none	-	recdes_p NULL (existence-only, e.g. compactdb) skips expand safely
F-008	forward	heap_fetch	heap_get_last_version	heap_record_replace_oos_oids	PROPAGATE(context)	heap_get_last_version->heap_get_record_data_when_all_ready->heap_record_replace_oos_oids	(caller-dependent)	update/delete latest-version fetch	depends on caller policy	yes	PROPAGATE	forward context policy	same	CORRECT	heap_file.c:26596 heap_get_last_version; heap_get_record_data_when_all_ready 26640ish honors context->recdes_consumption_policy	none	-	callers set policy via heap_init_get_context before calling (e.g. heap_get_class_record uses DONT)
F-009	forward	heap_scan	heap_next	heap_next_internal	PROPAGATE(param)	heap_next->heap_next_internal->heap_scan_get_visible_version_impl->...	(caller-dependent)	forward heap iteration	depends on caller policy	yes	PROPAGATE	forward caller policy to heap_next_internal	same	CORRECT	heap_file.c:20003 heap_next; heap_next_internal(...,recdes_consumption_policy,false,NULL) 20012	none	-	-
F-010	forward	heap_scan	heap_prev	heap_next_internal	PROPAGATE(param)	heap_prev->heap_next_internal(reversed)->...	(caller-dependent)	backward heap iteration	depends on caller policy	yes	PROPAGATE	forward caller policy	same	CORRECT	heap_file.c:20053 heap_prev; heap_next_internal(...,recdes_consumption_policy,true,NULL) 20062	none	-	-
F-011	forward	plumbing	heap_next_internal	heap_scan_get_visible_version_impl / heap_get_record_info	PROPAGATE(param)	heap_next_internal->{heap_scan_get_visible_version_impl | heap_get_record_info}	(caller-dependent)	slot walk + visible fetch OR record-info	depends; record-info=header/CHN only	yes	PROPAGATE	record fetch honors policy; get_rec_info branch reads header only (policy N/A)	same	CORRECT	heap_file.c:7509 heap_next_internal; non-recinfo path heap_scan_get_visible_version_impl 7859 passes recdes_consumption_policy; get_rec_info path heap_get_record_info 7850 (no policy param)	none	-	record-info scans always pass DONT via heap_next_record_info/heap_prev_record_info
F-012	forward	wrapper	heap_first	heap_next	DONT_CONSUME_RAW_BYTES (hardcoded)	heap_first->heap_next	(external callers, see F-026..F-029)	fetch first heap object	depends on caller	yes	PROPAGATE	match every caller	fixed DONT_CONSUME	CORRECT	heap_file.c:8168 heap_first; hardcoded HEAP_RECDES_DONT_CONSUME_RAW_BYTES 8176-8177	none	-	all traced callers either attr-layer or non-OOS-capable fixed heaps (see caller rows)
F-013	forward	wrapper	heap_last	heap_prev	DONT_CONSUME_RAW_BYTES (hardcoded)	heap_last->heap_prev	heap_scanrange_to_prior (only caller)	fetch last heap object	positioning only	yes	PROPAGATE	match caller	fixed DONT_CONSUME	CORRECT	heap_file.c:8197 heap_last; hardcoded 8205-8206; sole caller heap_scanrange_to_prior 8468 discards recdes	none	-	no external callers (rg): only heap_scanrange_to_prior
F-014	forward	wrapper	heap_next_1page	heap_scan_get_visible_version	DONT_CONSUME_RAW_BYTES (hardcoded)	heap_next_1page->heap_scan_get_visible_version	(external callers, see F-030..F-033)	fetch next record within one page (parallel/sample scans)	depends on caller	yes	PROPAGATE	match callers	fixed DONT_CONSUME	CORRECT	heap_file.c:7935 heap_next_1page; heap_scan_get_visible_version(...,HEAP_RECDES_DONT_CONSUME_RAW_BYTES,is_cached_scan) 8098-8100	none	-	all callers consume via attribute layer / header (see caller rows)
F-015	forward	heap_fetch	heap_does_exist	heap_get_visible_version	DONT_CONSUME_RAW_BYTES	heap_does_exist->heap_get_visible_version	(none; recdes NULL)	existence / not-deleted check	none (recdes==NULL)	n/a	NO_BODY	stored form; no body read	DONT_CONSUME	CORRECT	heap_file.c:8790 heap_does_exist; heap_get_visible_version(...,NULL recdes,...,DONT) 8975-8977	none	-	record body never materialized
F-016	forward	heap_scan	heap_dump	heap_next	DONT_CONSUME_RAW_BYTES	heap_dump->heap_next	heap_attrinfo_read_dbvalues + peek_recdes.length	dump each object via attribute layer	header/length metadata + attribute layer values	yes	RESOLVE	attr layer resolves OOS per column	DONT_CONSUME	CORRECT	heap_file.c:15624 heap_next(...,DONT); consumed by heap_attrinfo_read_dbvalues 15630 and peek_recdes.length 15627	none	-	reads .length (metadata) not body bytes; value read is attr-layer Resolve
F-017	forward	wrapper	heap_next_record_info	heap_next_internal / heap_get_record_info	DONT_CONSUME_RAW_BYTES (hardcoded)	heap_next_record_info->heap_next_internal->heap_get_record_info	heap_get_record_info (see F-037)	forward record-info scan	header/CHN/repid/MVCC only + recdes returned	yes	STORED_SAFE	header-only in get_record_info; caller reads via attr layer	fixed DONT_CONSUME	CORRECT	heap_file.c:20034 heap_next_record_info; heap_next_internal(...,DONT,false,cache_recordinfo) 20039	none	-	-
F-018	forward	wrapper	heap_prev_record_info	heap_next_internal / heap_get_record_info	DONT_CONSUME_RAW_BYTES (hardcoded)	heap_prev_record_info->heap_next_internal->heap_get_record_info	heap_get_record_info (see F-038)	backward record-info scan	header/CHN/repid/MVCC only + recdes returned	yes	STORED_SAFE	header-only + caller attr layer	fixed DONT_CONSUME	CORRECT	heap_file.c:20084 heap_prev_record_info; heap_next_internal(...,DONT,true,cache_recordinfo) 20089	none	-	-
F-019	forward	wrapper	heap_get_class_record	heap_get_last_version	DONT_CONSUME_RAW_BYTES (hardcoded)	heap_get_class_record->heap_get_last_version->heap_get_record_data_when_all_ready->heap_record_replace_oos_oids	(external callers, see F-039..F-042)	fetch class object (root class instance)	depends on caller; many parse raw via or_get_classrep	no (class records bypass demotion: tf_class_to_disk client serialization + raw locator force; cf. X-519, R-508, F-101)	STORED_SAFE	stored form OK (class records stub-free by provenance)	fixed DONT_CONSUME	CORRECT	heap_file.c:26837 heap_get_class_record; hardcoded HEAP_RECDES_DONT_CONSUME_RAW_BYTES 26849-26850; adjudicated vs FIND-03: provenance-based, see FINDINGS.md	none	FIND-03	FU-05: add defensive HAS_OOS guard/comment on class-record write path
F-020	forward	wrapper-branch	heap_scanrange_to_following	heap_get_visible_version	CONSUME_RAW_BYTES	heap_scanrange_to_following(start_oid!=NULL,!ISNULL)->heap_get_visible_version	(local recdes discarded)	position scanrange at given start object	full (expand triggered) but recdes never read	yes	NO_BODY	DONT_CONSUME (recdes unused; positioning only)	CONSUME_RAW_BYTES	OVER_EXPAND	heap_file.c:8368-8370 heap_get_visible_version(...,HEAP_RECDES_CONSUME_RAW_BYTES); local RECDES recdes 8342 only used for scan-code; sole caller passes NULL (scan_manager.c:5053) so branch is unreachable	none	FIND-02	dead+wasteful: caller only ever passes start_oid=NULL; also recdes is discarded
F-021	forward	wrapper-branch	heap_scanrange_to_following	heap_next	DONT_CONSUME_RAW_BYTES	heap_scanrange_to_following->heap_next	(local recdes discarded)	advance to next object when start not found / NULL	positioning only	yes	NO_BODY	DONT_CONSUME	DONT_CONSUME	CORRECT	heap_file.c:8377-8378 and 8399-8400 heap_next(...,DONT)	none	-	matches the discarded-recdes positioning use
F-022	forward	wrapper-branch	heap_scanrange_to_prior	heap_get_visible_version	CONSUME_RAW_BYTES	heap_scanrange_to_prior(last_oid!=NULL,!ISNULL)->heap_get_visible_version	(local recdes discarded)	position scanrange at given last object	full (expand) but recdes never read	yes	NO_BODY	DONT_CONSUME	CONSUME_RAW_BYTES	OVER_EXPAND	heap_file.c:8479-8481 heap_get_visible_version(...,CONSUME_RAW_BYTES); local RECDES recdes 8454; sole caller passes NULL (scan_manager.c:5057) so unreachable	none	FIND-02	dead+wasteful, mirrors F-020
F-023	forward	wrapper-branch	heap_scanrange_to_prior	heap_prev	DONT_CONSUME_RAW_BYTES	heap_scanrange_to_prior->heap_prev	(local recdes discarded)	step to prior object	positioning only	yes	NO_BODY	DONT_CONSUME	DONT_CONSUME	CORRECT	heap_file.c:8487-8489 and 8505-8507 heap_prev(...,DONT)	none	-	-
F-024	forward	wrapper-branch	heap_scanrange_next	heap_get_visible_version	CONSUME_RAW_BYTES	heap_scanrange_next->heap_get_visible_version -> caller scan_manager.c:5916	eval_data_filter -> heap_attrinfo_read_dbvalues (attr layer)	fetch first object of grouped scanrange	full (expand) but consumer uses attribute layer	yes	RESOLVE	DONT_CONSUME (consumer resolves per attribute, like the heap_next fallback in same fn)	CONSUME_RAW_BYTES	OVER_EXPAND	heap_file.c:8577-8579 heap_get_visible_version(...,CONSUME_RAW_BYTES); returned recdes flows to scan_manager.c:5916->eval_data_filter 5971 (attr layer); note sibling heap_next at 8584/8605 uses DONT	none	FIND-01	reachable (grouped heap scan); inconsistent with DONT used elsewhere in same fn -> unnecessary Expand on every grouped-scan block start
F-025	forward	wrapper-branch	heap_scanrange_next	heap_next	DONT_CONSUME_RAW_BYTES	heap_scanrange_next->heap_next	eval_data_filter (attr layer) via scan_manager.c:5916	fetch subsequent objects of grouped scanrange	attribute layer	yes	RESOLVE	DONT_CONSUME	DONT_CONSUME	CORRECT	heap_file.c:8583-8584 and 8603-8605 heap_next(...,DONT)	none	-	this is the correct policy that 8579 should also use
F-026	forward	wrapper-caller	tde_get_keyinfo	heap_first	DONT_CONSUME_RAW_BYTES	heap_first->heap_next->...	memcpy(keyinfo, recdes_buffer+sizeof(int), sizeof(TDE_KEYINFO))	copy TDE keyinfo struct out of record body	full body (raw memcpy)	no (tde keyinfo heap: NULL class_oid, no class repr, record written as raw fixed struct via tde_insert_keyinfo)	STORED_SAFE	stored form (no OOS possible)	DONT_CONSUME (via heap_first)	CORRECT	tde.c:588 heap_first(&tde_Keyinfo_hfid,NULL,...,COPY); memcpy of body tde.c:600	none	-	raw consumer but record can never carry OOS stubs (no attribute layout)
F-027	forward	wrapper-caller	boot_get_db_parm	heap_first	DONT_CONSUME_RAW_BYTES	heap_first->heap_next->...	recdes.data==dbparm struct read as raw bytes	load boot_Db_parm struct from its record	full body (raw struct)	no (boot db parm heap: NULL class, fixed struct, no attribute layout)	STORED_SAFE	stored form (no OOS possible)	DONT_CONSUME	CORRECT	boot_sr.c:310 heap_first(&boot_Db_parm->hfid,NULL,dbparm_oid,&recdes COPY); recdes.data=(char*)dbparm 307	none	-	raw consumer but non-OOS-capable
F-028	forward	wrapper-caller	find_row_by_gtrid_bqual	heap_first	DONT_CONSUME_RAW_BYTES	heap_first->heap_next->...	heap_attrinfo_read_dbvalues	scan dblink global-tran catalog by gtrid/bqual	attribute layer	yes	RESOLVE	stored form; attr layer resolves	DONT_CONSUME	CORRECT	dblink_global_tran_catalog.c:212 heap_first; heap_attrinfo_read_dbvalues 215	none	-	-
F-029	forward	wrapper-caller	dblink_global_tran_update_state	heap_first	DONT_CONSUME_RAW_BYTES	heap_first->heap_next->...	heap_attrinfo_read_dbvalues	scan dblink global-tran catalog rows	attribute layer	yes	RESOLVE	stored form	DONT_CONSUME	CORRECT	dblink_global_tran_catalog.c:444 heap_first; heap_attrinfo_read_dbvalues 446	none	-	conn_url/user/password are variable string attrs (OOS-eligible) but read via attr layer
F-030	forward	wrapper-caller	px_scan_slot_iterator::next	heap_next_1page	DONT_CONSUME_RAW_BYTES	heap_next_1page->heap_scan_get_visible_version->...	eval_data_filter / attr-layer read (mirrors executor)	parallel heap scan row fetch	attribute layer	yes	RESOLVE	stored form	DONT_CONSUME	CORRECT	px_scan_slot_iterator.cpp:106 heap_next_1page(PEEK); recdes consumed by predicate/attr-layer downstream (mirrors scan_next_scan)	none	-	-
F-031	forward	wrapper-caller	histogram_sampler input_handler_heap	heap_next_1page	DONT_CONSUME_RAW_BYTES	heap_next_1page->...	heap_attrinfo_read_dbvalues	sample rows for histogram stats	attribute layer	yes	RESOLVE	stored form	DONT_CONSUME	CORRECT	histogram_sampler_sr.cpp:762 heap_next_1page; heap_attrinfo_read_dbvalues 768	none	-	-
F-032	forward	wrapper-caller	histogram_sampler (2nd handler)	heap_next_1page	DONT_CONSUME_RAW_BYTES	heap_next_1page->...	heap_attrinfo_read_dbvalues	sample rows (per-column collector)	attribute layer	yes	RESOLVE	stored form	DONT_CONSUME	CORRECT	histogram_sampler_sr.cpp:1132 heap_next_1page; heap_attrinfo_read_dbvalues nearby	none	-	-
F-033	forward	wrapper-caller	btree_load slot iterator	heap_next_1page	DONT_CONSUME_RAW_BYTES	heap_next_1page->...	or_mvcc_get_header + attr-layer key extraction (heap_midxkey/attr)	read heap rows to build btree keys during index load	header (MVCC) + attribute layer	yes	RESOLVE	stored form; header + attr layer	DONT_CONSUME	CORRECT	btree_load.c:3424 heap_next_1page; in_recdes consumed via or_mvcc_get_header 3518 and attr-layer key build 3538/3566	none	-	-
F-034	forward	wrapper-caller	scan_next_scan_block (grouped fwd)	heap_scanrange_to_following	(branch policy internal)	scan_next_scan_block->heap_scanrange_to_following(NULL)	(positions range; recdes discarded)	position grouped scan block forward	positioning only (start_oid=NULL)	yes	NO_BODY	positioning only	DONT branch taken (CONSUME branch unreachable)	CORRECT	scan_manager.c:5053 heap_scanrange_to_following(...,NULL); NULL forces heap_next(DONT) path 8399-8400	none	-	confirms F-020 CONSUME branch is unreachable in production
F-035	forward	wrapper-caller	scan_next_scan_block (grouped bwd)	heap_scanrange_to_prior	(branch policy internal)	scan_next_scan_block->heap_scanrange_to_prior(NULL)	(positions range; recdes discarded)	position grouped scan block backward	positioning only (last_oid=NULL)	yes	NO_BODY	positioning only	DONT branch taken	CORRECT	scan_manager.c:5057 heap_scanrange_to_prior(...,NULL)	none	-	confirms F-022 CONSUME branch unreachable
F-036	forward	wrapper-caller	scan_next_scan (grouped)	heap_scanrange_next	CONSUME(first)/DONT(rest) internal	scan_next_scan->heap_scanrange_next	eval_data_filter->heap_attrinfo_read_dbvalues (attr layer)	grouped heap scan row fetch + predicate eval	attribute layer	yes	RESOLVE	DONT_CONSUME (attr layer)	first obj CONSUME (over-expand), rest DONT	OVER_EXPAND	scan_manager.c:5916 heap_scanrange_next; recdes->eval_data_filter 5971; wrapper first-object fetch uses CONSUME at heap_file.c:8579	none	FIND-01	functionally correct; wasteful expand only on first object of each grouped block
F-037	forward	wrapper-caller	scan_next_scan (record-info fwd)	heap_next_record_info	DONT_CONSUME_RAW_BYTES	heap_next_record_info->heap_next_internal->heap_get_record_info	or_rep_id/or_chn/or_mvcc_get_header (header) + eval_data_filter (attr layer)	record-info scan	header/CHN/MVCC + attribute layer	yes	STORED_SAFE	stored form (header-only in get_record_info)	DONT_CONSUME	CORRECT	scan_manager.c:5934 heap_next_record_info; heap_get_record_info reads only header/CHN/repid/MVCC heap_file.c:19881-19893	none	-	get_record_info never parses variable area / OOS stubs
F-038	forward	wrapper-caller	scan_next_scan (record-info bwd)	heap_prev_record_info	DONT_CONSUME_RAW_BYTES	heap_prev_record_info->heap_next_internal->heap_get_record_info	header fields + eval_data_filter	backward record-info scan	header + attribute layer	yes	STORED_SAFE	stored form	DONT_CONSUME	CORRECT	scan_manager.c:5951 heap_prev_record_info; same get_record_info header reads	none	-	-
F-039	forward	wrapper-caller	or_get_referenced_class(object_representation_sr)	heap_get_class_record	DONT_CONSUME_RAW_BYTES	heap_get_class_record->heap_get_last_version->...	or_get_classrep (raw OR parse of class-object variable area)	parse class representation from class-object record	full/variable (raw or_ parse)	no (class records bypass demotion: tf_class_to_disk client serialization + raw locator force; cf. X-519, R-508, F-101)	STORED_SAFE	stored form OK (class records stub-free by provenance)	DONT_CONSUME (wrapper hardcoded)	CORRECT	object_representation_sr.c:949 heap_get_class_record(COPY); or_get_classrep(&record,...) 953; wrapper fixes DONT at heap_file.c:26850; adjudicated vs FIND-03: provenance-based, see FINDINGS.md	none	FIND-03	FU-05: add defensive HAS_OOS guard/comment on class-record write path
F-040	forward	wrapper-caller	catalog_class readers	heap_get_class_record	DONT_CONSUME_RAW_BYTES	heap_get_class_record->heap_get_last_version->...	catalog construction reads class record (or_/orc_ raw)	build/read disk catalog from class object	variable (raw or_)	no (class records bypass demotion: tf_class_to_disk client serialization + raw locator force; cf. X-519, R-508, F-101)	STORED_SAFE	stored form OK (class records stub-free by provenance)	DONT_CONSUME	CORRECT	catalog_class.c:4800,4927,5376,5613 heap_get_class_record(PEEK); consumers parse class record via or_; adjudicated vs FIND-03: provenance-based, see FINDINGS.md	none	FIND-03	FU-05: add defensive HAS_OOS guard/comment on class-record write path
F-041	forward	wrapper-caller	btree class-rep reader	heap_get_class_record	DONT_CONSUME_RAW_BYTES	heap_get_class_record->heap_get_last_version->...	or_get_classrep (raw)	read class rep to locate btree index	variable (raw or_)	no (class records bypass demotion: tf_class_to_disk client serialization + raw locator force; cf. X-519, R-508, F-101)	STORED_SAFE	stored form OK (class records stub-free by provenance)	DONT_CONSUME	CORRECT	btree.c:21593 heap_get_class_record(COPY); or_get_classrep downstream; adjudicated vs FIND-03: provenance-based, see FINDINGS.md	none	FIND-03	FU-05: add defensive HAS_OOS guard/comment on class-record write path
F-042	forward	wrapper-caller	other heap_get_class_record callers	heap_get_class_record	DONT_CONSUME_RAW_BYTES	heap_get_class_record->heap_get_last_version->...	mixed: or_ raw parse and/or attribute layer	various class-object reads	mixed	no (class records bypass demotion: tf_class_to_disk client serialization + raw locator force; cf. X-519, R-508, F-101)	STORED_SAFE	stored form OK (class records stub-free by provenance)	DONT_CONSUME	CORRECT	callers: locator_sr.c:5577/10686/10707/10810/10990, query_executor.c:24581/25522, query_opfunc.c:8913, system_catalog.c:1891/5765, serial.c:1223, sp_code.cpp:203, connection_support.cpp:2396, file_manager.c:11293, boot_sr.c:3647, load_server_loader.cpp:390; adjudicated vs FIND-03: provenance-based, see FINDINGS.md	none	FIND-03	FU-05: add defensive HAS_OOS guard/comment on class-record write path
F-043	forward	plumbing	heap_get_bigone_content	(none - overflow content)	n/a (no OOS)	heap_get_record_data_when_all_ready(REC_BIGONE)->heap_get_bigone_content	heap_ovf_get	fetch multipage overflow record content	full overflow content	no (OOS+bigone rejected at write, CBRD-26937)	EXCLUDED	n/a	no expand	EXCLUDED	heap_file.c:20172 heap_get_bigone_content; called at 7463 for REC_BIGONE; no heap_record_replace_oos_oids	none	-	a REC_BIGONE never contains OOS inline stubs by the write-time rejection rule
F-101	forward	class_catalog	root/_db_class heap object (class_to_disk / tf_class_to_disk serializer, NOT heap_attrinfo_transform_to_disk)	heap_next(...PEEK...)	DONT_CONSUME	locator_initialize -> heap_next	or_class_name(&peek)	scan root heap, read class name to build classname->OID cache	variable(class name field)	false	EXCLUDED	preserve/resolve (n/a - class objects never OOS-demoted)	DONT_CONSUME (stored form)	EXCLUDED	locator_sr.c:302-307 locator_initialize -> heap_next(PEEK,DONT_CONSUME) -> or_class_name; class producer object/transform_cl.c:4546 tf_class_to_disk/class_to_disk (bypasses heap_attrinfo_determine_disk_layout)	class-heap scan; no OOS on class objects	-	confirm class-catalog records are never routed through heap_attrinfo_transform_to_disk (reverse-audit producer check)
F-102	forward	class_catalog	root/_db_class heap object (class_to_disk serializer)	heap_next(...PEEK...)	DONT_CONSUME	locator_check_class_names -> heap_next	or_class_name(&peek)	consistency check: class heap vs classname table	variable(class name field)	false	EXCLUDED	n/a (class objects never OOS-demoted)	DONT_CONSUME (stored form)	EXCLUDED	locator_sr.c:1975-1978 locator_check_class_names -> heap_next(PEEK,DONT_CONSUME) -> or_class_name	class-heap scan	-	same producer dependency as F-101
F-103	forward	heap_instance	user heap record via heap_get_context	locator_get_object(...COPY,CONSUME)	CONSUME	locator_lock_and_return_object -> locator_get_object -> heap_get_visible_version_internal/lock_and_get_internal	assign->recdes -> locator_return_object_assign -> LC_COPYAREA -> client	single-object client fetch (raw record shipped to CS client)	full	true	EXPAND	EXPAND (materialize OOS values)	CONSUME (Expand)	CORRECT	locator_sr.c:2336-2347 explicit CBRD-27029 comment; S_DOESNT_FIT returned as negative recdes len, caller grow-and-retry (locator_return_object_assign / xlocator_fetch)	client cannot resolve OOS stubs; verify S_DOESNT_FIT retry	-	verify retry contract in xlocator_fetch copyarea grow loop (reverse audit)
F-104	forward	heap_instance	user heap record	heap_next(...COPY,CONSUME)	CONSUME	xlocator_fetch_all -> heap_next	recdes -> LC_COPYAREA (obj->length/offset) -> client (unloaddb/compactdb via load_object.c)	bulk class fetch to client	full	true	EXPAND	EXPAND	CONSUME (Expand)	CORRECT	locator_sr.c:2912-2913 xlocator_fetch_all -> heap_next(COPY,CONSUME); packs LC_COPYAREA 2914-2931	unloaddb/compactdb correctness; historic CBRD-26948 leak	F-201	CURRENT CODE FIXES CBRD-26948: xlocator_fetch_all now CONSUMEs (was leaking stubs when Expand made opt-in). Confirm against CBRD-26948 OPEN status
F-105	forward	heap_instance	user heap record	heap_get_visible_version(...PEEK,CONSUME)	CONSUME	locator_all_reference_lockset -> heap_get_visible_version	peek_recdes -> heap_get_referenced_by (raw OID/set extraction)	build reference graph: extract referenced OIDs from record bytes	variable(OID/set-bearing attrs)	true	EXPAND	EXPAND	CONSUME (Expand)	CORRECT	locator_sr.c:3498-3500 heap_get_visible_version(PEEK,CONSUME); 3594-3596 heap_get_referenced_by(&peek_recdes,...) raw parse	OID-bearing SET/SEQUENCE could be OOS-backed; raw parse needs resolved bytes	-	verify heap_get_referenced_by does raw OR parse (reverse audit)
F-106	forward	heap_instance	user heap record (existence only)	locator_get_object(recdes=NULL,PEEK,DONT_CONSUME)	DONT_CONSUME	xlocator_does_exist -> locator_get_object	none (recdes==NULL)	existence/lock check only	none	false	NO_BODY	preserve (no body materialized)	DONT_CONSUME	CORRECT	locator_sr.c:3965-3966 locator_get_object with recdes=NULL	record body never read	-	-
F-107	forward	heap_instance	user FK-child heap record	locator_lock_and_get_object(...COPY,DONT_CONSUME)	DONT_CONSUME	locator_check_primary_key_delete -> locator_lock_and_get_object -> lock_and_get_internal	recdes -> (SET NULL branch) locator_attribute_info_force rec_descriptor -> heap_attrinfo_transform_to_disk -> heap_attrinfo_set_uninitialized -> heap_attrvalue_read (OOS Resolve)	FK cascade delete / SET NULL: lock + rebuild record via attr layer	none/variable(attr-layer)	true	RESOLVE	RESOLVE (attr-layer per-attribute)	DONT_CONSUME	CORRECT	locator_sr.c:4446-4448 lock_and_get(DONT_CONSUME); 4511-4515 old rec fed as rec_descriptor to locator_attribute_info_force; heap_file.c:11948/11962 heap_attrvalue_read; 10476-10479 OR_IS_OOS -> heap_attrvalue_read_oos_inline	unchanged attrs resolved via attr layer	-	-
F-108	forward	heap_instance	user FK-child heap record	locator_lock_and_get_object(...COPY,DONT_CONSUME)	DONT_CONSUME	locator_check_primary_key_update -> locator_lock_and_get_object	recdes -> (SET NULL) locator_attribute_info_force rec_descriptor -> transform_to_disk (attr-layer Resolve)	FK cascade update / SET NULL	none/variable(attr-layer)	true	RESOLVE	RESOLVE	DONT_CONSUME	CORRECT	locator_sr.c:4802-4804 lock_and_get(DONT_CONSUME); 4853-4857 old rec -> locator_attribute_info_force rec_descriptor	same path as F-107	-	-
F-109	forward	heap_instance	old user heap record (UPDATE)	locator_lock_and_get_object_with_evaluation(...COPY,DONT_CONSUME)	DONT_CONSUME	locator_update_force -> locator_lock_and_get_object_with_evaluation	oldrecdes -> or_mvcc_get_header (header) + locator_update_index -> heap_attrinfo_read_dbvalues (OOS Resolve)	fetch old record for index maintenance	header + variable(attr-layer)	true	RESOLVE	RESOLVE	DONT_CONSUME	CORRECT	locator_sr.c:5790-5793 (need_locking); consumers 5857/5871 or_mvcc_get_header, 6042 locator_update_index -> 8518 heap_attrinfo_read_dbvalues	baseline correct policy for update old-record fetch	-	-
F-110	forward	heap_instance	old user heap record (UPDATE, non-locking)	heap_get_visible_version(...COPY,CONSUME)	CONSUME	locator_update_force (else !need_locking) -> heap_get_visible_version	oldrecdes -> same consumers as F-109 (or_mvcc_get_header header-only + locator_update_index attr-layer Resolve)	fetch old record for index maintenance	header + variable(attr-layer)	true	RESOLVE	RESOLVE (revert to DONT_CONSUME)	CONSUME (Expand)	OVER_EXPAND	locator_sr.c:5797-5800 heap_get_visible_version(COPY,CONSUME); INCONSISTENT with F-109 (5793 DONT_CONSUME) - same downstream consumer	eager Expand unnecessary; consumer is attr layer	F-202	Revert to DONT_CONSUME. RISK: expanding a large multi-chunk OOS old record into DB_PAGESIZE*2 area can return S_DOESNT_FIT; update_force has NO grow-retry here (falls to ER_FAILED) -> possible spurious UPDATE failure for large OOS rows
F-111	forward	heap_instance	old user heap record (UPDATE in-place, has_index)	heap_get_visible_version(...COPY,CONSUME)	CONSUME	locator_update_force (in-place has_index oldrecdes==NULL) -> heap_get_visible_version	oldrecdes -> or_mvcc_get_header + locator_update_index (attr-layer Resolve)	fetch old record for index maintenance	header + variable(attr-layer)	true	RESOLVE	RESOLVE (revert to DONT_CONSUME)	CONSUME (Expand)	OVER_EXPAND	locator_sr.c:5940-5942 heap_get_visible_version(COPY,CONSUME); consumer 6042 locator_update_index attr-layer	same as F-110	F-202	Revert to DONT_CONSUME; same S_DOESNT_FIT risk as F-110
F-112	forward	heap_instance	user heap record (DELETE) OR class object	locator_lock_and_get_object_with_evaluation(...COPY,DONT_CONSUME)	DONT_CONSUME	locator_delete_force_internal -> locator_lock_and_get_object_with_evaluation	instance: copy_recdes -> locator_add_or_remove_index / partition_prune_update (heap_attrinfo_read_dbvalues/get_key Resolve); class(root oid): or_class_name (non-OOS)	delete: index-entry removal via attr layer	none/variable(attr-layer)	true	RESOLVE	RESOLVE	DONT_CONSUME	CORRECT	locator_sr.c:6281-6284 with_evaluation(DONT_CONSUME); 6338 or_class_name (class branch); 6422/6428 locator_add_or_remove_index; 6462 partition_prune_update; consumer 7945 heap_attrinfo_read_dbvalues	class branch reads non-OOS class object; instance branch attr layer	-	confirm partition_prune_update reads via attr layer (reverse audit)
F-113	forward	heap_instance	user heap record with LOB attrs	heap_get_visible_version(...COPY,CONSUME)	CONSUME	locator_delete_lob_force -> heap_get_visible_version	copy_recdes -> heap_attrinfo_delete_lob -> heap_attrvalue_read (OOS Resolve) + or_rep_id (header)	delete external LOB files referenced by record	fixed/header + variable(attr-layer)	true	RESOLVE	RESOLVE (revert to DONT_CONSUME)	CONSUME (Expand)	OVER_EXPAND	locator_sr.c:6579-6581 heap_get_visible_version(COPY,CONSUME); heap_file.c:11063 heap_attrinfo_delete_lob -> heap_attrvalue_read; 11040 or_rep_id	LOB locator IS OOS-eligible (ADR-0002) but attr layer already resolves it; Expand wasteful (locator is small)	F-203	Revert to DONT_CONSUME; low severity (LOB locator small)
F-114	forward	heap_instance	old user heap record (replication apply)	heap_get_visible_version(...PEEK,CONSUME)	CONSUME	locator_repl_prepare_force -> heap_get_visible_version	old_recdes -> or_chn(old_recdes) ONLY (CHN in header)	replication UPDATE prepare: read old CHN to bump new CHN	header/CHN	true	STORED_SAFE	STORED_SAFE (revert to DONT_CONSUME)	CONSUME (Expand)	OVER_EXPAND	locator_sr.c:6943-6945 heap_get_visible_version(PEEK,CONSUME); sole consumer 6960 or_chn(old_recdes)	only CHN (header) is read; Expand materializes whole record for nothing	F-204	Revert to DONT_CONSUME; wasteful full/multi-chunk materialization to read one header field
F-115	forward	heap_instance	old user heap record (UPDATE in-place/no-lock)	heap_get_last_version (context DONT_CONSUME)	DONT_CONSUME	locator_attribute_info_force -> heap_init_get_context(DONT_CONSUME) -> heap_get_last_version	copy_recdes(old_recdes) -> locator_allocate_copy_area_by_attr_info -> heap_attrinfo_transform_to_disk -> heap_attrinfo_set_uninitialized -> heap_attrvalue_read (Resolve)	build new record, pull unchanged attrs from old record via attr layer	variable(attr-layer)	true	RESOLVE	RESOLVE	DONT_CONSUME	CORRECT	locator_sr.c:7614-7616 heap_init_get_context(DONT_CONSUME)+heap_get_last_version; 7674 old_recdes; 7682/7499 transform_to_disk; heap_file.c:11948 heap_attrvalue_read	unchanged-attr read is OOS-aware	-	-
F-116	forward	heap_instance	old user heap record (UPDATE, locked select-phase)	locator_lock_and_get_object(...COPY,DONT_CONSUME)	DONT_CONSUME	locator_attribute_info_force (else) -> locator_lock_and_get_object	copy_recdes(old_recdes) -> transform_to_disk (attr-layer Resolve)	same as F-115 (locked branch)	variable(attr-layer)	true	RESOLVE	RESOLVE	DONT_CONSUME	CORRECT	locator_sr.c:7634-7635 locator_lock_and_get_object(COPY,DONT_CONSUME); 7674 old_recdes -> transform_to_disk	-	-	-
F-117	forward	heap_instance	user heap record	heap_next(...COPY,DONT_CONSUME)	DONT_CONSUME	xlocator_remove_class_from_index -> heap_next	copy_rec -> heap_attrinfo_read_dbvalues -> extract key -> btree remove	remove index entries per instance	variable(attr-layer)	true	RESOLVE	RESOLVE	DONT_CONSUME	CORRECT	locator_sr.c:9158-9160 heap_next(COPY,DONT_CONSUME); 9180 heap_attrinfo_read_dbvalues	attr-layer key extraction	-	-
F-118	forward	heap_instance	user heap record	heap_next(...COPY,DONT_CONSUME)	DONT_CONSUME	locator_check_btree_entries -> heap_next	record -> locator_eval_filter_predicate + heap_attrinfo_read_dbvalues + heap_attrvalue_get_key	btree consistency check (heap->index)	variable(attr-layer)	true	RESOLVE	RESOLVE	DONT_CONSUME	CORRECT	locator_sr.c:9614-9615 heap_next(COPY,DONT_CONSUME); 9621 eval_filter_predicate; 9638 read_dbvalues; 9639 heap_attrvalue_get_key	all attr-layer	-	-
F-119	forward	heap_instance	user heap record	heap_next(...PEEK,DONT_CONSUME)	DONT_CONSUME	locator_check_unique_btree_entries -> heap_next	peek -> eval_filter_predicate + heap_attrinfo_read_dbvalues + heap_attrvalue_get_key	unique btree consistency check	variable(attr-layer)	true	RESOLVE	RESOLVE	DONT_CONSUME	CORRECT	locator_sr.c:10069-10070 heap_next(PEEK,DONT_CONSUME); 10088 read_dbvalues; 10091 heap_attrvalue_get_key	all attr-layer	-	-
F-120	forward	class_catalog	root/_db_class heap object (class_to_disk serializer)	heap_next(...COPY,DONT_CONSUME)	DONT_CONSUME	locator_check_all_entries_of_all_btrees -> heap_next	copy_rec -> or_class_hfid(&copy_rec) (fixed class field)	iterate all classes to check their btrees	fixed(class hfid field)	false	EXCLUDED	n/a (class objects never OOS-demoted)	DONT_CONSUME	EXCLUDED	locator_sr.c:10783-10784 heap_next(root_hfid,COPY,DONT_CONSUME); 10790 or_class_hfid	class-heap scan; reads fixed class field	-	same producer dependency as F-101
F-121	forward	heap_instance	user heap record	heap_next(...COPY,DONT_CONSUME)	DONT_CONSUME	xlocator_check_fk_validity -> heap_next	copy_recdes -> heap_attrinfo_generate_key -> btree_check_foreign_key	FK validity scan: generate key from each instance	variable(attr-layer)	true	RESOLVE	RESOLVE	DONT_CONSUME	CORRECT	locator_sr.c:11969 heap_next(COPY,DONT_CONSUME); 11972-11974 heap_attrinfo_generate_key	attr-layer key gen	-	-
F-122	forward	heap_instance	user heap record (OID probe before lock)	heap_next(...COPY,DONT_CONSUME)	DONT_CONSUME	xlocator_lock_and_fetch_all (instance_lock branch) -> heap_next	oid only; recdes body discarded, re-fetched at 12151	fetch OID to lock, then re-fetch visible version	none (body unused)	true	NO_BODY	preserve	DONT_CONSUME	CORRECT	locator_sr.c:12124-12126 heap_next(COPY,DONT_CONSUME) just to obtain oid; body overwritten by 12149-12151 re-fetch	first fetch body never consumed	-	-
F-123	forward	heap_instance	user heap record	heap_get_visible_version(...COPY,CONSUME)	CONSUME	xlocator_lock_and_fetch_all (after lock) -> heap_get_visible_version	recdes -> LC_COPYAREA (obj) -> client	bulk fetch to client (post-lock)	full	true	EXPAND	EXPAND	CONSUME (Expand)	CORRECT	locator_sr.c:12149-12151 heap_get_visible_version(COPY,CONSUME); S_DOESNT_FIT -> retry_current_oid break 12154-12158; pack 12174-12189	census-confirmed genuine Expand; S_DOESNT_FIT retry holds	-	-
F-124	forward	heap_instance	user heap record	heap_next(...COPY,CONSUME)	CONSUME	xlocator_lock_and_fetch_all (no instance_lock) -> heap_next	recdes -> LC_COPYAREA (obj) -> client	bulk fetch to client	full	true	EXPAND	EXPAND	CONSUME (Expand)	CORRECT	locator_sr.c:12166-12167 heap_next(COPY,CONSUME); pack 12174-12189	genuine Expand	-	-
F-125	forward	heap_instance	source-partition user heap record	heap_get_visible_version(...COPY,CONSUME)	CONSUME	redistribute_partition_data -> heap_get_visible_version	recdes -> locator_insert_force(&recdes) INTO target partition heap	partition redistribution: re-insert raw record into another heap file	full	true	EXPAND	EXPAND	CONSUME (Expand)	CORRECT	locator_sr.c:13064-13066 heap_get_visible_version(COPY,CONSUME); 13077-13080 locator_insert_force into target hfid	MUST expand: source OOS OIDs point to source heap OOS file; target re-demotes into its own OOS file. census-confirmed	-	-
F-126	forward	heap_instance	cross-class user heap record (MVCC reeval)	heap_get_visible_version(...PEEK,CONSUME)	CONSUME	locator_mvcc_reeval_scan_filters (!is_upddel) -> heap_get_visible_version	temp_recdes -> heap_attrinfo_read_dbvalues + locator_mvcc_reevaluate_filters (attr-layer)	MVCC re-evaluate filters on another class row	variable(attr-layer)	true	RESOLVE	RESOLVE (revert to DONT_CONSUME)	CONSUME (Expand)	OVER_EXPAND	locator_sr.c:13829-13831 heap_get_visible_version(PEEK,CONSUME); consumers 13847 heap_attrinfo_read_dbvalues, 13868 locator_mvcc_reevaluate_filters	predicate reeval uses attr layer; Expand unnecessary	F-205	Revert to DONT_CONSUME
F-127	forward	wrapper	n/a (policy pass-through)	locator_lock_and_get_object_with_evaluation(param)	PROPAGATE	locator_lock_and_get_object_with_evaluation -> heap_init_get_context -> locator_lock_and_get_object_internal	forwards recdes_consumption_policy into HEAP_GET_CONTEXT	policy-parameter wrapper for delete/update+reeval fetch	n/a	true	PROPAGATE	forwards caller policy	PROPAGATE	CORRECT	locator_sr.c:13319-13356 param -> heap_init_get_context(...,recdes_consumption_policy). Callers: F-109/F-110? (5790 in-file), 6282 (F-112 in-file); CROSS-FILE: query_executor.c:14555, scan_manager.c:6041, scan_manager.c:6861	verify each caller's policy is correct	-	cross-file callers audited by fwd agents (query_executor.c:14555, scan_manager.c:6041/6861)
F-128	forward	wrapper	n/a (policy pass-through)	locator_get_object(param)	PROPAGATE	locator_get_object -> heap_init_get_context -> heap_get_visible_version_internal OR locator_lock_and_get_object_internal	forwards policy into HEAP_GET_CONTEXT (both lock/no-lock branches)	policy-parameter wrapper (class_oid unknown)	n/a	true	PROPAGATE	forwards caller policy	PROPAGATE	CORRECT	locator_sr.c:13463-13492 param -> heap_init_get_context; branches 13545/13550. In-file callers: 2340 (F-103), 3965 (F-106); CROSS-FILE: query_executor.c:13856	-	-	cross-file caller query_executor.c:13856 audited by fwd agent
F-129	forward	wrapper	n/a (policy pass-through)	locator_lock_and_get_object(param)	PROPAGATE	locator_lock_and_get_object -> heap_init_get_context -> locator_lock_and_get_object_internal	forwards policy into HEAP_GET_CONTEXT	policy-parameter wrapper for delete/update fetch	n/a	true	PROPAGATE	forwards caller policy	PROPAGATE	CORRECT	locator_sr.c:13577-13596 param -> heap_init_get_context. In-file callers: 4446(F-107),4802(F-108),7634(F-116); CROSS-FILE: compactdb_sr.c:215	-	-	cross-file caller compactdb_sr.c:215 (compactdb) audited by fwd agent
F-201	forward	heap instance RECDES	scan_next_heap_scan (S_HEAP_SCAN, S_FORWARD)	heap_next	HEAP_RECDES_DONT_CONSUME_RAW_BYTES	heap_next->recdes(local)->eval_data_filter / heap_attrinfo_read_dbvalues	heap_attrinfo_read_dbvalues->heap_attrvalue_read->heap_attrvalue_point_variable->heap_attrvalue_read_oos_inline->oos_read (attr-layer Resolve)	predicate eval on pred_attrs + rest-attr projection into attr cache; fetch_val_list reads resolved DB_VALUEs (PEEK)	variable (per-attr resolve; no raw recdes byte consumed)	yes (user table, arbitrary variable columns)	RESOLVE	DONT_CONSUME_RAW_BYTES	DONT_CONSUME_RAW_BYTES	CORRECT	src/query/scan_manager.c:5928 scan_next_heap_scan; eval_data_filter src/query/query_evaluator.c:2763 heap_attrinfo_read_dbvalues; rest at scan_manager.c:6171; attr-layer OOS reader heap_file.c:10382 heap_attrvalue_read_oos_inline->oos_read	OOS Test 1.1/1.4 heap SELECT full scan	-	-
F-202	forward	heap instance RECDES	scan_next_heap_scan (S_HEAP_SCAN, S_BACKWARD)	heap_prev	HEAP_RECDES_DONT_CONSUME_RAW_BYTES	heap_prev->recdes(local)->eval_data_filter / heap_attrinfo_read_dbvalues	heap_attrinfo_read_dbvalues->heap_attrvalue_read->...->oos_read (attr-layer Resolve)	predicate eval + rest-attr projection (backward scan)	variable (per-attr resolve)	yes (user table)	RESOLVE	DONT_CONSUME_RAW_BYTES	DONT_CONSUME_RAW_BYTES	CORRECT	src/query/scan_manager.c:5945 scan_next_heap_scan backward branch; same consumers as F-201	OOS SELECT backward scan	-	-
F-203	forward	heap instance RECDES	scan_next_heap_scan (mvcc_select_lock_needed re-fetch)	locator_lock_and_get_object_with_evaluation	HEAP_RECDES_DONT_CONSUME_RAW_BYTES	locator_lock_and_get_object_with_evaluation->recdes(local)->rest heap_attrinfo_read_dbvalues + mvcc reeval filter	heap_attrinfo_read_dbvalues->...->oos_read (attr-layer Resolve); MVCC cond reeval reads via attr layer	locked re-fetch of visible version, MVCC reevaluation then rest-attr projection	variable (per-attr resolve)	yes (user table)	RESOLVE	DONT_CONSUME_RAW_BYTES	DONT_CONSUME_RAW_BYTES	CORRECT	src/query/scan_manager.c:6043 scan_next_heap_scan lock path; rest read scan_manager.c:6171	OOS SELECT ... FOR UPDATE / mvcc lock path	-	-
F-204	forward	heap instance RECDES	scan_next_index_lookup_heap	heap_get_visible_version	HEAP_RECDES_DONT_CONSUME_RAW_BYTES	heap_get_visible_version->recdes(local)->eval_data_filter	eval_data_filter->heap_attrinfo_read_dbvalues->...->oos_read (attr-layer Resolve)	index-lookup heap fetch then data-filter predicate eval	variable (per-attr resolve)	yes (user table)	RESOLVE	DONT_CONSUME_RAW_BYTES	DONT_CONSUME_RAW_BYTES	CORRECT	src/query/scan_manager.c:6808 scan_next_index_lookup_heap; eval_data_filter at scan_manager.c:6836 -> query_evaluator.c:2763	OOS index scan non-covering	-	-
F-205	forward	heap instance RECDES	scan_next_index_lookup_heap (mvcc_select_lock_needed)	locator_lock_and_get_object_with_evaluation	HEAP_RECDES_DONT_CONSUME_RAW_BYTES	locator_lock_and_get_object_with_evaluation->recdes(local)->mvcc reeval filter	MVCC cond reevaluation reads via attr layer (heap_attrinfo_read_dbvalues path)	locked re-fetch + MVCC reevaluation on index scan	variable (per-attr resolve)	yes (user table)	RESOLVE	DONT_CONSUME_RAW_BYTES	DONT_CONSUME_RAW_BYTES	CORRECT	src/query/scan_manager.c:6864 scan_next_index_lookup_heap lock path	OOS index scan with lock	-	-
F-206	forward	heap instance RECDES	qexec_execute_update (has_delete lob-cleanup)	heap_get_visible_version	HEAP_RECDES_DONT_CONSUME_RAW_BYTES	heap_get_visible_version->recdes(local)->heap_attrinfo_read_dbvalues(crt_del_lob_info->attr_info)	heap_attrinfo_read_dbvalues->...->oos_read (attr-layer Resolve); db_get_elo on resolved DB_VALUE then db_elo_delete	read LOB attributes to delete external LOB files on delete-during-update	variable (LOB locator attrs via attr layer; ADR-0002 LOB locators OOS-demotable)	yes (user table, BLOB/CLOB locator eligible for OOS)	RESOLVE	DONT_CONSUME_RAW_BYTES	DONT_CONSUME_RAW_BYTES	CORRECT	src/query/query_executor.c:10664 qexec_execute_update; consumer heap_attrinfo_read_dbvalues at query_executor.c:10671	OOS UPDATE with LOB column delete path	-	-
F-207	forward	heap instance RECDES	qexec_execute_delete (lob-cleanup)	heap_get_visible_version	HEAP_RECDES_DONT_CONSUME_RAW_BYTES	heap_get_visible_version->recdes(local)->heap_attrinfo_read_dbvalues(crt_del_lob_info->attr_info)	heap_attrinfo_read_dbvalues->...->oos_read (attr-layer Resolve); db_get_elo->db_elo_delete	read LOB attributes to delete external LOB files on DELETE	variable (LOB locator attrs via attr layer)	yes (user table, BLOB/CLOB locator)	RESOLVE	DONT_CONSUME_RAW_BYTES	DONT_CONSUME_RAW_BYTES	CORRECT	src/query/query_executor.c:11474 qexec_execute_delete; consumer heap_attrinfo_read_dbvalues at query_executor.c:11481	OOS DELETE with LOB column	-	-
F-208	forward	heap instance RECDES	qexec_execute_duplicate_key_update	heap_get_visible_version	HEAP_RECDES_DONT_CONSUME_RAW_BYTES	heap_get_visible_version->rec_descriptor(local)->[opt or_set_rep_id header-only]->heap_attrinfo_read_dbvalues(odku->attr_info)	heap_attrinfo_read_dbvalues->...->oos_read (attr-layer Resolve); eval_pred on resolved DB_VALUEs	fetch existing duplicate-key row, read attrs for ON DUPLICATE KEY UPDATE constraint eval	variable (per-attr resolve; or_set_rep_id only rewrites rep-id header bits, not variable area)	yes (user table)	RESOLVE	DONT_CONSUME_RAW_BYTES	DONT_CONSUME_RAW_BYTES	CORRECT	src/query/query_executor.c:12309 qexec_execute_duplicate_key_update; or_set_rep_id at query_executor.c:12325 (header only); consumer heap_attrinfo_read_dbvalues at query_executor.c:12331	OOS INSERT ... ON DUPLICATE KEY UPDATE	-	note: or_set_rep_id header rewrite is not raw variable-area consumption
F-209	forward	heap instance RECDES	qexec_execute_obj_fetch	locator_get_object	HEAP_RECDES_DONT_CONSUME_RAW_BYTES	locator_get_object->oRec(local)->heap_attrinfo_read_dbvalues(cache_pred / cache_rest)	heap_attrinfo_read_dbvalues->...->oos_read (attr-layer Resolve)	object-fetch (path expr / OID deref) predicate + rest attribute read	variable (per-attr resolve)	yes (user table)	RESOLVE	DONT_CONSUME_RAW_BYTES	DONT_CONSUME_RAW_BYTES	CORRECT	src/query/query_executor.c:13857 qexec_execute_obj_fetch; consumers heap_attrinfo_read_dbvalues at query_executor.c:13987 and 14027	OOS object-fetch / path-expression	-	-
F-210	forward	heap instance RECDES	qexec_execute_selupd_list (click-counter increment)	locator_lock_and_get_object_with_evaluation	HEAP_RECDES_DONT_CONSUME_RAW_BYTES	locator_lock_and_get_object_with_evaluation(recdes=NULL)->internal MVCC reeval only	MVCC cond reevaluation (internal attr-layer read); no recdes returned to caller	lock object + reevaluate for SELECT ... FOR UPDATE increment; caller reads no record bytes	none (recdes arg is NULL; caller consumes no bytes)	no (serial-like click counter, numeric)	RESOLVE	DONT_CONSUME_RAW_BYTES	DONT_CONSUME_RAW_BYTES	CORRECT	src/query/query_executor.c:14558 qexec_execute_selupd_list; recdes NULL passed at query_executor.c:14556	selupd increment path	-	recdes=NULL: no body consumed by this caller; policy governs internal reeval fetch which is attr-layer
F-211	forward	heap instance RECDES (system catalog db_serial)	xserial_get_current_value_internal	heap_get_visible_version	HEAP_RECDES_CONSUME_RAW_BYTES	heap_get_visible_version(Expand)->recdesc(local)->heap_attrinfo_read_dbvalues(current_val attr)	heap_attrinfo_read_dbvalues->heap_attrvalue_read->...->oos_read (attr-layer Resolve); heap_attrinfo_access(current_val)	read serial current_val; record consumed ONLY through attribute layer, never as raw bytes	variable (single attr via attr layer; record-level Expand is wasted)	no (db_serial record << 4060B OOS target; cannot realistically go OOS)	RESOLVE	DONT_CONSUME_RAW_BYTES	CONSUME_RAW_BYTES	OVER_EXPAND	src/query/serial.c:234 xserial_get_current_value_internal; consumer heap_attrinfo_read_dbvalues at serial.c:263 -> attr-layer resolve	OOS: verify serial current value read (system catalog, no raw-byte path)	FIND-F3-01	revert to DONT_CONSUME_RAW_BYTES; matches weekly-meeting flag; confirm against CBRD-26847 census _expand_ge audit
F-212	forward	heap instance RECDES (system catalog db_serial)	serial_update_cur_val_of_serial	heap_get_visible_version	HEAP_RECDES_CONSUME_RAW_BYTES	heap_get_visible_version(Expand)->recdesc(local)->heap_attrinfo_read_dbvalues(all attrs)->heap_attrinfo_set+serial_update_serial_object->heap_attrinfo_transform_to_disk(old_recdes=recdesc)	heap_attrinfo_read_dbvalues->...->oos_read (attr-layer Resolve); transform_to_disk->heap_attrinfo_set_uninitialized->heap_attrvalue_read (attr-layer) for residual; new record rebuilt from attr_info DB_VALUEs, written by spage_update	read all serial attrs, set current_val, re-serialize and spage_update the row	variable (attr layer read + attr-layer-driven re-serialize; old recdesc never read as raw bytes)	no (db_serial record << 4060B OOS target)	RESOLVE	DONT_CONSUME_RAW_BYTES	CONSUME_RAW_BYTES	OVER_EXPAND	src/query/serial.c:511 serial_update_cur_val_of_serial; read serial.c:533; transform serial.c:955 heap_attrinfo_transform_to_disk -> heap_attrinfo_set_uninitialized heap_file.c:11948 heap_attrvalue_read (attr-layer, OOS-aware)	OOS: serial cache flush update (system catalog)	FIND-F3-02	revert to DONT_CONSUME_RAW_BYTES; transform_to_disk consumes old_recdes only via OOS-aware attr reader, not raw
F-213	forward	heap instance RECDES (system catalog db_serial)	xserial_get_next_value_internal	heap_get_visible_version	HEAP_RECDES_CONSUME_RAW_BYTES	heap_get_visible_version(Expand)->recdesc(local)->heap_attrinfo_read_dbvalues(all attrs)->...->serial_update_serial_object->heap_attrinfo_transform_to_disk(old_recdes=recdesc)	heap_attrinfo_read_dbvalues->...->oos_read (attr-layer Resolve); transform_to_disk->heap_attrinfo_set_uninitialized->heap_attrvalue_read (attr-layer); spage_update writes rebuilt record	read serial attrs, compute next value, re-serialize and update the row	variable (attr layer read + attr-layer re-serialize; old recdesc never raw-consumed)	no (db_serial record << 4060B OOS target)	RESOLVE	DONT_CONSUME_RAW_BYTES	CONSUME_RAW_BYTES	OVER_EXPAND	src/query/serial.c:648 xserial_get_next_value_internal; read serial.c:670; update via serial_update_serial_object serial.c:816 -> heap_attrinfo_transform_to_disk serial.c:955	OOS: serial next-value (auto-increment) update (system catalog)	FIND-F3-03	revert to DONT_CONSUME_RAW_BYTES; same rationale as F-212
F-214	forward	heap instance RECDES (system catalog CT_GLOBAL_TRAN)	find_row_by_gtrid_bqual	heap_next	HEAP_RECDES_DONT_CONSUME_RAW_BYTES	heap_next->recdes(local)->heap_attrinfo_read_dbvalues(attr_info)	heap_attrinfo_read_dbvalues->...->oos_read (attr-layer Resolve); db_get_int on gtrid/bqual	scan global-tran catalog, match gtrid/bqual (INT attrs)	variable (per-attr resolve; only INT attrs inspected)	unlikely (system catalog, small rows)	RESOLVE	DONT_CONSUME_RAW_BYTES	DONT_CONSUME_RAW_BYTES	CORRECT	src/query/dblink_global_tran_catalog.c:247 find_row_by_gtrid_bqual; consumer heap_attrinfo_read_dbvalues at dblink_global_tran_catalog.c:215	dblink global-tran lookup	-	-
F-215	forward	heap instance RECDES (system catalog CT_GLOBAL_TRAN)	dblink_global_tran_scan_for_recovery	heap_next	HEAP_RECDES_DONT_CONSUME_RAW_BYTES	heap_next->recdes(local)->heap_attrinfo_read_dbvalues(attr_info)	heap_attrinfo_read_dbvalues->...->oos_read (attr-layer Resolve); db_get_int/db_get_string per attr	scan global-tran catalog for 2PC recovery; read gtrid/bqual/conn_url/user/password/state	variable (per-attr resolve via db_get_string on resolved DB_VALUEs)	unlikely (system catalog, small rows; conn_url/password bounded)	RESOLVE	DONT_CONSUME_RAW_BYTES	DONT_CONSUME_RAW_BYTES	CORRECT	src/query/dblink_global_tran_catalog.c:515 dblink_global_tran_scan_for_recovery; consumer heap_attrinfo_read_dbvalues at dblink_global_tran_catalog.c:447	dblink 2PC recovery scan	-	-
F-216	forward	heap instance RECDES	leaf_slot_walker::process_oid (parallel non-covering index scan)	heap_get_visible_version	HEAP_RECDES_DONT_CONSUME_RAW_BYTES	heap_get_visible_version->heap_recdes(local)->eval_data_filter / heap_attrinfo_read_dbvalues(rest)	eval_data_filter->heap_attrinfo_read_dbvalues->...->oos_read (attr-layer Resolve); rest attrs read via attr layer	parallel index scan heap fetch: data-filter predicate + rest-attr projection	variable (per-attr resolve)	yes (user table)	RESOLVE	DONT_CONSUME_RAW_BYTES	DONT_CONSUME_RAW_BYTES	CORRECT	src/query/parallel/px_scan/index/px_scan_index_leaf_slot_walker.cpp:456 leaf_slot_walker::process_oid; eval_data_filter at :481; rest heap_attrinfo_read_dbvalues at :498	OOS parallel index scan	-	-
F-217	forward	heap instance RECDES	xhistogram_build_multi_by_fullscan_reservoir	heap_next	HEAP_RECDES_DONT_CONSUME_RAW_BYTES	heap_next->recdes(local)->heap_attrinfo_read_dbvalues(attr_info)->heap_attrinfo_access	heap_attrinfo_read_dbvalues->...->oos_read (attr-layer Resolve); collectors[i]->feed(DB_VALUE)	full-scan histogram reservoir sampling: read sampled attrs as DB_VALUEs	variable (per-attr resolve)	yes (user table)	RESOLVE	DONT_CONSUME_RAW_BYTES	DONT_CONSUME_RAW_BYTES	CORRECT	src/optimizer/histogram/histogram_sampler_sr.cpp:1927 xhistogram_build_multi_by_fullscan_reservoir; consumer heap_attrinfo_read_dbvalues at :1934	OOS ANALYZE / histogram sampling	-	-
F-218	forward	heap instance RECDES	xstats_collect_ndv_by_fullscan_reservoir	heap_next	HEAP_RECDES_DONT_CONSUME_RAW_BYTES	heap_next->recdes(local)->heap_attrinfo_read_dbvalues(attr_info)->heap_attrinfo_access	heap_attrinfo_read_dbvalues->...->oos_read (attr-layer Resolve); ndv_hll_hash(DB_VALUE)	full-scan NDV (HyperLogLog) sampling: read sampled attrs as DB_VALUEs	variable (per-attr resolve)	yes (user table)	RESOLVE	DONT_CONSUME_RAW_BYTES	DONT_CONSUME_RAW_BYTES	CORRECT	src/optimizer/histogram/histogram_sampler_sr.cpp:2258 xstats_collect_ndv_by_fullscan_reservoir; consumer heap_attrinfo_read_dbvalues at :2265	OOS NDV statistics sampling	-	-
F-301	forward	catalog-instance heap record (_db_class/_db_index)	heap_get_visible_version	heap_get_visible_version	CONSUME	heap_get_visible_version -> catcls_get_or_value_from_record -> or_init/catcls_get_or_value_from_buffer; also locator_add_or_remove_index (repl)	catcls_get_or_value_from_record (OR_BUF parse of whole record)	OR_BUF logical parse of entire record body + replication ship	full (whole record OR_BUF-parsed)	yes (catalog class instances go through normal heap update path -> demotion possible)	EXPAND	CONSUME	CONSUME	CORRECT	src/storage/catalog_class.c:4014 catcls_delete_instance -> catcls_get_or_value_from_record (catalog_class.c:3629 or_init(buf,record->data,record->length)); one of the 5 census genuine-Expand sites	OOS-backed catalog instance delete + reindex; verify no stub leak into repl log	-	Matches ADR-0003 census (genuine raw-byte consumer)
F-302	forward	catalog-instance heap record (_db_class/_db_index)	heap_get_visible_version	heap_get_visible_version	CONSUME	heap_get_visible_version -> or_chn(old_record) + catcls_get_or_value_from_record -> or_init	catcls_get_or_value_from_record (OR_BUF parse) + or_chn	CHN read + full-record OR_BUF logical parse	full (OR_BUF parse) + fixed(CHN)	yes	EXPAND	CONSUME	CONSUME	CORRECT	src/storage/catalog_class.c:4180 catcls_update_instance -> or_chn(&old_record) + catcls_get_or_value_from_record; census genuine-Expand site	OOS-backed catalog update; verify old-record parse resolves stubs	-	Matches ADR-0003 census
F-303	forward	catalog-instance heap record (_db_class)	heap_get_visible_version	heap_get_visible_version	CONSUME	heap_get_visible_version -> or_chn(record) + catcls_get_or_value_from_record -> or_init	catcls_get_or_value_from_record (OR_BUF parse) + or_chn	CHN read + full-record OR_BUF logical parse (then rebuilt via catcls_put_or_value_into_record)	full (OR_BUF parse) + fixed(CHN)	yes	EXPAND	CONSUME	CONSUME	CORRECT	src/storage/catalog_class.c:4504 catcls_update_class_stats -> or_chn(&record) + catcls_get_or_value_from_record; census genuine-Expand site	class-stats update on OOS-backed _db_class row	-	Matches ADR-0003 census
F-304	forward	catalog-instance heap record (_db_charset/collation compat)	heap_next	heap_next	DONT	heap_next(PEEK,DONT) -> heap_attrinfo_read_dbvalues -> heap_attrvalue_read -> (VOT OOS bit) heap_attrvalue_read_oos_inline -> oos_read	heap_attrinfo_read_dbvalues (attribute layer)	per-attribute value read (charset/lang/timezone ints+strings)	variable (attr-layer resolve, per accessed attr)	unlikely (tiny compat values) but contract-safe	RESOLVE	DONT	DONT	CORRECT	src/storage/catalog_class.c:5015 catcls_get_server_compat_info; consumer heap_attrinfo_read_dbvalues (heap_file.c:10909) -> heap_attrvalue_read dispatch at heap_file.c:10479	attr-layer resolve of OOS-backed compat attrs	-	Attribute layer is OOS-aware (verified dispatch)
F-305	forward	catalog-instance heap record (_db_collation)	heap_next	heap_next	DONT	heap_next(PEEK,DONT) -> heap_attrinfo_read_dbvalues -> heap_attrvalue_read -> oos_read	heap_attrinfo_read_dbvalues (attribute layer)	per-attribute value read (coll id/name/checksum)	variable (attr-layer resolve)	unlikely (tiny) but contract-safe	RESOLVE	DONT	DONT	CORRECT	src/storage/catalog_class.c:5468 catcls_get_db_collation; consumer heap_attrinfo_read_dbvalues	attr-layer resolve	-	-
F-306	forward	catalog-instance heap record (ha apply-info)	heap_next	heap_next	DONT	heap_next(PEEK,DONT) -> heap_attrinfo_read_dbvalues -> heap_attrvalue_read -> oos_read	heap_attrinfo_read_dbvalues (attribute layer)	per-attribute datetime read	variable (attr-layer resolve)	unlikely (tiny) but contract-safe	RESOLVE	DONT	DONT	CORRECT	src/storage/catalog_class.c:5680 catcls_get_apply_info_log_record_time; consumer heap_attrinfo_read_dbvalues	attr-layer resolve	-	-
F-307	forward	class-object heap record (root class)	heap_next	heap_next	DONT	heap_next(PEEK,DONT) -> [release] class_oid used for lock+catalog_check_class_consistency; [debug only] or_class_name(&peek)	class_oid (heap_next out param); debug-only or_class_name	release: body unused (OID drives checks); debug: or_class_name reads variable-attr-0 (class name) raw via OR_VAR_OFFSET	none (release) / variable-attr-0 (debug or_class_name)	no (root class objects serialized by tf_class_to_disk, NOT the instance demotion path)	NO_BODY	DONT	DONT	CORRECT	src/storage/system_catalog.c:4719 catalog_check_consistency; or_class_name at object_representation.c:249 OR_VAR_OFFSET(record->data,0); class transform tf_class_to_disk (transform_cl.c:4546)	checkdb over catalog	-	or_class_name does a raw var-area read but class objects are not OOS-capable; if that ever changes, debug path would need review
F-308	forward	class-object heap record (root class)	heap_next	heap_next	DONT	heap_next(PEEK,DONT) -> class_oid used for repr dump; debug-only or_class_name(&peek)	class_oid; debug-only or_class_name	release: body unused; debug: or_class_name raw var-attr-0 read	none (release) / variable-attr-0 (debug)	no (class objects not OOS-demoted)	NO_BODY	DONT	DONT	CORRECT	src/storage/system_catalog.c:5031 catalog_dump; same or_class_name pattern as F-307	catalog dump diag	-	Same nuance as F-307
F-309	forward	user-class instance heap record	heap_next	heap_next	DONT	heap_next(PEEK/COPY,DONT) -> or_mvcc_get_header + heap_attrinfo_read_dbvalues(filter) + heap_attrinfo_generate_key -> heap_attrinfo_read_dbvalues -> oos_read	heap_attrinfo_generate_key / heap_attrinfo_read_dbvalues (attribute layer) + MVCC header	MVCC header read (visibility) + attr-layer key/filter value extraction	header/CHN (MVCC) + variable (attr-layer key extract)	yes (index build over user tables; key attrs can be OOS-backed)	RESOLVE	DONT	DONT	CORRECT	src/storage/btree_load.c:3731 btree_sort_get_next; heap_attrinfo_generate_key calls heap_attrinfo_read_dbvalues (heap_file.c:14078,14098)	build index whose key column is OOS-backed; verify key value resolved	-	Attr-layer path resolves OOS key values; correct and cheaper than Expand
F-310	forward	user-class instance heap record	heap_next	heap_next	DONT	heap_next(COPY,DONT) -> heap_attrinfo_read_dbvalues(filter) + heap_attrinfo_generate_key -> heap_attrinfo_read_dbvalues -> oos_read	heap_attrinfo_generate_key / heap_attrinfo_read_dbvalues (attribute layer)	attr-layer key/filter value extraction for online index build	variable (attr-layer key extract)	yes (online index over user tables)	RESOLVE	DONT	DONT	CORRECT	src/storage/btree_load.c:5379 online_index_builder; same generate_key -> read_dbvalues chain	online CREATE INDEX on OOS-backed key column	-	-
F-311	forward	existence check (recdes=NULL)	heap_get_visible_version	heap_get_visible_version	CONSUME	heap_get_visible_version(recdes=NULL) -> heap_get_visible_version_internal: guarded by 'if (context->recdes_p != NULL)' so no record fetch, no Expand	scan_code only (S_SUCCESS vs not)	visibility/existence probe of referenced OID; no record body returned	none (recdes NULL; Expand guarded off)	yes (user instances) but body never materialized	NO_BODY	DONT	CONSUME	OVER_EXPAND	src/executables/compactdb.c:566 process_value; NULL recdes guard at heap_file.c:26464 and comment heap_file.c:26443 ('recdes_p is NULL for existence-only checks e.g. compactdb')	OID-reference validity check	F4-FIND-04	Inert/harmless: Expand never runs with recdes NULL; policy label misleading, should be DONT for clarity
F-312	forward	user-class instance heap record (old version)	heap_get_last_version	heap_init_get_context+heap_get_last_version	DONT	heap_get_last_version -> oldrec -> locator_update_index -> heap_attrinfo_read_dbvalues(old_recdes) -> oos_read	locator_update_index (attribute layer read of old_recdes)	old key value extraction to maintain indexes	variable (attr-layer resolve of old record)	yes (compactdb over user tables)	RESOLVE	DONT	DONT	CORRECT	src/executables/compactdb.c:784 update_indexes -> locator_update_index (locator_sr.c:8389) heap_attrinfo_read_dbvalues(old_recdes) at locator_sr.c:~8519	compactdb index update on OOS-backed row	-	old_recdes consumed via attribute layer, OOS-safe
F-313	forward	existence/class-oid check (recdes=NULL)	heap_get_visible_version	heap_get_visible_version	CONSUME	heap_get_visible_version(recdes=NULL) -> internal guarded (no fetch, no Expand); ref_class_oid out param used by is_class	scan_code + ref_class_oid (out params)	visibility/existence probe + class-oid classification; no body returned	none (recdes NULL; Expand guarded off)	yes but body never materialized	NO_BODY	DONT	CONSUME	OVER_EXPAND	src/storage/compactdb_sr.c:110 process_value; NULL recdes guard heap_file.c:26464	server-side compact OID-ref validity	F4-FIND-04	Inert/harmless (recdes NULL). Should be DONT for clarity
F-314	forward	user-class instance heap record (current version)	locator_lock_and_get_object	locator_lock_and_get_object	DONT	locator_lock_and_get_object -> copy_recdes -> locator_attribute_info_force(rec_descriptor) -> locator_allocate_copy_area_by_attr_info -> heap_attrinfo_transform_to_disk -> heap_attrinfo_set_uninitialized -> heap_attrvalue_read -> oos_read	heap_attrinfo_transform_to_disk / heap_attrinfo_set_uninitialized (attribute layer)	record rebuilt from resolved dbvalues; unchanged attrs resolved from old_recdes via attr layer	variable (attr-layer resolve of unchanged attrs)	yes (compactdb over user tables)	RESOLVE	DONT	DONT	CORRECT	src/storage/compactdb_sr.c:217 process_object -> locator_attribute_info_force(&copy_recdes) (locator_sr.c:7607,7674,7682) -> transform_to_disk_internal (heap_file.c:12998) heap_attrinfo_set_uninitialized (heap_file.c:13021)	compact rewrite of OOS-backed row; verify unchanged OOS attrs resolved not stub-copied	-	transform rebuilds from attr_info dbvalues; old_recdes stubs resolved via set_uninitialized (Optimization Idea A confirms attr-layer read)
F-315	forward	catalog-instance heap record (_db_stored_procedure_code)	heap_get_visible_version	heap_get_visible_version	CONSUME	heap_get_visible_version(PEEK,CONSUME) -> heap_attrinfo_read_dbvalues -> heap_attrinfo_access -> db_value_clone	heap_attrinfo_read_dbvalues (attribute layer)	single named attribute read (SP code metadata/payload) via attr layer	variable (attr-layer resolve of one attr) -- record-level Expand unneeded	yes (SP code/jar payloads are large -> OOS-capable, and SP-code fetch is a hot path)	RESOLVE	DONT	CONSUME	OVER_EXPAND	src/sp/sp_code.cpp:91 sp_get_code_attr; only consumer heap_attrinfo_read_dbvalues (sp_code.cpp:128) + heap_attrinfo_access (sp_code.cpp:134); ADR-0003 explicitly names SP-code fetch as must-NOT-always-Expand	fetch one attr from OOS-backed SP-code row; assert only accessed attr triggers oos_read (debug oos.log)	F4-FIND-01	Genuine over-expand on a hot path ADR-0003 called out; eager Expand resolves ALL OOS attrs to read one. Should be DONT
F-316	forward	user-class instance heap record (db_user)	heap_next	heap_next	DONT	heap_next(PEEK,DONT) -> recdes immediately overwritten by heap_get_visible_version at load_server_loader.cpp:246 before any use	none (only inst_oid out param used; recdes reassigned)	body unused; heap_next only supplies next inst_oid	none (recdes overwritten pre-use)	n/a (body discarded)	NO_BODY	DONT	DONT	CORRECT	src/loaddb/load_server_loader.cpp:243 server_class_installer::locate_class_for_all_users; recdes overwritten at line 246-247	loaddb user enumeration	-	heap_next here is purely an OID cursor; body re-fetched by F-317
F-317	forward	user-class instance heap record (db_user)	heap_get_visible_version	heap_get_visible_version	CONSUME	heap_get_visible_version(PEEK,CONSUME) -> heap_attrinfo_read_dbvalues -> db_get_string(name attr)	heap_attrinfo_read_dbvalues (attribute layer)	read db_user 'name' attribute via attr layer	variable (attr-layer resolve of name attr) -- Expand unneeded	yes (db_user instance) though name values are small	RESOLVE	DONT	CONSUME	OVER_EXPAND	src/loaddb/load_server_loader.cpp:247 server_class_installer::locate_class_for_all_users; only consumer heap_attrinfo_read_dbvalues (line 260) -> db_get_string (line 283)	loaddb find-class-for-all-users over db_user	F4-FIND-02	Mechanically-migrated CONSUME; attr layer resolves the one accessed attr. Should be DONT
F-318	forward	user-class instance heap record	heap_get_visible_version	heap_get_visible_version	CONSUME	heap_get_visible_version(PEEK,CONSUME) -> or_mvcc_get_header only (diagnostic lock dump prints insid/delid)	or_mvcc_get_header (MVCC header only)	MVCC header read for lock-resource diagnostic dump	header/CHN (MVCC header only)	yes (user instances; diag dump can hit OOS-backed rows)	STORED_SAFE	DONT	CONSUME	OVER_EXPAND	src/transaction/lock_manager.c:5644 lock_dump_resource; only consumer or_mvcc_get_header (lock_manager.c:5647); HAS_OOS bit does not affect MVCC header size (OOS-CONTEXT layout note)	lock dump of an OOS-backed instance; header read independent of OOS	F4-FIND-03	Diagnostic path eagerly Expands (extra oos_read I/O) just to print insid/delid. Should be DONT
F-319	forward	user-class instance heap record (db_user)	heap_next	heap_next	DONT	heap_next(PEEK,DONT) -> heap_attrinfo_read_dbvalues -> db_get_string(name attr)	heap_attrinfo_read_dbvalues (attribute layer)	read db_user 'name' attribute; build SHOW ACCESS STATUS tuples	variable (attr-layer resolve of name attr)	yes (db_user instance) though values small	RESOLVE	DONT	DONT	CORRECT	src/connection/connection_support.cpp:2472 css_make_access_status_exist_user; consumer heap_attrinfo_read_dbvalues (line 2475) -> db_get_string (line 2485)	SHOW ACCESS STATUS over db_user	-	Correct DONT. NOTE separate earlier fetch at conn_support.cpp:2409 uses or_get_attrname on a class-object recdes (raw var-area) -> reverse-audit item, out of this scope
R-001	reverse	wal_undo_image	page (spage_get_record home slot)	-	n/a	heap_update_home->heap_log_update_physical->log_append_undoredo_recdes	log undo image RVHF_UPDATE_NOTIFY_VACUUM	mvcc_update	full (old on-page record)	yes	PRESERVE_PHYSICAL	stored form, OOS stubs intact	stored form (undo=context->home_recdes read from page)	CORRECT	src/storage/heap_file.c:23899 heap_log_update_physical(...,&context->home_recdes,home_page_updated_recdes_p,undo_rcvindex=RVHF_UPDATE_NOTIFY_VACUUM@23778); :24070 log_append_undoredo_recdes(old_recdes_p,new_recdes_p); home_recdes re-read via spage_get_record @23889	5.3/6.1	-	undo image is old on-page record; never an expanded fetch (expand_oos lives only on HEAP_GET_CONTEXT, not HEAP_OPERATION_CONTEXT)
R-002	reverse	wal_undo_image	forward page + home page (spage_get_record)	-	n/a	heap_update_relocation->heap_log_update_physical / heap_mvcc_log_home_change_on_delete->log_append_undoredo_recdes	RVHF_UPDATE_NOTIFY_VACUUM (home) + RVHF_DELETE_NEWHOME_NOTIFY_VACUUM (forward REC_NEWHOME)	mvcc_update_relocation	full (forward REC_NEWHOME carries OOS; home slot is forwarding OID)	yes	PRESERVE_PHYSICAL	stored form stubs intact on forward pre-image	stored form; forward pre-image read from forward page	CORRECT	src/storage/heap_file.c:23572-23573 log home undoredo; :23617-23623 delete_rcvindex=RVHF_DELETE_NEWHOME_NOTIFY_VACUUM for forward REC_NEWHOME; forward recdes from page	5.3	-	forward REC_NEWHOME undo consumed by vacuum forward-walk (R-017)
R-003	reverse	wal_undo_image	home page (forwarding recdes)	-	n/a	heap_update_bigone->heap_log_update_physical	RVHF_UPDATE_NOTIFY_VACUUM (home forwarding slot)	mvcc_update_bigone	header/OID (REC_RELOCATION/REC_BIGONE 8B forwarding OID)	no	PRESERVE_PHYSICAL	physical forwarding pointer only; no OOS in home slot	stored forwarding OID	CORRECT	src/storage/heap_file.c:23343-23344 log; :23161 heap_update_bigone; home undo is forwarding OID, excluded from OOS by vacuum guard vacuum_oos.cpp:245	-	-	OOS+bigone combo rejected at write (CBRD-26937); overflow body not OOS-bearing
R-004	reverse	wal_undo_image	home page (spage_get_record)	-	n/a	heap_delete_home->heap_mvcc_log_home_change_on_delete->log_append_undoredo_recdes	RVHF_MVCC_DELETE_MODIFY_HOME undo image	mvcc_delete	full (old REC_HOME record)	yes	PRESERVE_PHYSICAL	stored form; DELETE does not touch stubs	stored form (old_recdes=context->home_recdes)	CORRECT	src/storage/heap_file.c:22752-22754 spage_get_record into home_recdes; :22957 heap_mvcc_log_home_change_on_delete(&home_recdes,&forwarding_recdes); :20273 log_append_undoredo_recdes	6.2	-	DELETE keeps same OIDs on live record; reclaimed by normal REMOVE path not forward-walk (vacuum.c:3573)
R-005	reverse	wal_undo_image	forward page (spage_get_record)	-	n/a	heap_delete_relocation->heap_mvcc_log_home_change_on_delete / log_append_undoredo_recdes	RVHF_MVCC_DELETE_MODIFY_HOME / RVHF_DELETE	mvcc_delete_relocation	full (forward REC_NEWHOME record)	yes	PRESERVE_PHYSICAL	stored form stubs intact	stored form; forward recdes from page	CORRECT	src/storage/heap_file.c:22494-22496 spage_get_record; :22507 heap_mvcc_log_home_change_on_delete; :22597 log_append_undoredo_recdes(RVHF_DELETE,&forward_recdes,NULL)	6.2	-	-
R-006	reverse	wal_undo_image	home page (forwarding recdes)	-	n/a	heap_delete_bigone->log	RVHF_MVCC_DELETE_MODIFY_HOME (forwarding)	mvcc_delete_bigone	header/OID (forwarding OID)	no	PRESERVE_PHYSICAL	physical forwarding pointer only	stored forwarding OID	CORRECT	src/storage/heap_file.c:22028 heap_delete_bigone; overflow body handled separately, home slot is forwarding OID	-	-	OOS+bigone rejected at write time
R-007	reverse	wal_redo_image	caller recdes (heap_attrinfo_transform_to_disk)	-	n/a	heap_insert_physical->heap_log_insert_physical->log_append_undoredo_recdes	RVHF_INSERT / RVHF_INSERT_NEWHOME redo image	insert	full (new record, freshly built with stubs)	yes	PRESERVE_PHYSICAL	stored form; new stubs are the canonical on-disk form	stored form (record built by transform_to_disk with demotion+stubs)	CORRECT	src/storage/heap_file.c:21905-21914 log_append_undoredo_recdes(NULL,&recdes) INSERT/INSERT_NEWHOME; redo image is the stored record	5.1/5.2	-	insert has no old-version undo; redo image is authoritative stored form
R-008	reverse	recovery_redo	log rcv->data (physical image)	-	n/a	heap_rv_redo_update/heap_rv_undo_update->heap_rv_undoredo_update->heap_update_physical	spage physical slot write	recovery_redo_undo_update	full (physical slotted-page image)	yes	PRESERVE_PHYSICAL	apply raw bytes; never interpret variable area	physical: recdes.data=rcv->data+INT16, heap_update_physical	CORRECT	src/storage/heap_file.c:17601-17627 heap_rv_undoredo_update reads recdes.type from rcv->data then heap_update_physical; no OOS reference in any heap_rv_* fn	5.3/5.4	-	recovery treats heap record as opaque physical image
R-009	reverse	recovery_undo	log rcv->data (undo image)	-	n/a	heap_rv_undo_delete->heap_rv_redo_insert (spage_insert)	spage physical slot insert	recovery_undo_delete	full (old record re-inserted, stubs intact)	yes	PRESERVE_PHYSICAL	re-insert stored undo image physically	physical re-insert	CORRECT	src/storage/heap_file.c:17518-17544 heap_rv_undo_delete->heap_rv_redo_insert; then vacuum_rv_check_at_undo	5.2	-	undo of delete restores old physical record with stubs pointing to live chains
R-010	reverse	recovery_redo	log rcv->data	-	n/a	heap_rv_redo_delete->spage_delete/mark	spage physical delete	recovery_redo_delete	header/CHN (MVCC delete id apply)	yes	PRESERVE_PHYSICAL	physical delete-mark; stubs untouched	physical	CORRECT	src/storage/heap_file.c:17161 heap_rv_redo_delete; physical slot op, no OOS interpretation	-	-	-
R-011	reverse	recovery_redo	log rcv->data (record image)	-	n/a	heap_rv_redo_insert / heap_rv_mvcc_redo_insert->spage_insert	spage physical insert	recovery_redo_insert	full (physical record image with stubs)	yes	PRESERVE_PHYSICAL	physical insert of stored image	physical	CORRECT	src/storage/heap_file.c:16893 heap_rv_redo_insert; :17014 heap_rv_mvcc_redo_insert; no OOS interpretation	5.1	-	-
R-012	reverse	recovery_undo	log rcv (slotid)	-	n/a	heap_rv_undo_insert->spage_delete	spage physical delete	recovery_undo_insert	none (logical delete of inserted slot)	yes	PRESERVE_PHYSICAL	physical slot removal	physical	CORRECT	src/storage/heap_file.c:17108 heap_rv_undo_insert; OOS chunk undo logged separately by oos_rv_*	5.2	-	OOS value chains have independent oos_rv_* redo/undo
R-013	reverse	mvcc_old_version	undo log (log_get_undo_record reconstruction)	-	n/a	heap_get_visible_version_from_log->log_get_undo_record	reconstructed old-version recdes (stored form)	mvcc_snapshot_old_version	full (old record reconstructed from undo)	yes	PRESERVE_PHYSICAL	reconstruct stored form with stubs intact; do not interpret variable area	physical reconstruction into recdes; stubs intact	CORRECT	src/storage/heap_file.c:26094 log_get_undo_record(...,recdes) inside heap_get_visible_version_from_log; loops prev_version via MVCC_GET_PREV_VERSION_LSA @26138	6.1	-	stored form flows to attribute-layer Resolve for DONT_CONSUME callers
R-014	reverse	mvcc_old_version	reconstructed old-version recdes (from R-013)	heap_get_visible_version_expand_oos (expand_oos flag)	CONSUME_RAW_BYTES when set, else DONT_CONSUME	heap_get_visible_version_internal->heap_get_visible_version_from_log then heap_record_replace_oos_oids	heap_record_replace_oos_oids (opt-in Expand)	mvcc_snapshot_old_version_expand	full->expanded (stubs replaced by values)	yes	EXPAND	expand ONLY when caller policy=CONSUME_RAW_BYTES; else leave stored form	gated: heap_record_replace_oos_oids returns S_SUCCESS immediately for DONT_CONSUME (heap_oos.cpp:362), expands only for CONSUME_RAW_BYTES	CORRECT	src/storage/heap_file.c:26441-26445 after from_log: if(S_SUCCESS && recdes_p) heap_record_replace_oos_oids(); gate src/storage/heap_oos.cpp:362-367 (DONT_CONSUME->no-op) & :351	6.1	-	ANSWERS Q(b): MVCC old-version path DOES honor CONSUME_RAW_BYTES; raw consumers get expanded old version, others get stored form
R-015	reverse	recovery_redo	log page bytes (logpb_copy_from_log)	-	n/a	log_get_undo_record (byte copy + optional unzip)	physical undo bytes -> caller recdes	undo_record_reconstruction	full (raw undo bytes)	n/a	PRESERVE_PHYSICAL	copy/unzip raw bytes only; no schema/variable-area parse	physical byte copy; no OOS logic	CORRECT	src/transaction/log_manager.c:9801 log_get_undo_record; copies undo_data area (9897/9920) and unzips (9934); zero OOS awareness	-	-	terminal producer shared by vacuum forward-walk (via vacuum_process_log_record) and MVCC old-version read
R-016	reverse	vacuum	undo recdes (own std::vector<OID> copy of head OOS OIDs)	-	n/a	vacuum_forward_walk_reclaim_oos->vacuum_forward_walk_oos_delete_atomic->oos_delete	oos_delete of old value chains	vacuum_forward_walk_delete	variable (head OOS OIDs extracted from stubs)	yes	PRESERVE_PHYSICAL	interpret stubs AS stubs on stored-form undo image; own sysop	reads stored-form stubs; deletes via oos_delete in dedicated sysop	CORRECT	src/query/vacuum_oos.cpp:153-203 vacuum_forward_walk_oos_delete_atomic; OIDs from heap_recdes_get_oos_oids @286; log_sysop_start/commit @171/196	5.5	CBRD-26950	depends on invariant 2 (undo holds stubs); OID list passed by value b/c oos_delete rotates log page
R-017	reverse	vacuum	log block undo_data (vacuum_process_log_record)	-	n/a	vacuum_process_log_block->vacuum_process_log_record->vacuum_forward_walk_reclaim_oos->heap_recdes_get_oos_oids	head OOS OID extraction from undo pre-image	vacuum_forward_walk_reclaim	variable (VOT + stub OIDs on REC_HOME/REC_NEWHOME undo)	yes	PRESERVE_PHYSICAL	only REC_HOME/REC_NEWHOME + HAS_OOS; copy to stable buffer before page fix	REC_HOME/REC_NEWHOME + heap_recdes_contains_oos guard; stable_copy before lookup	CORRECT	src/query/vacuum_oos.cpp:222-319; guard @245; stable_copy memcpy @269; src/query/vacuum.c:3576-3578 (RVHF_UPDATE_NOTIFY_VACUUM) & :3711-3717 (RVHF_DELETE_NEWHOME_NOTIFY_VACUUM)	5.5/6.1	-	undo_data sourced from log via vacuum_process_log_record @vacuum.c:3515; stored form
R-018	reverse	vacuum	current heap record on page (helper->record via spage_get_record)	-	n/a	vacuum_heap_record->vacuum_heap_oos_delete_within_sysop->oos_delete	oos_delete within caller sysop	vacuum_current_record	variable (head OOS OIDs from stored record)	yes	PRESERVE_PHYSICAL	interpret stubs AS stubs on stored on-page record; caller's sysop	reads helper->record stubs; deletes in caller sysop	CORRECT	src/query/vacuum_oos.cpp:399-426 vacuum_heap_oos_delete_within_sysop; heap_recdes_get_oos_oids @404; callers src/query/vacuum.c:2522 (REC_RELOCATION) & :2597 (REC_HOME) inside sysop	3.1	-	helper->record read from heap/forward page; stored form
R-019	reverse	vacuum	current heap record on page (helper->record)	-	n/a	vacuum_heap_record->vacuum_oos_find_vfid_for_heap_record->heap_recdes_contains_oos	OOS-flag probe on stored record	vacuum_vfid_lookup	header/CHN (MVCC flag read only)	yes	PRESERVE_PHYSICAL	read HAS_OOS flag from stored record; no expand	reads MVCC flag via heap_recdes_contains_oos on stored record	CORRECT	src/query/vacuum_oos.cpp:338-380 vacuum_oos_find_vfid_for_heap_record; heap_recdes_contains_oos @342; callers vacuum.c:2088,2204	-	-	abort() instrumentation for flag-set-but-no-OOS-file (REVERT BEFORE MERGE)
R-020	reverse	vacuum	stored heap/undo record (RECDES)	-	n/a	heap_recdes_get_oos_oids (VOT walk + OR_IS_OOS)	head OOS OID vector	stub_oid_extraction	variable (VOT entries + 8B head OOS OID per OOS stub)	yes	PRESERVE_PHYSICAL	requires stored form (stubs present); reads OR_VAR_BIT_OOS + stub OID	physical VOT walk; empty result if no HAS_OOS flag	CORRECT	src/storage/heap_file.c:27747-27810 heap_recdes_get_oos_oids; heap_recdes_contains_oos guard @27754; OR_IS_OOS @27790; or_get_oid @27801	-	-	terminal stored-form consumer for R-016/R-017/R-018/R-021..024; safe no-op on expanded image (no HAS_OOS flag)
R-021	reverse	vacuum	home page (context->home_recdes) + new record (context->recdes_p)	-	n/a	heap_update_home(!is_mvcc)->heap_oos_delete_unreferenced->oos_delete	eager oos_delete of unreferenced old chains	sa_eager_update_home	variable (old vs new head OOS OIDs)	yes	PRESERVE_PHYSICAL	stored form both images; delete old\new set	stored form; old=home_recdes(page), new=recdes_p(built)	CORRECT	src/storage/heap_file.c:23944-23947 (!is_mvcc && REC_HOME && contains_oos); heap_oos.cpp:702-761 heap_oos_delete_unreferenced keeps old INTERSECT new	2.1	-	SA_MODE / MVCC-disabled catalog class; no vacuum so eager delete at update
R-022	reverse	vacuum	forward page (forward_recdes) + new record (context->recdes_p)	-	n/a	heap_update_relocation(!is_mvcc)->heap_oos_delete_unreferenced->oos_delete	eager oos_delete	sa_eager_update_relocation	variable (old vs new head OOS OIDs)	yes	PRESERVE_PHYSICAL	stored form forward pre-image	stored form; forward_recdes from page	CORRECT	"src/storage/heap_file.c:23461 heap_oos_delete_unreferenced(...,&forward_recdes,context->recdes_p,""update relocation"")"	2.1	-	forward REC_NEWHOME carries the OOS attributes
R-023	reverse	vacuum	home page (context->home_recdes)	-	n/a	heap_delete_home(!is_mvcc)->heap_oos_delete_unreferenced(new=NULL)->oos_delete	eager oos_delete of all old chains	sa_eager_delete_home	variable (all head OOS OIDs)	yes	PRESERVE_PHYSICAL	stored form; new=NULL deletes all	stored form; old=home_recdes(page)	CORRECT	"src/storage/heap_file.c:23022-23024 heap_oos_delete_unreferenced(...,&context->home_recdes,NULL,""delete home"")"	3.1	-	new_recdes==NULL => delete every old OOS OID unconditionally
R-024	reverse	vacuum	forward page (forward_recdes)	-	n/a	heap_delete_relocation(!is_mvcc)->heap_oos_delete_unreferenced(new=NULL)->oos_delete	eager oos_delete	sa_eager_delete_relocation	variable (all head OOS OIDs)	yes	PRESERVE_PHYSICAL	stored form forward pre-image	stored form; forward_recdes from page	CORRECT	"src/storage/heap_file.c:22678 heap_oos_delete_unreferenced(...,&forward_recdes,NULL,""delete relocation"")"	3.1	-	-
R-025	reverse	rollback	undo log records (applied via recovery RV funcs)	-	n/a	log_rollback->log_rv_undo_record->heap_rv_undo_update/heap_rv_undo_delete (heap_update_physical/spage)	physical restore of previous record	transaction_rollback	full (physical undo image)	yes	PRESERVE_PHYSICAL	physical restore only; stubs point to live chains	physical (shares R-008/R-009 RV funcs)	CORRECT	src/transaction/log_manager.c log_rollback drives log_rv_undo_record -> heap_rv_undo_* (heap_file.c:17553/17518); no OOS interpretation; OOS chunks restored via oos_rv_*	4.1/4.2	-	rollback restores previous record whose head OOS OIDs still reference live value chains (invariant 2)
X-001	reverse	recovery_redo	btree undo key buffers (RVBT_*)	-	n/a	vacuum_process_log_block btree branch->btree_rv_read_keybuf_*	btree_vacuum_object/insert_mvccid	btree_vacuum	n/a (btree key, not heap recdes)	no	EXCLUDED	n/a	n/a	EXCLUDED	src/query/vacuum.c:3581-3695 LOG_IS_MVCC_BTREE_OPERATION; btree_rv_read_keybuf_nocopy/two_objects; not a heap record image	-	-	non-heap: btree key buffers carry OIDs not OOS stubs
X-002	reverse	recovery_redo	lob es_uri string (or_unpack_string)	-	n/a	vacuum.c RVES_NOTIFY_VACUUM->es_delete_file	es_delete_file	lob_vacuum	n/a (URI string)	no	EXCLUDED	n/a	n/a	EXCLUDED	src/query/vacuum.c:3696-3709; external LOB storage URI, unrelated to OOS inline stubs	-	-	external LOB (es.c), distinct subsystem
X-003	reverse	recovery_redo	heap header/chain/stats structs	-	n/a	log_append_redo_data RVHF_STATS/RVHF_CHAIN/RVHF_CREATE_HEADER/RVHF_REUSE_PAGE	header/chain redo	heap_meta_recovery	header struct (not record body)	no	EXCLUDED	n/a	n/a	EXCLUDED	src/storage/heap_file.c:4073,4307,4897,5165,5277,6100,12246; heap metadata, no variable area / OOS stubs	-	-	metadata pages, no VOT
X-004	reverse	wal_undo_image	overflow record (ovf_recdes)	-	n/a	heap_update_bigone->log_append_undo_recdes2 RVHF_MVCC_UPDATE_OVERFLOW	overflow slot undo	mvcc_overflow_update	full (overflow record body)	no	EXCLUDED	n/a	n/a	EXCLUDED	src/storage/heap_file.c:23227 log_append_undo_recdes2(RVHF_MVCC_UPDATE_OVERFLOW,...,&ovf_recdes); OOS+REC_BIGONE rejected at write (CBRD-26937)	9.6	-	OOS cannot coexist with REC_BIGONE; overflow body is non-OOS
X-005	reverse	vacuum	overflow pages (helper->forward_recdes forwarding)	-	n/a	vacuum_heap_record REC_BIGONE branch->heap_ovf_delete	overflow page dealloc	vacuum_bigone	header/OID (forwarding) + overflow body	no	EXCLUDED	n/a	n/a	EXCLUDED	src/query/vacuum.c:2537-2584; helper->record NOT populated for REC_BIGONE; OOS+BIGONE invariant guard abort() @2547-2557	9.6	-	excluded by OOS+bigone invariant; abort() is REVERT-BEFORE-MERGE instrumentation
X-006	reverse	wal_redo_image	REC_NEWHOME forwarding insert (temp_recdes)	-	n/a	heap_insert_newhome->log_append_undoredo_recdes RVHF_INSERT (forwarding)	forwarding slot redo	insert_forwarding	header/OID (REC_RELOCATION forwarding recdes)	no	EXCLUDED	n/a	n/a	EXCLUDED	src/storage/heap_file.c:21905 log_append_undoredo_recdes(RVHF_INSERT,NULL,&temp_recdes) forwarding; :21102 heap_build_forwarding_recdes; 8B OID only	-	-	forwarding pointer, not an OOS-bearing body (covered as producer in R-007)
R-101	reverse	cdc_undo_image	cdc_get_recdes	log_get_undo_record	-	cdc_get_recdes->cdc_get_undo_record->log_get_undo_record	cdc_make_dml_loginfo	reconstruct stored-form undo (old-row) heap image from WAL undo record	full	yes	STORED_SAFE	produce stored-form image with OOS stubs intact (invariant 2); do not expand at reconstruction	stored-form image built as-is; no expand, no raw value parse here	CORRECT	src/transaction/log_manager.c:11286 cdc_get_undo_record; :11305 log_get_undo_record; :11456,11484,11515 dispatch by rcvindex (RVHF_DELETE/UPDATE, RVHF_MVCC_DELETE_MODIFY_HOME/UPDATE_NOTIFY_VACUUM)	-	R2-CDC-STOREDFORM	-
R-102	reverse	cdc_redo_image	cdc_get_recdes	logpb_copy_from_log	-	cdc_get_recdes->(RVHF_MVCC_INSERT/RVHF_UPDATE_NOTIFY_VACUUM/RVHF_UPDATE redo build)	cdc_make_dml_loginfo	reconstruct stored-form redo (new-row) heap image from WAL redo data (unzip + optional log_diff + OR header rebuild)	full	yes	STORED_SAFE	produce stored-form new image with OOS stubs intact; VOT IS_OOS bits copied verbatim in body	body (VOT + variable area incl. OOS stubs) memcpy verbatim; OR header/CHN rebuilt; no value expand	CORRECT	src/transaction/log_manager.c:11640-11880 redo build; :11745-11763 OR header rebuild + body memcpy; :11884 LOG_UNDOREDO_DATA	-	R2-CDC-STOREDFORM	-
R-103	reverse	cdc_undo_image	cdc_make_dml_loginfo	heap_attrinfo_read_dbvalues	-	cdc_make_dml_loginfo->heap_attrinfo_read_dbvalues->heap_attrinfo_read_dbvalues_with_oos_prefetch->heap_attrvalue_read->heap_attrvalue_point_variable->heap_attrvalue_read_oos_inline->oos_read	cdc_put_value_to_loginfo (packed DB_VALUE)	read old-row column values (cond/PK columns) from undo_recdes	variable	yes	RESOLVE	attribute-layer OOS Resolve per column via heap_attrvalue_point_variable OR_IS_OOS -> oos_read	heap_attrinfo_read_dbvalues resolves OOS-backed attrs; DB_VALUEs deep-cloned then packed logically	CORRECT	src/transaction/log_manager.c:13006 heap_attrinfo_read_dbvalues(undo); src/storage/heap_file.c:10944,10688-10716,10613,10476-10479,10419 oos_read	-	R2-CDC-RESOLVE-OK	-
R-104	reverse	cdc_redo_image	cdc_make_dml_loginfo	heap_attrinfo_read_dbvalues	-	cdc_make_dml_loginfo->heap_attrinfo_read_dbvalues->...->oos_read	cdc_put_value_to_loginfo (packed DB_VALUE)	read new-row column values (changed columns) from redo_recdes	variable	yes	RESOLVE	attribute-layer OOS Resolve per column	heap_attrinfo_read_dbvalues resolves OOS-backed attrs; values packed logically via cdc_put_value_to_loginfo	CORRECT	src/transaction/log_manager.c:13067 heap_attrinfo_read_dbvalues(redo); :13170,13213,13231 cdc_put_value_to_loginfo	-	R2-CDC-RESOLVE-OK	-
R-105	reverse	flashback	flashback_make_loginfo	cdc_get_recdes	-	flashback_make_loginfo->cdc_get_recdes(redo,is_flashback=true)->...; ->cdc_make_dml_loginfo(is_flashback=true)->heap_attrinfo_read_dbvalues->oos_read	flashback_pack_loginfo -> client (util_cs flashback)	INSERT: materialize new-row values for flashback loginfo	variable	yes	RESOLVE	same attribute-layer Resolve as CDC; ship packed DB_VALUE loginfo, never raw recdes	identical path to CDC via is_flashback flag; resolves OOS	FOLLOWUP	src/transaction/flashback.c:947 cdc_get_recdes; :961 cdc_make_dml_loginfo; :685 flashback_pack_loginfo memcpy(entry->log_info)	-	R2-FLASHBACK-LIFETIME	R-110
R-106	reverse	flashback	flashback_make_loginfo	cdc_get_recdes	-	flashback_make_loginfo->cdc_get_recdes(undo+redo,is_flashback=true)->cdc_make_dml_loginfo(is_flashback=true)->heap_attrinfo_read_dbvalues->oos_read	flashback_pack_loginfo -> client	UPDATE: materialize old (cond) + new (changed) values	variable	yes	RESOLVE	attribute-layer Resolve for both undo and redo images	resolves OOS both sides; REC_ASSIGN_ADDRESS undo treated as INSERT (redo only)	FOLLOWUP	src/transaction/flashback.c:990 cdc_get_recdes; :1004 REC_ASSIGN_ADDRESS branch; :1021 cdc_make_dml_loginfo	-	R2-FLASHBACK-LIFETIME	R-110
R-107	reverse	flashback	flashback_make_loginfo	cdc_get_recdes	-	flashback_make_loginfo->cdc_get_recdes(undo,is_flashback=true)->cdc_make_dml_loginfo(is_flashback=true)->heap_attrinfo_read_dbvalues->oos_read	flashback_pack_loginfo -> client	DELETE: materialize old-row (cond/PK) values	variable	yes	RESOLVE	attribute-layer Resolve of undo image	resolves OOS; packed logically	FOLLOWUP	src/transaction/flashback.c:1050 cdc_get_recdes(undo)	-	R2-FLASHBACK-LIFETIME	R-110
R-108	reverse	supplemental_log	log_append_supplemental_undo_record	-	-	log_append_supplemental_undo_record->log_append_supplemental_info(LOG_SUPPLEMENT_UNDO_RECORD); consume: cdc_get_undo_record(LOG_SUPPLEMENTAL_INFO)	cdc_make_dml_loginfo (via cdc_get_recdes LOG_SUPPLEMENTAL_INFO branch)	log a stored-form undo recdes image into supplemental log for CDC	full	yes	PRESERVE_PHYSICAL	store recdes bytes verbatim (type + data incl. OOS stubs); resolve only at consumption	image stored as-is (memcpy type+data); later read + resolved via attribute layer	CORRECT	src/transaction/log_manager.c:4968 log_append_supplemental_undo_record; :11454 LOG_SUPPLEMENTAL_INFO->cdc_get_undo_record; src/transaction/flashback.c:424 cdc_get_undo_record	-	R2-SUPPL-PHYS	-
R-109	reverse	cdc_undo_image	cdc_get_overflow_recdes	-	-	cdc_get_recdes->cdc_get_overflow_recdes (RVOVF_CHANGE_LINK/RVOVF_NEWPAGE_LINK/RVOVF_PAGE_UPDATE)	cdc_make_dml_loginfo->heap_attrinfo_read_dbvalues	reconstruct overflow (REC_BIGONE) undo/redo image	full	no	STORED_SAFE	none needed: OOS+bigone is rejected at write (CBRD-26937) so overflow images carry no OOS stubs; if any present, attr layer would still Resolve	overflow path reconstructs bigone image; OOS stubs cannot coexist with REC_BIGONE	CORRECT	src/transaction/log_manager.c:11522,11553 cdc_get_overflow_recdes dispatch; OOS-CONTEXT ER_HEAP_OOS_OVERPASS_MAXOBJ_SIZE rejection	-	R2-OVF-NOOOS	-
R-110	reverse	flashback	oos_read	-	-	flashback/CDC undo-image Resolve -> oos_read follows old-version head OOS OID into OOS value chain	oos_read (OOS file chunk fetch)	resolve OLD-version OOS-backed attribute whose value chain may already be vacuum-reclaimed	variable	yes	RESOLVE	old OOS value chains must survive until the consumer reads them; no retention/pin exists for CDC/flashback	code attempts Resolve unconditionally; no guard that the old value chain still lives (vacuum reclaims on old-version cleanup; slot reuse CBRD-26950)	FOLLOWUP	"src/storage/oos_file.cpp:1684 oos_read; OOS-CONTEXT invariant 2/3 (old chains live until vacuum) + CBRD-26950 slot reuse; missing-feature note ""CDC flashback OOS-stub Resolve"""	-	R2-FLASHBACK-LIFETIME	-
X-101	reverse	supplemental_log	cdc_make_ddl_loginfo	-	-	cdc_make_ddl_loginfo(supplement_data)	CDC DDL loginfo	parse DDL supplemental payload (SQL text + user), no heap instance record	none	no	EXCLUDED	n/a	DDL supplement carries statement text/classoid, not a heap record variable area; no OOS attributes	EXCLUDED	src/transaction/log_manager.c:337 cdc_make_ddl_loginfo	-	-	-
X-102	reverse	cdc_undo_image	cdc_make_dml_loginfo	or_rep_id/or_chn	-	cdc_make_dml_loginfo->or_rep_id(recdes)/or_chn(recdes)	repid/CHN metadata	read representation id + CHN from recdes header for PK lookup and caching	header/CHN	no	EXCLUDED	n/a	header-word reads only; do not touch the variable area / OOS stubs	EXCLUDED	src/transaction/log_manager.c:13100,13104 or_rep_id; :10955 or_chn	-	-	-
X-103	reverse	cdc_undo_image	cdc_check_if_schema_changed	-	-	cdc_make_dml_loginfo->cdc_check_if_schema_changed(recdes,attr_info)	schema-change guard	compare recdes repid against attr_info representation	header/CHN	no	EXCLUDED	n/a	reads repid header only; on mismatch emits logical error loginfo, never ships raw bytes	EXCLUDED	src/transaction/log_manager.c:12996,13057 cdc_check_if_schema_changed; :12970-13001 FLASHBACK_ERROR_HANDLING + cdc_make_error_loginfo	-	-	-
X-104	reverse	flashback	flashback_pack_loginfo	-	-	flashback_pack_loginfo->memcpy(ptr, entry->log_info, entry->length)	client (util_cs flashback)	pack already-built DML loginfo entries for the client	none	no	EXCLUDED	n/a	entry->log_info holds packed DB_VALUEs produced after OOS Resolve; not a recdes, no stubs	EXCLUDED	src/transaction/flashback.c:685 flashback_pack_loginfo memcpy	-	-	-
X-105	reverse	supplemental_log	log_append_supplemental_lsa	-	-	log_append_supplemental_lsa(classoid, undo_lsa, redo_lsa)	supplemental log (INSERT/UPDATE/DELETE)	log OID + undo/redo LSA references for CDC to follow	none	no	EXCLUDED	n/a	logs only classoid + LSAs (24B), no record image bytes; CDC later reconstructs via cdc_get_recdes	EXCLUDED	src/transaction/log_manager.c:4912 log_append_supplemental_lsa	-	-	-
X-106	reverse	cdc_redo_image	cdc_put_value_to_loginfo	-	-	cdc_put_value_to_loginfo(db_value)->db_elo/LOB extraction	packed loginfo	extract/format value (incl. LOB) from a resolved DB_VALUE	none	no	EXCLUDED	n/a	operates on resolved db_value, not recdes; LOB path reads ELO locator already materialized by Resolve	EXCLUDED	src/transaction/log_manager.c:13736 cdc_put_value_to_loginfo; :14100 LOB extract	-	-	-
X-107	reverse	cdc_undo_image	cdc_make_error_loginfo	-	-	cdc_make_dml_loginfo->cdc_make_error_loginfo(trid,user,dml_type,classoid)	CDC error loginfo	emit a logical error entry when class repr unavailable / schema changed	none	no	EXCLUDED	n/a	builds a metadata-only error entry; no record body, no OOS	EXCLUDED	src/transaction/log_manager.c:12972,12984,13000,13061 cdc_make_error_loginfo	-	-	-
R-201	reverse	repl_log_gen	repl_log_insert	-	-	repl_log_insert->or_pack_mem_value(class_name+PK)	LOG_REPL_RECORD.repl_data (WAL replication log)	insert/update/delete	none	no	NO_BODY	NONE: log carries packed PK DB_VALUE + LSA pointer, never a heap RECDES image	LOG_REPLICATION_DATA packs class_name+key DB_VALUE; after-image reached via repl_rec->lsa into WAL	CORRECT	src/transaction/replication.c:293-473 repl_log_insert; LOG_REPLICATION_DATA branch or_pack_string_with_length+or_pack_mem_value(key_dbvalue); rcvindex LSA from repl_insert_lsa/tail_lsa/oos_insert_lsa_queue	8.1-8.4	-	-
R-202	reverse	repl_log_gen	locator_add_or_remove_index_internal	-	-	heap_recdes_contains_oos->loop thread_p->oos_oids->repl_log_insert(RVREPL_OOS_INSERT|RVREPL_DUMMY_OOS_RECORD,key)	WAL repl log; LSA points at master OOS chunk WAL record	insert/delete	none	yes	PROPAGATE	PROPAGATE: replica needs per-chunk WAL LSA to redo its own oos_insert	one OOS repl log emitted per master oos_oid; LSA popped from oos_insert_lsa_queue; NULL OID -> DUMMY marker	FOLLOWUP	src/transaction/locator_sr.c:8150-8168 (inside locator_add_or_remove_index_internal @7869); repl_log_insert RVREPL_OOS_INSERT/RVREPL_DUMMY_OOS_RECORD	8.1	FIND-R3-01	"known refactoring item ""Unnecessary OOS replication log in locator_add_or_remove_index"": OOS repl-log emission lives in PK-index maintenance path, not the natural heap-force path (see Optimization Idea B)"
R-203	reverse	repl_log_gen	locator_update_force	-	-	heap_recdes_contains_oos(new_recdes)->loop thread_p->oos_oids->repl_log_insert(RVREPL_OOS_INSERT|DUMMY,new_key)	WAL repl log; LSA->master OOS chunk WAL record	update	none	yes	PROPAGATE	PROPAGATE: replica redoes its own oos_insert from chunk LSAs	OOS repl logs emitted before RVREPL_DATA_UPDATE repl log using new PK	CORRECT	src/transaction/locator_sr.c:8941-8975 locator_update_force	8.2	-	-
R-210	reverse	ha_apply	la_get_recdes	la_get_log_data (WAL)	-	la_get_log_data->recdes->{data,length} alias WAL redo image	la_repl_add_object->LC_COPYAREA->xlocator_repl_force	insert/update	full	yes	PRESERVE_PHYSICAL	PRESERVE_PHYSICAL: ship master physical after-image incl OOS inline stubs; OIDs repaired on replica	extracts raw master after-image with OOS stubs unchanged (not re-demoted); comment acks OR_MVCC_FLAG_HAS_OOS present	CORRECT	"src/transaction/log_applier.c:5302-5414 la_get_recdes; :5389 comment ""OOS records may already carry OR_MVCC_FLAG_HAS_OOS"""	8.1-8.4	-	-
R-211	reverse	ha_apply	la_apply_insert_log	la_get_recdes	-	la_get_recdes(RVHF_INSERT/RVHF_MVCC_INSERT)->la_repl_add_object(LC_FLUSH_INSERT)	LC_COPYAREA->xlocator_repl_force	insert	full	yes	PRESERVE_PHYSICAL	PRESERVE_PHYSICAL: ship raw after-image with stubs	ships master heap image (stubs intact) into repl copyarea	CORRECT	src/transaction/log_applier.c:6200-6303 la_apply_insert_log	8.1	-	-
R-212	reverse	ha_apply	la_apply_update_log	la_get_recdes	-	la_get_recdes(RVHF_UPDATE/...)->la_repl_add_object(LC_FLUSH_UPDATE)	LC_COPYAREA->xlocator_repl_force	update	full	yes	PRESERVE_PHYSICAL	PRESERVE_PHYSICAL: ship raw after-image with stubs	ships master heap image (stubs intact) into repl copyarea	CORRECT	src/transaction/log_applier.c:5820-5918 la_apply_update_log	8.2	-	-
R-213	reverse	ha_apply	la_apply_delete_log	-	-	la_repl_add_object(class,item,NULL)	LC_COPYAREA(LC_FLUSH_DELETE)->xlocator_repl_force	delete	none	no	NO_BODY	NONE: delete ships PK key only, no record image	recdes=NULL; only packed PK forwarded	CORRECT	src/transaction/log_applier.c:5709-5751 la_apply_delete_log	8.3	-	-
R-214	reverse	ha_apply	la_apply_oos_insert_log	la_get_recdes (WAL)	-	la_get_recdes(RVOOS_INSERT chunk)->la_repl_add_object(LC_FLUSH_INSERT_OOS)	LC_COPYAREA->locator_oos_insert_force	insert(oos-chunk)	full	na	PROPAGATE	PROPAGATE: ship OOS value payload for replica oos_insert	single-chunk: reads chunk record from WAL and ships as LC_FLUSH_INSERT_OOS before heap row	CORRECT	src/transaction/log_applier.c:6044-6184 la_apply_oos_insert_log	8.1-8.4	-	-
R-215	reverse	ha_apply	la_rebuild_oos_recdes	la_get_log_data (WAL walk)	-	WAL forward-walk RVOOS_INSERT chunks->concat payloads->recdes	la_apply_oos_insert_log->LC_FLUSH_INSERT_OOS->locator_oos_insert_force	insert(oos-multichunk)	full	na	PROPAGATE	PROPAGATE: reassemble full OOS value across chunks, ship for replica oos_insert	walks WAL by trid, validates total_data_length, concatenates chunk bodies (headers stripped), captures master head OID for sql.log cache	CORRECT	src/transaction/log_applier.c:4872-5010 la_rebuild_oos_recdes	5.5/8.4	-	-
R-216	reverse	ha_apply	la_get_current	-	-	la_disk_to_obj->la_get_current->OR_IS_OOS->la_resolve_oos_value_for_sql_log(OOS cache)	sql.log (sl_write_insert/update_sql) audit artifact	insert/update	variable	yes	RESOLVE	RESOLVE: OOS-flagged columns must be resolved to values, never emit stub bytes	per var attr checks OR_IS_OOS(raw_offset); reads head OID+full length from stub then resolves value via OOS cache keyed by master head OID; miss=ER_FAILED	CORRECT	src/transaction/log_applier.c:3868-4035 la_get_current (:3974 vars_oos branch); :3836-3858 la_resolve_oos_value_for_sql_log	-	-	sql.log is HA audit artifact, not the replicated data path; correctly OOS-aware
R-217	reverse	ha_apply	la_apply_dummy_oos_log	-	-	sets apply->need_oos_rebuild=true	next la_apply_oos_insert_log (multi-chunk rebuild trigger)	insert(oos-marker)	none	no	NO_BODY	NONE: control marker only	no record consumed; arms multi-chunk rebuild for following OOS insert	CORRECT	src/transaction/log_applier.c:6019-6029 la_apply_dummy_oos_log	8.4	-	-
R-220	reverse	repl_force	xlocator_repl_force	LC_REPL_RECDES_FOR_ONEOBJ (network copyarea)	-	copyarea->locator_repl_prepare_force->[locator_fixup_oos_oids_in_recdes]->locator_insert_force/locator_update_force	heap spage_insert (replica heap)	insert/update	full	yes	PRESERVE_PHYSICAL	PRESERVE_PHYSICAL + OID fixup: client image carries master stubs; repair head OIDs to replica chains before heap insert	for INSERT/UPDATE (not LC_FLUSH_INSERT_OOS) when heap_recdes_contains_oos, runs fixup then reinserts raw image via locator_insert/update_force	CORRECT	src/transaction/locator_sr.c:7043-7159 xlocator_repl_force; fixup gate :7089-7098	8.1-8.4	-	-
R-221	reverse	repl_force	locator_fixup_oos_oids_in_recdes	-	-	walk VOT->OR_IS_OOS(offset)->or_put_oid(thread_p->oos_oids[k]) into stub head-OID slot	in-place recdes patch (8B head OID/stub; 8B full length preserved)	insert/update	variable	yes	PRESERVE_PHYSICAL	SAFETY: overwrite each master head OID with replica-local head OID; prevents source OOS OID being read as value or dangling on replica	rewrites head OID from replica oos_oids in stub order; empty/short/count-mismatch -> ER_HA_GENERIC_ERROR	CORRECT	src/transaction/locator_sr.c:14166-14263 locator_fixup_oos_oids_in_recdes	8.1-8.4	-	-
R-222	reverse	repl_force	locator_oos_insert_force	-	-	strip OOS_RECORD_HEADER->oos_insert(replica vfid)->thread_p->oos_oids.push_back(replica oid)	oos_insert -> replica OOS value chain	insert(oos-chunk)	full	na	PROPAGATE	PROPAGATE: replica performs own oos_insert (invariant: slave OIDs may differ from master)	strips on-log OOS header, rejects underflow, inserts payload, appends replica head OID to thread_p->oos_oids	CORRECT	src/transaction/locator_sr.c:5287-5339 locator_oos_insert_force; src/storage/oos_file.cpp:1130 push_back	8.1-8.4	-	-
R-223	reverse	repl_force	locator_repl_prepare_force	heap_get_visible_version	HEAP_RECDES_CONSUME_RAW_BYTES	heap_get_visible_version(PEEK,CONSUME_RAW_BYTES)->old_recdes	none (old_recdes not forwarded; locator_update_force gets NULL oldrecdes)	update	full	yes	EXPAND	DONT_CONSUME sufficient: old_recdes content is not consumed as raw bytes after prepare returns	fetches OLD replica record with CONSUME_RAW_BYTES (Expand); result unused (only existence/CHN needed)	OVER_EXPAND	src/transaction/locator_sr.c:6939-6960 locator_repl_prepare_force; old_recdes refs only :7009,:7084	8.2	FIND-R3-02	cross-ref forward audit (fwd-locator) explicit-policy inventory; candidate downgrade to HEAP_RECDES_DONT_CONSUME_RAW_BYTES after confirming old_recdes truly unused
X-201	reverse	repl_log_gen	repl_log_insert_statement	-	-	repl_log_insert_statement->pack REPL_INFO_SBR (stmt_txt,user,...)	WAL repl log (LOG_REPLICATION_STATEMENT/SCHEMA)	statement/schema	none	no	EXCLUDED	-	packs statement text + schema info, no heap RECDES image	EXCLUDED	src/transaction/replication.c:524-616 repl_log_insert_statement	-	-	statement-based repl, no record image; not a raw-recdes consumer
X-202	reverse	repl_log_gen	repl_data_*_log_dump	-	-	fprintf of packed key/value for debug	debug FILE stream	-	none	no	EXCLUDED	-	debug dump of already-packed repl payload; not a consumption path	EXCLUDED	src/transaction/replication.c:68-160 repl_data_insert/udpate/delete/schema_log_dump	-	-	debug-only dump helpers, no heap image consumption
X-203	reverse	ha_apply	la_get_overflow_recdes / la_get_relocation_recdes	la_get_log_data	-	sub-helpers of la_get_recdes for REC_BIGONE/REC_RELOCATION reassembly	(folded into R-210 recdes)	insert/update	full	yes	EXCLUDED	-	duplicate: internal helpers of la_get_recdes already accounted in R-210	EXCLUDED	src/transaction/log_applier.c la_get_recdes:5333-5363 calls	-	-	duplicate of R-210 (raw WAL image assembly); same PRESERVE_PHYSICAL classification
X-204	reverse	ha_apply	load_server_loader.cpp heap_recdes_contains_oos	-	-	loaddb bulk-load HA guard	loaddb server loader	insert(bulk)	full	yes	EXCLUDED	-	out of scope: loaddb bulk path, not HA replication apply	EXCLUDED	src/loaddb/load_server_loader.cpp heap_recdes_contains_oos guard	-	-	cross-ref fwd-heap / fwd-misc (loaddb bulk insert), not the replication/HA record path
R-301	reverse	copyarea_ship	locator_lock_and_return_object	locator_get_object policy=HEAP_RECDES_CONSUME_RAW_BYTES	CONSUME	locator_lock_and_return_object -> locator_get_object -> locator_lock_and_get_object_internal -> heap_get_visible_version_internal -> heap_record_replace_oos_oids; pack via locator_return_object_assign	client workspace (tf_disk_to_mem) via LC_COPYAREA	pack single instance record into LC_COPYAREA_ONEOBJ shipped to CS client	full	yes	EXPAND	EXPAND	EXPAND	CORRECT	src/transaction/locator_sr.c:2340 locator_lock_and_return_object (CONSUME at :2341, explicit OOS comment :2336-2339); pack locator_return_object_assign:2211 obj->length=recdes.length; callers xlocator_fetch:2525, xlocator_fetch_lockset:3160/3254, xlocator_fetch_lockhint_classes:11649	dynamic: fetch OOS-backed instance via csql/API, small copyarea -> S_DOESNT_FIT retry, value+length match	-	-
R-302	reverse	copyarea_ship	xlocator_fetch_all	heap_next policy=HEAP_RECDES_CONSUME_RAW_BYTES	CONSUME	xlocator_fetch_all -> heap_next(...CONSUME...) -> heap_record_replace_oos_oids; pack loop :2915-2931	unloaddb (unload_printer -> desc_disk_to_obj, OOS-blind) and any LC_FETCH_ALL client via LC_COPYAREA	pack instance batch into LC_COPYAREA shipped to client	full	yes	EXPAND	EXPAND	EXPAND	CORRECT	src/transaction/locator_sr.c:2912-2913 xlocator_fetch_all heap_next CONSUME; obj->length=recdes.length:2920; consumer src/executables/unload_object.c:1538 locator_fetch_all -> :1387 desc_disk_to_obj; src/loaddb/load_object.c:915 desc_disk_to_obj OOS-blind	dynamic: unloaddb a class with OOS-backed VARCHAR, verify dumped values not stub bytes	-	CBRD-26948
R-303	reverse	copyarea_ship	xlocator_lock_and_fetch_all	heap_get_visible_version + heap_next policy=HEAP_RECDES_CONSUME_RAW_BYTES	CONSUME	xlocator_lock_and_fetch_all -> (lock path) heap_next DONT_CONSUME for OID then heap_get_visible_version CONSUME; (no-lock path) heap_next CONSUME -> heap_record_replace_oos_oids; pack :2174-2190	CS client via LC_COPYAREA	pack locked instance batch into LC_COPYAREA shipped to client	full	yes	EXPAND	EXPAND	EXPAND	CORRECT	src/transaction/locator_sr.c:12150-12151 heap_get_visible_version CONSUME (shipped record), :12166-12167 heap_next CONSUME (no-lock path); :12125-12126 heap_next DONT_CONSUME is OID/lock only, re-fetched at 12150; obj->length=recdes.length:12179	dynamic: locked scan fetch of OOS-backed rows, value match after grow-retry	-	-
R-304	reverse	copyarea_ship	locator_return_object_assign	locator_get_object (CHN-uptodate branch, no fetch)	CONSUME(no-op)	locator_return_object_assign S_SUCCESS_CHN_UPTODATE -> obj->length=-chn, offset=-1, LC_FETCH_VERIFY_CHN	CS client (CHN verification, no record body)	signal client that cached CHN is current; no record bytes shipped	header/CHN	yes	STORED_SAFE	STORED_SAFE	STORED_SAFE	CORRECT	src/transaction/locator_sr.c:2229-2257 S_SUCCESS_CHN_UPTODATE branch ships no body	-	-	-
R-305	reverse	client_parse	server copyarea (R-301/302/303)	-	-	css opaque byte transport -> LC_RECDES_TO_GET_ONEOBJ -> tf_disk_to_mem	tf_disk_to_mem (client, OOS-blind)	client parses shipped instance record bytes into memory object	full	yes	EXPAND	EXPAND(server-side)	EXPAND(server-side)	CORRECT	src/transaction/locator_cl.c:3435,3453 tf_disk_to_mem; :3737 LC_RECDES_TO_GET_ONEOBJ; OOS-blind by design, safety = server always expands (R-301/302/303 satisfied)	-	-	-
R-306	reverse	client_parse	xlocator_fetch_all (R-302)	-	-	locator_fetch_all -> LC_COPYAREA -> unload_printer -> LC_RECDES_TO_GET_ONEOBJ -> desc_disk_to_obj	desc_disk_to_obj (unloaddb/loaddb, OOS-blind)	unloaddb dumps each fetched instance record	full	yes	EXPAND	EXPAND(server-side)	EXPAND(server-side)	CORRECT	src/executables/unload_object.c:1385-1387 unload_printer; src/loaddb/load_object.c:906-915 desc_disk_to_obj is_unloaddb, no OOS handling; depends on R-302 expanding	dynamic: unloaddb+loaddb round-trip of multi-chunk OOS VARCHAR/VARBIT	-	CBRD-26948
R-307	reverse	heap_reinsert	redistribute_partition_data	heap_get_visible_version policy=HEAP_RECDES_CONSUME_RAW_BYTES	CONSUME	redistribute_partition_data -> heap_get_visible_version CONSUME (expanded, stub-free) -> locator_insert_force(raw recdes) -> heap_create_insert_context -> heap_insert_logical	partition heap file (new instance record)	move instance from source heap to partition heap during redistribute	full	yes	EXPAND	EXPAND	EXPAND	CORRECT	src/transaction/locator_sr.c:13064-13066 heap_get_visible_version CONSUME; :13077-13080 locator_insert_force(&recdes); locator_insert_force:5060 recdes->type=REC_HOME, :5063 heap_create_insert_context, :5079 heap_insert_logical (raw, no attrinfo transform); expand clears HAS_OOS src/storage/heap_oos.cpp:282 and rewrites VOT stub-free :293	dynamic: redistribute partitioned table with OOS-backed rows, verify values and no stub bytes on target	F26847-R4-02	CBRD-26847-followup-no-redemote
R-308	reverse	heap_reinsert	locator_force replication apply (RBR)	client copyarea recdes WITH OOS stubs (physical repl image)	PRESERVE	locator_force -> locator_repl_prepare_force -> heap_recdes_contains_oos(recdes) -> locator_fixup_oos_oids_in_recdes (remap stub OIDs to fresh server OOS OIDs) -> locator_insert_force(raw recdes WITH stubs)	heap file (new instance record, physical OOS stubs preserved)	replica applies replicated heap record retaining OOS stubs	full+stubs	yes	PRESERVE_PHYSICAL	PRESERVE_PHYSICAL	PRESERVE_PHYSICAL	CORRECT	src/transaction/locator_sr.c:7089-7098 heap_recdes_contains_oos+locator_fixup_oos_oids_in_recdes; :7105-7112 locator_insert_force with stub recdes; fixup src/transaction/locator_sr.c:14166-14263 remaps thread_p->oos_oids into VOT via or_put_oid	dynamic: HA/RBR replicate INSERT of OOS-backed row, verify replica value + fresh server-side OOS OIDs	-	rev-repl
R-309	reverse	heap_reinsert	locator_force LC_FLUSH_INSERT_OOS	replication OOS chunk copyarea (OOS_RECDES, not heap instance)	PRESERVE	locator_force LC_FLUSH_INSERT_OOS -> locator_oos_insert_force -> oos_insert; produced server OOS OIDs collected in thread_p->oos_oids for R-308 fixup	OOS file chunk records	replica inserts replicated OOS value chunks before heap record	full	n/a	PRESERVE_PHYSICAL	PRESERVE_PHYSICAL	PRESERVE_PHYSICAL	CORRECT	src/transaction/locator_sr.c:7102-7103 locator_oos_insert_force; :5287 locator_oos_insert_force; OOS chunk not a heap instance recdes but part of stub-carrying reinsert machinery	-	-	rev-repl
R-310	reverse	heap_reinsert	client DML insert (locator_attribute_info_force)	heap_attrinfo_transform_to_disk (write-time demotion)	PRESERVE	locator_attribute_info_force -> locator_allocate_copy_area_by_attr_info -> heap_attrinfo_transform_to_disk[_except_lob] (demotes largest-first) -> build_record WITH stubs -> locator_insert_force(raw)	heap file (new instance record)	normal client INSERT builds demoted record then stores it	full+stubs	yes	PRESERVE_PHYSICAL	PRESERVE_PHYSICAL	PRESERVE_PHYSICAL	CORRECT	src/transaction/locator_sr.c:7495/7499 heap_attrinfo_transform_to_disk[_except_lob] in locator_allocate_copy_area_by_attr_info; demotion heap_attrinfo_determine_disk_layout src/storage/heap_file.c:12095; provenance (a) self-demotes	-	-	fwd-locator
R-311	reverse	heap_reinsert	loaddb server loader	heap_attrinfo_transform_to_disk_except_lob (write-time demotion)	PRESERVE	load_server_loader -> heap_attrinfo_transform_to_disk_except_lob (demotes) -> new_recdes WITH stubs -> locator_insert_force	heap file (new instance record)	server-side loaddb inserts loaded rows	full+stubs	yes	PRESERVE_PHYSICAL	PRESERVE_PHYSICAL	PRESERVE_PHYSICAL	CORRECT	src/loaddb/load_server_loader.cpp:706 heap_attrinfo_transform_to_disk_except_lob, :782 locator_insert_force; provenance (a) self-demotes	dynamic: loaddb rows exceeding OOS target, verify OOS demotion on load	-	fwd-misc
R-312	reverse	heap_reinsert	catcls_update_instance/catcls_delete_instance/catcls_update_class_stats	heap_get_visible_version policy=HEAP_RECDES_CONSUME_RAW_BYTES	CONSUME	catcls_* -> heap_get_visible_version CONSUME (expanded, stub-free) -> modify OR_VALUE -> heap_update_logical(raw recdes)	catalog heap file (updated catalog instance)	catalog maintenance updates _db_* instance records	full	yes	EXPAND	EXPAND	EXPAND	CORRECT	src/storage/catalog_class.c:4014 catcls_delete_instance CONSUME, :4180 catcls_update_instance CONSUME, :4504 catcls_update_class_stats CONSUME; heap_update_logical:3959/4289/4546 raw (no attrinfo demote); census-listed genuine Expand	dynamic: alter a class whose catalog instance is OOS-backed, verify catalog value integrity	F26847-R4-02	fwd-locator/catalog; CBRD-26847-followup-no-redemote
R-313	reverse	heap_reinsert	compactdb disk_update_instance	desc_obj_to_disk (logical DESC_OBJ -> disk record)	PRESERVE	compactdb -> desc_obj_to_disk(obj) -> Diskrec -> heap_create_update_context -> heap_update_logical(raw); index via heap_get_last_version DONT_CONSUME + locator_update_index (attribute resolve)	heap file (rewritten instance record)	compactdb rewrites instance to fix dangling OID references	full	yes	PRESERVE_PHYSICAL	PRESERVE_PHYSICAL	PRESERVE_PHYSICAL	CORRECT	src/executables/compactdb.c:665 desc_obj_to_disk, :703-705 heap_update_logical (raw, no demote); update_indexes:782-786 heap_get_last_version DONT_CONSUME + :796 locator_update_index; DESC_OBJ is logical so no stubs	dynamic: compactdb on table with OOS-backed rows, verify values preserved	F26847-R4-02	fwd-misc; CBRD-26847-followup-no-redemote
R-314	reverse	network	locator_repl_prepare_force	heap_get_visible_version policy=HEAP_RECDES_CONSUME_RAW_BYTES	CONSUME	locator_repl_prepare_force -> heap_get_visible_version CONSUME (PEEK) old_recdes -> only or_chn(old_recdes) read	or_chn (header/CHN only)	replica reads old record CHN to bump new record CHN	header/CHN	yes	STORED_SAFE	STORED_SAFE	EXPAND	OVER_EXPAND	src/transaction/locator_sr.c:6943-6945 heap_get_visible_version CONSUME PEEK; :6960 old_chn=or_chn(old_recdes) reads only header; full expand wasted (should be DONT_CONSUME)	static: confirm old_recdes consumed only by or_chn; dynamic: repl UPDATE of OOS-backed row still correct with DONT_CONSUME	F26847-R4-01	CBRD-26847-fix-repl-prepare-overexpand
X-301	reverse	network	network_interface_sr copyarea transport	-	-	xlocator_* -> LC_COPYAREA packed as opaque bytes over css; no record-body interpretation in transport	css/net byte stream	transport already-packed copyarea to client	none	n/a	EXCLUDED	EXCLUDED	EXCLUDED	EXCLUDED	transport ships LC_COPYAREA blob; record expansion decided upstream at pack sites R-301/302/303; no OR_BUF/stub parsing in transport layer	-	-	-
X-302	reverse	heap_reinsert	sp_get_code_attr	heap_get_visible_version policy=HEAP_RECDES_CONSUME_RAW_BYTES	CONSUME	sp_get_code_attr -> heap_get_visible_version CONSUME PEEK -> heap_attrinfo_read_dbvalues (attribute layer)	heap_attrinfo_read_dbvalues (attribute resolve)	read one attr of _db_stored_procedure_code instance	full	yes	RESOLVE	RESOLVE	EXPAND	EXCLUDED	src/sp/sp_code.cpp:90-91 CONSUME then :103(rel) heap_attrinfo_read_dbvalues; not copyarea/network/reinsert; observed OVER_EXPAND (should DONT_CONSUME), defer to forward agent	-	F26847-R4-03	fwd-misc
X-303	reverse	copyarea_ship	locator_all_reference_lockset	heap_get_visible_version policy=HEAP_RECDES_CONSUME_RAW_BYTES	CONSUME	locator_all_reference_lockset -> heap_get_visible_version CONSUME PEEK -> object reference walk	reference gathering (not client ship, not reinsert)	find direct references of object	full	yes	RESOLVE	RESOLVE	EXPAND	EXCLUDED	src/transaction/locator_sr.c:3497-3500 CONSUME PEEK peek_recdes; server-internal reference walk, outside copyarea/network/reinsert scope	-	-	fwd-locator
X-304	reverse	heap_reinsert	locator_delete_lob_force	heap_get_visible_version policy=HEAP_RECDES_CONSUME_RAW_BYTES	CONSUME	locator_delete_lob_force -> heap_get_visible_version CONSUME -> heap_attrinfo_delete_lob (attribute layer)	heap_attrinfo_delete_lob (attribute resolve)	delete LOB files referenced by an instance	full	yes	RESOLVE	RESOLVE	EXPAND	EXCLUDED	src/transaction/locator_sr.c:6580-6581 CONSUME then :6588 heap_attrinfo_delete_lob; attribute-layer consumer, not copyarea/reinsert	-	-	fwd-locator
X-305	reverse	copyarea_ship	locator_mvcc_reeval_scan_filters	heap_get_visible_version policy=HEAP_RECDES_CONSUME_RAW_BYTES	CONSUME	locator_mvcc_reeval_scan_filters -> heap_get_visible_version CONSUME PEEK -> heap_attrinfo_read_dbvalues	heap_attrinfo_read_dbvalues (attribute resolve)	MVCC condition reevaluation reads attrs	full	yes	RESOLVE	RESOLVE	EXPAND	EXCLUDED	src/transaction/locator_sr.c:13830-13831 CONSUME then :13847 heap_attrinfo_read_dbvalues; attribute-layer consumer	-	-	fwd-query
X-306	reverse	heap_reinsert	compactdb process_value	heap_get_visible_version recdes=NULL	CONSUME(no-op)	compactdb process_value -> heap_get_visible_version(recdes=NULL) existence check only	none (recdes NULL)	verify referenced OID still exists	none	yes	STORED_SAFE	STORED_SAFE	STORED_SAFE	EXCLUDED	src/executables/compactdb.c:564-566 heap_get_visible_version with NULL recdes; CONSUME is a no-op (no body); existence check only	-	-	-
X-307	reverse	heap_reinsert	locator_update_force old-record fetch	heap_get_visible_version / locator_lock_and_get_object_with_evaluation	CONSUME/DONT_CONSUME	locator_update_force fetches oldrecdes for index maintenance/undo; NEW recdes comes from client (R-310) via attrinfo transform	index maintenance + undo image (attribute layer / physical)	update old-version handling	full	yes	RESOLVE	RESOLVE	MIXED	EXCLUDED	src/transaction/locator_sr.c:5798-5799 CONSUME (no-lock path), :5941-5942 CONSUME (has_index path), :5790-5793 DONT_CONSUME (locking path); oldrecdes consumed via attribute layer / undo; overlaps fwd-locator update audit	-	-	fwd-locator
X-308	reverse	copyarea_ship	xlocator_check_fk_validity	heap_next policy=HEAP_RECDES_DONT_CONSUME_RAW_BYTES	DONT_CONSUME	xlocator_check_fk_validity -> heap_next DONT_CONSUME -> heap_attrinfo_generate_key (attribute resolve)	heap_attrinfo_generate_key (attribute resolve)	FK validity scan builds keys	full	yes	RESOLVE	RESOLVE	RESOLVE	EXCLUDED	src/transaction/locator_sr.c:11969 heap_next DONT_CONSUME (NOT xlocator_fetch_all as task premise stated); correct attribute-layer resolve	-	-	-
X-309	reverse	client_parse	locator_cl.c mflush client->server pack	-	-	locator_cl.c mflush packs client workspace dirty objects into force LC_COPYAREA (logical images built client-side); repl-physical case handled server-side R-308	server locator_force	client flushes its objects to server	full	no	EXCLUDED	EXCLUDED	EXCLUDED	EXCLUDED	src/transaction/locator_cl.c mflush copy_area pack; client produces logical images (no OOS stubs) except replicated physical images consumed by R-308	-	-	-
X-310	reverse	network	method/SP call arguments and results	-	-	method/SP exchange DB_VALUEs, not raw heap instance recdes	DB_VALUE marshaling	invoke method/SP	none	n/a	EXCLUDED	EXCLUDED	EXCLUDED	EXCLUDED	src/method, src/sp exchange DB_VALUEs (already resolved via attribute layer); no raw heap instance record body shipped	-	-	-
X-311	reverse	network	query result shipping (QFILE)	-	-	scan_manager heap scans read via attribute layer (DONT_CONSUME), values materialized as DB_VALUE into QFILE tuples shipped to client	QFILE tuple / DB_VALUE	ship query results to client	none	n/a	EXCLUDED	EXCLUDED	EXCLUDED	EXCLUDED	src/query/scan_manager.c heap_next DONT_CONSUME; results are DB_VALUEs not raw heap records; OOS resolved at attribute layer during scan	-	-	fwd-query
X-312	reverse	heap_reinsert	dblink_global_tran_catalog	heap_next policy=HEAP_RECDES_DONT_CONSUME_RAW_BYTES	DONT_CONSUME	dblink_global_tran_catalog -> heap_next DONT_CONSUME PEEK -> attribute layer	attribute layer	dblink global tran catalog scan	full	yes	RESOLVE	RESOLVE	RESOLVE	EXCLUDED	src/query/dblink_global_tran_catalog.c heap_next DONT_CONSUME PEEK; attribute-layer read, correct	-	-	-
X-313	reverse	heap_reinsert	load_server_loader read fetch	heap_get_visible_version policy=HEAP_RECDES_CONSUME_RAW_BYTES	CONSUME	load_server_loader read path CONSUME (:247) / DONT_CONSUME (:243); loaddb-internal read, not the insert reinsert (R-311)	loaddb-internal	loaddb read of existing instance	full	yes	RESOLVE	RESOLVE	EXPAND	EXCLUDED	src/loaddb/load_server_loader.cpp:246-247 CONSUME, :243 DONT_CONSUME; loaddb read path, defer to fwd-misc	-	-	fwd-misc
R-401	reverse	unloaddb	xlocator_fetch_all	locator_fetch_all->xlocator_fetch_all	HEAP_RECDES_CONSUME_RAW_BYTES	unload_fetcher->locator_fetch_all(cl)->xlocator_fetch_all(sr)->heap_next->heap_scan_get_visible_version_impl->heap_get_visible_version_internal->heap_record_replace_oos_oids	desc_disk_to_obj(get_desc_current) load_object.c	ship LC_COPYAREA to CS client; OR_BUF parse VOT+variable area as attribute values	full	no	EXPAND	EXPAND	EXPAND	CORRECT	unload_object.c:1538 locator_fetch_all; unload_object.c:1385-1387 LC_RECDES_TO_GET_ONEOBJ->desc_disk_to_obj; locator_sr.c:2912-2913 heap_next COPY,HEAP_RECDES_CONSUME_RAW_BYTES; heap_file.c:26218,26240-26243 expand_oos guard; load_object.c OOS-blind	unloaddb table with OOS-backed VARBIT; verify dumped values equal originals not 16B stub bytes	F-R5-01	CBRD-26948 NOT reproduced at HEAD 6816023df; regression recurs only if CONSUME removed from locator_sr.c:2912
R-402	reverse	unloaddb	-	-	-	desc_disk_to_obj->get_desc_current/get_desc_old->or_get_offset_internal+data_readval	desc_disk_to_obj (load_object.c)	OR_BUF parse: read VOT offsets (vars[i]=offset2-offset) then data_readval each variable attr; ZERO OOS awareness	variable	no	EXPAND	EXPAND	EXPAND	CORRECT	load_object.c: rg OOS=0 references; get_desc_current:596-627 or_get_offset_internal, data_readval; shared terminal of R-401/R-403	craft OOS-backed record; ensure parser never sees IS_OOS stub bytes (guaranteed by upstream expand)	F-R5-01	Fragile terminal: safety wholly depends on producers R-401/R-403 keeping CONSUME_RAW_BYTES; no in-parser OOS guard
R-403	reverse	compactdb_cl	xlocator_fetch_all	locator_fetch_all->xlocator_fetch_all	HEAP_RECDES_CONSUME_RAW_BYTES	compactdb process_class->locator_fetch_all->xlocator_fetch_all(SA in-process)->heap_next(CONSUME)	desc_disk_to_obj (compactdb.c:442)	SA-mode offline compact: OR_BUF parse expanded recdes; then disk_update_instance re-writes	full	no	EXPAND	EXPAND	EXPAND	CORRECT	compactdb.c:429 locator_fetch_all LC_FETCH_MVCC_VERSION; :442 desc_disk_to_obj; :524 disk_update_instance; locator_sr.c:2912 CONSUME	offline compactdb on OOS table; verify data intact after compaction	F-R5-01	Same CBRD-26948 dependency as unloaddb; both share desc_disk_to_obj OOS-blind terminal
R-404	reverse	compactdb_cl	heap_get_visible_version	heap_get_visible_version	HEAP_RECDES_CONSUME_RAW_BYTES	compactdb process_value(DB_TYPE_OID)->heap_get_visible_version(PEEK,recdes=NULL)	scan_code existence check only	dangling-OID existence probe; recdes arg is NULL, only S_SUCCESS consumed	none	n/a	EXCLUDED	none/DONT_CONSUME	EXPAND	OVER_EXPAND	compactdb.c:564-566 heap_get_visible_version(...,NULL,...,HEAP_RECDES_CONSUME_RAW_BYTES); recdes not passed, only scan_code tested at :574	n/a (perf only)	F-R5-02	Redundant CONSUME: no recdes consumed; DONT_CONSUME suffices. Cross-link forward audit
R-405	reverse	compactdb_sr	xlocator_lock_and_fetch_all	xlocator_lock_and_fetch_all	HEAP_RECDES_CONSUME_RAW_BYTES	boot_compact_db->process_class->xlocator_lock_and_fetch_all->locator_lock_and_get_object_assign->locator_get_object(CONSUME)	desc_disk_to_attr_info->heap_attrinfo_read_dbvalues (server, OOS-aware)	server compact: parse copyarea recdes to attr_info; then process_object re-force	full	yes	RESOLVE	EXPAND-or-RESOLVE	EXPAND	CORRECT	compactdb_sr.c:395 xlocator_lock_and_fetch_all; :441-443 LC_RECDES_TO_GET_ONEOBJ->desc_disk_to_attr_info->heap_attrinfo_read_dbvalues; locator_sr.c:2336-2341 locator_get_object CONSUME	server compactdb on OOS table; verify values	-	Double-safe: producer expands AND consumer (attr layer) Resolves. xlocator_lock_and_fetch_all is a shared genuine-expand site (census 5-list); not compactdb-specific
R-406	reverse	compactdb_sr	locator_lock_and_get_object	locator_lock_and_get_object	HEAP_RECDES_DONT_CONSUME_RAW_BYTES	process_object->locator_lock_and_get_object(COPY,DONT_CONSUME)->copy_recdes; ->locator_attribute_info_force(LC_FLUSH_UPDATE,&copy_recdes)	locator_attribute_info_force old-image + re-force via heap_attrinfo_determine_disk_layout	fetch old physical image for MVCC update; re-force re-demotes new record	full	yes	PRESERVE_PHYSICAL	PRESERVE_PHYSICAL	PRESERVE_PHYSICAL	CORRECT	compactdb_sr.c:215-217 DONT_CONSUME COPY; :261-265 locator_attribute_info_force UPDATE_INPLACE_NONE &copy_recdes; write path heap_attrinfo_determine_disk_layout re-demotes	compact OOS row; confirm re-demotion and old chain vacuumed	-	Reinsert=standard MVCC UPDATE: write path re-runs largest-first demotion (fresh OOS chains, M1); old chains reclaimed by vacuum (invariant 3), no leak. Old physical image correctly preserved (must NOT expand)
R-407	reverse	compactdb_sr	heap_get_visible_version	heap_get_visible_version	HEAP_RECDES_CONSUME_RAW_BYTES	process_value(DB_TYPE_OID)->heap_get_visible_version(PEEK,recdes=NULL)	scan_code + ref_class_oid only	referenced-OID existence/class probe; recdes NULL	none	n/a	EXCLUDED	none/DONT_CONSUME	EXPAND	OVER_EXPAND	compactdb_sr.c:108-110 heap_get_visible_version(...,NULL,...,HEAP_RECDES_CONSUME_RAW_BYTES); only scan_code/is_class used	n/a (perf only)	F-R5-02	Redundant CONSUME: recdes NULL, nothing consumed. Cross-link forward audit
R-408	reverse	loaddb	heap_get_visible_version	heap_get_visible_version	HEAP_RECDES_CONSUME_RAW_BYTES	server loader ldr_get_class_oid-equivalent->heap_next(DONT_CONSUME iterate)->heap_get_visible_version(PEEK,CONSUME)->heap_attrinfo_read_dbvalues	heap_attrinfo_read_dbvalues (server, OOS-aware)	scan db_user catalog rows to find user by name	full	yes	RESOLVE	RESOLVE	EXPAND	OVER_EXPAND	load_server_loader.cpp:242-243 heap_next DONT_CONSUME; :246-247 heap_get_visible_version PEEK CONSUME; :260 heap_attrinfo_read_dbvalues	loaddb into DB with OOS; verify user resolution	F-R5-02	Consumer resolves per-attr anyway so CONSUME redundant; db_user rows are tiny/never-OOS in practice. SAFE. Cross-link forward (loaddb/fwd-misc)
R-409	reverse	diagdb	heap_next	heap_next	HEAP_RECDES_DONT_CONSUME_RAW_BYTES	diagdb(DIAGDUMP_HEAP)->heap_dump_heap_file->heap_dump(dump_records)->heap_next(PEEK,DONT_CONSUME)->heap_attrinfo_read_dbvalues->heap_attrinfo_dump	heap_attrinfo_read_dbvalues->heap_attrinfo_dump (server, OOS-aware)	SA-mode value dump of each instance	full	yes	RESOLVE	RESOLVE	RESOLVE	CORRECT	heap_file.c:15624-15635 heap_next DONT_CONSUME, heap_attrinfo_read_dbvalues, heap_attrinfo_dump; attr read OOS dispatch heap_file.c:10476-10479	cubrid diagdb -d 10 <class> on OOS table; verify values resolved	-	Correct opt-out design: DONT_CONSUME + attr-layer Resolve
R-410	reverse	diagdb	spage_dump	spage_dump	-	heap_dump(dump_records)->spage_dump	spage_dump raw hex	raw hex dump of physical record bytes (stub bytes shown verbatim)	full	n/a	PRESERVE_PHYSICAL	PRESERVE_PHYSICAL	PRESERVE_PHYSICAL	CORRECT	heap_file.c:15558 spage_dump(thread_p,fp,pgptr,dump_records)	diagdb full dump; inspect raw record hex	-	Diagnostic raw dump; no value interpretation so OOS stubs cannot be misread as values
R-411	reverse	checkdb	heap_next	heap_next	HEAP_RECDES_DONT_CONSUME_RAW_BYTES	boot_check_db_consistency->locator_check_by_class_oid->locator_check_class->locator_check_btree_entries->heap_next(COPY,DONT_CONSUME)->heap_attrinfo_read_dbvalues->heap_attrinfo_generate_key	heap_attrinfo_read_dbvalues->heap_attrinfo_generate_key (server, OOS-aware)	rebuild index keys from instance records to verify vs btree	full	yes	RESOLVE	RESOLVE	RESOLVE	CORRECT	locator_sr.c:9614-9615 heap_next COPY DONT_CONSUME; :9638 heap_attrinfo_read_dbvalues; locator_check_class:10538, locator_check_unique_btree_entries:9941; attr OOS dispatch heap_file.c:10476-10479	cubrid checkdb on table with OOS-backed index-key column; verify no false corruption	-	OOS-backed index-key attribute correctly Resolved during key rebuild
R-412	reverse	checkdb	heap_check_all_pages	heap_check_all_pages	-	heap_check_all_heaps->heap_check_heap_file->heap_check_all_pages->heap_chkreloc_next->spage_get_record_type	heap_chkreloc_next structural relocation tracking	page/slot/relocation-OID structural validation; no variable-area value parse	header/CHN	n/a	PRESERVE_PHYSICAL	PRESERVE_PHYSICAL	PRESERVE_PHYSICAL	CORRECT	heap_file.c:15106 heap_check_all_pages_by_heapchain, :15259 heap_check_all_pages, heap_chkreloc_next reads spage_get_record_type only	checkdb structural pass on OOS heap	-	Structural only; reads record type/forwarding OIDs, never interprets OOS stub bytes
X-401	reverse	checksumdb	-	db_query (SQL)	-	checksumdb->db_query_execute->query executor scan (attr layer resolves OOS)	db_query_get_tuple_value	HA checksum reads rows via SQL, not raw RECDES	full	yes	EXCLUDED	-	-	EXCLUDED	checksumdb.c:212-280 db_query_* SELECT; goes through query executor scan_manager (OOS resolved by scan attr layer)	-	-	SQL path: OOS resolved by normal scan; no raw RECDES consumption
X-402	reverse	migrate	-	-	-	-	-	schema/version migration; no heap instance record parse	none	n/a	EXCLUDED	-	-	EXCLUDED	migrate.c: rg RECDES|heap_next|heap_get|or_get = 0 hits	-	-	No instance-record parsing
X-403	reverse	spacedb	-	-	-	file_tracker/file_header space accounting	SPACEDB counters	page/file space totals; FILE_OOS folded into heap accounting (per spec CBRD-26871)	none	n/a	EXCLUDED	-	-	EXCLUDED	no heap_next/heap_attrinfo/desc_disk_to_obj in spacedb path; page-level only	-	-	Page/file-level only; no variable-area value parse
X-404	reverse	backupdb	-	-	-	fileio physical volume page copy	backup volume	physical page image copy; no record parse	none	n/a	EXCLUDED	-	-	EXCLUDED	util_sa.c/util_cs.c backup dispatch; no heap_next/heap_attrinfo/desc_disk_to_obj	-	-	Physical backup; page bytes copied verbatim incl OOS pages
X-405	reverse	restoredb	-	-	-	fileio physical volume restore	restored volume	physical page restore; no record parse	none	n/a	EXCLUDED	-	-	EXCLUDED	restore path physical (logpb/fileio); no instance-record parse	-	-	Physical restore; no value interpretation
X-406	reverse	vacuumdb	-	-	-	cubrid vacuumdb triggers server vacuum; vacuum reads undo recdes for head OOS OIDs	vacuum_forward_walk_oos_delete_atomic	server-side vacuum OOS cleanup (undo recdes head-OID extraction)	full	yes	EXCLUDED	-	-	EXCLUDED	out of util-reverse scope; covered by vacuum/WAL audit (vacuum_oos.cpp:154,383)	-	-	Not a client raw-RECDES consumer; vacuum OOS handling audited by rev-wal
X-407	reverse	unloaddb	-	-	-	unload_schema.c schema extraction	-	dumps schema DDL only; no instance heap records	none	n/a	EXCLUDED	-	-	EXCLUDED	unload_schema.c: rg desc_disk_to_obj|LC_RECDES_TO_GET_ONEOBJ|heap_next|locator_fetch_all = 0 hits	-	-	Schema-only; instance records handled by unload_object.c (R-401)
X-501	reverse	btree_leaf_key	btree_read_record/btree_read_record_without_decompression	spage_get_record(BTREE leaf/non-leaf page)	n/a	btree_read_record key decode	btree range/search key compare	read	key + leaf/non-leaf pointer header	no: b-tree page key record produced by btree_read_record; no MVCC header, no VOT, never OR_MVCC_FLAG_HAS_OOS	EXCLUDED	none	none	EXCLUDED	src/storage/btree.c:4258 btree_read_record, :4516 btree_read_record_without_decompression; fed by spage_get_record on BTREE leaf/non-leaf pages (e.g. :1786,:4790,:10799 merge array)	none	none	none
X-502	reverse	btree_overflow_oid	btree overflow-node reader (ovfl_copy_rec)	spage_get_record(BTREE_OVERFLOW_NODE page)	n/a	OID-list traversal	btree key OID-list scan	read	overflow OID-list record body	no: b-tree key overflow OID-list record on a BTREE_OVERFLOW_NODE page; not a heap instance	EXCLUDED	none	none	EXCLUDED	src/storage/btree.c:2503 ovfl_copy_rec, :9828,:11482 ovfl_rec, :12065 ovf_record	none	none	none
X-503	reverse	btree_leaf_key_build	btree_read_record during index build	spage_get_record(load leaf/non-leaf page)	n/a	btree_save_last_leafrec key read	index page build	read	leaf/non-leaf key record	no: b-tree key record produced during index load off the page being built; not a heap instance (the heap-scan key-extraction side is R-501)	EXCLUDED	none	none	EXCLUDED	src/storage/btree_load.c:1606,:1678,:1807,:4792,:4983 btree_read_record; header records at :282..:469	none	none	none
X-504	reverse	qfile_sort_key	qfile_make_sort_key / qfile_sort_get_next_parallel	SORT_REC built from a qfile list-file tuple	n/a	qfile_scan_list_next(PEEK) then memcpy key fields	external_sort input tuple	build	SORT_REC: tuple-id header + key field bytes	no: sort key record built from a qfile list-file tuple; not a heap instance	EXCLUDED	none	none	EXCLUDED	src/query/list_file.c:3510 qfile_make_sort_key (data cast SORT_REC :3544-3561), :3862 parallel variant	none	none	none
X-505	reverse	qfile_list_tuple	qfile_generate_sort_tuple	qfile output tuple built from a returned SORT_REC	n/a	memcpy SORT_REC->qfile tuple	list-file add_tuple	build	qfile list-file output tuple	no: qfile list-file tuple image; not a heap instance	EXCLUDED	none	none	EXCLUDED	src/query/list_file.c:3646 qfile_generate_sort_tuple (:3676-3688), added at :4213	none	none	none
X-506	reverse	sort_run_tuple	sort_spage_get_record / caller get_fn	sort work-page slot / caller-supplied get_fn	n/a	memcpy from sort scratch page	external merge/sort loop	read	sort run tuple (opaque length-prefixed item)	no: sort run tuple on a temp sort work page; not a heap instance	EXCLUDED	none	none	EXCLUDED	src/storage/external_sort.c:647 sort_spage_get_record (:672/:689), :1965-:2103 get_fn fills temp_recdes/long_recdes	none	none	none
X-507	reverse	sort_long_overflow	overflow_insert(FILE_TEMP) / sort_retrieve_longrec	overflow_get/overflow_insert	n/a	overflow chain	oversized sort tuple spill	read/write	long sort tuple stored as overflow body	no: oversized sort tuple in a FILE_TEMP overflow record; not a heap instance	EXCLUDED	none	none	EXCLUDED	src/storage/external_sort.c:2154 overflow_insert(&long_recdes,FILE_TEMP); retrieve :274 sort_retrieve_longrec	none	none	none
X-508	reverse	ehash_bucket	ehash_insert_bucket_record / spage_get_record	extendible-hash bucket page record	n/a	ehash_read_oid_from_record	hash lookup / bucket split	read/build	EHASH bucket record (key + OID)	no: extendible-hash bucket record; not a heap instance	EXCLUDED	none	none	EXCLUDED	src/storage/extendible_hash.c:1423,:1863 bucket read, :667 ehash_insert_bucket_record	none	none	none
X-509	reverse	ehash_long_key_overflow	ehash_allocate_recdes / ehash_compose_overflow	overflow_get	n/a	overflow chain	long hash-key compare	read	long EHASH key as overflow body	no: long EHASH key in an overflow record; not a heap instance	EXCLUDED	none	none	EXCLUDED	src/storage/extendible_hash.c:475 ehash_allocate_recdes, :545,:609 overflow_get long-key path	none	none	none
X-510	reverse	overflow_record_body	overflow_get_nbytes / overflow_insert	overflow_get/overflow_insert	n/a	OVERFLOW_FIRST_PART + REST chain reassembly	caller-defined	read/write	multipage overflow record body	no: generic physical multipage store; provenance is caller-defined (btree/ehash/sort/heap-bigone). Heap REC_BIGONE bodies routed here are OOS-free (see R-511)	EXCLUDED	none	none	EXCLUDED	src/storage/overflow_file.c:751 overflow_get_nbytes (memcpy :876), :82 overflow_insert (:929 overflow_get)	none	none	none
X-512	reverse	oos_chunk_record	oos_prepend_header / oos_insert_record_in_fixed_page	spage_insert / spage_get_record	n/a	oos_record_header + payload fragment	oos_read/oos_insert value chain	read/write	OOS chunk record (OOS_RECORD_HEADER + payload)	no: this IS the out-of-row STORAGE of OOS values (the value chain), not a heap instance record that contains OOS stubs -- the inverse of the audit target	EXCLUDED	none	none	EXCLUDED	src/storage/oos_file.cpp:1097 oos_prepend_header, :1481 insert-in-page, :1551 oos_read_chunk_in_page, :2350 oos_rv_redo_insert; struct oos_record_header oos_file.hpp:26	none	none	none
X-513	reverse	oos_hdr_stats	oos_get_header_stats_ptr	spage_get_record(PEEK)	n/a	best[] hints + space estimates	oos_find_best_page	read/write	OOS bestspace header record	no: OOS-file bestspace metadata record; not a heap instance	EXCLUDED	none	none	EXCLUDED	src/storage/oos_file.cpp:1020 hdr build, :456 oos_get_header_stats_ptr	none	none	none
X-514	reverse	catalog_disk_repr	catalog_put_record_into_page / catalog_store_*	spage_insert / spage_update	n/a	CATALOG_PAGE_HEADER / DISK_REPR / DISK_ATTR / BTREE_STATS / CLS_INFO / CATALOG_REPR_ITEM	catalog representation fetch	read/write	catalog-file disk representation record	no: separate catalog file structure (disk representation of class reps) stored in CATALOG_RECORD.recdes; not a heap instance	EXCLUDED	none	none	EXCLUDED	src/storage/system_catalog.c:603,:1086,:1195,:1221,:1248,:1303,:2128 catalog_* store into recdes	none	none	none
X-515	reverse	spage_generic	spage_get_record_data	spage_get_record	n/a	page slot bytes	caller-defined	read	whatever the caller page slot holds (page-agnostic)	no: generic physical slotted-page layer; record kind is determined by the caller/page type, not by this code	EXCLUDED	none	none	EXCLUDED	src/storage/slotted_page.c:3851 spage_get_record_data (PEEK ptr :3865 / COPY memcpy :3888), :3816 spage_get_record	none	none	none
X-516	reverse	record_descriptor_container	record_descriptor::peek/copy/get	spage_get_record (delegated)	n/a	owned/borrowed buffer	caller-defined	read/build	no fixed record kind (generic container)	no: generic RECDES wrapper class; provenance from caller; auto-resizes on S_DOESNT_FIT	EXCLUDED	none	none	EXCLUDED	src/storage/record_descriptor.cpp:87 set_recdes, :106-:121 peek/copy/get delegating to spage_get_record	none	none	none
X-517	reverse	recdes_buffer_plumbing	recdes_allocate_data_area / set_data_area	RECDES buffer memory helpers	n/a	n/a	none	alloc/attach	no content (buffer plumbing only)	no: allocates/attaches RECDES buffers; never populates record content	EXCLUDED	none	none	EXCLUDED	src/storage/storage_common.c:310 recdes_allocate_data_area, :327 free, :333 recdes_set_data_area	none	none	none
X-518	reverse	file_layer_physical	file_manager (physical file layer)	no recdes production	n/a	n/a	none	none	no recdes populated with file-layer records	no: file_manager uses raw page structs for file header/table; its one RECDES reads a CLASS record for a validity check only (cross-note fwd-heap)	EXCLUDED	none	none	EXCLUDED	src/storage/file_manager.c:11288 file_is_valid_heap_file (heap_get_class_record PEEK :11293)	none	none	none
X-519	reverse	class_schema_disk	tf_class_to_disk (root_to_disk/class_to_disk)	client OR_BUF build, shipped raw via locator_insert	n/a	repid+chn header + class body	server stores raw	build	CLASS/schema disk record	no: class/schema records are serialized CLIENT-side by tf_class_to_disk and inserted raw; they never pass through heap_attrinfo_determine_disk_layout (heap_file.c:12095), the ONLY OOS demotion site, so they can never acquire OOS inline stubs	EXCLUDED	none	none	EXCLUDED	src/object/transform_cl.c:4546 tf_class_to_disk (no demotion; only OOS token is a read-path comment :628). Demotion sole site heap_file.c:12095, called only from heap_attrinfo_transform_to_disk_internal:13033	none	none	none
X-520	reverse	or_serialization_primitive	object_representation*.c / object_representation_sr.c / .h	n/a	n/a	caller-defined	caller-defined	read/write	generic value pack/unpack + orc_* class-record introspection	no: generic serialization primitives and class-record decoders operating on a caller-supplied RECDES; provenance is the caller, not these files	EXCLUDED	none	none	EXCLUDED	src/base/object_representation_sr.c:193 orc_diskrep_from_record, :519 orc_class_info_from_record, :4015 or_get_attrname; src/object/object_representation.c value/MVCC-header helpers	none	none	none
X-521	reverse	recdes_network_pack	or_pack_recdes / or_unpack_recdes	css net buffers	n/a	length + type + data stream	client transport	pack/unpack	serialized RECDES over the wire	no: transport packing of an already-built RECDES; creates no heap-instance content. Cross-note: the packed RECDES originates from a heap/locator producer that owns the OOS decision	EXCLUDED	none	none	EXCLUDED	src/object/object_representation.c:1764 or_pack_recdes (:1766-1768), :5299 or_unpack_recdes	none	none	none
X-522	reverse	css_network_buffer	connection_support css layer	css_net_send*	n/a	raw byte buffers	client transport	pack	NOT recdes (iovec/byte buffers)	no: the css layer packs iovec/byte buffers, not RECDES; the RECDES present in this file is a heap-instance read (see R-506). recdes<->stream packing lives in object_representation.c (X-521)	EXCLUDED	none	none	EXCLUDED	src/connection/connection_support.cpp css_net_send*/css_Vector_buffer	none	none	none
X-523	reverse	client_workspace	ws_* workspace helper (WS_MOP)	n/a	n/a	client object manager	client-side	passthrough	client workspace record pointer (not produced here)	no: client-side workspace plumbing; disk images originate from a server fetch (cross-note fwd-locator/client)	EXCLUDED	none	none	EXCLUDED	src/object/work_space.c:5361 (RECDES* param passthrough), src/object/work_space.h:89 mop recdes field	none	none	none
X-524	reverse	oos_debug_auditor	heap_recdes_compute_oos_flag_debug	n/a	n/a	debug assertion	debug-only	read	no recdes populated; recomputes HAS_OOS from a heap record for a debug check	no: does not populate any recdes; read-only debug auditor over heap records (cross-note fwd-heap for its read semantics)	EXCLUDED	none	none	EXCLUDED	src/storage/oos_util.cpp:83 heap_recdes_compute_oos_flag_debug (reads OR VOT :90-92)	none	none	none
R-501	reverse	heap_instance	btree_load base-table heap scan	heap_next / heap_next_1page	HEAP_RECDES_DONT_CONSUME_RAW_BYTES (heap_next); heap_next_1page has no policy (page scan)	heap fetch	heap_attrinfo_read_dbvalues (index-key extraction)	read	full heap instance record	yes: user-class base-table instance records read to extract index keys during index build -- can carry OOS stubs	RESOLVE	DONT_CONSUME (attribute layer resolves OOS per column)	DONT_CONSUME	CORRECT	src/storage/btree_load.c:3424 heap_next_1page, :3729/:5378 heap_next DONT_CONSUME; decode :3537/:3821/:5399 heap_attrinfo_read_dbvalues	none	none	cross-note fwd-heap/fwd-query (index-load key extraction)
R-502	reverse	heap_instance	serial: _db_serial instance read	heap_get_visible_version	HEAP_RECDES_CONSUME_RAW_BYTES	heap fetch	heap_attrinfo_read_dbvalues	read	full _db_serial instance record	yes (nominal): _db_serial is a server-transformed instance class so the demotion path applies; values are tiny in practice	RESOLVE	DONT_CONSUME (only consumer is the attribute layer)	CONSUME_RAW_BYTES	OVER_EXPAND	src/query/serial.c:233/:510/:647 heap_get_visible_version CONSUME_RAW_BYTES then heap_attrinfo_read_dbvalues :263/:533/:670; cross-link forward F-211/F-212/F-213	none	R6-F1	cross-note fwd-misc: CONSUME eagerly Expands but only the attribute layer consumes -> likely needless Expand (perf, not correctness)
R-503	reverse	heap_instance	sp_code: _db_stored_procedure_code instance read	heap_get_visible_version	HEAP_RECDES_CONSUME_RAW_BYTES	heap fetch	heap_attrinfo_read_dbvalues (single attr)	read	full SP-code instance record	yes: SP code/source attribute can exceed the OOS inline target -> genuinely OOS-capable	RESOLVE	DONT_CONSUME (single-attr read via attribute layer)	CONSUME_RAW_BYTES	OVER_EXPAND	src/sp/sp_code.cpp:90 heap_get_visible_version CONSUME_RAW_BYTES; heap_attrinfo_start 1 attrid :120, decode :128; cross-link forward F-315	none	R6-F2	cross-note fwd-misc: attribute-layer read -> CONSUME may be needless Expand (perf)
R-504	reverse	heap_instance	histogram statistics sampler	heap_next / heap_next_1page	HEAP_RECDES_DONT_CONSUME_RAW_BYTES (heap_next); page scan (heap_next_1page)	heap fetch	heap_attrinfo_read_dbvalues	read	full user-class instance record	yes: target user-class rows sampled for statistics -- OOS-capable	RESOLVE	DONT_CONSUME	DONT_CONSUME	CORRECT	src/optimizer/histogram/histogram_sampler_sr.cpp:762/:1132 heap_next_1page, :1926/:2257 heap_next DONT_CONSUME; decode :769/:1138/:1934/:2265	none	none	cross-note fwd-query/fwd-misc (reservoir/HLL sampling)
R-505	reverse	heap_instance	dblink global-tran catalog read	heap_first / heap_next	heap_first (fixed internal policy); heap_next HEAP_RECDES_DONT_CONSUME_RAW_BYTES	heap fetch	heap_attrinfo_read_dbvalues	read	full catalog-class instance record	yes (nominal): dblink global-transaction catalog class instances	RESOLVE	DONT_CONSUME	DONT_CONSUME	CORRECT	src/query/dblink_global_tran_catalog.c:212/:444 heap_first, :246/:515 heap_next DONT_CONSUME	none	none	cross-note fwd-misc
R-506	reverse	heap_instance	connection_support user/auth class scan	heap_next	HEAP_RECDES_DONT_CONSUME_RAW_BYTES	heap fetch	heap_attrinfo_read_dbvalues	read	full auth-class instance record	yes (nominal): db_user/auth class instances (last-access-status enumeration)	RESOLVE	DONT_CONSUME	DONT_CONSUME	CORRECT	src/connection/connection_support.cpp:2471 heap_next DONT_CONSUME, decode :2475 (class-name attr via heap_get_class_record :2396)	none	none	cross-note fwd-misc/fwd-locator
R-507	reverse	heap_instance	lock_manager lock-timeout dump	heap_get_visible_version	HEAP_RECDES_CONSUME_RAW_BYTES	heap fetch	or_mvcc_get_header (MVCC header only)	read	full instance record (only MVCC header consumed)	yes: arbitrary class instance; but only the fixed-position MVCC header is read, which precedes the variable area/OOS stubs	NO_BODY	DONT_CONSUME (header read needs no Expand)	CONSUME_RAW_BYTES	OVER_EXPAND	src/transaction/lock_manager.c:5642 heap_get_visible_version CONSUME_RAW_BYTES then or_mvcc_get_header :5647; cross-link forward F-318	none	R6-F3	cross-note fwd-misc: header-only diagnostic; Expand appears unnecessary (perf)
R-508	reverse	heap_instance	catcls system-catalog CLASS instances	catcls_put_or_value_into_record (build); heap_get_visible_version/heap_next (read)	heap_get_visible_version / heap_next / heap_get_class_record	heap fetch	catcls_get_or_value_from_* / heap_update_logical	read/build	full catalog-CLASS instance record (_db_class,_db_attribute,...)	no: catcls records are hand-serialized (or_init + catcls_put_or_value_into_buffer) and stored via heap_update_logical, bypassing heap_attrinfo_determine_disk_layout demotion -> no OOS stubs created	STORED_SAFE	PRESERVE_PHYSICAL (never demoted; no stubs)	PRESERVE_PHYSICAL	CORRECT	src/storage/catalog_class.c:3518 catcls_put_or_value_into_record (or_init :3543, BIG_VAR asserted :3575), :3930/:4272/:4532 build+heap_update_logical; reads :4013/:4179/:4503	none	none	verify with fwd-heap that catalog classes intentionally bypass OOS demotion
R-509	reverse	heap_instance	TDE keyinfo heap record	tde_insert_keyinfo (build); heap_first (read)	heap_create_insert_context / heap_first	heap fetch	struct cast (TDE_KEYINFO)	read/build	TDE keyinfo instance record	no: hand-built fixed-layout record ([repid_and_flag | TDE_KEYINFO], REC_HOME) inserted directly; never through heap_attrinfo demotion -> no OOS stubs	STORED_SAFE	PRESERVE_PHYSICAL	PRESERVE_PHYSICAL	CORRECT	src/storage/tde.c:202-210 tde_insert_keyinfo (REC_HOME hand buffer), :588 heap_first COPY, :616-645 update	none	none	cross-note fwd-heap
R-510	reverse	heap_instance	boot_Db_parm root record	boot init (build); boot_get_db_parm (read)	heap_create_insert_context / heap_first	heap fetch	struct cast (BOOT_DB_PARM)	read/build	bootstrap DB-parameter record (root class heap)	no: hand-built fixed struct (REC_HOME) in the root-class heap; never through heap_attrinfo demotion -> no OOS stubs	STORED_SAFE	PRESERVE_PHYSICAL	PRESERVE_PHYSICAL	CORRECT	src/transaction/boot_sr.c:5054 REC_HOME build, :310 heap_first COPY	none	none	cross-note fwd-heap
R-511	reverse	heap_instance_overflow	heap_get_bigone_content (REC_BIGONE body)	heap_ovf_get	n/a (raw overflow body reassembled)	heap read/scan	heap read paths reassembling the full record	read	heap instance record body stored as a REC_BIGONE overflow record	no: OOS+bigone is REJECTED at write time (ER_HEAP_OOS_OVERPASS_MAXOBJ_SIZE, -1379) BEFORE any OOS chain is written, so a REC_BIGONE body can never contain OOS inline stubs	STORED_SAFE	PRESERVE_PHYSICAL (guaranteed OOS-free by the rejection invariant)	PRESERVE_PHYSICAL	CORRECT	src/storage/heap_file.c:20172 heap_get_bigone_content -> heap_ovf_get; rejection heap_file.c:13059-13064 (has_oos && heap_is_big_length); error_code.h:1776 ER_HEAP_OOS_OVERPASS_MAXOBJ_SIZE=-1379	none	none	cross-note fwd-heap (bigone content path)
