[Task Id] is 0
[TASK START] Current Time is Fri Sep 11 15:06:56 KST 2026, start MSG Id is null
Test Category:shell
The Number of Test Cases: 1 (macro skipped: 0, bug skipped: 0)
[NOK]: TRY-> = 0 /home/vimkim/.cub/campaign/cbrd-26659/ticket14/negctl/oos_dur01_negative_control/cases/oos_dur01_negative_control.sh 13173 EnvId=local[local]
oos_dur01_negative_control-1 : OK  engine_identity_recorded
oos_dur01_negative_control-2 : OK  database_page_size_is_16384
oos_dur01_negative_control-3 : OK  durable_commit_configuration_verified
oos_dur01_negative_control-4 : OK  insert_transaction_acknowledged
oos_dur01_negative_control-5 : OK  oos_activation_after_insert
oos_dur01_negative_control-6 : OK  update_transaction_acknowledged
oos_dur01_negative_control-7 : OK  delete_transaction_acknowledged
oos_dur01_negative_control-8 : OK  server_crashed_by_kill_9
oos_dur01_negative_control-9 : OK  server_restarted_within_deadline
oos_dur01_negative_control-10 : OK  recovered_row_count_is_3
oos_dur01_negative_control-11 : OK  recovered_value_id1_single_chunk_oos
oos_dur01_negative_control-12 : NOK recovered_value_id2_multi_chunk_oos : expected [OOSROW|2|05787a8196c7ad061a82a76999091896|16283|130264|16288|1], got [OOSROW|2|02b6cc6daae92bb402016271b353e192|16284|130272|16292|0]
oos_dur01_negative_control-13 : OK  recovered_value_id3_inline_comparator
oos_dur01_negative_control-14 : OK  committed_delete_survived_recovery
oos_dur01_negative_control-15 : OK  oos_activation_after_recovery
oos_dur01_negative_control-16 : OK  checkdb_after_recovery_is_clean
oos_dur01_negative_control-17 : SKIP debug_oos_log_records_chain_delete : release build: oos_debug and oos_trace are compiled out under NDEBUG, so $CUBRID/log/oos.log is never written
15:07:10----/home/vimkim/.cub/campaign/cbrd-26659/ticket14/negctl/oos_dur01_negative_control/cases--- time=12
============================= CONSOLE OUTPUT =============================
++ begin_time=0
++ end_time=0
++ need_count_time=1
++ cubrid_major=
++ cubrid_minor=
++ IGNORE_TEST_PERFORMANCE=
++ '[' '!' -n en_US ']'
+++ get_os
++++ uname
+++ osname=Linux
+++ case "$osname" in
+++ echo Linux
++ export OS=Linux
++ OS=Linux
++ '[' Linux = Windows_NT ']'
++ source /home/vimkim/CTP/shell/init_path/shell_utils.sh
+ init test
++ date
+ echo '[INFO] TEST START (Fri Sep 11 03:06:58 PM KST 2026)'
[INFO] TEST START (Fri Sep 11 03:06:58 PM KST 2026)
++ pwd
+ cur_path=/home/vimkim/.cub/campaign/cbrd-26659/ticket14/negctl/oos_dur01_negative_control/cases
+ cd /home/vimkim/.cub/campaign/cbrd-26659/ticket14/negctl/oos_dur01_negative_control/cases
+ case_no=1
+ full_name=oos_dur01_negative_control.sh
+ answer_no=1
+ mode=test
+ '[' 1 -eq 1 ']'
++ get_curr_second
+++ date +%s
++ str=1789106818
++ echo 1789106818
+ begin_time=1789106818
++ date +%Y-%m-%d
+ date_str=2026-09-11
++ date +%H:%M:%S
+ time_str=15:06:58
+ echo 15:06:58----/home/vimkim/.cub/campaign/cbrd-26659/ticket14/negctl/oos_dur01_negative_control/cases---- test start
/home/vimkim/CTP/shell/init_path/init.sh: line 708: /home/vimkim/.cub/campaign/cbrd-26659/ticket14/negctl/oos_dur01_negative_control/cases/: Is a directory
+ '[' Linux = Windows_NT ']'
+ export REAL_INIT_PATH=/home/vimkim/CTP/shell/init_path
+ REAL_INIT_PATH=/home/vimkim/CTP/shell/init_path
++ cubrid_rel
++ grep 32bit
++ wc -l
+ is_cubrid_32bits=0
+ '[' 0 == 1 ']'
+ CUBRID_BITS=64
+ export CUBRID_BITS
+ rm -rf /home/vimkim/.cub/install/oos-baseline-f4299ac0c/release_gcc/log/pl /home/vimkim/.cub/install/oos-baseline-f4299ac0c/release_gcc/log/server
+ '[' Linux = AIX ']'
+ objext=_objects
+ schext=_schema
+ idxext=_indexes
+ trgext=_trigger
+ PATH=/home/vimkim/CTP/shell/init_path/../../bin:/home/vimkim/CTP/shell/init_path/../../common/script:/home/vimkim/CTP/bin:/home/vimkim/CTP/common/script:/home/vimkim/.cub/install/oos-baseline-f4299ac0c/release_gcc/bin:/home/vimkim/gh/ctp/run-sql/CTP/bin:/home/vimkim/gh/ctp/run-sql/CTP/common/script:/home/vimkim/.local/opt/bison-3.0.5/bin:/home/vimkim/.cub/install/CBRD-26659-oos-testcases-handover/debug_gcc/bin:/home/vimkim/.cargo/bin:/home/vimkim/.local/share/mise/shims:/home/vimkim/.cargo/bin/:/opt/bison-3.0.5/bin/:/home/vimkim/.local/bin/:/home/vimkim/mybin/:/home/vimkim/my-cubrid/bin/:/home/vimkim/.config/my-scripts/bin/:/home/linuxbrew/.linuxbrew/bin:/home/vimkim/.nix-profile/bin/:/nix/var/nix/profiles/default/bin/:/usr/local/bin:/usr/bin:/usr/local/sbin:/usr/sbin
+ '[' Linux = Windows_NT ']'
+ CLASSPATH=/home/vimkim/.cub/install/oos-baseline-f4299ac0c/release_gcc/jdbc/cubrid_jdbc.jar:/home/vimkim/CTP/shell/init_path/commonforjdbc.jar:.
+ LD_LIBRARY_PATH=/home/vimkim/CTP/shell/init_path/commonforc/lib:/home/vimkim/.cub/install/oos-baseline-f4299ac0c/release_gcc/lib:/home/vimkim/.local/opt/bison-3.0.5/lib:/home/vimkim/.cub/install/CBRD-26659-oos-testcases-handover/debug_gcc/cci/lib:/home/vimkim/.cub/install/CBRD-26659-oos-testcases-handover/debug_gcc/lib:/home/vimkim/CUB3LIB/lib:/usr/local/lib:
+ rm '/home/vimkim/.cub/install/oos-baseline-f4299ac0c/release_gcc/log/server/*.err'
+ cubrid service stop
@ cubrid broker stop
++ cubrid broker is not running.
@ cubrid manager server stop
cubrid manager server is not installed.
@ cubrid master stop
++ cubrid master is not running.
+ pkill cub
+ chmod u+x /home/vimkim/CTP/shell/init_path/cubrid
+ PATH=/home/vimkim/CTP/shell/init_path:/home/vimkim/.local/share/mise/installs/java/temurin-8.0.462+8/bin:/home/vimkim/CTP/shell/init_path/../../bin:/home/vimkim/CTP/shell/init_path/../../common/script:/home/vimkim/CTP/bin:/home/vimkim/CTP/common/script:/home/vimkim/.cub/install/oos-baseline-f4299ac0c/release_gcc/bin:/home/vimkim/gh/ctp/run-sql/CTP/bin:/home/vimkim/gh/ctp/run-sql/CTP/common/script:/home/vimkim/.local/opt/bison-3.0.5/bin:/home/vimkim/.cub/install/CBRD-26659-oos-testcases-handover/debug_gcc/bin:/home/vimkim/.cargo/bin:/home/vimkim/.local/share/mise/shims:/home/vimkim/.cargo/bin/:/opt/bison-3.0.5/bin/:/home/vimkim/.local/bin/:/home/vimkim/mybin/:/home/vimkim/my-cubrid/bin/:/home/vimkim/.config/my-scripts/bin/:/home/linuxbrew/.linuxbrew/bin:/home/vimkim/.nix-profile/bin/:/nix/var/nix/profiles/default/bin/:/usr/local/bin:/usr/bin:/usr/local/sbin:/usr/sbin
+ export PATH
+ export CLASSPATH
+ export LD_LIBRARY_PATH
+ export LIBRARY_PATH
++ ini.sh -s %BROKER1 /home/vimkim/.cub/install/oos-baseline-f4299ac0c/release_gcc/conf/cubrid_broker.conf SERVICE
++ grep -iw ON
++ grep -v grep
++ wc -l
+ isAvailableServiceForBroker1=1
+ '[' 1 -ne 0 ']'
++ ini.sh -s %BROKER1 /home/vimkim/.cub/install/oos-baseline-f4299ac0c/release_gcc/conf/cubrid_broker.conf BROKER_PORT
+ broker_port=33120
+ sed -i 's@<port>[0-9]*</port>@<port>33120</port>@g' /home/vimkim/CTP/shell/init_path/shell_config.xml
+ '[' test = test ']'
+ run_mode=1
++ echo oos_dur01_negative_control
+ case_name=oos_dur01_negative_control
+ result_file=oos_dur01_negative_control.result
+ '[' -f oos_dur01_negative_control.tar ']'
+ '[' 1 -eq 1 ']'
+ '[' -f oos_dur01_negative_control.result ']'
+ rm oos_dur01_negative_control.result
+ touch oos_dur01_negative_control.result
+ export OS
+ WINDOWS_NOT_SUPPORTED
+ return
+ db_name=t26659negc
+ db_page_size=16384
+ n_oos1=4036
+ n_oos2=16284
+ n_inline=4011
+ pat1=AA
+ pat1_new=EE
+ pat2=BB
+ pat3=CC
+ pat4=DD
+ pat_sa=FF
+ expect_oos_num_recs=4
+ expect_oos_recs_min=3
+ expect_oos_recs_max=5
+ crash_deadline=30
+ restart_deadline=60
+ evidence_dir=/home/vimkim/.cub/campaign/cbrd-26659/ticket14/attempts/att-T14-0028/case-evidence
+ keep_evidence=0
+ '[' -n /home/vimkim/.cub/campaign/cbrd-26659/ticket14/attempts/att-T14-0028/case-evidence ']'
+ keep_evidence=1
+ '[' -e /home/vimkim/.cub/campaign/cbrd-26659/ticket14/attempts/att-T14-0028/case-evidence ']'
+ mkdir -p /home/vimkim/.cub/campaign/cbrd-26659/ticket14/attempts/att-T14-0028/case-evidence
+ op_journal=/home/vimkim/.cub/campaign/cbrd-26659/ticket14/attempts/att-T14-0028/case-evidence/operations.journal
+ skip_journal=/home/vimkim/.cub/campaign/cbrd-26659/ticket14/attempts/att-T14-0028/case-evidence/skipped.journal
+ :
+ :
+ nok_count=0
+ skip_count=0
+ activation_observed=0
+ oos_failure_output=
+ pre_existing_masters=
+ oos_required_columns='Has_oos_file Oos_num_recs Oos_recs_sumlen Oos_num_user_pages Oos_page_size'
+ journal 'case|start|oos_dur01_negative_control'
++ date -Is
+ echo '2026-09-11T15:06:58+09:00|case|start|oos_dur01_negative_control'
++ pgrep -x cub_master
++ tr '\n' ' '
+ pre_existing_masters=
+ journal 'environment|pre_existing_masters=[]'
++ date -Is
+ echo '2026-09-11T15:06:58+09:00|environment|pre_existing_masters=[]'
+ '[' -n '' ']'
++ cubrid_rel
++ tr -d '\r'
++ tr '\n' ' '
+ engine_identity=' CUBRID 11.5.0 (11.5.0.2648-f4299ac) (64bit release build for Linux) (Sep 10 2026 16:19:43)  '
+ journal 'environment|cubrid_rel= CUBRID 11.5.0 (11.5.0.2648-f4299ac) (64bit release build for Linux) (Sep 10 2026 16:19:43)  '
++ date -Is
+ echo '2026-09-11T15:06:58+09:00|environment|cubrid_rel= CUBRID 11.5.0 (11.5.0.2648-f4299ac) (64bit release build for Linux) (Sep 10 2026 16:19:43)  '
+ echo ' CUBRID 11.5.0 (11.5.0.2648-f4299ac) (64bit release build for Linux) (Sep 10 2026 16:19:43)  '
+ '[' -n ' CUBRID 11.5.0 (11.5.0.2648-f4299ac) (64bit release build for Linux) (Sep 10 2026 16:19:43)  ' ']'
+ write_ok engine_identity_recorded
+ '[' -z engine_identity_recorded ']'
+ echo '----------------- 1 : OK ' engine_identity_recorded
----------------- 1 : OK  engine_identity_recorded
+ echo 'oos_dur01_negative_control-1 : OK ' engine_identity_recorded
+ let 'case_no = case_no + 1'
+ cubrid server stop t26659negc
+ cubrid deletedb t26659negc
+ rm -rf /home/vimkim/.cub/campaign/cbrd-26659/ticket14/negctl/oos_dur01_negative_control/cases/t26659negc
+ change_db_parameter auto_restart_server=no
+ '[' Linux = Windows_NT ']'
+ '[' -f /home/vimkim/.cub/install/oos-baseline-f4299ac0c/release_gcc/conf/cubrid.conf.org ']'
+ cp /home/vimkim/.cub/install/oos-baseline-f4299ac0c/release_gcc/conf/cubrid.conf /home/vimkim/.cub/install/oos-baseline-f4299ac0c/release_gcc/conf/cubrid.conf.org
+ change_parameter /home/vimkim/.cub/install/oos-baseline-f4299ac0c/release_gcc/conf/cubrid.conf auto_restart_server=no
+ filename=/home/vimkim/.cub/install/oos-baseline-f4299ac0c/release_gcc/conf/cubrid.conf
+ parameter=auto_restart_server=no
+ key=auto_restart_server
+ value=
++ echo auto_restart_server
++ sed 's/^ *//g'
+ key=auto_restart_server
++ echo auto_restart_server
++ sed 's/ *$//g'
+ key=auto_restart_server
+ '[' -f /home/vimkim/.cub/install/oos-baseline-f4299ac0c/release_gcc/conf/cubrid.conf ']'
+ '[' auto_restart_server '!=' '' ']'
+ cat /home/vimkim/.cub/install/oos-baseline-f4299ac0c/release_gcc/conf/cubrid.conf
+ grep -v '^auto_restart_server *='
+ echo auto_restart_server=no
+ cat /home/vimkim/.cub/install/oos-baseline-f4299ac0c/release_gcc/conf/cubrid.conf.bak
+ rm /home/vimkim/.cub/install/oos-baseline-f4299ac0c/release_gcc/conf/cubrid.conf.bak
+ change_db_parameter async_commit=no
+ '[' Linux = Windows_NT ']'
+ '[' -f /home/vimkim/.cub/install/oos-baseline-f4299ac0c/release_gcc/conf/cubrid.conf.org ']'
+ change_parameter /home/vimkim/.cub/install/oos-baseline-f4299ac0c/release_gcc/conf/cubrid.conf async_commit=no
+ filename=/home/vimkim/.cub/install/oos-baseline-f4299ac0c/release_gcc/conf/cubrid.conf
+ parameter=async_commit=no
+ key=async_commit
+ value=
++ echo async_commit
++ sed 's/^ *//g'
+ key=async_commit
++ echo async_commit
++ sed 's/ *$//g'
+ key=async_commit
+ '[' -f /home/vimkim/.cub/install/oos-baseline-f4299ac0c/release_gcc/conf/cubrid.conf ']'
+ '[' async_commit '!=' '' ']'
+ cat /home/vimkim/.cub/install/oos-baseline-f4299ac0c/release_gcc/conf/cubrid.conf
+ grep -v '^async_commit *='
+ echo async_commit=no
+ cat /home/vimkim/.cub/install/oos-baseline-f4299ac0c/release_gcc/conf/cubrid.conf.bak
+ rm /home/vimkim/.cub/install/oos-baseline-f4299ac0c/release_gcc/conf/cubrid.conf.bak
+ change_db_parameter group_commit_interval_in_msecs=0
+ '[' Linux = Windows_NT ']'
+ '[' -f /home/vimkim/.cub/install/oos-baseline-f4299ac0c/release_gcc/conf/cubrid.conf.org ']'
+ change_parameter /home/vimkim/.cub/install/oos-baseline-f4299ac0c/release_gcc/conf/cubrid.conf group_commit_interval_in_msecs=0
+ filename=/home/vimkim/.cub/install/oos-baseline-f4299ac0c/release_gcc/conf/cubrid.conf
+ parameter=group_commit_interval_in_msecs=0
+ key=group_commit_interval_in_msecs
+ value=
++ echo group_commit_interval_in_msecs
++ sed 's/^ *//g'
+ key=group_commit_interval_in_msecs
++ echo group_commit_interval_in_msecs
++ sed 's/ *$//g'
+ key=group_commit_interval_in_msecs
+ '[' -f /home/vimkim/.cub/install/oos-baseline-f4299ac0c/release_gcc/conf/cubrid.conf ']'
+ '[' group_commit_interval_in_msecs '!=' '' ']'
+ cat /home/vimkim/.cub/install/oos-baseline-f4299ac0c/release_gcc/conf/cubrid.conf
+ grep -v '^group_commit_interval_in_msecs *='
+ echo group_commit_interval_in_msecs=0
+ cat /home/vimkim/.cub/install/oos-baseline-f4299ac0c/release_gcc/conf/cubrid.conf.bak
+ rm /home/vimkim/.cub/install/oos-baseline-f4299ac0c/release_gcc/conf/cubrid.conf.bak
+ mkdir /home/vimkim/.cub/campaign/cbrd-26659/ticket14/negctl/oos_dur01_negative_control/cases/t26659negc
+ cd /home/vimkim/.cub/campaign/cbrd-26659/ticket14/negctl/oos_dur01_negative_control/cases/t26659negc
+ cubrid_createdb --db-page-size=16384 --db-volume-size=64M --log-volume-size=64M t26659negc
+ createdb_rc=0
+ cd /home/vimkim/.cub/campaign/cbrd-26659/ticket14/negctl/oos_dur01_negative_control/cases
+ '[' 0 -eq 0 ']'
++ cubrid spacedb -S t26659negc
+ spacedb_out='Space description for database '\''t26659negc'\'' with pagesize 16.0K. (log pagesize: 16.0K)


type                purpose            volume_count         used_size           free_size           total_size
PERMANENT           PERMANENT DATA                2            73.0 M             119.0 M              192.0 M
PERMANENT           TEMPORARY DATA                0             0.0 M               0.0 M                0.0 M
TEMPORARY           TEMPORARY DATA                0             0.0 M               0.0 M                0.0 M
-                   -                             2            73.0 M             119.0 M              192.0 M

Space description for all volumes:
volid               type                purpose             used_size           free_size           total_size         volume_name
    0               PERMANENT           PERMANENT DATA         64.0 M               0.0 M               64.0 M         /home/vimkim/.cub/campaign/cbrd-26659/ticket14/negctl/oos_dur01_negative_control/cases/t26659negc/t26659negc
    1               PERMANENT           PERMANENT DATA          9.0 M             119.0 M              128.0 M         /home/vimkim/.cub/campaign/cbrd-26659/ticket14/negctl/oos_dur01_negative_control/cases/t26659negc/t26659negc_x001

LOB space description file:/home/vimkim/.cub/campaign/cbrd-26659/ticket14/negctl/oos_dur01_negative_control/cases/t26659negc/lob '
+ echo 'Space description for database '\''t26659negc'\'' with pagesize 16.0K. (log pagesize: 16.0K)


type                purpose            volume_count         used_size           free_size           total_size
PERMANENT           PERMANENT DATA                2            73.0 M             119.0 M              192.0 M
PERMANENT           TEMPORARY DATA                0             0.0 M               0.0 M                0.0 M
TEMPORARY           TEMPORARY DATA                0             0.0 M               0.0 M                0.0 M
-                   -                             2            73.0 M             119.0 M              192.0 M

Space description for all volumes:
volid               type                purpose             used_size           free_size           total_size         volume_name
    0               PERMANENT           PERMANENT DATA         64.0 M               0.0 M               64.0 M         /home/vimkim/.cub/campaign/cbrd-26659/ticket14/negctl/oos_dur01_negative_control/cases/t26659negc/t26659negc
    1               PERMANENT           PERMANENT DATA          9.0 M             119.0 M              128.0 M         /home/vimkim/.cub/campaign/cbrd-26659/ticket14/negctl/oos_dur01_negative_control/cases/t26659negc/t26659negc_x001

LOB space description file:/home/vimkim/.cub/campaign/cbrd-26659/ticket14/negctl/oos_dur01_negative_control/cases/t26659negc/lob '
++ echo 'Space description for database '\''t26659negc'\'' with pagesize 16.0K. (log pagesize: 16.0K)


type                purpose            volume_count         used_size           free_size           total_size
PERMANENT           PERMANENT DATA                2            73.0 M             119.0 M              192.0 M
PERMANENT           TEMPORARY DATA                0             0.0 M               0.0 M                0.0 M
TEMPORARY           TEMPORARY DATA                0             0.0 M               0.0 M                0.0 M
-                   -                             2            73.0 M             119.0 M              192.0 M

Space description for all volumes:
volid               type                purpose             used_size           free_size           total_size         volume_name
    0               PERMANENT           PERMANENT DATA         64.0 M               0.0 M               64.0 M         /home/vimkim/.cub/campaign/cbrd-26659/ticket14/negctl/oos_dur01_negative_control/cases/t26659negc/t26659negc
    1               PERMANENT           PERMANENT DATA          9.0 M             119.0 M              128.0 M         /home/vimkim/.cub/campaign/cbrd-26659/ticket14/negctl/oos_dur01_negative_control/cases/t26659negc/t26659negc_x001

LOB space description file:/home/vimkim/.cub/campaign/cbrd-26659/ticket14/negctl/oos_dur01_negative_control/cases/t26659negc/lob '
++ grep -o 'with pagesize [0-9.]*K'
++ head -1
+ page_line='with pagesize 16.0K'
+ assert_eq database_page_size_is_16384 'with pagesize 16.0K' 'with pagesize 16.0K'
+ '[' 'with pagesize 16.0K' = 'with pagesize 16.0K' ']'
+ write_ok database_page_size_is_16384
+ '[' -z database_page_size_is_16384 ']'
+ echo '----------------- 2 : OK ' database_page_size_is_16384
----------------- 2 : OK  database_page_size_is_16384
+ echo 'oos_dur01_negative_control-2 : OK ' database_page_size_is_16384
+ let 'case_no = case_no + 1'
++ cubrid paramdump -S t26659negc
+ paramdump_out='System parameters to be used by the client program.
#
# cubrid.conf
#

# system parameters were loaded from the files ([@section])
# /home/vimkim/.cub/install/oos-baseline-f4299ac0c/release_gcc/conf/cubrid.conf [@t26659negc]

# system parameters
[C ] error_log_level="notification" ("notification")
[C ] error_log_warning=n (n)
[C ] error_log_size=536870912 (536870912)
[C*] error_log="server/t26659negc_20260911_1507.err" ("cub_server.err")
[C ] index_scan_in_oid_order=n (n)
[C ] lock_timeout_in_secs=-1 (-1)
[C ] lock_timeout=-1 (-1)
[C ] isolation_level="tran_rep_class_commit_instance" ("tran_rep_class_commit_instance")
[C ] commit_on_shutdown=n (n)
[C ] csql_auto_commit=y (y)
[C ] garbage_collection=n (n)
[C*] cubrid_port_id=26659 (1523)
[C ] connection_timeout=5 (5)
[C ] optimization_level=1 (1)
[C ] db_hosts="" ("")
[C ] communication_histogram=n (n)
[C ] ansi_quotes=y (y)
[C ] default_week_format=0 (0)
[C ] only_full_group_by=n (n)
[C ] pipes_as_concat=y (y)
[C ] mysql_trigger_correlation_names=n (n)
[C ] require_like_escape_character=n (n)
[C ] no_backslash_escapes=y (y)
[C ] string_max_size_bytes=1.0M (1.0M)
[C ] add_column_update_hard_default=n (n)
[C ] return_null_on_function_errors=n (n)
[C ] alter_table_change_type_strict=y (y)
[C ] plus_as_concat=y (y)
[C ] oracle_style_empty_string=n (n)
[C ] call_stack_dump_on_error=n (n)
[C*] call_stack_dump_activation_list=-2,-7,-13,-14,-17,-19,-21,-22,-45,-46,-48,-50,-1381,-1383,-1384,-51,-52,-76,-78,-79,-81,-90,-96,-97,-313,-314,-407,-415,-416,-417,-583,-603,-836,-859,-890,-891,-976,-1040,-1075,-1131,-1084 ()
[C ] call_stack_dump_deactivation_list= ()
[C*] auto_restart_server=n (y)
[C ] max_plan_cache_entries=1000 (1000)
[C ] max_filter_pred_cache_entries=1000 (1000)
[C ] ha_mode="off" ("off")
[C*] ha_node_list="dev2@dev2" ("")
[C ] ha_replica_list="" ("")
[C ] ha_db_list="" ("")
[C ] ha_copy_log_base="" ("")
[C ] ha_copy_sync_mode="" ("")
[C ] ha_apply_max_mem_size=500 (500)
[C ] ha_port_id=59901 (59901)
[C ] ha_unacceptable_proc_restart_timediff=120.000 sec (120.000 sec)
[C ] ha_ping_hosts="" ("")
[C ] ha_applylogdb_retry_error_list= ()
[C ] ha_applylogdb_ignore_error_list= ()
[C ] ha_enable_sql_logging=n (n)
[C ] ha_sql_log_max_size_in_mbytes=50 (50)
[C ] ha_copy_log_max_archives=1 (1)
[C ] ha_replica_delay=0 msec (0 msec)
[C ] ha_replica_time_bound="" ("")
[C ] ha_applylogdb_max_commit_interval_in_msecs=500 (500)
[C ] ha_applylogdb_max_commit_interval=500 msec (500 msec)
[C ] ha_check_disk_failure_interval=15.000 sec (15.000 sec)
[C ] compat_primary_key=n (n)
[C ] intl_mbs_support=n (n)
[C ] block_nowhere_statement=n (n)
[C ] block_ddl_statement=n (n)
[C ] csql_history_num=50 (50)
[C ] error_log_production_mode=y (y)
[C ] tcp_keepalive=y (y)
[C ] csql_single_line_mode=n (n)
[C ] event_handler="" ("")
[C ] event_activation_list= ()
[C ] multi_range_optimization_limit=100 (100)
[C*] intl_number_lang="en_US" ("")
[C*] intl_date_lang="en_US" ("")
[C ] compat_mode="cubrid" ("cubrid")
[C ] db_volume_size=512.0M (512.0M)
[C ] log_volume_size=512.0M (512.0M)
[C ] unicode_input_normalization=n (n)
[C ] unicode_output_normalization=n (n)
[C ] intl_check_input_string=n (n)
[C ] check_peer_alive="both" ("both")
[C*] intl_collation="iso88591_bin" ("")
[C ] sort_limit_max_count=1000 (1000)
[C ] query_trace=n (n)
[C ] query_trace_format="text" ("text")
[C ] update_use_attribute_references=n (n)
[C ] max_hash_list_scan_size=8.0M (8.0M)
[C*] timezone="Asia/Seoul" ("")
[C*] server_timezone="Asia/Seoul" ("")
[C ] tz_leap_second_support=n (n)
[C ] ha_repl_filter_type="none" ("none")
[C ] ha_repl_filter_file="" ("")
[C ] extended_statistics_activation=15 (15)
[C ] enable_string_compression=y (y)
[C ] xasl_cache_time_threshold_in_minutes=360 (360)
[C ] cte_max_recursions=2000 (2000)
[C ] tde_keys_file_path="" ("")
[C ] tde_default_algorithm="aes" ("aes")
[C ] allow_truncated_string=n (n)
[C ] create_table_reuseoid=y (y)
[C ] ddl_audit_log=n (n)
[C ] ddl_audit_log_size=10.0M (10.0M)
[C ] supplemental_log=0 (0)
[C ] flashback_timeout=300 (300)
[C ] use_user_hosts=n (n)
[C ] regexp_engine="re2" ("re2")
[C ] oracle_compat_number_behavior=n (n)
[C ] ha_tcp_ping_hosts="" ("")
[C ] pl_transaction_control=n (n)
[C ] ha_sql_log_path="" ("")
[C ] deduplicate_key_level=-1 (-1)
[C ] print_index_detail=n (n)
[C ] ha_sql_log_max_count=2 (2)
[C ] enable_memory_monitoring=n (n)
[C ] stored_procedure_dump_icode=n (n)
[C ] dblink_auto_commit=y (y)
[C ] parallelism=4 (4)
[C ] memoize_memory_limit=2.0M (2.0M)
[C ] default_histogram_bucket_count=300 (300)
[C ] update_statistics_update_histogram=y (y)
[C ] auto_increment_cache_size=20 (20)
[C ] plan_cache_bind_sensitivity=n (n)

System parameters loaded by the server '\''t26659negc'\''
#
# cubrid.conf
#

# system parameters were loaded from the files ([@section])
# /home/vimkim/.cub/install/oos-baseline-f4299ac0c/release_gcc/conf/cubrid.conf [@t26659negc]

# system parameters
[S ] error_log_level="notification" ("notification")
[S ] error_log_warning=n (n)
[S ] error_log_size=536870912 (536870912)
[S*] error_log="server/t26659negc_20260911_1507.err" ("cub_server.err")
[S ] access_ip_control=n (n)
[S ] access_ip_control_file="" ("")
[S ] sort_buffer_pages=128 (128)
[S ] sort_buffer_size=2.0M (2.0M)
[S ] data_buffer_pages=32768 (32768)
[S ] data_buffer_size=512.0M (512.0M)
[S ] unfill_factor=0.100000 (0.100000)
[S ] index_unfill_factor=0.050000 (0.050000)
[S ] index_scan_oid_buffer_pages=4.000000 (4.000000)
[S ] index_scan_oid_buffer_size=64.0K (64.0K)
[S ] temp_file_max_size_in_pages=-1 (-1)
[S ] lock_escalation=100000 (100000)
[S ] rollback_on_lock_escalation=n (n)
[S ] deadlock_detection_interval_in_secs=1.000000 (1.000000)
[S ] log_buffer_pages=16384 (16384)
[S ] log_buffer_size=256.0M (256.0M)
[S ] checkpoint_every_npages=100000 (100000)
[S ] checkpoint_every_size=1.5G (1.5G)
[S ] checkpoint_interval_in_mins=6 (6)
[S ] checkpoint_interval=360.000 sec (360.000 sec)
[S ] background_archiving=y (y)
[S*] cubrid_port_id=26659 (1523)
[S ] max_clients=100 (100)
[S ] thread_stacksize=1.0M (1.0M)
[S ] backup_volume_max_size_bytes=0.0B (0.0B)
[S ] pthread_scope_process=y (y)
[S ] temp_file_memory_size_in_pages=4 (4)
[S ] index_scan_key_buffer_pages=20 (20)
[S ] index_scan_key_buffer_size=320.0K (320.0K)
[S ] dont_reuse_heap_file=n (n)
[S ] page_flush_interval_in_msecs=1000 (1000)
[S ] page_flush_interval=1.000 sec (1.000 sec)
[S ] adaptive_flush_control=y (y)
[S ] max_flush_pages_per_second=10000 (10000)
[S ] max_flush_size_per_second=156.2M (156.2M)
[S ] sync_on_nflush=200 (200)
[S ] sync_on_flush_size=3.1M (3.1M)
[S ] default_week_format=0 (0)
[S ] no_backslash_escapes=y (y)
[S ] group_concat_max_len=1.0K (1.0K)
[S ] string_max_size_bytes=1.0M (1.0M)
[S ] add_column_update_hard_default=n (n)
[S ] return_null_on_function_errors=n (n)
[S ] alter_table_change_type_strict=y (y)
[S ] compactdb_page_reclaim_only=0 (0)
[S ] plus_as_concat=y (y)
[S ] oracle_style_empty_string=n (n)
[S ] call_stack_dump_on_error=n (n)
[S*] call_stack_dump_activation_list=-2,-7,-13,-14,-17,-19,-21,-22,-45,-46,-48,-50,-1381,-1383,-1384,-51,-52,-76,-78,-79,-81,-90,-96,-97,-313,-314,-407,-415,-416,-417,-583,-603,-836,-859,-890,-891,-976,-1040,-1075,-1131,-1084 ()
[S ] call_stack_dump_deactivation_list= ()
[S ] max_plan_cache_entries=1000 (1000)
[S ] max_plan_cache_clones=1000 (1000)
[S ] plan_cache_timeout=-1 (-1)
[S ] plan_cache_logging=n (n)
[S ] max_filter_pred_cache_entries=1000 (1000)
[S ] max_query_cache_entries=0 (0)
[S ] query_cache_size_in_pages=0 (0)
[S ] use_orderby_sort_limit=y (y)
[S ] ha_mode="off" ("off")
[S*] ha_node_list="dev2@dev2" ("")
[S ] ha_copy_log_timeout=5 (5)
[S ] ha_delay_limit=0 msec (0 msec)
[S ] ha_delay_limit_delta=0 msec (0 msec)
[S ] async_commit=n (n)
[S ] group_commit_interval_in_msecs=0 (0)
[S ] log_compress=y (y)
[S ] error_log_production_mode=y (y)
[S ] tcp_keepalive=y (y)
[S*] log_max_archives=0 (2147483647)
[S ] force_remove_log_archives=y (y)
[S ] temp_volume_path="" ("")
[S ] volume_extension_path="" ("")
[S ] event_handler="" ("")
[S ] event_activation_list= ()
[S ] monitor_waiting_thread=0 (0)
[S*] service::service="server,broker,manager" ("")
[S ] service::server="" ("")
[S ] session_state_timeout=21600 (21600)
[S ] compat_mode="cubrid" ("cubrid")
[S ] db_volume_size=512.0M (512.0M)
[S ] log_volume_size=512.0M (512.0M)
[S ] intl_check_input_string=n (n)
[S ] check_peer_alive="both" ("both")
[S ] sql_trace_slow_msecs=-1 (-1)
[S ] sql_trace_slow=-1 (-1)
[S ] sql_trace_execution_plan=0 (0)
[S ] log_trace_flush_time=0 msec (0 msec)
[S ] sql_trace_ioread_pages=0 (0)
[S ] data_aout_ratio=0.000000 (0.000000)
[S ] max_agg_hash_size=2.0M (2.0M)
[S ] agg_hash_respect_order=y (y)
[S ] max_hash_list_scan_size=8.0M (8.0M)
[S ] lru_hot_ratio=0.400000 (0.400000)
[S ] lru_buffer_ratio=0.050000 (0.050000)
[S ] vacuum_master_interval_in_msecs=10 (10)
[S ] vacuum_log_block_pages=31 (31)
[S ] vacuum_worker_count=10 (10)
[S*] timezone="Asia/Seoul" ("")
[S*] server_timezone="Asia/Seoul" ("")
[S ] tz_leap_second_support=n (n)
[S ] data_buffer_neighbor_flush_nondirty=n (n)
[S ] data_buffer_neighbor_flush_pages=8 (8)
[S ] extended_statistics_activation=15 (15)
[S ] enable_string_compression=y (y)
[S ] xasl_cache_time_threshold_in_minutes=360 (360)
[S ] num_private_chains=-1 (-1)
[S ] cte_max_recursions=2000 (2000)
[S ] json_max_array_idx=65536 (65536)
[S ] thread_connection_pooling=y (y)
[S ] thread_connection_timeout_seconds=300 (300)
[S ] thread_worker_pooling=y (y)
[S ] thread_worker_timeout_seconds=300 (300)
[S ] double_write_buffer_size=2097152 (2097152)
[S ] data_file_os_advise=0 (0)
[S ] loaddb_worker_count=8 (8)
[S ] tde_keys_file_path="" ("")
[S ] tde_default_algorithm="aes" ("aes")
[S ] allow_truncated_string=n (n)
[S ] use_stat_estimation=n (n)
[S ] supplemental_log=0 (0)
[S ] recovery_progress_logging_interval=0 (0)
[S ] thread_core_count=1 (1)
[S ] use_user_hosts=n (n)
[S ] max_query_per_tran=100 (100)
[S ] regexp_engine="re2" ("re2")
[S ] oracle_compat_number_behavior=n (n)
[S ] pl_transaction_control=n (n)
[S ] vacuum_ovfp_check_duration=45000 (45000)
[S ] vacuum_ovfp_check_threshold=1000 (1000)
[S ] deduplicate_key_level=-1 (-1)
[S ] print_index_detail=n (n)
[S ] enable_memory_monitoring=n (n)
[S ] max_subquery_cache_size=2.0M (2.0M)
[S ] stored_procedure=y (y)
[S ] stored_procedure_port=0 (0)
[S ] stored_procedure_vm_options="" ("")
[S ] stored_procedure_uds=y (y)
[S ] stored_procedure_dump_icode=n (n)
[S ] dblink_auto_commit=y (y)
[S ] parallelism=4 (4)
[S ] max_parallel_workers=100 (100)
[S ] tcp_keepalive_idle=300 (300)
[S ] tcp_keepalive_interval=300 (300)
[S ] tcp_keepalive_count=3 (3)
[S ] max_request_worker=1 (1)
[S ] max_request_concurrency=1 (1)
[S ] max_connection_worker=2 (2)
[S ] min_connection_worker=2 (2)
[S ] auto_scaling_window_size=4 (4)
[S ] recv_budget_per_connection=16384 (16384)
[S ] send_budget_per_connection=32768 (32768)
[S ] memoize_memory_limit=2.0M (2.0M)
[S ] update_statistics_update_histogram=y (y)
[S ] hardware_affinity=n (n)
[S ] bestspace_shard_count=8 (8)
[S ] auto_increment_cache_size=20 (20)
[S ] statistics_sampling_threshold_pages=0 (0)
[S ] statistics_sample_pages=10000 (10000)'
+ echo 'System parameters to be used by the client program.
#
# cubrid.conf
#

# system parameters were loaded from the files ([@section])
# /home/vimkim/.cub/install/oos-baseline-f4299ac0c/release_gcc/conf/cubrid.conf [@t26659negc]

# system parameters
[C ] error_log_level="notification" ("notification")
[C ] error_log_warning=n (n)
[C ] error_log_size=536870912 (536870912)
[C*] error_log="server/t26659negc_20260911_1507.err" ("cub_server.err")
[C ] index_scan_in_oid_order=n (n)
[C ] lock_timeout_in_secs=-1 (-1)
[C ] lock_timeout=-1 (-1)
[C ] isolation_level="tran_rep_class_commit_instance" ("tran_rep_class_commit_instance")
[C ] commit_on_shutdown=n (n)
[C ] csql_auto_commit=y (y)
[C ] garbage_collection=n (n)
[C*] cubrid_port_id=26659 (1523)
[C ] connection_timeout=5 (5)
[C ] optimization_level=1 (1)
[C ] db_hosts="" ("")
[C ] communication_histogram=n (n)
[C ] ansi_quotes=y (y)
[C ] default_week_format=0 (0)
[C ] only_full_group_by=n (n)
[C ] pipes_as_concat=y (y)
[C ] mysql_trigger_correlation_names=n (n)
[C ] require_like_escape_character=n (n)
[C ] no_backslash_escapes=y (y)
[C ] string_max_size_bytes=1.0M (1.0M)
[C ] add_column_update_hard_default=n (n)
[C ] return_null_on_function_errors=n (n)
[C ] alter_table_change_type_strict=y (y)
[C ] plus_as_concat=y (y)
[C ] oracle_style_empty_string=n (n)
[C ] call_stack_dump_on_error=n (n)
[C*] call_stack_dump_activation_list=-2,-7,-13,-14,-17,-19,-21,-22,-45,-46,-48,-50,-1381,-1383,-1384,-51,-52,-76,-78,-79,-81,-90,-96,-97,-313,-314,-407,-415,-416,-417,-583,-603,-836,-859,-890,-891,-976,-1040,-1075,-1131,-1084 ()
[C ] call_stack_dump_deactivation_list= ()
[C*] auto_restart_server=n (y)
[C ] max_plan_cache_entries=1000 (1000)
[C ] max_filter_pred_cache_entries=1000 (1000)
[C ] ha_mode="off" ("off")
[C*] ha_node_list="dev2@dev2" ("")
[C ] ha_replica_list="" ("")
[C ] ha_db_list="" ("")
[C ] ha_copy_log_base="" ("")
[C ] ha_copy_sync_mode="" ("")
[C ] ha_apply_max_mem_size=500 (500)
[C ] ha_port_id=59901 (59901)
[C ] ha_unacceptable_proc_restart_timediff=120.000 sec (120.000 sec)
[C ] ha_ping_hosts="" ("")
[C ] ha_applylogdb_retry_error_list= ()
[C ] ha_applylogdb_ignore_error_list= ()
[C ] ha_enable_sql_logging=n (n)
[C ] ha_sql_log_max_size_in_mbytes=50 (50)
[C ] ha_copy_log_max_archives=1 (1)
[C ] ha_replica_delay=0 msec (0 msec)
[C ] ha_replica_time_bound="" ("")
[C ] ha_applylogdb_max_commit_interval_in_msecs=500 (500)
[C ] ha_applylogdb_max_commit_interval=500 msec (500 msec)
[C ] ha_check_disk_failure_interval=15.000 sec (15.000 sec)
[C ] compat_primary_key=n (n)
[C ] intl_mbs_support=n (n)
[C ] block_nowhere_statement=n (n)
[C ] block_ddl_statement=n (n)
[C ] csql_history_num=50 (50)
[C ] error_log_production_mode=y (y)
[C ] tcp_keepalive=y (y)
[C ] csql_single_line_mode=n (n)
[C ] event_handler="" ("")
[C ] event_activation_list= ()
[C ] multi_range_optimization_limit=100 (100)
[C*] intl_number_lang="en_US" ("")
[C*] intl_date_lang="en_US" ("")
[C ] compat_mode="cubrid" ("cubrid")
[C ] db_volume_size=512.0M (512.0M)
[C ] log_volume_size=512.0M (512.0M)
[C ] unicode_input_normalization=n (n)
[C ] unicode_output_normalization=n (n)
[C ] intl_check_input_string=n (n)
[C ] check_peer_alive="both" ("both")
[C*] intl_collation="iso88591_bin" ("")
[C ] sort_limit_max_count=1000 (1000)
[C ] query_trace=n (n)
[C ] query_trace_format="text" ("text")
[C ] update_use_attribute_references=n (n)
[C ] max_hash_list_scan_size=8.0M (8.0M)
[C*] timezone="Asia/Seoul" ("")
[C*] server_timezone="Asia/Seoul" ("")
[C ] tz_leap_second_support=n (n)
[C ] ha_repl_filter_type="none" ("none")
[C ] ha_repl_filter_file="" ("")
[C ] extended_statistics_activation=15 (15)
[C ] enable_string_compression=y (y)
[C ] xasl_cache_time_threshold_in_minutes=360 (360)
[C ] cte_max_recursions=2000 (2000)
[C ] tde_keys_file_path="" ("")
[C ] tde_default_algorithm="aes" ("aes")
[C ] allow_truncated_string=n (n)
[C ] create_table_reuseoid=y (y)
[C ] ddl_audit_log=n (n)
[C ] ddl_audit_log_size=10.0M (10.0M)
[C ] supplemental_log=0 (0)
[C ] flashback_timeout=300 (300)
[C ] use_user_hosts=n (n)
[C ] regexp_engine="re2" ("re2")
[C ] oracle_compat_number_behavior=n (n)
[C ] ha_tcp_ping_hosts="" ("")
[C ] pl_transaction_control=n (n)
[C ] ha_sql_log_path="" ("")
[C ] deduplicate_key_level=-1 (-1)
[C ] print_index_detail=n (n)
[C ] ha_sql_log_max_count=2 (2)
[C ] enable_memory_monitoring=n (n)
[C ] stored_procedure_dump_icode=n (n)
[C ] dblink_auto_commit=y (y)
[C ] parallelism=4 (4)
[C ] memoize_memory_limit=2.0M (2.0M)
[C ] default_histogram_bucket_count=300 (300)
[C ] update_statistics_update_histogram=y (y)
[C ] auto_increment_cache_size=20 (20)
[C ] plan_cache_bind_sensitivity=n (n)

System parameters loaded by the server '\''t26659negc'\''
#
# cubrid.conf
#

# system parameters were loaded from the files ([@section])
# /home/vimkim/.cub/install/oos-baseline-f4299ac0c/release_gcc/conf/cubrid.conf [@t26659negc]

# system parameters
[S ] error_log_level="notification" ("notification")
[S ] error_log_warning=n (n)
[S ] error_log_size=536870912 (536870912)
[S*] error_log="server/t26659negc_20260911_1507.err" ("cub_server.err")
[S ] access_ip_control=n (n)
[S ] access_ip_control_file="" ("")
[S ] sort_buffer_pages=128 (128)
[S ] sort_buffer_size=2.0M (2.0M)
[S ] data_buffer_pages=32768 (32768)
[S ] data_buffer_size=512.0M (512.0M)
[S ] unfill_factor=0.100000 (0.100000)
[S ] index_unfill_factor=0.050000 (0.050000)
[S ] index_scan_oid_buffer_pages=4.000000 (4.000000)
[S ] index_scan_oid_buffer_size=64.0K (64.0K)
[S ] temp_file_max_size_in_pages=-1 (-1)
[S ] lock_escalation=100000 (100000)
[S ] rollback_on_lock_escalation=n (n)
[S ] deadlock_detection_interval_in_secs=1.000000 (1.000000)
[S ] log_buffer_pages=16384 (16384)
[S ] log_buffer_size=256.0M (256.0M)
[S ] checkpoint_every_npages=100000 (100000)
[S ] checkpoint_every_size=1.5G (1.5G)
[S ] checkpoint_interval_in_mins=6 (6)
[S ] checkpoint_interval=360.000 sec (360.000 sec)
[S ] background_archiving=y (y)
[S*] cubrid_port_id=26659 (1523)
[S ] max_clients=100 (100)
[S ] thread_stacksize=1.0M (1.0M)
[S ] backup_volume_max_size_bytes=0.0B (0.0B)
[S ] pthread_scope_process=y (y)
[S ] temp_file_memory_size_in_pages=4 (4)
[S ] index_scan_key_buffer_pages=20 (20)
[S ] index_scan_key_buffer_size=320.0K (320.0K)
[S ] dont_reuse_heap_file=n (n)
[S ] page_flush_interval_in_msecs=1000 (1000)
[S ] page_flush_interval=1.000 sec (1.000 sec)
[S ] adaptive_flush_control=y (y)
[S ] max_flush_pages_per_second=10000 (10000)
[S ] max_flush_size_per_second=156.2M (156.2M)
[S ] sync_on_nflush=200 (200)
[S ] sync_on_flush_size=3.1M (3.1M)
[S ] default_week_format=0 (0)
[S ] no_backslash_escapes=y (y)
[S ] group_concat_max_len=1.0K (1.0K)
[S ] string_max_size_bytes=1.0M (1.0M)
[S ] add_column_update_hard_default=n (n)
[S ] return_null_on_function_errors=n (n)
[S ] alter_table_change_type_strict=y (y)
[S ] compactdb_page_reclaim_only=0 (0)
[S ] plus_as_concat=y (y)
[S ] oracle_style_empty_string=n (n)
[S ] call_stack_dump_on_error=n (n)
[S*] call_stack_dump_activation_list=-2,-7,-13,-14,-17,-19,-21,-22,-45,-46,-48,-50,-1381,-1383,-1384,-51,-52,-76,-78,-79,-81,-90,-96,-97,-313,-314,-407,-415,-416,-417,-583,-603,-836,-859,-890,-891,-976,-1040,-1075,-1131,-1084 ()
[S ] call_stack_dump_deactivation_list= ()
[S ] max_plan_cache_entries=1000 (1000)
[S ] max_plan_cache_clones=1000 (1000)
[S ] plan_cache_timeout=-1 (-1)
[S ] plan_cache_logging=n (n)
[S ] max_filter_pred_cache_entries=1000 (1000)
[S ] max_query_cache_entries=0 (0)
[S ] query_cache_size_in_pages=0 (0)
[S ] use_orderby_sort_limit=y (y)
[S ] ha_mode="off" ("off")
[S*] ha_node_list="dev2@dev2" ("")
[S ] ha_copy_log_timeout=5 (5)
[S ] ha_delay_limit=0 msec (0 msec)
[S ] ha_delay_limit_delta=0 msec (0 msec)
[S ] async_commit=n (n)
[S ] group_commit_interval_in_msecs=0 (0)
[S ] log_compress=y (y)
[S ] error_log_production_mode=y (y)
[S ] tcp_keepalive=y (y)
[S*] log_max_archives=0 (2147483647)
[S ] force_remove_log_archives=y (y)
[S ] temp_volume_path="" ("")
[S ] volume_extension_path="" ("")
[S ] event_handler="" ("")
[S ] event_activation_list= ()
[S ] monitor_waiting_thread=0 (0)
[S*] service::service="server,broker,manager" ("")
[S ] service::server="" ("")
[S ] session_state_timeout=21600 (21600)
[S ] compat_mode="cubrid" ("cubrid")
[S ] db_volume_size=512.0M (512.0M)
[S ] log_volume_size=512.0M (512.0M)
[S ] intl_check_input_string=n (n)
[S ] check_peer_alive="both" ("both")
[S ] sql_trace_slow_msecs=-1 (-1)
[S ] sql_trace_slow=-1 (-1)
[S ] sql_trace_execution_plan=0 (0)
[S ] log_trace_flush_time=0 msec (0 msec)
[S ] sql_trace_ioread_pages=0 (0)
[S ] data_aout_ratio=0.000000 (0.000000)
[S ] max_agg_hash_size=2.0M (2.0M)
[S ] agg_hash_respect_order=y (y)
[S ] max_hash_list_scan_size=8.0M (8.0M)
[S ] lru_hot_ratio=0.400000 (0.400000)
[S ] lru_buffer_ratio=0.050000 (0.050000)
[S ] vacuum_master_interval_in_msecs=10 (10)
[S ] vacuum_log_block_pages=31 (31)
[S ] vacuum_worker_count=10 (10)
[S*] timezone="Asia/Seoul" ("")
[S*] server_timezone="Asia/Seoul" ("")
[S ] tz_leap_second_support=n (n)
[S ] data_buffer_neighbor_flush_nondirty=n (n)
[S ] data_buffer_neighbor_flush_pages=8 (8)
[S ] extended_statistics_activation=15 (15)
[S ] enable_string_compression=y (y)
[S ] xasl_cache_time_threshold_in_minutes=360 (360)
[S ] num_private_chains=-1 (-1)
[S ] cte_max_recursions=2000 (2000)
[S ] json_max_array_idx=65536 (65536)
[S ] thread_connection_pooling=y (y)
[S ] thread_connection_timeout_seconds=300 (300)
[S ] thread_worker_pooling=y (y)
[S ] thread_worker_timeout_seconds=300 (300)
[S ] double_write_buffer_size=2097152 (2097152)
[S ] data_file_os_advise=0 (0)
[S ] loaddb_worker_count=8 (8)
[S ] tde_keys_file_path="" ("")
[S ] tde_default_algorithm="aes" ("aes")
[S ] allow_truncated_string=n (n)
[S ] use_stat_estimation=n (n)
[S ] supplemental_log=0 (0)
[S ] recovery_progress_logging_interval=0 (0)
[S ] thread_core_count=1 (1)
[S ] use_user_hosts=n (n)
[S ] max_query_per_tran=100 (100)
[S ] regexp_engine="re2" ("re2")
[S ] oracle_compat_number_behavior=n (n)
[S ] pl_transaction_control=n (n)
[S ] vacuum_ovfp_check_duration=45000 (45000)
[S ] vacuum_ovfp_check_threshold=1000 (1000)
[S ] deduplicate_key_level=-1 (-1)
[S ] print_index_detail=n (n)
[S ] enable_memory_monitoring=n (n)
[S ] max_subquery_cache_size=2.0M (2.0M)
[S ] stored_procedure=y (y)
[S ] stored_procedure_port=0 (0)
[S ] stored_procedure_vm_options="" ("")
[S ] stored_procedure_uds=y (y)
[S ] stored_procedure_dump_icode=n (n)
[S ] dblink_auto_commit=y (y)
[S ] parallelism=4 (4)
[S ] max_parallel_workers=100 (100)
[S ] tcp_keepalive_idle=300 (300)
[S ] tcp_keepalive_interval=300 (300)
[S ] tcp_keepalive_count=3 (3)
[S ] max_request_worker=1 (1)
[S ] max_request_concurrency=1 (1)
[S ] max_connection_worker=2 (2)
[S ] min_connection_worker=2 (2)
[S ] auto_scaling_window_size=4 (4)
[S ] recv_budget_per_connection=16384 (16384)
[S ] send_budget_per_connection=32768 (32768)
[S ] memoize_memory_limit=2.0M (2.0M)
[S ] update_statistics_update_histogram=y (y)
[S ] hardware_affinity=n (n)
[S ] bestspace_shard_count=8 (8)
[S ] auto_increment_cache_size=20 (20)
[S ] statistics_sampling_threshold_pages=0 (0)
[S ] statistics_sample_pages=10000 (10000)'
+ param_state=
+ for want in "async_commit=n" "group_commit_interval_in_msecs=0" "auto_restart_server=n"
+ grep -q 'async_commit=n '
+ echo 'System parameters to be used by the client program.
#
# cubrid.conf
#

# system parameters were loaded from the files ([@section])
# /home/vimkim/.cub/install/oos-baseline-f4299ac0c/release_gcc/conf/cubrid.conf [@t26659negc]

# system parameters
[C ] error_log_level="notification" ("notification")
[C ] error_log_warning=n (n)
[C ] error_log_size=536870912 (536870912)
[C*] error_log="server/t26659negc_20260911_1507.err" ("cub_server.err")
[C ] index_scan_in_oid_order=n (n)
[C ] lock_timeout_in_secs=-1 (-1)
[C ] lock_timeout=-1 (-1)
[C ] isolation_level="tran_rep_class_commit_instance" ("tran_rep_class_commit_instance")
[C ] commit_on_shutdown=n (n)
[C ] csql_auto_commit=y (y)
[C ] garbage_collection=n (n)
[C*] cubrid_port_id=26659 (1523)
[C ] connection_timeout=5 (5)
[C ] optimization_level=1 (1)
[C ] db_hosts="" ("")
[C ] communication_histogram=n (n)
[C ] ansi_quotes=y (y)
[C ] default_week_format=0 (0)
[C ] only_full_group_by=n (n)
[C ] pipes_as_concat=y (y)
[C ] mysql_trigger_correlation_names=n (n)
[C ] require_like_escape_character=n (n)
[C ] no_backslash_escapes=y (y)
[C ] string_max_size_bytes=1.0M (1.0M)
[C ] add_column_update_hard_default=n (n)
[C ] return_null_on_function_errors=n (n)
[C ] alter_table_change_type_strict=y (y)
[C ] plus_as_concat=y (y)
[C ] oracle_style_empty_string=n (n)
[C ] call_stack_dump_on_error=n (n)
[C*] call_stack_dump_activation_list=-2,-7,-13,-14,-17,-19,-21,-22,-45,-46,-48,-50,-1381,-1383,-1384,-51,-52,-76,-78,-79,-81,-90,-96,-97,-313,-314,-407,-415,-416,-417,-583,-603,-836,-859,-890,-891,-976,-1040,-1075,-1131,-1084 ()
[C ] call_stack_dump_deactivation_list= ()
[C*] auto_restart_server=n (y)
[C ] max_plan_cache_entries=1000 (1000)
[C ] max_filter_pred_cache_entries=1000 (1000)
[C ] ha_mode="off" ("off")
[C*] ha_node_list="dev2@dev2" ("")
[C ] ha_replica_list="" ("")
[C ] ha_db_list="" ("")
[C ] ha_copy_log_base="" ("")
[C ] ha_copy_sync_mode="" ("")
[C ] ha_apply_max_mem_size=500 (500)
[C ] ha_port_id=59901 (59901)
[C ] ha_unacceptable_proc_restart_timediff=120.000 sec (120.000 sec)
[C ] ha_ping_hosts="" ("")
[C ] ha_applylogdb_retry_error_list= ()
[C ] ha_applylogdb_ignore_error_list= ()
[C ] ha_enable_sql_logging=n (n)
[C ] ha_sql_log_max_size_in_mbytes=50 (50)
[C ] ha_copy_log_max_archives=1 (1)
[C ] ha_replica_delay=0 msec (0 msec)
[C ] ha_replica_time_bound="" ("")
[C ] ha_applylogdb_max_commit_interval_in_msecs=500 (500)
[C ] ha_applylogdb_max_commit_interval=500 msec (500 msec)
[C ] ha_check_disk_failure_interval=15.000 sec (15.000 sec)
[C ] compat_primary_key=n (n)
[C ] intl_mbs_support=n (n)
[C ] block_nowhere_statement=n (n)
[C ] block_ddl_statement=n (n)
[C ] csql_history_num=50 (50)
[C ] error_log_production_mode=y (y)
[C ] tcp_keepalive=y (y)
[C ] csql_single_line_mode=n (n)
[C ] event_handler="" ("")
[C ] event_activation_list= ()
[C ] multi_range_optimization_limit=100 (100)
[C*] intl_number_lang="en_US" ("")
[C*] intl_date_lang="en_US" ("")
[C ] compat_mode="cubrid" ("cubrid")
[C ] db_volume_size=512.0M (512.0M)
[C ] log_volume_size=512.0M (512.0M)
[C ] unicode_input_normalization=n (n)
[C ] unicode_output_normalization=n (n)
[C ] intl_check_input_string=n (n)
[C ] check_peer_alive="both" ("both")
[C*] intl_collation="iso88591_bin" ("")
[C ] sort_limit_max_count=1000 (1000)
[C ] query_trace=n (n)
[C ] query_trace_format="text" ("text")
[C ] update_use_attribute_references=n (n)
[C ] max_hash_list_scan_size=8.0M (8.0M)
[C*] timezone="Asia/Seoul" ("")
[C*] server_timezone="Asia/Seoul" ("")
[C ] tz_leap_second_support=n (n)
[C ] ha_repl_filter_type="none" ("none")
[C ] ha_repl_filter_file="" ("")
[C ] extended_statistics_activation=15 (15)
[C ] enable_string_compression=y (y)
[C ] xasl_cache_time_threshold_in_minutes=360 (360)
[C ] cte_max_recursions=2000 (2000)
[C ] tde_keys_file_path="" ("")
[C ] tde_default_algorithm="aes" ("aes")
[C ] allow_truncated_string=n (n)
[C ] create_table_reuseoid=y (y)
[C ] ddl_audit_log=n (n)
[C ] ddl_audit_log_size=10.0M (10.0M)
[C ] supplemental_log=0 (0)
[C ] flashback_timeout=300 (300)
[C ] use_user_hosts=n (n)
[C ] regexp_engine="re2" ("re2")
[C ] oracle_compat_number_behavior=n (n)
[C ] ha_tcp_ping_hosts="" ("")
[C ] pl_transaction_control=n (n)
[C ] ha_sql_log_path="" ("")
[C ] deduplicate_key_level=-1 (-1)
[C ] print_index_detail=n (n)
[C ] ha_sql_log_max_count=2 (2)
[C ] enable_memory_monitoring=n (n)
[C ] stored_procedure_dump_icode=n (n)
[C ] dblink_auto_commit=y (y)
[C ] parallelism=4 (4)
[C ] memoize_memory_limit=2.0M (2.0M)
[C ] default_histogram_bucket_count=300 (300)
[C ] update_statistics_update_histogram=y (y)
[C ] auto_increment_cache_size=20 (20)
[C ] plan_cache_bind_sensitivity=n (n)

System parameters loaded by the server '\''t26659negc'\''
#
# cubrid.conf
#

# system parameters were loaded from the files ([@section])
# /home/vimkim/.cub/install/oos-baseline-f4299ac0c/release_gcc/conf/cubrid.conf [@t26659negc]

# system parameters
[S ] error_log_level="notification" ("notification")
[S ] error_log_warning=n (n)
[S ] error_log_size=536870912 (536870912)
[S*] error_log="server/t26659negc_20260911_1507.err" ("cub_server.err")
[S ] access_ip_control=n (n)
[S ] access_ip_control_file="" ("")
[S ] sort_buffer_pages=128 (128)
[S ] sort_buffer_size=2.0M (2.0M)
[S ] data_buffer_pages=32768 (32768)
[S ] data_buffer_size=512.0M (512.0M)
[S ] unfill_factor=0.100000 (0.100000)
[S ] index_unfill_factor=0.050000 (0.050000)
[S ] index_scan_oid_buffer_pages=4.000000 (4.000000)
[S ] index_scan_oid_buffer_size=64.0K (64.0K)
[S ] temp_file_max_size_in_pages=-1 (-1)
[S ] lock_escalation=100000 (100000)
[S ] rollback_on_lock_escalation=n (n)
[S ] deadlock_detection_interval_in_secs=1.000000 (1.000000)
[S ] log_buffer_pages=16384 (16384)
[S ] log_buffer_size=256.0M (256.0M)
[S ] checkpoint_every_npages=100000 (100000)
[S ] checkpoint_every_size=1.5G (1.5G)
[S ] checkpoint_interval_in_mins=6 (6)
[S ] checkpoint_interval=360.000 sec (360.000 sec)
[S ] background_archiving=y (y)
[S*] cubrid_port_id=26659 (1523)
[S ] max_clients=100 (100)
[S ] thread_stacksize=1.0M (1.0M)
[S ] backup_volume_max_size_bytes=0.0B (0.0B)
[S ] pthread_scope_process=y (y)
[S ] temp_file_memory_size_in_pages=4 (4)
[S ] index_scan_key_buffer_pages=20 (20)
[S ] index_scan_key_buffer_size=320.0K (320.0K)
[S ] dont_reuse_heap_file=n (n)
[S ] page_flush_interval_in_msecs=1000 (1000)
[S ] page_flush_interval=1.000 sec (1.000 sec)
[S ] adaptive_flush_control=y (y)
[S ] max_flush_pages_per_second=10000 (10000)
[S ] max_flush_size_per_second=156.2M (156.2M)
[S ] sync_on_nflush=200 (200)
[S ] sync_on_flush_size=3.1M (3.1M)
[S ] default_week_format=0 (0)
[S ] no_backslash_escapes=y (y)
[S ] group_concat_max_len=1.0K (1.0K)
[S ] string_max_size_bytes=1.0M (1.0M)
[S ] add_column_update_hard_default=n (n)
[S ] return_null_on_function_errors=n (n)
[S ] alter_table_change_type_strict=y (y)
[S ] compactdb_page_reclaim_only=0 (0)
[S ] plus_as_concat=y (y)
[S ] oracle_style_empty_string=n (n)
[S ] call_stack_dump_on_error=n (n)
[S*] call_stack_dump_activation_list=-2,-7,-13,-14,-17,-19,-21,-22,-45,-46,-48,-50,-1381,-1383,-1384,-51,-52,-76,-78,-79,-81,-90,-96,-97,-313,-314,-407,-415,-416,-417,-583,-603,-836,-859,-890,-891,-976,-1040,-1075,-1131,-1084 ()
[S ] call_stack_dump_deactivation_list= ()
[S ] max_plan_cache_entries=1000 (1000)
[S ] max_plan_cache_clones=1000 (1000)
[S ] plan_cache_timeout=-1 (-1)
[S ] plan_cache_logging=n (n)
[S ] max_filter_pred_cache_entries=1000 (1000)
[S ] max_query_cache_entries=0 (0)
[S ] query_cache_size_in_pages=0 (0)
[S ] use_orderby_sort_limit=y (y)
[S ] ha_mode="off" ("off")
[S*] ha_node_list="dev2@dev2" ("")
[S ] ha_copy_log_timeout=5 (5)
[S ] ha_delay_limit=0 msec (0 msec)
[S ] ha_delay_limit_delta=0 msec (0 msec)
[S ] async_commit=n (n)
[S ] group_commit_interval_in_msecs=0 (0)
[S ] log_compress=y (y)
[S ] error_log_production_mode=y (y)
[S ] tcp_keepalive=y (y)
[S*] log_max_archives=0 (2147483647)
[S ] force_remove_log_archives=y (y)
[S ] temp_volume_path="" ("")
[S ] volume_extension_path="" ("")
[S ] event_handler="" ("")
[S ] event_activation_list= ()
[S ] monitor_waiting_thread=0 (0)
[S*] service::service="server,broker,manager" ("")
[S ] service::server="" ("")
[S ] session_state_timeout=21600 (21600)
[S ] compat_mode="cubrid" ("cubrid")
[S ] db_volume_size=512.0M (512.0M)
[S ] log_volume_size=512.0M (512.0M)
[S ] intl_check_input_string=n (n)
[S ] check_peer_alive="both" ("both")
[S ] sql_trace_slow_msecs=-1 (-1)
[S ] sql_trace_slow=-1 (-1)
[S ] sql_trace_execution_plan=0 (0)
[S ] log_trace_flush_time=0 msec (0 msec)
[S ] sql_trace_ioread_pages=0 (0)
[S ] data_aout_ratio=0.000000 (0.000000)
[S ] max_agg_hash_size=2.0M (2.0M)
[S ] agg_hash_respect_order=y (y)
[S ] max_hash_list_scan_size=8.0M (8.0M)
[S ] lru_hot_ratio=0.400000 (0.400000)
[S ] lru_buffer_ratio=0.050000 (0.050000)
[S ] vacuum_master_interval_in_msecs=10 (10)
[S ] vacuum_log_block_pages=31 (31)
[S ] vacuum_worker_count=10 (10)
[S*] timezone="Asia/Seoul" ("")
[S*] server_timezone="Asia/Seoul" ("")
[S ] tz_leap_second_support=n (n)
[S ] data_buffer_neighbor_flush_nondirty=n (n)
[S ] data_buffer_neighbor_flush_pages=8 (8)
[S ] extended_statistics_activation=15 (15)
[S ] enable_string_compression=y (y)
[S ] xasl_cache_time_threshold_in_minutes=360 (360)
[S ] num_private_chains=-1 (-1)
[S ] cte_max_recursions=2000 (2000)
[S ] json_max_array_idx=65536 (65536)
[S ] thread_connection_pooling=y (y)
[S ] thread_connection_timeout_seconds=300 (300)
[S ] thread_worker_pooling=y (y)
[S ] thread_worker_timeout_seconds=300 (300)
[S ] double_write_buffer_size=2097152 (2097152)
[S ] data_file_os_advise=0 (0)
[S ] loaddb_worker_count=8 (8)
[S ] tde_keys_file_path="" ("")
[S ] tde_default_algorithm="aes" ("aes")
[S ] allow_truncated_string=n (n)
[S ] use_stat_estimation=n (n)
[S ] supplemental_log=0 (0)
[S ] recovery_progress_logging_interval=0 (0)
[S ] thread_core_count=1 (1)
[S ] use_user_hosts=n (n)
[S ] max_query_per_tran=100 (100)
[S ] regexp_engine="re2" ("re2")
[S ] oracle_compat_number_behavior=n (n)
[S ] pl_transaction_control=n (n)
[S ] vacuum_ovfp_check_duration=45000 (45000)
[S ] vacuum_ovfp_check_threshold=1000 (1000)
[S ] deduplicate_key_level=-1 (-1)
[S ] print_index_detail=n (n)
[S ] enable_memory_monitoring=n (n)
[S ] max_subquery_cache_size=2.0M (2.0M)
[S ] stored_procedure=y (y)
[S ] stored_procedure_port=0 (0)
[S ] stored_procedure_vm_options="" ("")
[S ] stored_procedure_uds=y (y)
[S ] stored_procedure_dump_icode=n (n)
[S ] dblink_auto_commit=y (y)
[S ] parallelism=4 (4)
[S ] max_parallel_workers=100 (100)
[S ] tcp_keepalive_idle=300 (300)
[S ] tcp_keepalive_interval=300 (300)
[S ] tcp_keepalive_count=3 (3)
[S ] max_request_worker=1 (1)
[S ] max_request_concurrency=1 (1)
[S ] max_connection_worker=2 (2)
[S ] min_connection_worker=2 (2)
[S ] auto_scaling_window_size=4 (4)
[S ] recv_budget_per_connection=16384 (16384)
[S ] send_budget_per_connection=32768 (32768)
[S ] memoize_memory_limit=2.0M (2.0M)
[S ] update_statistics_update_histogram=y (y)
[S ] hardware_affinity=n (n)
[S ] bestspace_shard_count=8 (8)
[S ] auto_increment_cache_size=20 (20)
[S ] statistics_sampling_threshold_pages=0 (0)
[S ] statistics_sample_pages=10000 (10000)'
+ param_state='async_commit=n '
+ for want in "async_commit=n" "group_commit_interval_in_msecs=0" "auto_restart_server=n"
+ grep -q 'group_commit_interval_in_msecs=0 '
+ echo 'System parameters to be used by the client program.
#
# cubrid.conf
#

# system parameters were loaded from the files ([@section])
# /home/vimkim/.cub/install/oos-baseline-f4299ac0c/release_gcc/conf/cubrid.conf [@t26659negc]

# system parameters
[C ] error_log_level="notification" ("notification")
[C ] error_log_warning=n (n)
[C ] error_log_size=536870912 (536870912)
[C*] error_log="server/t26659negc_20260911_1507.err" ("cub_server.err")
[C ] index_scan_in_oid_order=n (n)
[C ] lock_timeout_in_secs=-1 (-1)
[C ] lock_timeout=-1 (-1)
[C ] isolation_level="tran_rep_class_commit_instance" ("tran_rep_class_commit_instance")
[C ] commit_on_shutdown=n (n)
[C ] csql_auto_commit=y (y)
[C ] garbage_collection=n (n)
[C*] cubrid_port_id=26659 (1523)
[C ] connection_timeout=5 (5)
[C ] optimization_level=1 (1)
[C ] db_hosts="" ("")
[C ] communication_histogram=n (n)
[C ] ansi_quotes=y (y)
[C ] default_week_format=0 (0)
[C ] only_full_group_by=n (n)
[C ] pipes_as_concat=y (y)
[C ] mysql_trigger_correlation_names=n (n)
[C ] require_like_escape_character=n (n)
[C ] no_backslash_escapes=y (y)
[C ] string_max_size_bytes=1.0M (1.0M)
[C ] add_column_update_hard_default=n (n)
[C ] return_null_on_function_errors=n (n)
[C ] alter_table_change_type_strict=y (y)
[C ] plus_as_concat=y (y)
[C ] oracle_style_empty_string=n (n)
[C ] call_stack_dump_on_error=n (n)
[C*] call_stack_dump_activation_list=-2,-7,-13,-14,-17,-19,-21,-22,-45,-46,-48,-50,-1381,-1383,-1384,-51,-52,-76,-78,-79,-81,-90,-96,-97,-313,-314,-407,-415,-416,-417,-583,-603,-836,-859,-890,-891,-976,-1040,-1075,-1131,-1084 ()
[C ] call_stack_dump_deactivation_list= ()
[C*] auto_restart_server=n (y)
[C ] max_plan_cache_entries=1000 (1000)
[C ] max_filter_pred_cache_entries=1000 (1000)
[C ] ha_mode="off" ("off")
[C*] ha_node_list="dev2@dev2" ("")
[C ] ha_replica_list="" ("")
[C ] ha_db_list="" ("")
[C ] ha_copy_log_base="" ("")
[C ] ha_copy_sync_mode="" ("")
[C ] ha_apply_max_mem_size=500 (500)
[C ] ha_port_id=59901 (59901)
[C ] ha_unacceptable_proc_restart_timediff=120.000 sec (120.000 sec)
[C ] ha_ping_hosts="" ("")
[C ] ha_applylogdb_retry_error_list= ()
[C ] ha_applylogdb_ignore_error_list= ()
[C ] ha_enable_sql_logging=n (n)
[C ] ha_sql_log_max_size_in_mbytes=50 (50)
[C ] ha_copy_log_max_archives=1 (1)
[C ] ha_replica_delay=0 msec (0 msec)
[C ] ha_replica_time_bound="" ("")
[C ] ha_applylogdb_max_commit_interval_in_msecs=500 (500)
[C ] ha_applylogdb_max_commit_interval=500 msec (500 msec)
[C ] ha_check_disk_failure_interval=15.000 sec (15.000 sec)
[C ] compat_primary_key=n (n)
[C ] intl_mbs_support=n (n)
[C ] block_nowhere_statement=n (n)
[C ] block_ddl_statement=n (n)
[C ] csql_history_num=50 (50)
[C ] error_log_production_mode=y (y)
[C ] tcp_keepalive=y (y)
[C ] csql_single_line_mode=n (n)
[C ] event_handler="" ("")
[C ] event_activation_list= ()
[C ] multi_range_optimization_limit=100 (100)
[C*] intl_number_lang="en_US" ("")
[C*] intl_date_lang="en_US" ("")
[C ] compat_mode="cubrid" ("cubrid")
[C ] db_volume_size=512.0M (512.0M)
[C ] log_volume_size=512.0M (512.0M)
[C ] unicode_input_normalization=n (n)
[C ] unicode_output_normalization=n (n)
[C ] intl_check_input_string=n (n)
[C ] check_peer_alive="both" ("both")
[C*] intl_collation="iso88591_bin" ("")
[C ] sort_limit_max_count=1000 (1000)
[C ] query_trace=n (n)
[C ] query_trace_format="text" ("text")
[C ] update_use_attribute_references=n (n)
[C ] max_hash_list_scan_size=8.0M (8.0M)
[C*] timezone="Asia/Seoul" ("")
[C*] server_timezone="Asia/Seoul" ("")
[C ] tz_leap_second_support=n (n)
[C ] ha_repl_filter_type="none" ("none")
[C ] ha_repl_filter_file="" ("")
[C ] extended_statistics_activation=15 (15)
[C ] enable_string_compression=y (y)
[C ] xasl_cache_time_threshold_in_minutes=360 (360)
[C ] cte_max_recursions=2000 (2000)
[C ] tde_keys_file_path="" ("")
[C ] tde_default_algorithm="aes" ("aes")
[C ] allow_truncated_string=n (n)
[C ] create_table_reuseoid=y (y)
[C ] ddl_audit_log=n (n)
[C ] ddl_audit_log_size=10.0M (10.0M)
[C ] supplemental_log=0 (0)
[C ] flashback_timeout=300 (300)
[C ] use_user_hosts=n (n)
[C ] regexp_engine="re2" ("re2")
[C ] oracle_compat_number_behavior=n (n)
[C ] ha_tcp_ping_hosts="" ("")
[C ] pl_transaction_control=n (n)
[C ] ha_sql_log_path="" ("")
[C ] deduplicate_key_level=-1 (-1)
[C ] print_index_detail=n (n)
[C ] ha_sql_log_max_count=2 (2)
[C ] enable_memory_monitoring=n (n)
[C ] stored_procedure_dump_icode=n (n)
[C ] dblink_auto_commit=y (y)
[C ] parallelism=4 (4)
[C ] memoize_memory_limit=2.0M (2.0M)
[C ] default_histogram_bucket_count=300 (300)
[C ] update_statistics_update_histogram=y (y)
[C ] auto_increment_cache_size=20 (20)
[C ] plan_cache_bind_sensitivity=n (n)

System parameters loaded by the server '\''t26659negc'\''
#
# cubrid.conf
#

# system parameters were loaded from the files ([@section])
# /home/vimkim/.cub/install/oos-baseline-f4299ac0c/release_gcc/conf/cubrid.conf [@t26659negc]

# system parameters
[S ] error_log_level="notification" ("notification")
[S ] error_log_warning=n (n)
[S ] error_log_size=536870912 (536870912)
[S*] error_log="server/t26659negc_20260911_1507.err" ("cub_server.err")
[S ] access_ip_control=n (n)
[S ] access_ip_control_file="" ("")
[S ] sort_buffer_pages=128 (128)
[S ] sort_buffer_size=2.0M (2.0M)
[S ] data_buffer_pages=32768 (32768)
[S ] data_buffer_size=512.0M (512.0M)
[S ] unfill_factor=0.100000 (0.100000)
[S ] index_unfill_factor=0.050000 (0.050000)
[S ] index_scan_oid_buffer_pages=4.000000 (4.000000)
[S ] index_scan_oid_buffer_size=64.0K (64.0K)
[S ] temp_file_max_size_in_pages=-1 (-1)
[S ] lock_escalation=100000 (100000)
[S ] rollback_on_lock_escalation=n (n)
[S ] deadlock_detection_interval_in_secs=1.000000 (1.000000)
[S ] log_buffer_pages=16384 (16384)
[S ] log_buffer_size=256.0M (256.0M)
[S ] checkpoint_every_npages=100000 (100000)
[S ] checkpoint_every_size=1.5G (1.5G)
[S ] checkpoint_interval_in_mins=6 (6)
[S ] checkpoint_interval=360.000 sec (360.000 sec)
[S ] background_archiving=y (y)
[S*] cubrid_port_id=26659 (1523)
[S ] max_clients=100 (100)
[S ] thread_stacksize=1.0M (1.0M)
[S ] backup_volume_max_size_bytes=0.0B (0.0B)
[S ] pthread_scope_process=y (y)
[S ] temp_file_memory_size_in_pages=4 (4)
[S ] index_scan_key_buffer_pages=20 (20)
[S ] index_scan_key_buffer_size=320.0K (320.0K)
[S ] dont_reuse_heap_file=n (n)
[S ] page_flush_interval_in_msecs=1000 (1000)
[S ] page_flush_interval=1.000 sec (1.000 sec)
[S ] adaptive_flush_control=y (y)
[S ] max_flush_pages_per_second=10000 (10000)
[S ] max_flush_size_per_second=156.2M (156.2M)
[S ] sync_on_nflush=200 (200)
[S ] sync_on_flush_size=3.1M (3.1M)
[S ] default_week_format=0 (0)
[S ] no_backslash_escapes=y (y)
[S ] group_concat_max_len=1.0K (1.0K)
[S ] string_max_size_bytes=1.0M (1.0M)
[S ] add_column_update_hard_default=n (n)
[S ] return_null_on_function_errors=n (n)
[S ] alter_table_change_type_strict=y (y)
[S ] compactdb_page_reclaim_only=0 (0)
[S ] plus_as_concat=y (y)
[S ] oracle_style_empty_string=n (n)
[S ] call_stack_dump_on_error=n (n)
[S*] call_stack_dump_activation_list=-2,-7,-13,-14,-17,-19,-21,-22,-45,-46,-48,-50,-1381,-1383,-1384,-51,-52,-76,-78,-79,-81,-90,-96,-97,-313,-314,-407,-415,-416,-417,-583,-603,-836,-859,-890,-891,-976,-1040,-1075,-1131,-1084 ()
[S ] call_stack_dump_deactivation_list= ()
[S ] max_plan_cache_entries=1000 (1000)
[S ] max_plan_cache_clones=1000 (1000)
[S ] plan_cache_timeout=-1 (-1)
[S ] plan_cache_logging=n (n)
[S ] max_filter_pred_cache_entries=1000 (1000)
[S ] max_query_cache_entries=0 (0)
[S ] query_cache_size_in_pages=0 (0)
[S ] use_orderby_sort_limit=y (y)
[S ] ha_mode="off" ("off")
[S*] ha_node_list="dev2@dev2" ("")
[S ] ha_copy_log_timeout=5 (5)
[S ] ha_delay_limit=0 msec (0 msec)
[S ] ha_delay_limit_delta=0 msec (0 msec)
[S ] async_commit=n (n)
[S ] group_commit_interval_in_msecs=0 (0)
[S ] log_compress=y (y)
[S ] error_log_production_mode=y (y)
[S ] tcp_keepalive=y (y)
[S*] log_max_archives=0 (2147483647)
[S ] force_remove_log_archives=y (y)
[S ] temp_volume_path="" ("")
[S ] volume_extension_path="" ("")
[S ] event_handler="" ("")
[S ] event_activation_list= ()
[S ] monitor_waiting_thread=0 (0)
[S*] service::service="server,broker,manager" ("")
[S ] service::server="" ("")
[S ] session_state_timeout=21600 (21600)
[S ] compat_mode="cubrid" ("cubrid")
[S ] db_volume_size=512.0M (512.0M)
[S ] log_volume_size=512.0M (512.0M)
[S ] intl_check_input_string=n (n)
[S ] check_peer_alive="both" ("both")
[S ] sql_trace_slow_msecs=-1 (-1)
[S ] sql_trace_slow=-1 (-1)
[S ] sql_trace_execution_plan=0 (0)
[S ] log_trace_flush_time=0 msec (0 msec)
[S ] sql_trace_ioread_pages=0 (0)
[S ] data_aout_ratio=0.000000 (0.000000)
[S ] max_agg_hash_size=2.0M (2.0M)
[S ] agg_hash_respect_order=y (y)
[S ] max_hash_list_scan_size=8.0M (8.0M)
[S ] lru_hot_ratio=0.400000 (0.400000)
[S ] lru_buffer_ratio=0.050000 (0.050000)
[S ] vacuum_master_interval_in_msecs=10 (10)
[S ] vacuum_log_block_pages=31 (31)
[S ] vacuum_worker_count=10 (10)
[S*] timezone="Asia/Seoul" ("")
[S*] server_timezone="Asia/Seoul" ("")
[S ] tz_leap_second_support=n (n)
[S ] data_buffer_neighbor_flush_nondirty=n (n)
[S ] data_buffer_neighbor_flush_pages=8 (8)
[S ] extended_statistics_activation=15 (15)
[S ] enable_string_compression=y (y)
[S ] xasl_cache_time_threshold_in_minutes=360 (360)
[S ] num_private_chains=-1 (-1)
[S ] cte_max_recursions=2000 (2000)
[S ] json_max_array_idx=65536 (65536)
[S ] thread_connection_pooling=y (y)
[S ] thread_connection_timeout_seconds=300 (300)
[S ] thread_worker_pooling=y (y)
[S ] thread_worker_timeout_seconds=300 (300)
[S ] double_write_buffer_size=2097152 (2097152)
[S ] data_file_os_advise=0 (0)
[S ] loaddb_worker_count=8 (8)
[S ] tde_keys_file_path="" ("")
[S ] tde_default_algorithm="aes" ("aes")
[S ] allow_truncated_string=n (n)
[S ] use_stat_estimation=n (n)
[S ] supplemental_log=0 (0)
[S ] recovery_progress_logging_interval=0 (0)
[S ] thread_core_count=1 (1)
[S ] use_user_hosts=n (n)
[S ] max_query_per_tran=100 (100)
[S ] regexp_engine="re2" ("re2")
[S ] oracle_compat_number_behavior=n (n)
[S ] pl_transaction_control=n (n)
[S ] vacuum_ovfp_check_duration=45000 (45000)
[S ] vacuum_ovfp_check_threshold=1000 (1000)
[S ] deduplicate_key_level=-1 (-1)
[S ] print_index_detail=n (n)
[S ] enable_memory_monitoring=n (n)
[S ] max_subquery_cache_size=2.0M (2.0M)
[S ] stored_procedure=y (y)
[S ] stored_procedure_port=0 (0)
[S ] stored_procedure_vm_options="" ("")
[S ] stored_procedure_uds=y (y)
[S ] stored_procedure_dump_icode=n (n)
[S ] dblink_auto_commit=y (y)
[S ] parallelism=4 (4)
[S ] max_parallel_workers=100 (100)
[S ] tcp_keepalive_idle=300 (300)
[S ] tcp_keepalive_interval=300 (300)
[S ] tcp_keepalive_count=3 (3)
[S ] max_request_worker=1 (1)
[S ] max_request_concurrency=1 (1)
[S ] max_connection_worker=2 (2)
[S ] min_connection_worker=2 (2)
[S ] auto_scaling_window_size=4 (4)
[S ] recv_budget_per_connection=16384 (16384)
[S ] send_budget_per_connection=32768 (32768)
[S ] memoize_memory_limit=2.0M (2.0M)
[S ] update_statistics_update_histogram=y (y)
[S ] hardware_affinity=n (n)
[S ] bestspace_shard_count=8 (8)
[S ] auto_increment_cache_size=20 (20)
[S ] statistics_sampling_threshold_pages=0 (0)
[S ] statistics_sample_pages=10000 (10000)'
+ param_state='async_commit=n group_commit_interval_in_msecs=0 '
+ for want in "async_commit=n" "group_commit_interval_in_msecs=0" "auto_restart_server=n"
+ grep -q 'auto_restart_server=n '
+ echo 'System parameters to be used by the client program.
#
# cubrid.conf
#

# system parameters were loaded from the files ([@section])
# /home/vimkim/.cub/install/oos-baseline-f4299ac0c/release_gcc/conf/cubrid.conf [@t26659negc]

# system parameters
[C ] error_log_level="notification" ("notification")
[C ] error_log_warning=n (n)
[C ] error_log_size=536870912 (536870912)
[C*] error_log="server/t26659negc_20260911_1507.err" ("cub_server.err")
[C ] index_scan_in_oid_order=n (n)
[C ] lock_timeout_in_secs=-1 (-1)
[C ] lock_timeout=-1 (-1)
[C ] isolation_level="tran_rep_class_commit_instance" ("tran_rep_class_commit_instance")
[C ] commit_on_shutdown=n (n)
[C ] csql_auto_commit=y (y)
[C ] garbage_collection=n (n)
[C*] cubrid_port_id=26659 (1523)
[C ] connection_timeout=5 (5)
[C ] optimization_level=1 (1)
[C ] db_hosts="" ("")
[C ] communication_histogram=n (n)
[C ] ansi_quotes=y (y)
[C ] default_week_format=0 (0)
[C ] only_full_group_by=n (n)
[C ] pipes_as_concat=y (y)
[C ] mysql_trigger_correlation_names=n (n)
[C ] require_like_escape_character=n (n)
[C ] no_backslash_escapes=y (y)
[C ] string_max_size_bytes=1.0M (1.0M)
[C ] add_column_update_hard_default=n (n)
[C ] return_null_on_function_errors=n (n)
[C ] alter_table_change_type_strict=y (y)
[C ] plus_as_concat=y (y)
[C ] oracle_style_empty_string=n (n)
[C ] call_stack_dump_on_error=n (n)
[C*] call_stack_dump_activation_list=-2,-7,-13,-14,-17,-19,-21,-22,-45,-46,-48,-50,-1381,-1383,-1384,-51,-52,-76,-78,-79,-81,-90,-96,-97,-313,-314,-407,-415,-416,-417,-583,-603,-836,-859,-890,-891,-976,-1040,-1075,-1131,-1084 ()
[C ] call_stack_dump_deactivation_list= ()
[C*] auto_restart_server=n (y)
[C ] max_plan_cache_entries=1000 (1000)
[C ] max_filter_pred_cache_entries=1000 (1000)
[C ] ha_mode="off" ("off")
[C*] ha_node_list="dev2@dev2" ("")
[C ] ha_replica_list="" ("")
[C ] ha_db_list="" ("")
[C ] ha_copy_log_base="" ("")
[C ] ha_copy_sync_mode="" ("")
[C ] ha_apply_max_mem_size=500 (500)
[C ] ha_port_id=59901 (59901)
[C ] ha_unacceptable_proc_restart_timediff=120.000 sec (120.000 sec)
[C ] ha_ping_hosts="" ("")
[C ] ha_applylogdb_retry_error_list= ()
[C ] ha_applylogdb_ignore_error_list= ()
[C ] ha_enable_sql_logging=n (n)
[C ] ha_sql_log_max_size_in_mbytes=50 (50)
[C ] ha_copy_log_max_archives=1 (1)
[C ] ha_replica_delay=0 msec (0 msec)
[C ] ha_replica_time_bound="" ("")
[C ] ha_applylogdb_max_commit_interval_in_msecs=500 (500)
[C ] ha_applylogdb_max_commit_interval=500 msec (500 msec)
[C ] ha_check_disk_failure_interval=15.000 sec (15.000 sec)
[C ] compat_primary_key=n (n)
[C ] intl_mbs_support=n (n)
[C ] block_nowhere_statement=n (n)
[C ] block_ddl_statement=n (n)
[C ] csql_history_num=50 (50)
[C ] error_log_production_mode=y (y)
[C ] tcp_keepalive=y (y)
[C ] csql_single_line_mode=n (n)
[C ] event_handler="" ("")
[C ] event_activation_list= ()
[C ] multi_range_optimization_limit=100 (100)
[C*] intl_number_lang="en_US" ("")
[C*] intl_date_lang="en_US" ("")
[C ] compat_mode="cubrid" ("cubrid")
[C ] db_volume_size=512.0M (512.0M)
[C ] log_volume_size=512.0M (512.0M)
[C ] unicode_input_normalization=n (n)
[C ] unicode_output_normalization=n (n)
[C ] intl_check_input_string=n (n)
[C ] check_peer_alive="both" ("both")
[C*] intl_collation="iso88591_bin" ("")
[C ] sort_limit_max_count=1000 (1000)
[C ] query_trace=n (n)
[C ] query_trace_format="text" ("text")
[C ] update_use_attribute_references=n (n)
[C ] max_hash_list_scan_size=8.0M (8.0M)
[C*] timezone="Asia/Seoul" ("")
[C*] server_timezone="Asia/Seoul" ("")
[C ] tz_leap_second_support=n (n)
[C ] ha_repl_filter_type="none" ("none")
[C ] ha_repl_filter_file="" ("")
[C ] extended_statistics_activation=15 (15)
[C ] enable_string_compression=y (y)
[C ] xasl_cache_time_threshold_in_minutes=360 (360)
[C ] cte_max_recursions=2000 (2000)
[C ] tde_keys_file_path="" ("")
[C ] tde_default_algorithm="aes" ("aes")
[C ] allow_truncated_string=n (n)
[C ] create_table_reuseoid=y (y)
[C ] ddl_audit_log=n (n)
[C ] ddl_audit_log_size=10.0M (10.0M)
[C ] supplemental_log=0 (0)
[C ] flashback_timeout=300 (300)
[C ] use_user_hosts=n (n)
[C ] regexp_engine="re2" ("re2")
[C ] oracle_compat_number_behavior=n (n)
[C ] ha_tcp_ping_hosts="" ("")
[C ] pl_transaction_control=n (n)
[C ] ha_sql_log_path="" ("")
[C ] deduplicate_key_level=-1 (-1)
[C ] print_index_detail=n (n)
[C ] ha_sql_log_max_count=2 (2)
[C ] enable_memory_monitoring=n (n)
[C ] stored_procedure_dump_icode=n (n)
[C ] dblink_auto_commit=y (y)
[C ] parallelism=4 (4)
[C ] memoize_memory_limit=2.0M (2.0M)
[C ] default_histogram_bucket_count=300 (300)
[C ] update_statistics_update_histogram=y (y)
[C ] auto_increment_cache_size=20 (20)
[C ] plan_cache_bind_sensitivity=n (n)

System parameters loaded by the server '\''t26659negc'\''
#
# cubrid.conf
#

# system parameters were loaded from the files ([@section])
# /home/vimkim/.cub/install/oos-baseline-f4299ac0c/release_gcc/conf/cubrid.conf [@t26659negc]

# system parameters
[S ] error_log_level="notification" ("notification")
[S ] error_log_warning=n (n)
[S ] error_log_size=536870912 (536870912)
[S*] error_log="server/t26659negc_20260911_1507.err" ("cub_server.err")
[S ] access_ip_control=n (n)
[S ] access_ip_control_file="" ("")
[S ] sort_buffer_pages=128 (128)
[S ] sort_buffer_size=2.0M (2.0M)
[S ] data_buffer_pages=32768 (32768)
[S ] data_buffer_size=512.0M (512.0M)
[S ] unfill_factor=0.100000 (0.100000)
[S ] index_unfill_factor=0.050000 (0.050000)
[S ] index_scan_oid_buffer_pages=4.000000 (4.000000)
[S ] index_scan_oid_buffer_size=64.0K (64.0K)
[S ] temp_file_max_size_in_pages=-1 (-1)
[S ] lock_escalation=100000 (100000)
[S ] rollback_on_lock_escalation=n (n)
[S ] deadlock_detection_interval_in_secs=1.000000 (1.000000)
[S ] log_buffer_pages=16384 (16384)
[S ] log_buffer_size=256.0M (256.0M)
[S ] checkpoint_every_npages=100000 (100000)
[S ] checkpoint_every_size=1.5G (1.5G)
[S ] checkpoint_interval_in_mins=6 (6)
[S ] checkpoint_interval=360.000 sec (360.000 sec)
[S ] background_archiving=y (y)
[S*] cubrid_port_id=26659 (1523)
[S ] max_clients=100 (100)
[S ] thread_stacksize=1.0M (1.0M)
[S ] backup_volume_max_size_bytes=0.0B (0.0B)
[S ] pthread_scope_process=y (y)
[S ] temp_file_memory_size_in_pages=4 (4)
[S ] index_scan_key_buffer_pages=20 (20)
[S ] index_scan_key_buffer_size=320.0K (320.0K)
[S ] dont_reuse_heap_file=n (n)
[S ] page_flush_interval_in_msecs=1000 (1000)
[S ] page_flush_interval=1.000 sec (1.000 sec)
[S ] adaptive_flush_control=y (y)
[S ] max_flush_pages_per_second=10000 (10000)
[S ] max_flush_size_per_second=156.2M (156.2M)
[S ] sync_on_nflush=200 (200)
[S ] sync_on_flush_size=3.1M (3.1M)
[S ] default_week_format=0 (0)
[S ] no_backslash_escapes=y (y)
[S ] group_concat_max_len=1.0K (1.0K)
[S ] string_max_size_bytes=1.0M (1.0M)
[S ] add_column_update_hard_default=n (n)
[S ] return_null_on_function_errors=n (n)
[S ] alter_table_change_type_strict=y (y)
[S ] compactdb_page_reclaim_only=0 (0)
[S ] plus_as_concat=y (y)
[S ] oracle_style_empty_string=n (n)
[S ] call_stack_dump_on_error=n (n)
[S*] call_stack_dump_activation_list=-2,-7,-13,-14,-17,-19,-21,-22,-45,-46,-48,-50,-1381,-1383,-1384,-51,-52,-76,-78,-79,-81,-90,-96,-97,-313,-314,-407,-415,-416,-417,-583,-603,-836,-859,-890,-891,-976,-1040,-1075,-1131,-1084 ()
[S ] call_stack_dump_deactivation_list= ()
[S ] max_plan_cache_entries=1000 (1000)
[S ] max_plan_cache_clones=1000 (1000)
[S ] plan_cache_timeout=-1 (-1)
[S ] plan_cache_logging=n (n)
[S ] max_filter_pred_cache_entries=1000 (1000)
[S ] max_query_cache_entries=0 (0)
[S ] query_cache_size_in_pages=0 (0)
[S ] use_orderby_sort_limit=y (y)
[S ] ha_mode="off" ("off")
[S*] ha_node_list="dev2@dev2" ("")
[S ] ha_copy_log_timeout=5 (5)
[S ] ha_delay_limit=0 msec (0 msec)
[S ] ha_delay_limit_delta=0 msec (0 msec)
[S ] async_commit=n (n)
[S ] group_commit_interval_in_msecs=0 (0)
[S ] log_compress=y (y)
[S ] error_log_production_mode=y (y)
[S ] tcp_keepalive=y (y)
[S*] log_max_archives=0 (2147483647)
[S ] force_remove_log_archives=y (y)
[S ] temp_volume_path="" ("")
[S ] volume_extension_path="" ("")
[S ] event_handler="" ("")
[S ] event_activation_list= ()
[S ] monitor_waiting_thread=0 (0)
[S*] service::service="server,broker,manager" ("")
[S ] service::server="" ("")
[S ] session_state_timeout=21600 (21600)
[S ] compat_mode="cubrid" ("cubrid")
[S ] db_volume_size=512.0M (512.0M)
[S ] log_volume_size=512.0M (512.0M)
[S ] intl_check_input_string=n (n)
[S ] check_peer_alive="both" ("both")
[S ] sql_trace_slow_msecs=-1 (-1)
[S ] sql_trace_slow=-1 (-1)
[S ] sql_trace_execution_plan=0 (0)
[S ] log_trace_flush_time=0 msec (0 msec)
[S ] sql_trace_ioread_pages=0 (0)
[S ] data_aout_ratio=0.000000 (0.000000)
[S ] max_agg_hash_size=2.0M (2.0M)
[S ] agg_hash_respect_order=y (y)
[S ] max_hash_list_scan_size=8.0M (8.0M)
[S ] lru_hot_ratio=0.400000 (0.400000)
[S ] lru_buffer_ratio=0.050000 (0.050000)
[S ] vacuum_master_interval_in_msecs=10 (10)
[S ] vacuum_log_block_pages=31 (31)
[S ] vacuum_worker_count=10 (10)
[S*] timezone="Asia/Seoul" ("")
[S*] server_timezone="Asia/Seoul" ("")
[S ] tz_leap_second_support=n (n)
[S ] data_buffer_neighbor_flush_nondirty=n (n)
[S ] data_buffer_neighbor_flush_pages=8 (8)
[S ] extended_statistics_activation=15 (15)
[S ] enable_string_compression=y (y)
[S ] xasl_cache_time_threshold_in_minutes=360 (360)
[S ] num_private_chains=-1 (-1)
[S ] cte_max_recursions=2000 (2000)
[S ] json_max_array_idx=65536 (65536)
[S ] thread_connection_pooling=y (y)
[S ] thread_connection_timeout_seconds=300 (300)
[S ] thread_worker_pooling=y (y)
[S ] thread_worker_timeout_seconds=300 (300)
[S ] double_write_buffer_size=2097152 (2097152)
[S ] data_file_os_advise=0 (0)
[S ] loaddb_worker_count=8 (8)
[S ] tde_keys_file_path="" ("")
[S ] tde_default_algorithm="aes" ("aes")
[S ] allow_truncated_string=n (n)
[S ] use_stat_estimation=n (n)
[S ] supplemental_log=0 (0)
[S ] recovery_progress_logging_interval=0 (0)
[S ] thread_core_count=1 (1)
[S ] use_user_hosts=n (n)
[S ] max_query_per_tran=100 (100)
[S ] regexp_engine="re2" ("re2")
[S ] oracle_compat_number_behavior=n (n)
[S ] pl_transaction_control=n (n)
[S ] vacuum_ovfp_check_duration=45000 (45000)
[S ] vacuum_ovfp_check_threshold=1000 (1000)
[S ] deduplicate_key_level=-1 (-1)
[S ] print_index_detail=n (n)
[S ] enable_memory_monitoring=n (n)
[S ] max_subquery_cache_size=2.0M (2.0M)
[S ] stored_procedure=y (y)
[S ] stored_procedure_port=0 (0)
[S ] stored_procedure_vm_options="" ("")
[S ] stored_procedure_uds=y (y)
[S ] stored_procedure_dump_icode=n (n)
[S ] dblink_auto_commit=y (y)
[S ] parallelism=4 (4)
[S ] max_parallel_workers=100 (100)
[S ] tcp_keepalive_idle=300 (300)
[S ] tcp_keepalive_interval=300 (300)
[S ] tcp_keepalive_count=3 (3)
[S ] max_request_worker=1 (1)
[S ] max_request_concurrency=1 (1)
[S ] max_connection_worker=2 (2)
[S ] min_connection_worker=2 (2)
[S ] auto_scaling_window_size=4 (4)
[S ] recv_budget_per_connection=16384 (16384)
[S ] send_budget_per_connection=32768 (32768)
[S ] memoize_memory_limit=2.0M (2.0M)
[S ] update_statistics_update_histogram=y (y)
[S ] hardware_affinity=n (n)
[S ] bestspace_shard_count=8 (8)
[S ] auto_increment_cache_size=20 (20)
[S ] statistics_sampling_threshold_pages=0 (0)
[S ] statistics_sample_pages=10000 (10000)'
+ param_state='async_commit=n group_commit_interval_in_msecs=0 auto_restart_server=n '
+ assert_eq durable_commit_configuration_verified 'async_commit=n group_commit_interval_in_msecs=0 auto_restart_server=n ' 'async_commit=n group_commit_interval_in_msecs=0 auto_restart_server=n '
+ '[' 'async_commit=n group_commit_interval_in_msecs=0 auto_restart_server=n ' = 'async_commit=n group_commit_interval_in_msecs=0 auto_restart_server=n ' ']'
+ write_ok durable_commit_configuration_verified
+ '[' -z durable_commit_configuration_verified ']'
+ echo '----------------- 3 : OK ' durable_commit_configuration_verified
----------------- 3 : OK  durable_commit_configuration_verified
+ echo 'oos_dur01_negative_control-3 : OK ' durable_commit_configuration_verified
+ let 'case_no = case_no + 1'
+ cubrid server start t26659negc
+ '[' 0 -eq 0 ']'
+ csql -u dba -c 'CREATE TABLE oos_dur01 (id INT, v BIT VARYING);' t26659negc
+ grep -q ERROR /home/vimkim/.cub/campaign/cbrd-26659/ticket14/attempts/att-T14-0028/case-evidence/ddl.out
++ value_literal AA 4036
++ echo 'CAST(REPEAT('\''AA'\'', 4036) AS BIT VARYING)'
++ value_literal BB 16284
++ echo 'CAST(REPEAT('\''BB'\'', 16284) AS BIT VARYING)'
++ value_literal CC 4011
++ echo 'CAST(REPEAT('\''CC'\'', 4011) AS BIT VARYING)'
++ value_literal DD 4036
++ echo 'CAST(REPEAT('\''DD'\'', 4036) AS BIT VARYING)'
+ run_txn t1_insert '
INSERT INTO oos_dur01 VALUES (1, CAST(REPEAT('\''AA'\'', 4036) AS BIT VARYING));
INSERT INTO oos_dur01 VALUES (2, CAST(REPEAT('\''BB'\'', 16284) AS BIT VARYING));
INSERT INTO oos_dur01 VALUES (3, CAST(REPEAT('\''CC'\'', 4011) AS BIT VARYING));
INSERT INTO oos_dur01 VALUES (4, CAST(REPEAT('\''DD'\'', 4036) AS BIT VARYING));
COMMIT;
'
+ local tag=t1_insert
+ local 'sql=
INSERT INTO oos_dur01 VALUES (1, CAST(REPEAT('\''AA'\'', 4036) AS BIT VARYING));
INSERT INTO oos_dur01 VALUES (2, CAST(REPEAT('\''BB'\'', 16284) AS BIT VARYING));
INSERT INTO oos_dur01 VALUES (3, CAST(REPEAT('\''CC'\'', 4011) AS BIT VARYING));
INSERT INTO oos_dur01 VALUES (4, CAST(REPEAT('\''DD'\'', 4036) AS BIT VARYING));
COMMIT;
'
+ local out rc affected errors
+ journal 'request|t1_insert'
++ date -Is
+ echo '2026-09-11T15:07:04+09:00|request|t1_insert'
++ csql -u dba --no-auto-commit -c '
INSERT INTO oos_dur01 VALUES (1, CAST(REPEAT('\''AA'\'', 4036) AS BIT VARYING));
INSERT INTO oos_dur01 VALUES (2, CAST(REPEAT('\''BB'\'', 16284) AS BIT VARYING));
INSERT INTO oos_dur01 VALUES (3, CAST(REPEAT('\''CC'\'', 4011) AS BIT VARYING));
INSERT INTO oos_dur01 VALUES (4, CAST(REPEAT('\''DD'\'', 4036) AS BIT VARYING));
COMMIT;
' t26659negc
+ out='1 row affected. (0.001000 sec) 
1 row affected. (0.000000 sec) 
1 row affected. (0.001000 sec) 
1 row affected. (0.000000 sec) 
Execute OK. (0.000000 sec) '
+ rc=0
+ echo '1 row affected. (0.001000 sec) 
1 row affected. (0.000000 sec) 
1 row affected. (0.001000 sec) 
1 row affected. (0.000000 sec) 
Execute OK. (0.000000 sec) '
++ echo '1 row affected. (0.001000 sec) 
1 row affected. (0.000000 sec) 
1 row affected. (0.001000 sec) 
1 row affected. (0.000000 sec) 
Execute OK. (0.000000 sec) '
++ sed -n 's/^\([0-9][0-9]*\) rows\{0,1\} affected.*/\1/p'
++ awk '{s+=$1} END {print s+0}'
+ affected=4
++ echo '1 row affected. (0.001000 sec) 
1 row affected. (0.000000 sec) 
1 row affected. (0.001000 sec) 
1 row affected. (0.000000 sec) 
Execute OK. (0.000000 sec) '
++ grep -c ERROR
+ errors=0
+ journal 'ack|t1_insert|rc=0|affected=4|errors=0'
++ date -Is
+ echo '2026-09-11T15:07:04+09:00|ack|t1_insert|rc=0|affected=4|errors=0'
+ assert_txn insert_transaction_acknowledged t1_insert 4
+ local name=insert_transaction_acknowledged tag=t1_insert want=4
+ local ack rc affected errors
++ grep '|ack|t1_insert|' /home/vimkim/.cub/campaign/cbrd-26659/ticket14/attempts/att-T14-0028/case-evidence/operations.journal
++ tail -1
+ ack='2026-09-11T15:07:04+09:00|ack|t1_insert|rc=0|affected=4|errors=0'
+ '[' -z '2026-09-11T15:07:04+09:00|ack|t1_insert|rc=0|affected=4|errors=0' ']'
++ echo '2026-09-11T15:07:04+09:00|ack|t1_insert|rc=0|affected=4|errors=0'
++ sed -n 's/.*|rc=\([0-9-]*\)|.*/\1/p'
+ rc=0
++ echo '2026-09-11T15:07:04+09:00|ack|t1_insert|rc=0|affected=4|errors=0'
++ sed -n 's/.*|affected=\([0-9]*\)|.*/\1/p'
+ affected=4
++ echo '2026-09-11T15:07:04+09:00|ack|t1_insert|rc=0|affected=4|errors=0'
++ sed -n 's/.*|errors=\([0-9]*\)$/\1/p'
+ errors=0
+ assert_eq insert_transaction_acknowledged 'rc=0 affected=4 errors=0' 'rc=0 affected=4 errors=0'
+ '[' 'rc=0 affected=4 errors=0' = 'rc=0 affected=4 errors=0' ']'
+ write_ok insert_transaction_acknowledged
+ '[' -z insert_transaction_acknowledged ']'
+ echo '----------------- 4 : OK ' insert_transaction_acknowledged
----------------- 4 : OK  insert_transaction_acknowledged
+ echo 'oos_dur01_negative_control-4 : OK ' insert_transaction_acknowledged
+ let 'case_no = case_no + 1'
+ read_oos_activation after_insert /home/vimkim/.cub/campaign/cbrd-26659/ticket14/attempts/att-T14-0028/case-evidence/show_heap_oos_after_insert.out
+ local out rc
++ show_heap_oos
++ csql -u dba -c 'SHOW HEAP OOS OF oos_dur01;' t26659negc
+ out='
=== <Result of SELECT Command in Line 1> ===

  Table_name            Class_oid             Heap_volume_id  Heap_file_id  Heap_header_page_id  Has_oos_file  Oos_volume_id  Oos_file_id  Oos_num_user_pages  Oos_page_size  Oos_num_recs       Oos_recs_sumlen    Oos_physical_bytes      Oos_unused_bytes
============================================================================================================================================================================================================================================================
  '\''dba.oos_dur01'\''       '\''(0|209|2)'\''                        1           576                  577             1              1          640                   4          16344             4                 24444                 65376                 40932

1 row selected. (0.001000 sec) Committed. (0.000000 sec) '
+ echo '
=== <Result of SELECT Command in Line 1> ===

  Table_name            Class_oid             Heap_volume_id  Heap_file_id  Heap_header_page_id  Has_oos_file  Oos_volume_id  Oos_file_id  Oos_num_user_pages  Oos_page_size  Oos_num_recs       Oos_recs_sumlen    Oos_physical_bytes      Oos_unused_bytes
============================================================================================================================================================================================================================================================
  '\''dba.oos_dur01'\''       '\''(0|209|2)'\''                        1           576                  577             1              1          640                   4          16344             4                 24444                 65376                 40932

1 row selected. (0.001000 sec) Committed. (0.000000 sec) '
+ classify_oos_output '
=== <Result of SELECT Command in Line 1> ===

  Table_name            Class_oid             Heap_volume_id  Heap_file_id  Heap_header_page_id  Has_oos_file  Oos_volume_id  Oos_file_id  Oos_num_user_pages  Oos_page_size  Oos_num_recs       Oos_recs_sumlen    Oos_physical_bytes      Oos_unused_bytes
============================================================================================================================================================================================================================================================
  '\''dba.oos_dur01'\''       '\''(0|209|2)'\''                        1           576                  577             1              1          640                   4          16344             4                 24444                 65376                 40932

1 row selected. (0.001000 sec) Committed. (0.000000 sec) '
+ local col
+ echo '
=== <Result of SELECT Command in Line 1> ===

  Table_name            Class_oid             Heap_volume_id  Heap_file_id  Heap_header_page_id  Has_oos_file  Oos_volume_id  Oos_file_id  Oos_num_user_pages  Oos_page_size  Oos_num_recs       Oos_recs_sumlen    Oos_physical_bytes      Oos_unused_bytes
============================================================================================================================================================================================================================================================
  '\''dba.oos_dur01'\''       '\''(0|209|2)'\''                        1           576                  577             1              1          640                   4          16344             4                 24444                 65376                 40932

1 row selected. (0.001000 sec) Committed. (0.000000 sec) '
+ grep -qi 'syntax error'
+ for col in ${oos_required_columns}
+ oos_field '
=== <Result of SELECT Command in Line 1> ===

  Table_name            Class_oid             Heap_volume_id  Heap_file_id  Heap_header_page_id  Has_oos_file  Oos_volume_id  Oos_file_id  Oos_num_user_pages  Oos_page_size  Oos_num_recs       Oos_recs_sumlen    Oos_physical_bytes      Oos_unused_bytes
============================================================================================================================================================================================================================================================
  '\''dba.oos_dur01'\''       '\''(0|209|2)'\''                        1           576                  577             1              1          640                   4          16344             4                 24444                 65376                 40932

1 row selected. (0.001000 sec) Committed. (0.000000 sec) ' Has_oos_file
+ local v
++ echo '
=== <Result of SELECT Command in Line 1> ===

  Table_name            Class_oid             Heap_volume_id  Heap_file_id  Heap_header_page_id  Has_oos_file  Oos_volume_id  Oos_file_id  Oos_num_user_pages  Oos_page_size  Oos_num_recs       Oos_recs_sumlen    Oos_physical_bytes      Oos_unused_bytes
============================================================================================================================================================================================================================================================
  '\''dba.oos_dur01'\''       '\''(0|209|2)'\''                        1           576                  577             1              1          640                   4          16344             4                 24444                 65376                 40932

1 row selected. (0.001000 sec) Committed. (0.000000 sec) '
++ awk -v 'cls='\''dba.oos_dur01'\''' -v want=Has_oos_file '
        /Table_name/ && /Has_oos_file/ {
            idx = 0
            for (i = 1; i <= NF; i++) { if ($i == want) { idx = i; break } }
            cols = NF
            next
        }
        cols && index($0, cls) && NF >= cols { if (idx) { print $idx }; exit }'
+ v=1
+ '[' -n 1 ']'
+ echo 1
+ for col in ${oos_required_columns}
+ oos_field '
=== <Result of SELECT Command in Line 1> ===

  Table_name            Class_oid             Heap_volume_id  Heap_file_id  Heap_header_page_id  Has_oos_file  Oos_volume_id  Oos_file_id  Oos_num_user_pages  Oos_page_size  Oos_num_recs       Oos_recs_sumlen    Oos_physical_bytes      Oos_unused_bytes
============================================================================================================================================================================================================================================================
  '\''dba.oos_dur01'\''       '\''(0|209|2)'\''                        1           576                  577             1              1          640                   4          16344             4                 24444                 65376                 40932

1 row selected. (0.001000 sec) Committed. (0.000000 sec) ' Oos_num_recs
+ local v
++ echo '
=== <Result of SELECT Command in Line 1> ===

  Table_name            Class_oid             Heap_volume_id  Heap_file_id  Heap_header_page_id  Has_oos_file  Oos_volume_id  Oos_file_id  Oos_num_user_pages  Oos_page_size  Oos_num_recs       Oos_recs_sumlen    Oos_physical_bytes      Oos_unused_bytes
============================================================================================================================================================================================================================================================
  '\''dba.oos_dur01'\''       '\''(0|209|2)'\''                        1           576                  577             1              1          640                   4          16344             4                 24444                 65376                 40932

1 row selected. (0.001000 sec) Committed. (0.000000 sec) '
++ awk -v 'cls='\''dba.oos_dur01'\''' -v want=Oos_num_recs '
        /Table_name/ && /Has_oos_file/ {
            idx = 0
            for (i = 1; i <= NF; i++) { if ($i == want) { idx = i; break } }
            cols = NF
            next
        }
        cols && index($0, cls) && NF >= cols { if (idx) { print $idx }; exit }'
+ v=4
+ '[' -n 4 ']'
+ echo 4
+ for col in ${oos_required_columns}
+ oos_field '
=== <Result of SELECT Command in Line 1> ===

  Table_name            Class_oid             Heap_volume_id  Heap_file_id  Heap_header_page_id  Has_oos_file  Oos_volume_id  Oos_file_id  Oos_num_user_pages  Oos_page_size  Oos_num_recs       Oos_recs_sumlen    Oos_physical_bytes      Oos_unused_bytes
============================================================================================================================================================================================================================================================
  '\''dba.oos_dur01'\''       '\''(0|209|2)'\''                        1           576                  577             1              1          640                   4          16344             4                 24444                 65376                 40932

1 row selected. (0.001000 sec) Committed. (0.000000 sec) ' Oos_recs_sumlen
+ local v
++ echo '
=== <Result of SELECT Command in Line 1> ===

  Table_name            Class_oid             Heap_volume_id  Heap_file_id  Heap_header_page_id  Has_oos_file  Oos_volume_id  Oos_file_id  Oos_num_user_pages  Oos_page_size  Oos_num_recs       Oos_recs_sumlen    Oos_physical_bytes      Oos_unused_bytes
============================================================================================================================================================================================================================================================
  '\''dba.oos_dur01'\''       '\''(0|209|2)'\''                        1           576                  577             1              1          640                   4          16344             4                 24444                 65376                 40932

1 row selected. (0.001000 sec) Committed. (0.000000 sec) '
++ awk -v 'cls='\''dba.oos_dur01'\''' -v want=Oos_recs_sumlen '
        /Table_name/ && /Has_oos_file/ {
            idx = 0
            for (i = 1; i <= NF; i++) { if ($i == want) { idx = i; break } }
            cols = NF
            next
        }
        cols && index($0, cls) && NF >= cols { if (idx) { print $idx }; exit }'
+ v=24444
+ '[' -n 24444 ']'
+ echo 24444
+ for col in ${oos_required_columns}
+ oos_field '
=== <Result of SELECT Command in Line 1> ===

  Table_name            Class_oid             Heap_volume_id  Heap_file_id  Heap_header_page_id  Has_oos_file  Oos_volume_id  Oos_file_id  Oos_num_user_pages  Oos_page_size  Oos_num_recs       Oos_recs_sumlen    Oos_physical_bytes      Oos_unused_bytes
============================================================================================================================================================================================================================================================
  '\''dba.oos_dur01'\''       '\''(0|209|2)'\''                        1           576                  577             1              1          640                   4          16344             4                 24444                 65376                 40932

1 row selected. (0.001000 sec) Committed. (0.000000 sec) ' Oos_num_user_pages
+ local v
++ echo '
=== <Result of SELECT Command in Line 1> ===

  Table_name            Class_oid             Heap_volume_id  Heap_file_id  Heap_header_page_id  Has_oos_file  Oos_volume_id  Oos_file_id  Oos_num_user_pages  Oos_page_size  Oos_num_recs       Oos_recs_sumlen    Oos_physical_bytes      Oos_unused_bytes
============================================================================================================================================================================================================================================================
  '\''dba.oos_dur01'\''       '\''(0|209|2)'\''                        1           576                  577             1              1          640                   4          16344             4                 24444                 65376                 40932

1 row selected. (0.001000 sec) Committed. (0.000000 sec) '
++ awk -v 'cls='\''dba.oos_dur01'\''' -v want=Oos_num_user_pages '
        /Table_name/ && /Has_oos_file/ {
            idx = 0
            for (i = 1; i <= NF; i++) { if ($i == want) { idx = i; break } }
            cols = NF
            next
        }
        cols && index($0, cls) && NF >= cols { if (idx) { print $idx }; exit }'
+ v=4
+ '[' -n 4 ']'
+ echo 4
+ for col in ${oos_required_columns}
+ oos_field '
=== <Result of SELECT Command in Line 1> ===

  Table_name            Class_oid             Heap_volume_id  Heap_file_id  Heap_header_page_id  Has_oos_file  Oos_volume_id  Oos_file_id  Oos_num_user_pages  Oos_page_size  Oos_num_recs       Oos_recs_sumlen    Oos_physical_bytes      Oos_unused_bytes
============================================================================================================================================================================================================================================================
  '\''dba.oos_dur01'\''       '\''(0|209|2)'\''                        1           576                  577             1              1          640                   4          16344             4                 24444                 65376                 40932

1 row selected. (0.001000 sec) Committed. (0.000000 sec) ' Oos_page_size
+ local v
++ echo '
=== <Result of SELECT Command in Line 1> ===

  Table_name            Class_oid             Heap_volume_id  Heap_file_id  Heap_header_page_id  Has_oos_file  Oos_volume_id  Oos_file_id  Oos_num_user_pages  Oos_page_size  Oos_num_recs       Oos_recs_sumlen    Oos_physical_bytes      Oos_unused_bytes
============================================================================================================================================================================================================================================================
  '\''dba.oos_dur01'\''       '\''(0|209|2)'\''                        1           576                  577             1              1          640                   4          16344             4                 24444                 65376                 40932

1 row selected. (0.001000 sec) Committed. (0.000000 sec) '
++ awk -v 'cls='\''dba.oos_dur01'\''' -v want=Oos_page_size '
        /Table_name/ && /Has_oos_file/ {
            idx = 0
            for (i = 1; i <= NF; i++) { if ($i == want) { idx = i; break } }
            cols = NF
            next
        }
        cols && index($0, cls) && NF >= cols { if (idx) { print $idx }; exit }'
+ v=16344
+ '[' -n 16344 ']'
+ echo 16344
+ return 0
+ rc=0
+ '[' 0 -ne 0 ']'
+ activation_observed=1
++ oos_field '
=== <Result of SELECT Command in Line 1> ===

  Table_name            Class_oid             Heap_volume_id  Heap_file_id  Heap_header_page_id  Has_oos_file  Oos_volume_id  Oos_file_id  Oos_num_user_pages  Oos_page_size  Oos_num_recs       Oos_recs_sumlen    Oos_physical_bytes      Oos_unused_bytes
============================================================================================================================================================================================================================================================
  '\''dba.oos_dur01'\''       '\''(0|209|2)'\''                        1           576                  577             1              1          640                   4          16344             4                 24444                 65376                 40932

1 row selected. (0.001000 sec) Committed. (0.000000 sec) ' Has_oos_file
++ local v
+++ echo '
=== <Result of SELECT Command in Line 1> ===

  Table_name            Class_oid             Heap_volume_id  Heap_file_id  Heap_header_page_id  Has_oos_file  Oos_volume_id  Oos_file_id  Oos_num_user_pages  Oos_page_size  Oos_num_recs       Oos_recs_sumlen    Oos_physical_bytes      Oos_unused_bytes
============================================================================================================================================================================================================================================================
  '\''dba.oos_dur01'\''       '\''(0|209|2)'\''                        1           576                  577             1              1          640                   4          16344             4                 24444                 65376                 40932

1 row selected. (0.001000 sec) Committed. (0.000000 sec) '
+++ awk -v 'cls='\''dba.oos_dur01'\''' -v want=Has_oos_file '
        /Table_name/ && /Has_oos_file/ {
            idx = 0
            for (i = 1; i <= NF; i++) { if ($i == want) { idx = i; break } }
            cols = NF
            next
        }
        cols && index($0, cls) && NF >= cols { if (idx) { print $idx }; exit }'
++ v=1
++ '[' -n 1 ']'
++ echo 1
+ has_oos=1
++ oos_field '
=== <Result of SELECT Command in Line 1> ===

  Table_name            Class_oid             Heap_volume_id  Heap_file_id  Heap_header_page_id  Has_oos_file  Oos_volume_id  Oos_file_id  Oos_num_user_pages  Oos_page_size  Oos_num_recs       Oos_recs_sumlen    Oos_physical_bytes      Oos_unused_bytes
============================================================================================================================================================================================================================================================
  '\''dba.oos_dur01'\''       '\''(0|209|2)'\''                        1           576                  577             1              1          640                   4          16344             4                 24444                 65376                 40932

1 row selected. (0.001000 sec) Committed. (0.000000 sec) ' Oos_num_recs
++ local v
+++ echo '
=== <Result of SELECT Command in Line 1> ===

  Table_name            Class_oid             Heap_volume_id  Heap_file_id  Heap_header_page_id  Has_oos_file  Oos_volume_id  Oos_file_id  Oos_num_user_pages  Oos_page_size  Oos_num_recs       Oos_recs_sumlen    Oos_physical_bytes      Oos_unused_bytes
============================================================================================================================================================================================================================================================
  '\''dba.oos_dur01'\''       '\''(0|209|2)'\''                        1           576                  577             1              1          640                   4          16344             4                 24444                 65376                 40932

1 row selected. (0.001000 sec) Committed. (0.000000 sec) '
+++ awk -v 'cls='\''dba.oos_dur01'\''' -v want=Oos_num_recs '
        /Table_name/ && /Has_oos_file/ {
            idx = 0
            for (i = 1; i <= NF; i++) { if ($i == want) { idx = i; break } }
            cols = NF
            next
        }
        cols && index($0, cls) && NF >= cols { if (idx) { print $idx }; exit }'
++ v=4
++ '[' -n 4 ']'
++ echo 4
+ num_recs=4
++ oos_observed '
=== <Result of SELECT Command in Line 1> ===

  Table_name            Class_oid             Heap_volume_id  Heap_file_id  Heap_header_page_id  Has_oos_file  Oos_volume_id  Oos_file_id  Oos_num_user_pages  Oos_page_size  Oos_num_recs       Oos_recs_sumlen    Oos_physical_bytes      Oos_unused_bytes
============================================================================================================================================================================================================================================================
  '\''dba.oos_dur01'\''       '\''(0|209|2)'\''                        1           576                  577             1              1          640                   4          16344             4                 24444                 65376                 40932

1 row selected. (0.001000 sec) Committed. (0.000000 sec) ' Oos_recs_sumlen
++ oos_field '
=== <Result of SELECT Command in Line 1> ===

  Table_name            Class_oid             Heap_volume_id  Heap_file_id  Heap_header_page_id  Has_oos_file  Oos_volume_id  Oos_file_id  Oos_num_user_pages  Oos_page_size  Oos_num_recs       Oos_recs_sumlen    Oos_physical_bytes      Oos_unused_bytes
============================================================================================================================================================================================================================================================
  '\''dba.oos_dur01'\''       '\''(0|209|2)'\''                        1           576                  577             1              1          640                   4          16344             4                 24444                 65376                 40932

1 row selected. (0.001000 sec) Committed. (0.000000 sec) ' Oos_recs_sumlen
++ local v
+++ echo '
=== <Result of SELECT Command in Line 1> ===

  Table_name            Class_oid             Heap_volume_id  Heap_file_id  Heap_header_page_id  Has_oos_file  Oos_volume_id  Oos_file_id  Oos_num_user_pages  Oos_page_size  Oos_num_recs       Oos_recs_sumlen    Oos_physical_bytes      Oos_unused_bytes
============================================================================================================================================================================================================================================================
  '\''dba.oos_dur01'\''       '\''(0|209|2)'\''                        1           576                  577             1              1          640                   4          16344             4                 24444                 65376                 40932

1 row selected. (0.001000 sec) Committed. (0.000000 sec) '
+++ awk -v 'cls='\''dba.oos_dur01'\''' -v want=Oos_recs_sumlen '
        /Table_name/ && /Has_oos_file/ {
            idx = 0
            for (i = 1; i <= NF; i++) { if ($i == want) { idx = i; break } }
            cols = NF
            next
        }
        cols && index($0, cls) && NF >= cols { if (idx) { print $idx }; exit }'
++ v=24444
++ '[' -n 24444 ']'
++ echo 24444
++ oos_observed '
=== <Result of SELECT Command in Line 1> ===

  Table_name            Class_oid             Heap_volume_id  Heap_file_id  Heap_header_page_id  Has_oos_file  Oos_volume_id  Oos_file_id  Oos_num_user_pages  Oos_page_size  Oos_num_recs       Oos_recs_sumlen    Oos_physical_bytes      Oos_unused_bytes
============================================================================================================================================================================================================================================================
  '\''dba.oos_dur01'\''       '\''(0|209|2)'\''                        1           576                  577             1              1          640                   4          16344             4                 24444                 65376                 40932

1 row selected. (0.001000 sec) Committed. (0.000000 sec) ' Oos_num_user_pages
++ oos_field '
=== <Result of SELECT Command in Line 1> ===

  Table_name            Class_oid             Heap_volume_id  Heap_file_id  Heap_header_page_id  Has_oos_file  Oos_volume_id  Oos_file_id  Oos_num_user_pages  Oos_page_size  Oos_num_recs       Oos_recs_sumlen    Oos_physical_bytes      Oos_unused_bytes
============================================================================================================================================================================================================================================================
  '\''dba.oos_dur01'\''       '\''(0|209|2)'\''                        1           576                  577             1              1          640                   4          16344             4                 24444                 65376                 40932

1 row selected. (0.001000 sec) Committed. (0.000000 sec) ' Oos_num_user_pages
++ local v
+++ echo '
=== <Result of SELECT Command in Line 1> ===

  Table_name            Class_oid             Heap_volume_id  Heap_file_id  Heap_header_page_id  Has_oos_file  Oos_volume_id  Oos_file_id  Oos_num_user_pages  Oos_page_size  Oos_num_recs       Oos_recs_sumlen    Oos_physical_bytes      Oos_unused_bytes
============================================================================================================================================================================================================================================================
  '\''dba.oos_dur01'\''       '\''(0|209|2)'\''                        1           576                  577             1              1          640                   4          16344             4                 24444                 65376                 40932

1 row selected. (0.001000 sec) Committed. (0.000000 sec) '
+++ awk -v 'cls='\''dba.oos_dur01'\''' -v want=Oos_num_user_pages '
        /Table_name/ && /Has_oos_file/ {
            idx = 0
            for (i = 1; i <= NF; i++) { if ($i == want) { idx = i; break } }
            cols = NF
            next
        }
        cols && index($0, cls) && NF >= cols { if (idx) { print $idx }; exit }'
++ v=4
++ '[' -n 4 ']'
++ echo 4
++ oos_observed '
=== <Result of SELECT Command in Line 1> ===

  Table_name            Class_oid             Heap_volume_id  Heap_file_id  Heap_header_page_id  Has_oos_file  Oos_volume_id  Oos_file_id  Oos_num_user_pages  Oos_page_size  Oos_num_recs       Oos_recs_sumlen    Oos_physical_bytes      Oos_unused_bytes
============================================================================================================================================================================================================================================================
  '\''dba.oos_dur01'\''       '\''(0|209|2)'\''                        1           576                  577             1              1          640                   4          16344             4                 24444                 65376                 40932

1 row selected. (0.001000 sec) Committed. (0.000000 sec) ' Oos_page_size
++ oos_field '
=== <Result of SELECT Command in Line 1> ===

  Table_name            Class_oid             Heap_volume_id  Heap_file_id  Heap_header_page_id  Has_oos_file  Oos_volume_id  Oos_file_id  Oos_num_user_pages  Oos_page_size  Oos_num_recs       Oos_recs_sumlen    Oos_physical_bytes      Oos_unused_bytes
============================================================================================================================================================================================================================================================
  '\''dba.oos_dur01'\''       '\''(0|209|2)'\''                        1           576                  577             1              1          640                   4          16344             4                 24444                 65376                 40932

1 row selected. (0.001000 sec) Committed. (0.000000 sec) ' Oos_page_size
++ local v
+++ echo '
=== <Result of SELECT Command in Line 1> ===

  Table_name            Class_oid             Heap_volume_id  Heap_file_id  Heap_header_page_id  Has_oos_file  Oos_volume_id  Oos_file_id  Oos_num_user_pages  Oos_page_size  Oos_num_recs       Oos_recs_sumlen    Oos_physical_bytes      Oos_unused_bytes
============================================================================================================================================================================================================================================================
  '\''dba.oos_dur01'\''       '\''(0|209|2)'\''                        1           576                  577             1              1          640                   4          16344             4                 24444                 65376                 40932

1 row selected. (0.001000 sec) Committed. (0.000000 sec) '
+++ awk -v 'cls='\''dba.oos_dur01'\''' -v want=Oos_page_size '
        /Table_name/ && /Has_oos_file/ {
            idx = 0
            for (i = 1; i <= NF; i++) { if ($i == want) { idx = i; break } }
            cols = NF
            next
        }
        cols && index($0, cls) && NF >= cols { if (idx) { print $idx }; exit }'
++ v=16344
++ '[' -n 16344 ']'
++ echo 16344
+ journal 'observation|after_insert|has_oos=1|chunks=4|sumlen=24444|user_pages=4|oos_page_size=16344'
++ date -Is
+ echo '2026-09-11T15:07:04+09:00|observation|after_insert|has_oos=1|chunks=4|sumlen=24444|user_pages=4|oos_page_size=16344'
+ return 0
+ case $? in
+ assert_eq oos_activation_after_insert 'has_oos=1 chunks=4' 'has_oos=1 chunks=4'
+ '[' 'has_oos=1 chunks=4' = 'has_oos=1 chunks=4' ']'
+ write_ok oos_activation_after_insert
+ '[' -z oos_activation_after_insert ']'
+ echo '----------------- 5 : OK ' oos_activation_after_insert
----------------- 5 : OK  oos_activation_after_insert
+ echo 'oos_dur01_negative_control-5 : OK ' oos_activation_after_insert
+ let 'case_no = case_no + 1'
++ value_literal EE 4036
++ echo 'CAST(REPEAT('\''EE'\'', 4036) AS BIT VARYING)'
+ run_txn t2_update '
UPDATE oos_dur01 SET v = CAST(REPEAT('\''EE'\'', 4036) AS BIT VARYING) WHERE id = 1;
COMMIT;
'
+ local tag=t2_update
+ local 'sql=
UPDATE oos_dur01 SET v = CAST(REPEAT('\''EE'\'', 4036) AS BIT VARYING) WHERE id = 1;
COMMIT;
'
+ local out rc affected errors
+ journal 'request|t2_update'
++ date -Is
+ echo '2026-09-11T15:07:04+09:00|request|t2_update'
++ csql -u dba --no-auto-commit -c '
UPDATE oos_dur01 SET v = CAST(REPEAT('\''EE'\'', 4036) AS BIT VARYING) WHERE id = 1;
COMMIT;
' t26659negc
+ out='1 row affected. (0.001000 sec) 
Execute OK. (0.001000 sec) '
+ rc=0
+ echo '1 row affected. (0.001000 sec) 
Execute OK. (0.001000 sec) '
++ echo '1 row affected. (0.001000 sec) 
Execute OK. (0.001000 sec) '
++ sed -n 's/^\([0-9][0-9]*\) rows\{0,1\} affected.*/\1/p'
++ awk '{s+=$1} END {print s+0}'
+ affected=1
++ echo '1 row affected. (0.001000 sec) 
Execute OK. (0.001000 sec) '
++ grep -c ERROR
+ errors=0
+ journal 'ack|t2_update|rc=0|affected=1|errors=0'
++ date -Is
+ echo '2026-09-11T15:07:04+09:00|ack|t2_update|rc=0|affected=1|errors=0'
+ assert_txn update_transaction_acknowledged t2_update 1
+ local name=update_transaction_acknowledged tag=t2_update want=1
+ local ack rc affected errors
++ grep '|ack|t2_update|' /home/vimkim/.cub/campaign/cbrd-26659/ticket14/attempts/att-T14-0028/case-evidence/operations.journal
++ tail -1
+ ack='2026-09-11T15:07:04+09:00|ack|t2_update|rc=0|affected=1|errors=0'
+ '[' -z '2026-09-11T15:07:04+09:00|ack|t2_update|rc=0|affected=1|errors=0' ']'
++ echo '2026-09-11T15:07:04+09:00|ack|t2_update|rc=0|affected=1|errors=0'
++ sed -n 's/.*|rc=\([0-9-]*\)|.*/\1/p'
+ rc=0
++ echo '2026-09-11T15:07:04+09:00|ack|t2_update|rc=0|affected=1|errors=0'
++ sed -n 's/.*|affected=\([0-9]*\)|.*/\1/p'
+ affected=1
++ echo '2026-09-11T15:07:04+09:00|ack|t2_update|rc=0|affected=1|errors=0'
++ sed -n 's/.*|errors=\([0-9]*\)$/\1/p'
+ errors=0
+ assert_eq update_transaction_acknowledged 'rc=0 affected=1 errors=0' 'rc=0 affected=1 errors=0'
+ '[' 'rc=0 affected=1 errors=0' = 'rc=0 affected=1 errors=0' ']'
+ write_ok update_transaction_acknowledged
+ '[' -z update_transaction_acknowledged ']'
+ echo '----------------- 6 : OK ' update_transaction_acknowledged
----------------- 6 : OK  update_transaction_acknowledged
+ echo 'oos_dur01_negative_control-6 : OK ' update_transaction_acknowledged
+ let 'case_no = case_no + 1'
+ run_txn t3_delete '
DELETE FROM oos_dur01 WHERE id = 4;
COMMIT;
'
+ local tag=t3_delete
+ local 'sql=
DELETE FROM oos_dur01 WHERE id = 4;
COMMIT;
'
+ local out rc affected errors
+ journal 'request|t3_delete'
++ date -Is
+ echo '2026-09-11T15:07:04+09:00|request|t3_delete'
++ csql -u dba --no-auto-commit -c '
DELETE FROM oos_dur01 WHERE id = 4;
COMMIT;
' t26659negc
+ out='1 row affected. (0.001000 sec) 
Execute OK. (0.000000 sec) '
+ rc=0
+ echo '1 row affected. (0.001000 sec) 
Execute OK. (0.000000 sec) '
++ echo '1 row affected. (0.001000 sec) 
Execute OK. (0.000000 sec) '
++ sed -n 's/^\([0-9][0-9]*\) rows\{0,1\} affected.*/\1/p'
++ awk '{s+=$1} END {print s+0}'
+ affected=1
++ echo '1 row affected. (0.001000 sec) 
Execute OK. (0.000000 sec) '
++ grep -c ERROR
+ errors=0
+ journal 'ack|t3_delete|rc=0|affected=1|errors=0'
++ date -Is
+ echo '2026-09-11T15:07:04+09:00|ack|t3_delete|rc=0|affected=1|errors=0'
+ assert_txn delete_transaction_acknowledged t3_delete 1
+ local name=delete_transaction_acknowledged tag=t3_delete want=1
+ local ack rc affected errors
++ grep '|ack|t3_delete|' /home/vimkim/.cub/campaign/cbrd-26659/ticket14/attempts/att-T14-0028/case-evidence/operations.journal
++ tail -1
+ ack='2026-09-11T15:07:04+09:00|ack|t3_delete|rc=0|affected=1|errors=0'
+ '[' -z '2026-09-11T15:07:04+09:00|ack|t3_delete|rc=0|affected=1|errors=0' ']'
++ echo '2026-09-11T15:07:04+09:00|ack|t3_delete|rc=0|affected=1|errors=0'
++ sed -n 's/.*|rc=\([0-9-]*\)|.*/\1/p'
+ rc=0
++ echo '2026-09-11T15:07:04+09:00|ack|t3_delete|rc=0|affected=1|errors=0'
++ sed -n 's/.*|affected=\([0-9]*\)|.*/\1/p'
+ affected=1
++ echo '2026-09-11T15:07:04+09:00|ack|t3_delete|rc=0|affected=1|errors=0'
++ sed -n 's/.*|errors=\([0-9]*\)$/\1/p'
+ errors=0
+ assert_eq delete_transaction_acknowledged 'rc=0 affected=1 errors=0' 'rc=0 affected=1 errors=0'
+ '[' 'rc=0 affected=1 errors=0' = 'rc=0 affected=1 errors=0' ']'
+ write_ok delete_transaction_acknowledged
+ '[' -z delete_transaction_acknowledged ']'
+ echo '----------------- 7 : OK ' delete_transaction_acknowledged
----------------- 7 : OK  delete_transaction_acknowledged
+ echo 'oos_dur01_negative_control-7 : OK ' delete_transaction_acknowledged
+ let 'case_no = case_no + 1'
++ pgrep -f 'cub_server t26659negc'
++ tr '\n' ' '
+ server_pids='1729 '
++ pgrep -f 'cub_pl t26659negc'
++ tr '\n' ' '
+ pl_pids='1732 '
+ our_masters=
++ pgrep -x cub_master
+ for m in `pgrep -x cub_master`
+ echo '  '
+ grep -q ' 1727 '
+ our_masters='1727 '
+ journal 'crash|server=[1729 ]|pl=[1732 ]|master=[1727 ]'
++ date -Is
+ echo '2026-09-11T15:07:04+09:00|crash|server=[1729 ]|pl=[1732 ]|master=[1727 ]'
+ '[' -z '1729 ' ']'
+ for p in ${server_pids} ${pl_pids} ${our_masters}
+ kill -9 1729
+ for p in ${server_pids} ${pl_pids} ${our_masters}
+ kill -9 1732
+ for p in ${server_pids} ${pl_pids} ${our_masters}
+ kill -9 1727
+ wait_for 30 '[ -z "`pgrep -f '\''cub_server t26659negc'\''`" ]'
+ local deadline=30 'cond=[ -z "`pgrep -f '\''cub_server t26659negc'\''`" ]' start now
++ date +%s
+ start=1789106824
+ true
+ eval '[ -z "`pgrep -f '\''cub_server t26659negc'\''`" ]'
+ return 0
+ write_ok server_crashed_by_kill_9
+ '[' -z server_crashed_by_kill_9 ']'
+ echo '----------------- 8 : OK ' server_crashed_by_kill_9
----------------- 8 : OK  server_crashed_by_kill_9
+ echo 'oos_dur01_negative_control-8 : OK ' server_crashed_by_kill_9
+ let 'case_no = case_no + 1'
+ journal 'restart|request'
++ date -Is
+ echo '2026-09-11T15:07:04+09:00|restart|request'
+ SKIP_CHECK_RECOVERY_ERROR=TRUE
+ cubrid server start t26659negc
+ restart_rc=0
+ journal 'restart|ack|rc=0'
++ date -Is
+ echo '2026-09-11T15:07:07+09:00|restart|ack|rc=0'
+ '[' 0 -eq 0 ']'
+ wait_for 60 'csql -u dba -c '\''SELECT 1 FROM db_root;'\'' t26659negc 2>&1 | grep -q '\''row selected'\'''
+ local deadline=60 'cond=csql -u dba -c '\''SELECT 1 FROM db_root;'\'' t26659negc 2>&1 | grep -q '\''row selected'\''' start now
++ date +%s
+ start=1789106827
+ true
+ eval 'csql -u dba -c '\''SELECT 1 FROM db_root;'\'' t26659negc 2>&1 | grep -q '\''row selected'\'''
+ return 0
+ write_ok server_restarted_within_deadline
+ '[' -z server_restarted_within_deadline ']'
+ echo '----------------- 9 : OK ' server_restarted_within_deadline
----------------- 9 : OK  server_restarted_within_deadline
+ echo 'oos_dur01_negative_control-9 : OK ' server_restarted_within_deadline
+ let 'case_no = case_no + 1'
++ count_matching CNT '1 = 1'
++ csql -u dba -c 'SELECT '\''CNT|'\'' || CAST(COUNT(*) AS VARCHAR) FROM oos_dur01 WHERE 1 = 1;' t26659negc
++ grep -oE 'CNT\|[0-9]+'
+ assert_eq recovered_row_count_is_3 'CNT|3' 'CNT|3'
+ '[' 'CNT|3' = 'CNT|3' ']'
+ write_ok recovered_row_count_is_3
+ '[' -z recovered_row_count_is_3 ']'
+ echo '----------------- 10 : OK ' recovered_row_count_is_3
----------------- 10 : OK  recovered_row_count_is_3
+ echo 'oos_dur01_negative_control-10 : OK ' recovered_row_count_is_3
+ let 'case_no = case_no + 1'
+ assert_row recovered_value_id1_single_chunk_oos 1 EE 4036
+ local name=recovered_value_id1_single_chunk_oos id=1 pat=EE n=4036
+ local got want md5 bits disk
++ read_row 1 EE 4036
++ local id=1 pat=EE n=4036 literal sql
+++ value_literal EE 4036
+++ echo 'CAST(REPEAT('\''EE'\'', 4036) AS BIT VARYING)'
++ literal='CAST(REPEAT('\''EE'\'', 4036) AS BIT VARYING)'
++ sql='SELECT '\''OOSROW|'\'' || CAST(id AS VARCHAR)
             || '\''|'\'' || MD5(v)
             || '\''|'\'' || CAST(OCTET_LENGTH(v) AS VARCHAR)
             || '\''|'\'' || CAST(BIT_LENGTH(v) AS VARCHAR)
             || '\''|'\'' || CAST(DISK_SIZE(v) AS VARCHAR)
             || '\''|'\'' || CAST(CASE WHEN v = CAST(REPEAT('\''EE'\'', 4036) AS BIT VARYING) THEN 1 ELSE 0 END AS VARCHAR)
         FROM oos_dur01 WHERE id = 1;'
++ csql -u dba -c 'SELECT '\''OOSROW|'\'' || CAST(id AS VARCHAR)
             || '\''|'\'' || MD5(v)
             || '\''|'\'' || CAST(OCTET_LENGTH(v) AS VARCHAR)
             || '\''|'\'' || CAST(BIT_LENGTH(v) AS VARCHAR)
             || '\''|'\'' || CAST(DISK_SIZE(v) AS VARCHAR)
             || '\''|'\'' || CAST(CASE WHEN v = CAST(REPEAT('\''EE'\'', 4036) AS BIT VARYING) THEN 1 ELSE 0 END AS VARCHAR)
         FROM oos_dur01 WHERE id = 1;' t26659negc
++ grep -oE 'OOSROW\|[0-9]+\|[^'\'']*'
+ got='OOSROW|1|b3f48c085d883a5c1796afa474ef8433|4036|32288|4044|1'
++ expected_md5 EE 4036
+++ echo EE
+++ tr A-Z a-z
++ local pat=ee
++ yes ee
++ head -n 4036
++ tr -d '\n'
++ md5sum
++ cut '-d ' -f1
+ md5=b3f48c085d883a5c1796afa474ef8433
++ expr 4036 '*' 8
+ bits=32288
++ expected_disk_size 4036
++ expr '(' 5 + 4036 + 3 ')' / 4 '*' 4
+ disk=4044
+ want='OOSROW|1|b3f48c085d883a5c1796afa474ef8433|4036|32288|4044|1'
+ assert_eq recovered_value_id1_single_chunk_oos 'OOSROW|1|b3f48c085d883a5c1796afa474ef8433|4036|32288|4044|1' 'OOSROW|1|b3f48c085d883a5c1796afa474ef8433|4036|32288|4044|1'
+ '[' 'OOSROW|1|b3f48c085d883a5c1796afa474ef8433|4036|32288|4044|1' = 'OOSROW|1|b3f48c085d883a5c1796afa474ef8433|4036|32288|4044|1' ']'
+ write_ok recovered_value_id1_single_chunk_oos
+ '[' -z recovered_value_id1_single_chunk_oos ']'
+ echo '----------------- 11 : OK ' recovered_value_id1_single_chunk_oos
----------------- 11 : OK  recovered_value_id1_single_chunk_oos
+ echo 'oos_dur01_negative_control-11 : OK ' recovered_value_id1_single_chunk_oos
+ let 'case_no = case_no + 1'
++ expr 16284 - 1
+ assert_row recovered_value_id2_multi_chunk_oos 2 BB 16283
+ local name=recovered_value_id2_multi_chunk_oos id=2 pat=BB n=16283
+ local got want md5 bits disk
++ read_row 2 BB 16283
++ local id=2 pat=BB n=16283 literal sql
+++ value_literal BB 16283
+++ echo 'CAST(REPEAT('\''BB'\'', 16283) AS BIT VARYING)'
++ literal='CAST(REPEAT('\''BB'\'', 16283) AS BIT VARYING)'
++ sql='SELECT '\''OOSROW|'\'' || CAST(id AS VARCHAR)
             || '\''|'\'' || MD5(v)
             || '\''|'\'' || CAST(OCTET_LENGTH(v) AS VARCHAR)
             || '\''|'\'' || CAST(BIT_LENGTH(v) AS VARCHAR)
             || '\''|'\'' || CAST(DISK_SIZE(v) AS VARCHAR)
             || '\''|'\'' || CAST(CASE WHEN v = CAST(REPEAT('\''BB'\'', 16283) AS BIT VARYING) THEN 1 ELSE 0 END AS VARCHAR)
         FROM oos_dur01 WHERE id = 2;'
++ csql -u dba -c 'SELECT '\''OOSROW|'\'' || CAST(id AS VARCHAR)
             || '\''|'\'' || MD5(v)
             || '\''|'\'' || CAST(OCTET_LENGTH(v) AS VARCHAR)
             || '\''|'\'' || CAST(BIT_LENGTH(v) AS VARCHAR)
             || '\''|'\'' || CAST(DISK_SIZE(v) AS VARCHAR)
             || '\''|'\'' || CAST(CASE WHEN v = CAST(REPEAT('\''BB'\'', 16283) AS BIT VARYING) THEN 1 ELSE 0 END AS VARCHAR)
         FROM oos_dur01 WHERE id = 2;' t26659negc
++ grep -oE 'OOSROW\|[0-9]+\|[^'\'']*'
+ got='OOSROW|2|02b6cc6daae92bb402016271b353e192|16284|130272|16292|0'
++ expected_md5 BB 16283
+++ echo BB
+++ tr A-Z a-z
++ local pat=bb
++ yes bb
++ head -n 16283
++ tr -d '\n'
++ md5sum
++ cut '-d ' -f1
+ md5=05787a8196c7ad061a82a76999091896
++ expr 16283 '*' 8
+ bits=130264
++ expected_disk_size 16283
++ expr '(' 5 + 16283 + 3 ')' / 4 '*' 4
+ disk=16288
+ want='OOSROW|2|05787a8196c7ad061a82a76999091896|16283|130264|16288|1'
+ assert_eq recovered_value_id2_multi_chunk_oos 'OOSROW|2|05787a8196c7ad061a82a76999091896|16283|130264|16288|1' 'OOSROW|2|02b6cc6daae92bb402016271b353e192|16284|130272|16292|0'
+ '[' 'OOSROW|2|05787a8196c7ad061a82a76999091896|16283|130264|16288|1' = 'OOSROW|2|02b6cc6daae92bb402016271b353e192|16284|130272|16292|0' ']'
+ fail 'recovered_value_id2_multi_chunk_oos : expected [OOSROW|2|05787a8196c7ad061a82a76999091896|16283|130264|16288|1], got [OOSROW|2|02b6cc6daae92bb402016271b353e192|16284|130272|16292|0]'
++ expr 0 + 1
+ nok_count=1
+ write_nok 'recovered_value_id2_multi_chunk_oos : expected [OOSROW|2|05787a8196c7ad061a82a76999091896|16283|130264|16288|1], got [OOSROW|2|02b6cc6daae92bb402016271b353e192|16284|130272|16292|0]'
+ '[' -z 'recovered_value_id2_multi_chunk_oos : expected [OOSROW|2|05787a8196c7ad061a82a76999091896|16283|130264|16288|1], got [OOSROW|2|02b6cc6daae92bb402016271b353e192|16284|130272|16292|0]' ']'
+ '[' -f 'recovered_value_id2_multi_chunk_oos : expected [OOSROW|2|05787a8196c7ad061a82a76999091896|16283|130264|16288|1], got [OOSROW|2|02b6cc6daae92bb402016271b353e192|16284|130272|16292|0]' ']'
+ echo '----------------- 12 : NOK' recovered_value_id2_multi_chunk_oos : expected '[OOSROW|2|05787a8196c7ad061a82a76999091896|16283|130264|16288|1],' got '[OOSROW|2|02b6cc6daae92bb402016271b353e192|16284|130272|16292|0]'
----------------- 12 : NOK recovered_value_id2_multi_chunk_oos : expected [OOSROW|2|05787a8196c7ad061a82a76999091896|16283|130264|16288|1], got [OOSROW|2|02b6cc6daae92bb402016271b353e192|16284|130272|16292|0]
+ echo 'oos_dur01_negative_control-12 : NOK' recovered_value_id2_multi_chunk_oos : expected '[OOSROW|2|05787a8196c7ad061a82a76999091896|16283|130264|16288|1],' got '[OOSROW|2|02b6cc6daae92bb402016271b353e192|16284|130272|16292|0]'
+ let 'case_no = case_no + 1'
+ '[' 1 -eq 1 ']'
+ capture_failure_evidence first_failure
+ local tag=first_failure
+ local dest=/home/vimkim/.cub/campaign/cbrd-26659/ticket14/attempts/att-T14-0028/case-evidence/failure_first_failure
+ mkdir -p /home/vimkim/.cub/campaign/cbrd-26659/ticket14/attempts/att-T14-0028/case-evidence/failure_first_failure
+ keep_evidence=1
+ date -Is
+ ps -u vimkim -o pid,ppid,etime,comm,args
+ cubrid server status
+ cp /home/vimkim/.cub/campaign/cbrd-26659/ticket14/attempts/att-T14-0028/case-evidence/operations.journal /home/vimkim/.cub/campaign/cbrd-26659/ticket14/attempts/att-T14-0028/case-evidence/failure_first_failure/
+ cp /home/vimkim/.cub/campaign/cbrd-26659/ticket14/negctl/oos_dur01_negative_control/cases/oos_dur01_negative_control.result /home/vimkim/.cub/campaign/cbrd-26659/ticket14/attempts/att-T14-0028/case-evidence/failure_first_failure/
+ cp -r /home/vimkim/.cub/install/oos-baseline-f4299ac0c/release_gcc/log /home/vimkim/.cub/campaign/cbrd-26659/ticket14/attempts/att-T14-0028/case-evidence/failure_first_failure/cubrid_log
+ assert_row recovered_value_id3_inline_comparator 3 CC 4011
+ local name=recovered_value_id3_inline_comparator id=3 pat=CC n=4011
+ local got want md5 bits disk
++ read_row 3 CC 4011
++ local id=3 pat=CC n=4011 literal sql
+++ value_literal CC 4011
+++ echo 'CAST(REPEAT('\''CC'\'', 4011) AS BIT VARYING)'
++ literal='CAST(REPEAT('\''CC'\'', 4011) AS BIT VARYING)'
++ sql='SELECT '\''OOSROW|'\'' || CAST(id AS VARCHAR)
             || '\''|'\'' || MD5(v)
             || '\''|'\'' || CAST(OCTET_LENGTH(v) AS VARCHAR)
             || '\''|'\'' || CAST(BIT_LENGTH(v) AS VARCHAR)
             || '\''|'\'' || CAST(DISK_SIZE(v) AS VARCHAR)
             || '\''|'\'' || CAST(CASE WHEN v = CAST(REPEAT('\''CC'\'', 4011) AS BIT VARYING) THEN 1 ELSE 0 END AS VARCHAR)
         FROM oos_dur01 WHERE id = 3;'
++ csql -u dba -c 'SELECT '\''OOSROW|'\'' || CAST(id AS VARCHAR)
             || '\''|'\'' || MD5(v)
             || '\''|'\'' || CAST(OCTET_LENGTH(v) AS VARCHAR)
             || '\''|'\'' || CAST(BIT_LENGTH(v) AS VARCHAR)
             || '\''|'\'' || CAST(DISK_SIZE(v) AS VARCHAR)
             || '\''|'\'' || CAST(CASE WHEN v = CAST(REPEAT('\''CC'\'', 4011) AS BIT VARYING) THEN 1 ELSE 0 END AS VARCHAR)
         FROM oos_dur01 WHERE id = 3;' t26659negc
++ grep -oE 'OOSROW\|[0-9]+\|[^'\'']*'
+ got='OOSROW|3|42db23afb2f04edfa44f7a5f840e7a09|4011|32088|4016|1'
++ expected_md5 CC 4011
+++ echo CC
+++ tr A-Z a-z
++ local pat=cc
++ yes cc
++ head -n 4011
++ tr -d '\n'
++ md5sum
++ cut '-d ' -f1
+ md5=42db23afb2f04edfa44f7a5f840e7a09
++ expr 4011 '*' 8
+ bits=32088
++ expected_disk_size 4011
++ expr '(' 5 + 4011 + 3 ')' / 4 '*' 4
+ disk=4016
+ want='OOSROW|3|42db23afb2f04edfa44f7a5f840e7a09|4011|32088|4016|1'
+ assert_eq recovered_value_id3_inline_comparator 'OOSROW|3|42db23afb2f04edfa44f7a5f840e7a09|4011|32088|4016|1' 'OOSROW|3|42db23afb2f04edfa44f7a5f840e7a09|4011|32088|4016|1'
+ '[' 'OOSROW|3|42db23afb2f04edfa44f7a5f840e7a09|4011|32088|4016|1' = 'OOSROW|3|42db23afb2f04edfa44f7a5f840e7a09|4011|32088|4016|1' ']'
+ write_ok recovered_value_id3_inline_comparator
+ '[' -z recovered_value_id3_inline_comparator ']'
+ echo '----------------- 13 : OK ' recovered_value_id3_inline_comparator
----------------- 13 : OK  recovered_value_id3_inline_comparator
+ echo 'oos_dur01_negative_control-13 : OK ' recovered_value_id3_inline_comparator
+ let 'case_no = case_no + 1'
++ count_matching DEL 'id = 4'
++ csql -u dba -c 'SELECT '\''DEL|'\'' || CAST(COUNT(*) AS VARCHAR) FROM oos_dur01 WHERE id = 4;' t26659negc
++ grep -oE 'DEL\|[0-9]+'
+ assert_eq committed_delete_survived_recovery 'DEL|0' 'DEL|0'
+ '[' 'DEL|0' = 'DEL|0' ']'
+ write_ok committed_delete_survived_recovery
+ '[' -z committed_delete_survived_recovery ']'
+ echo '----------------- 14 : OK ' committed_delete_survived_recovery
----------------- 14 : OK  committed_delete_survived_recovery
+ echo 'oos_dur01_negative_control-14 : OK ' committed_delete_survived_recovery
+ let 'case_no = case_no + 1'
+ read_oos_activation after_recovery /home/vimkim/.cub/campaign/cbrd-26659/ticket14/attempts/att-T14-0028/case-evidence/show_heap_oos_after_recovery.out
+ local out rc
++ show_heap_oos
++ csql -u dba -c 'SHOW HEAP OOS OF oos_dur01;' t26659negc
+ out='
=== <Result of SELECT Command in Line 1> ===

  Table_name            Class_oid             Heap_volume_id  Heap_file_id  Heap_header_page_id  Has_oos_file  Oos_volume_id  Oos_file_id  Oos_num_user_pages  Oos_page_size  Oos_num_recs       Oos_recs_sumlen    Oos_physical_bytes      Oos_unused_bytes
============================================================================================================================================================================================================================================================
  '\''dba.oos_dur01'\''       '\''(0|209|2)'\''                        1           576                  577             1              1          640                   4          16344             5                 28504                 65376                 36872

1 row selected. (0.000000 sec) Committed. (0.000000 sec) '
+ echo '
=== <Result of SELECT Command in Line 1> ===

  Table_name            Class_oid             Heap_volume_id  Heap_file_id  Heap_header_page_id  Has_oos_file  Oos_volume_id  Oos_file_id  Oos_num_user_pages  Oos_page_size  Oos_num_recs       Oos_recs_sumlen    Oos_physical_bytes      Oos_unused_bytes
============================================================================================================================================================================================================================================================
  '\''dba.oos_dur01'\''       '\''(0|209|2)'\''                        1           576                  577             1              1          640                   4          16344             5                 28504                 65376                 36872

1 row selected. (0.000000 sec) Committed. (0.000000 sec) '
+ classify_oos_output '
=== <Result of SELECT Command in Line 1> ===

  Table_name            Class_oid             Heap_volume_id  Heap_file_id  Heap_header_page_id  Has_oos_file  Oos_volume_id  Oos_file_id  Oos_num_user_pages  Oos_page_size  Oos_num_recs       Oos_recs_sumlen    Oos_physical_bytes      Oos_unused_bytes
============================================================================================================================================================================================================================================================
  '\''dba.oos_dur01'\''       '\''(0|209|2)'\''                        1           576                  577             1              1          640                   4          16344             5                 28504                 65376                 36872

1 row selected. (0.000000 sec) Committed. (0.000000 sec) '
+ local col
+ echo '
=== <Result of SELECT Command in Line 1> ===

  Table_name            Class_oid             Heap_volume_id  Heap_file_id  Heap_header_page_id  Has_oos_file  Oos_volume_id  Oos_file_id  Oos_num_user_pages  Oos_page_size  Oos_num_recs       Oos_recs_sumlen    Oos_physical_bytes      Oos_unused_bytes
============================================================================================================================================================================================================================================================
  '\''dba.oos_dur01'\''       '\''(0|209|2)'\''                        1           576                  577             1              1          640                   4          16344             5                 28504                 65376                 36872

1 row selected. (0.000000 sec) Committed. (0.000000 sec) '
+ grep -qi 'syntax error'
+ for col in ${oos_required_columns}
+ oos_field '
=== <Result of SELECT Command in Line 1> ===

  Table_name            Class_oid             Heap_volume_id  Heap_file_id  Heap_header_page_id  Has_oos_file  Oos_volume_id  Oos_file_id  Oos_num_user_pages  Oos_page_size  Oos_num_recs       Oos_recs_sumlen    Oos_physical_bytes      Oos_unused_bytes
============================================================================================================================================================================================================================================================
  '\''dba.oos_dur01'\''       '\''(0|209|2)'\''                        1           576                  577             1              1          640                   4          16344             5                 28504                 65376                 36872

1 row selected. (0.000000 sec) Committed. (0.000000 sec) ' Has_oos_file
+ local v
++ echo '
=== <Result of SELECT Command in Line 1> ===

  Table_name            Class_oid             Heap_volume_id  Heap_file_id  Heap_header_page_id  Has_oos_file  Oos_volume_id  Oos_file_id  Oos_num_user_pages  Oos_page_size  Oos_num_recs       Oos_recs_sumlen    Oos_physical_bytes      Oos_unused_bytes
============================================================================================================================================================================================================================================================
  '\''dba.oos_dur01'\''       '\''(0|209|2)'\''                        1           576                  577             1              1          640                   4          16344             5                 28504                 65376                 36872

1 row selected. (0.000000 sec) Committed. (0.000000 sec) '
++ awk -v 'cls='\''dba.oos_dur01'\''' -v want=Has_oos_file '
        /Table_name/ && /Has_oos_file/ {
            idx = 0
            for (i = 1; i <= NF; i++) { if ($i == want) { idx = i; break } }
            cols = NF
            next
        }
        cols && index($0, cls) && NF >= cols { if (idx) { print $idx }; exit }'
+ v=1
+ '[' -n 1 ']'
+ echo 1
+ for col in ${oos_required_columns}
+ oos_field '
=== <Result of SELECT Command in Line 1> ===

  Table_name            Class_oid             Heap_volume_id  Heap_file_id  Heap_header_page_id  Has_oos_file  Oos_volume_id  Oos_file_id  Oos_num_user_pages  Oos_page_size  Oos_num_recs       Oos_recs_sumlen    Oos_physical_bytes      Oos_unused_bytes
============================================================================================================================================================================================================================================================
  '\''dba.oos_dur01'\''       '\''(0|209|2)'\''                        1           576                  577             1              1          640                   4          16344             5                 28504                 65376                 36872

1 row selected. (0.000000 sec) Committed. (0.000000 sec) ' Oos_num_recs
+ local v
++ echo '
=== <Result of SELECT Command in Line 1> ===

  Table_name            Class_oid             Heap_volume_id  Heap_file_id  Heap_header_page_id  Has_oos_file  Oos_volume_id  Oos_file_id  Oos_num_user_pages  Oos_page_size  Oos_num_recs       Oos_recs_sumlen    Oos_physical_bytes      Oos_unused_bytes
============================================================================================================================================================================================================================================================
  '\''dba.oos_dur01'\''       '\''(0|209|2)'\''                        1           576                  577             1              1          640                   4          16344             5                 28504                 65376                 36872

1 row selected. (0.000000 sec) Committed. (0.000000 sec) '
++ awk -v 'cls='\''dba.oos_dur01'\''' -v want=Oos_num_recs '
        /Table_name/ && /Has_oos_file/ {
            idx = 0
            for (i = 1; i <= NF; i++) { if ($i == want) { idx = i; break } }
            cols = NF
            next
        }
        cols && index($0, cls) && NF >= cols { if (idx) { print $idx }; exit }'
+ v=5
+ '[' -n 5 ']'
+ echo 5
+ for col in ${oos_required_columns}
+ oos_field '
=== <Result of SELECT Command in Line 1> ===

  Table_name            Class_oid             Heap_volume_id  Heap_file_id  Heap_header_page_id  Has_oos_file  Oos_volume_id  Oos_file_id  Oos_num_user_pages  Oos_page_size  Oos_num_recs       Oos_recs_sumlen    Oos_physical_bytes      Oos_unused_bytes
============================================================================================================================================================================================================================================================
  '\''dba.oos_dur01'\''       '\''(0|209|2)'\''                        1           576                  577             1              1          640                   4          16344             5                 28504                 65376                 36872

1 row selected. (0.000000 sec) Committed. (0.000000 sec) ' Oos_recs_sumlen
+ local v
++ echo '
=== <Result of SELECT Command in Line 1> ===

  Table_name            Class_oid             Heap_volume_id  Heap_file_id  Heap_header_page_id  Has_oos_file  Oos_volume_id  Oos_file_id  Oos_num_user_pages  Oos_page_size  Oos_num_recs       Oos_recs_sumlen    Oos_physical_bytes      Oos_unused_bytes
============================================================================================================================================================================================================================================================
  '\''dba.oos_dur01'\''       '\''(0|209|2)'\''                        1           576                  577             1              1          640                   4          16344             5                 28504                 65376                 36872

1 row selected. (0.000000 sec) Committed. (0.000000 sec) '
++ awk -v 'cls='\''dba.oos_dur01'\''' -v want=Oos_recs_sumlen '
        /Table_name/ && /Has_oos_file/ {
            idx = 0
            for (i = 1; i <= NF; i++) { if ($i == want) { idx = i; break } }
            cols = NF
            next
        }
        cols && index($0, cls) && NF >= cols { if (idx) { print $idx }; exit }'
+ v=28504
+ '[' -n 28504 ']'
+ echo 28504
+ for col in ${oos_required_columns}
+ oos_field '
=== <Result of SELECT Command in Line 1> ===

  Table_name            Class_oid             Heap_volume_id  Heap_file_id  Heap_header_page_id  Has_oos_file  Oos_volume_id  Oos_file_id  Oos_num_user_pages  Oos_page_size  Oos_num_recs       Oos_recs_sumlen    Oos_physical_bytes      Oos_unused_bytes
============================================================================================================================================================================================================================================================
  '\''dba.oos_dur01'\''       '\''(0|209|2)'\''                        1           576                  577             1              1          640                   4          16344             5                 28504                 65376                 36872

1 row selected. (0.000000 sec) Committed. (0.000000 sec) ' Oos_num_user_pages
+ local v
++ echo '
=== <Result of SELECT Command in Line 1> ===

  Table_name            Class_oid             Heap_volume_id  Heap_file_id  Heap_header_page_id  Has_oos_file  Oos_volume_id  Oos_file_id  Oos_num_user_pages  Oos_page_size  Oos_num_recs       Oos_recs_sumlen    Oos_physical_bytes      Oos_unused_bytes
============================================================================================================================================================================================================================================================
  '\''dba.oos_dur01'\''       '\''(0|209|2)'\''                        1           576                  577             1              1          640                   4          16344             5                 28504                 65376                 36872

1 row selected. (0.000000 sec) Committed. (0.000000 sec) '
++ awk -v 'cls='\''dba.oos_dur01'\''' -v want=Oos_num_user_pages '
        /Table_name/ && /Has_oos_file/ {
            idx = 0
            for (i = 1; i <= NF; i++) { if ($i == want) { idx = i; break } }
            cols = NF
            next
        }
        cols && index($0, cls) && NF >= cols { if (idx) { print $idx }; exit }'
+ v=4
+ '[' -n 4 ']'
+ echo 4
+ for col in ${oos_required_columns}
+ oos_field '
=== <Result of SELECT Command in Line 1> ===

  Table_name            Class_oid             Heap_volume_id  Heap_file_id  Heap_header_page_id  Has_oos_file  Oos_volume_id  Oos_file_id  Oos_num_user_pages  Oos_page_size  Oos_num_recs       Oos_recs_sumlen    Oos_physical_bytes      Oos_unused_bytes
============================================================================================================================================================================================================================================================
  '\''dba.oos_dur01'\''       '\''(0|209|2)'\''                        1           576                  577             1              1          640                   4          16344             5                 28504                 65376                 36872

1 row selected. (0.000000 sec) Committed. (0.000000 sec) ' Oos_page_size
+ local v
++ echo '
=== <Result of SELECT Command in Line 1> ===

  Table_name            Class_oid             Heap_volume_id  Heap_file_id  Heap_header_page_id  Has_oos_file  Oos_volume_id  Oos_file_id  Oos_num_user_pages  Oos_page_size  Oos_num_recs       Oos_recs_sumlen    Oos_physical_bytes      Oos_unused_bytes
============================================================================================================================================================================================================================================================
  '\''dba.oos_dur01'\''       '\''(0|209|2)'\''                        1           576                  577             1              1          640                   4          16344             5                 28504                 65376                 36872

1 row selected. (0.000000 sec) Committed. (0.000000 sec) '
++ awk -v 'cls='\''dba.oos_dur01'\''' -v want=Oos_page_size '
        /Table_name/ && /Has_oos_file/ {
            idx = 0
            for (i = 1; i <= NF; i++) { if ($i == want) { idx = i; break } }
            cols = NF
            next
        }
        cols && index($0, cls) && NF >= cols { if (idx) { print $idx }; exit }'
+ v=16344
+ '[' -n 16344 ']'
+ echo 16344
+ return 0
+ rc=0
+ '[' 0 -ne 0 ']'
+ activation_observed=1
++ oos_field '
=== <Result of SELECT Command in Line 1> ===

  Table_name            Class_oid             Heap_volume_id  Heap_file_id  Heap_header_page_id  Has_oos_file  Oos_volume_id  Oos_file_id  Oos_num_user_pages  Oos_page_size  Oos_num_recs       Oos_recs_sumlen    Oos_physical_bytes      Oos_unused_bytes
============================================================================================================================================================================================================================================================
  '\''dba.oos_dur01'\''       '\''(0|209|2)'\''                        1           576                  577             1              1          640                   4          16344             5                 28504                 65376                 36872

1 row selected. (0.000000 sec) Committed. (0.000000 sec) ' Has_oos_file
++ local v
+++ echo '
=== <Result of SELECT Command in Line 1> ===

  Table_name            Class_oid             Heap_volume_id  Heap_file_id  Heap_header_page_id  Has_oos_file  Oos_volume_id  Oos_file_id  Oos_num_user_pages  Oos_page_size  Oos_num_recs       Oos_recs_sumlen    Oos_physical_bytes      Oos_unused_bytes
============================================================================================================================================================================================================================================================
  '\''dba.oos_dur01'\''       '\''(0|209|2)'\''                        1           576                  577             1              1          640                   4          16344             5                 28504                 65376                 36872

1 row selected. (0.000000 sec) Committed. (0.000000 sec) '
+++ awk -v 'cls='\''dba.oos_dur01'\''' -v want=Has_oos_file '
        /Table_name/ && /Has_oos_file/ {
            idx = 0
            for (i = 1; i <= NF; i++) { if ($i == want) { idx = i; break } }
            cols = NF
            next
        }
        cols && index($0, cls) && NF >= cols { if (idx) { print $idx }; exit }'
++ v=1
++ '[' -n 1 ']'
++ echo 1
+ has_oos=1
++ oos_field '
=== <Result of SELECT Command in Line 1> ===

  Table_name            Class_oid             Heap_volume_id  Heap_file_id  Heap_header_page_id  Has_oos_file  Oos_volume_id  Oos_file_id  Oos_num_user_pages  Oos_page_size  Oos_num_recs       Oos_recs_sumlen    Oos_physical_bytes      Oos_unused_bytes
============================================================================================================================================================================================================================================================
  '\''dba.oos_dur01'\''       '\''(0|209|2)'\''                        1           576                  577             1              1          640                   4          16344             5                 28504                 65376                 36872

1 row selected. (0.000000 sec) Committed. (0.000000 sec) ' Oos_num_recs
++ local v
+++ echo '
=== <Result of SELECT Command in Line 1> ===

  Table_name            Class_oid             Heap_volume_id  Heap_file_id  Heap_header_page_id  Has_oos_file  Oos_volume_id  Oos_file_id  Oos_num_user_pages  Oos_page_size  Oos_num_recs       Oos_recs_sumlen    Oos_physical_bytes      Oos_unused_bytes
============================================================================================================================================================================================================================================================
  '\''dba.oos_dur01'\''       '\''(0|209|2)'\''                        1           576                  577             1              1          640                   4          16344             5                 28504                 65376                 36872

1 row selected. (0.000000 sec) Committed. (0.000000 sec) '
+++ awk -v 'cls='\''dba.oos_dur01'\''' -v want=Oos_num_recs '
        /Table_name/ && /Has_oos_file/ {
            idx = 0
            for (i = 1; i <= NF; i++) { if ($i == want) { idx = i; break } }
            cols = NF
            next
        }
        cols && index($0, cls) && NF >= cols { if (idx) { print $idx }; exit }'
++ v=5
++ '[' -n 5 ']'
++ echo 5
+ num_recs=5
++ oos_observed '
=== <Result of SELECT Command in Line 1> ===

  Table_name            Class_oid             Heap_volume_id  Heap_file_id  Heap_header_page_id  Has_oos_file  Oos_volume_id  Oos_file_id  Oos_num_user_pages  Oos_page_size  Oos_num_recs       Oos_recs_sumlen    Oos_physical_bytes      Oos_unused_bytes
============================================================================================================================================================================================================================================================
  '\''dba.oos_dur01'\''       '\''(0|209|2)'\''                        1           576                  577             1              1          640                   4          16344             5                 28504                 65376                 36872

1 row selected. (0.000000 sec) Committed. (0.000000 sec) ' Oos_recs_sumlen
++ oos_field '
=== <Result of SELECT Command in Line 1> ===

  Table_name            Class_oid             Heap_volume_id  Heap_file_id  Heap_header_page_id  Has_oos_file  Oos_volume_id  Oos_file_id  Oos_num_user_pages  Oos_page_size  Oos_num_recs       Oos_recs_sumlen    Oos_physical_bytes      Oos_unused_bytes
============================================================================================================================================================================================================================================================
  '\''dba.oos_dur01'\''       '\''(0|209|2)'\''                        1           576                  577             1              1          640                   4          16344             5                 28504                 65376                 36872

1 row selected. (0.000000 sec) Committed. (0.000000 sec) ' Oos_recs_sumlen
++ local v
+++ echo '
=== <Result of SELECT Command in Line 1> ===

  Table_name            Class_oid             Heap_volume_id  Heap_file_id  Heap_header_page_id  Has_oos_file  Oos_volume_id  Oos_file_id  Oos_num_user_pages  Oos_page_size  Oos_num_recs       Oos_recs_sumlen    Oos_physical_bytes      Oos_unused_bytes
============================================================================================================================================================================================================================================================
  '\''dba.oos_dur01'\''       '\''(0|209|2)'\''                        1           576                  577             1              1          640                   4          16344             5                 28504                 65376                 36872

1 row selected. (0.000000 sec) Committed. (0.000000 sec) '
+++ awk -v 'cls='\''dba.oos_dur01'\''' -v want=Oos_recs_sumlen '
        /Table_name/ && /Has_oos_file/ {
            idx = 0
            for (i = 1; i <= NF; i++) { if ($i == want) { idx = i; break } }
            cols = NF
            next
        }
        cols && index($0, cls) && NF >= cols { if (idx) { print $idx }; exit }'
++ v=28504
++ '[' -n 28504 ']'
++ echo 28504
++ oos_observed '
=== <Result of SELECT Command in Line 1> ===

  Table_name            Class_oid             Heap_volume_id  Heap_file_id  Heap_header_page_id  Has_oos_file  Oos_volume_id  Oos_file_id  Oos_num_user_pages  Oos_page_size  Oos_num_recs       Oos_recs_sumlen    Oos_physical_bytes      Oos_unused_bytes
============================================================================================================================================================================================================================================================
  '\''dba.oos_dur01'\''       '\''(0|209|2)'\''                        1           576                  577             1              1          640                   4          16344             5                 28504                 65376                 36872

1 row selected. (0.000000 sec) Committed. (0.000000 sec) ' Oos_num_user_pages
++ oos_field '
=== <Result of SELECT Command in Line 1> ===

  Table_name            Class_oid             Heap_volume_id  Heap_file_id  Heap_header_page_id  Has_oos_file  Oos_volume_id  Oos_file_id  Oos_num_user_pages  Oos_page_size  Oos_num_recs       Oos_recs_sumlen    Oos_physical_bytes      Oos_unused_bytes
============================================================================================================================================================================================================================================================
  '\''dba.oos_dur01'\''       '\''(0|209|2)'\''                        1           576                  577             1              1          640                   4          16344             5                 28504                 65376                 36872

1 row selected. (0.000000 sec) Committed. (0.000000 sec) ' Oos_num_user_pages
++ local v
+++ echo '
=== <Result of SELECT Command in Line 1> ===

  Table_name            Class_oid             Heap_volume_id  Heap_file_id  Heap_header_page_id  Has_oos_file  Oos_volume_id  Oos_file_id  Oos_num_user_pages  Oos_page_size  Oos_num_recs       Oos_recs_sumlen    Oos_physical_bytes      Oos_unused_bytes
============================================================================================================================================================================================================================================================
  '\''dba.oos_dur01'\''       '\''(0|209|2)'\''                        1           576                  577             1              1          640                   4          16344             5                 28504                 65376                 36872

1 row selected. (0.000000 sec) Committed. (0.000000 sec) '
+++ awk -v 'cls='\''dba.oos_dur01'\''' -v want=Oos_num_user_pages '
        /Table_name/ && /Has_oos_file/ {
            idx = 0
            for (i = 1; i <= NF; i++) { if ($i == want) { idx = i; break } }
            cols = NF
            next
        }
        cols && index($0, cls) && NF >= cols { if (idx) { print $idx }; exit }'
++ v=4
++ '[' -n 4 ']'
++ echo 4
++ oos_observed '
=== <Result of SELECT Command in Line 1> ===

  Table_name            Class_oid             Heap_volume_id  Heap_file_id  Heap_header_page_id  Has_oos_file  Oos_volume_id  Oos_file_id  Oos_num_user_pages  Oos_page_size  Oos_num_recs       Oos_recs_sumlen    Oos_physical_bytes      Oos_unused_bytes
============================================================================================================================================================================================================================================================
  '\''dba.oos_dur01'\''       '\''(0|209|2)'\''                        1           576                  577             1              1          640                   4          16344             5                 28504                 65376                 36872

1 row selected. (0.000000 sec) Committed. (0.000000 sec) ' Oos_page_size
++ oos_field '
=== <Result of SELECT Command in Line 1> ===

  Table_name            Class_oid             Heap_volume_id  Heap_file_id  Heap_header_page_id  Has_oos_file  Oos_volume_id  Oos_file_id  Oos_num_user_pages  Oos_page_size  Oos_num_recs       Oos_recs_sumlen    Oos_physical_bytes      Oos_unused_bytes
============================================================================================================================================================================================================================================================
  '\''dba.oos_dur01'\''       '\''(0|209|2)'\''                        1           576                  577             1              1          640                   4          16344             5                 28504                 65376                 36872

1 row selected. (0.000000 sec) Committed. (0.000000 sec) ' Oos_page_size
++ local v
+++ echo '
=== <Result of SELECT Command in Line 1> ===

  Table_name            Class_oid             Heap_volume_id  Heap_file_id  Heap_header_page_id  Has_oos_file  Oos_volume_id  Oos_file_id  Oos_num_user_pages  Oos_page_size  Oos_num_recs       Oos_recs_sumlen    Oos_physical_bytes      Oos_unused_bytes
============================================================================================================================================================================================================================================================
  '\''dba.oos_dur01'\''       '\''(0|209|2)'\''                        1           576                  577             1              1          640                   4          16344             5                 28504                 65376                 36872

1 row selected. (0.000000 sec) Committed. (0.000000 sec) '
+++ awk -v 'cls='\''dba.oos_dur01'\''' -v want=Oos_page_size '
        /Table_name/ && /Has_oos_file/ {
            idx = 0
            for (i = 1; i <= NF; i++) { if ($i == want) { idx = i; break } }
            cols = NF
            next
        }
        cols && index($0, cls) && NF >= cols { if (idx) { print $idx }; exit }'
++ v=16344
++ '[' -n 16344 ']'
++ echo 16344
+ journal 'observation|after_recovery|has_oos=1|chunks=5|sumlen=28504|user_pages=4|oos_page_size=16344'
++ date -Is
+ echo '2026-09-11T15:07:08+09:00|observation|after_recovery|has_oos=1|chunks=5|sumlen=28504|user_pages=4|oos_page_size=16344'
+ return 0
+ case $? in
+ '[' 1 = 1 ']'
+ is_number 5
+ echo 5
+ grep -qE '^[0-9]+$'
+ '[' 5 -ge 3 ']'
+ '[' 5 -le 5 ']'
+ write_ok oos_activation_after_recovery
+ '[' -z oos_activation_after_recovery ']'
+ echo '----------------- 15 : OK ' oos_activation_after_recovery
----------------- 15 : OK  oos_activation_after_recovery
+ echo 'oos_dur01_negative_control-15 : OK ' oos_activation_after_recovery
+ let 'case_no = case_no + 1'
+ cubrid server stop t26659negc
++ SKIP_CHECK_RECOVERY_ERROR=TRUE
++ cubrid checkdb -S t26659negc
+ checkdb_out=
+ checkdb_rc=0
+ echo ''
++ echo ''
++ grep -ci 'error\|inconsisten\|corrupt'
+ checkdb_bad=0
+ assert_eq checkdb_after_recovery_is_clean 'rc=0 complaints=0' 'rc=0 complaints=0'
+ '[' 'rc=0 complaints=0' = 'rc=0 complaints=0' ']'
+ write_ok checkdb_after_recovery_is_clean
+ '[' -z checkdb_after_recovery_is_clean ']'
+ echo '----------------- 16 : OK ' checkdb_after_recovery_is_clean
----------------- 16 : OK  checkdb_after_recovery_is_clean
+ echo 'oos_dur01_negative_control-16 : OK ' checkdb_after_recovery_is_clean
+ let 'case_no = case_no + 1'
++ cubrid_rel
++ grep -c debug
+ is_debug=0
+ '[' 0 -eq 0 ']'
+ skip debug_oos_log_records_chain_delete 'release build: oos_debug and oos_trace are compiled out under NDEBUG, so $CUBRID/log/oos.log is never written'
++ expr 0 + 1
+ skip_count=1
+ echo '----------------- 17 : SKIP debug_oos_log_records_chain_delete : release build: oos_debug and oos_trace are compiled out under NDEBUG, so $CUBRID/log/oos.log is never written'
----------------- 17 : SKIP debug_oos_log_records_chain_delete : release build: oos_debug and oos_trace are compiled out under NDEBUG, so $CUBRID/log/oos.log is never written
+ echo 'oos_dur01_negative_control-17 : SKIP debug_oos_log_records_chain_delete : release build: oos_debug and oos_trace are compiled out under NDEBUG, so $CUBRID/log/oos.log is never written'
+ echo 'debug_oos_log_records_chain_delete|release build: oos_debug and oos_trace are compiled out under NDEBUG, so $CUBRID/log/oos.log is never written'
++ expr 17 + 1
+ case_no=18
+ '[' 1 -gt 0 ']'
+ case_outcome=FAIL
+ case_outcome_reason='1 assertion(s) failed'
+ echo 'FAIL|1 assertion(s) failed'
+ journal 'case|end|outcome=FAIL|failed=1|skipped=1|reason=1 assertion(s) failed'
++ date -Is
+ echo '2026-09-11T15:07:09+09:00|case|end|outcome=FAIL|failed=1|skipped=1|reason=1 assertion(s) failed'
+ '[' FAIL = SKIP ']'
+ echo '[INFO] oos_dur01_negative_control: outcome=FAIL, failed assertions=1, skipped=1, journal=/home/vimkim/.cub/campaign/cbrd-26659/ticket14/attempts/att-T14-0028/case-evidence/operations.journal'
[INFO] oos_dur01_negative_control: outcome=FAIL, failed assertions=1, skipped=1, journal=/home/vimkim/.cub/campaign/cbrd-26659/ticket14/attempts/att-T14-0028/case-evidence/operations.journal
+ do_cleanup
+ cubrid server stop t26659negc
+ '[' 1 -gt 0 ']'
+ '[' -d /home/vimkim/.cub/campaign/cbrd-26659/ticket14/negctl/oos_dur01_negative_control/cases/t26659negc ']'
+ preserve_failure_database
+ local dest=/home/vimkim/.cub/campaign/cbrd-26659/ticket14/attempts/att-T14-0028/case-evidence/failed_database
+ local errs=0
+ mkdir -p /home/vimkim/.cub/campaign/cbrd-26659/ticket14/attempts/att-T14-0028/case-evidence/failed_database
+ cp -a /home/vimkim/.cub/campaign/cbrd-26659/ticket14/negctl/oos_dur01_negative_control/cases/t26659negc /home/vimkim/.cub/campaign/cbrd-26659/ticket14/attempts/att-T14-0028/case-evidence/failed_database/
+ '[' -d /home/vimkim/.cub/install/oos-baseline-f4299ac0c/release_gcc/log/server ']'
+ cp -a /home/vimkim/.cub/install/oos-baseline-f4299ac0c/release_gcc/log/server /home/vimkim/.cub/campaign/cbrd-26659/ticket14/attempts/att-T14-0028/case-evidence/failed_database/server_log
+ '[' 0 -eq 0 ']'
+ journal 'preservation|ok|database and server logs copied to /home/vimkim/.cub/campaign/cbrd-26659/ticket14/attempts/att-T14-0028/case-evidence/failed_database'
++ date -Is
+ echo '2026-09-11T15:07:09+09:00|preservation|ok|database and server logs copied to /home/vimkim/.cub/campaign/cbrd-26659/ticket14/attempts/att-T14-0028/case-evidence/failed_database'
+ cubrid deletedb t26659negc
+ rm -rf /home/vimkim/.cub/campaign/cbrd-26659/ticket14/negctl/oos_dur01_negative_control/cases/t26659negc
+ rm -f /home/vimkim/.cub/campaign/cbrd-26659/ticket14/negctl/oos_dur01_negative_control/cases/csql.err /home/vimkim/.cub/campaign/cbrd-26659/ticket14/negctl/oos_dur01_negative_control/cases/csql.access '/home/vimkim/.cub/campaign/cbrd-26659/ticket14/negctl/oos_dur01_negative_control/cases/*.log'
+ delete_ini
+ '[' Linux = Windows_NT ']'
+ cp /home/vimkim/.cub/install/oos-baseline-f4299ac0c/release_gcc/conf/cubrid.conf.org /home/vimkim/.cub/install/oos-baseline-f4299ac0c/release_gcc/conf/cubrid.conf
+ '[' 1 -eq 0 ']'
+ finish
+ rm -f 'userver.err.*'
+ rm -f 'uclient.err.*'
+ rm -f 'client.err.*'
+ rm -rf ./lob
+ cubrid service stop
@ cubrid broker stop
++ cubrid broker is not running.
@ cubrid manager server stop
cubrid manager server is not installed.
@ cubrid master stop
++ cubrid master stop: success
+ pkill cub
+ '[' 1 -eq 1 ']'
+ count_time
++ get_curr_second
+++ date +%s
++ str=1789106830
++ echo 1789106830
+ end_time=1789106830
+ duration=12
++ date +%Y-%m-%d
+ date_str=2026-09-11
++ date +%H:%M:%S
+ time_str=15:07:10
+ echo 15:07:10----/home/vimkim/.cub/campaign/cbrd-26659/ticket14/negctl/oos_dur01_negative_control/cases--- time=12
+ '[' 12 -gt 7200 ']'
+ '[' 12 -gt 3600 ']'
+ '[' 12 -gt 1800 ']'
+ '[' 12 -gt 600 ']'
+ release_broker_sharedmemory
+ '[' Linux == Linux -o Linux == AIX ']'
++ ipcs
++ grep vimkim
++ awk '{print $2}'
+ broker_sid=
+ '[' -n '' ']'
+ delete_ini
+ '[' Linux = Windows_NT ']'
+ cp /home/vimkim/.cub/install/oos-baseline-f4299ac0c/release_gcc/conf/cubrid.conf.org /home/vimkim/.cub/install/oos-baseline-f4299ac0c/release_gcc/conf/cubrid.conf
+ restore_all_conf
+ restore_db_conf
+ '[' -f /home/vimkim/.cub/install/oos-baseline-f4299ac0c/release_gcc/conf/cubrid.conf.org ']'
+ cp /home/vimkim/.cub/install/oos-baseline-f4299ac0c/release_gcc/conf/cubrid.conf.org /home/vimkim/.cub/install/oos-baseline-f4299ac0c/release_gcc/conf/cubrid.conf
+ restore_broker_conf
+ '[' -f /home/vimkim/.cub/install/oos-baseline-f4299ac0c/release_gcc/conf/cubrid_broker.conf.org ']'
+ restore_gateway_conf
+ '[' -f /home/vimkim/.cub/install/oos-baseline-f4299ac0c/release_gcc/conf/cubrid_gateway.conf.org ']'
+ restore_ha_conf
+ '[' -f /home/vimkim/.cub/install/oos-baseline-f4299ac0c/release_gcc/conf/cubrid_ha.conf.org ']'
++ date
+ echo '[INFO] TEST STOP (Fri Sep 11 03:07:10 PM KST 2026)'
[INFO] TEST STOP (Fri Sep 11 03:07:10 PM KST 2026)

============= PRINT SUMMARY ==================
Test Category:shell
Total Case:1
Total Execution Case:1
Total Success Case:0
Total Fail Case:1
Total Skip Case:0
[TEST STOP] Current Time is Fri Sep 11 15:07:11 KST 2026
Elapse Time:15233
