[0mdirenv: loading ~/gh/cb/oos-readiness-221-release/.envrc
CUBRID runtime is not initialized; this worktree is build-only. Run a full build to initialize it.
Preset Mode: release_gcc
Install Dir: /home/vimkim/.cub/install/oos-readiness-221-release/release_gcc
Runtime: build-only
Build Dir: /home/vimkim/gh/cb/oos-readiness-221-release/build_preset_release_gcc
[0mdirenv: loading ~/gh/cb/oos-readiness-221-release/.envrc
CUBRID runtime is not initialized; this worktree is build-only. Run a full build to initialize it.
Preset Mode: release_gcc
Install Dir: /home/vimkim/.cub/install/oos-readiness-221-release/release_gcc
Runtime: build-only
Build Dir: /home/vimkim/gh/cb/oos-readiness-221-release/build_preset_release_gcc
[0mdirenv: loading ~/gh/cb/oos-readiness-221-release/.envrc
CUBRID runtime is not initialized; this worktree is build-only. Run a full build to initialize it.
Preset Mode: release_gcc
Install Dir: /home/vimkim/.cub/install/oos-readiness-221-release/release_gcc
Runtime: build-only
Build Dir: /home/vimkim/gh/cb/oos-readiness-221-release/build_preset_release_gcc
Using JAVA_HOME JDK: /home/vimkim/.local/share/mise/installs/java/temurin-8.0.462+8
[0mdirenv: loading ~/gh/cb/oos-readiness-221-release/.envrc
CUBRID runtime is not initialized; this worktree is build-only. Run a full build to initialize it.
Preset Mode: release_gcc
Install Dir: /home/vimkim/.cub/install/oos-readiness-221-release/release_gcc
Runtime: build-only
Build Dir: /home/vimkim/gh/cb/oos-readiness-221-release/build_preset_release_gcc
Logging build output to: /home/vimkim/gh/cb/oos-readiness-221-release/build_preset_release_gcc/build.log
[0mdirenv: loading ~/gh/cb/oos-readiness-221-release/.envrc
CUBRID runtime is not initialized; this worktree is build-only. Run a full build to initialize it.
Preset Mode: release_gcc
Install Dir: /home/vimkim/.cub/install/oos-readiness-221-release/release_gcc
Runtime: build-only
Build Dir: /home/vimkim/gh/cb/oos-readiness-221-release/build_preset_release_gcc
[0/2] Re-checking globbed directories...
[1/1448] [FLEX][loader_lexer] Building scanner with flex
/home/vimkim/gh/cb/oos-readiness-221-release/src/loaddb/load_lexer.l:276: warning, rule cannot be matched
/home/vimkim/gh/cb/oos-readiness-221-release/src/loaddb/load_lexer.l:282: warning, rule cannot be matched
/home/vimkim/gh/cb/oos-readiness-221-release/src/loaddb/load_lexer.l:583: warning, rule cannot be matched
/home/vimkim/gh/cb/oos-readiness-221-release/src/loaddb/load_lexer.l:625: warning, -s option given but default rule can be matched
[2/1448] Generating csql_grammar.yy
[3/1448] Creating directories for 'libopenssl'
[4/1448] Creating directories for 'libexpat'
[5/1448] Creating directories for 'libedit'
[6/1448] Creating directories for 'lz4'
[7/1448] Creating directories for 'libodbc'
[8/1448] Creating directories for 'rapidjson'
[9/1448] Creating directories for 're2'
[10/1448] Creating directories for 'libtbb'
[11/1448] Running utility command for pl_install_jdk
[INFO] Install JDK 8
[12/1448] Creating directories for 'catch2'
[13/1448] [FLEX][csql_lexer] Building scanner with flex
[14/1448] [BISON][loader_grammar] Building parser with bison
[15/1448] Generating probes.h, probes.o
[16/1448] Building C object util/CMakeFiles/gencat.dir/__/src/executables/gencat.c.o
[17/1448] Building CXX object util/CMakeFiles/gencat.dir/__/src/base/porting.c.o
[18/1448] Building CXX object unit_tests/common/CMakeFiles/test_common.dir/test_string_collection.cpp.o
[19/1448] Linking CXX executable bin/gencat
[20/1448] Conversion csql.msg in ko_KR.euckr
[21/1448] Conversion utils.msg in ko_KR.euckr
[22/1448] Conversion cubrid.msg in ko_KR.euckr
[23/1448] Copy csql.msg in en_US.utf8
[24/1448] Copy cubrid.msg in en_US.utf8
[25/1448] Copy cubrid.msg in en_US
[26/1448] Copy utils.msg in en_US
[27/1448] Copy csql.msg in ko_KR.utf8
[28/1448] Copy cubrid.msg in ko_KR.utf8
[29/1448] Copy utils.msg in en_US.utf8
[30/1448] Copy csql.msg in en_US
[31/1448] Copy utils.msg in ko_KR.utf8
[32/1448] Generating csql.cat for ko_KR.euckr
[33/1448] Generating utils.cat for ko_KR.euckr
[34/1448] Generating csql.cat for en_US.utf8
[35/1448] Generating csql.cat for ko_KR.utf8
[36/1448] Generating utils.cat for en_US
[37/1448] Generating utils.cat for en_US.utf8
[38/1448] Generating utils.cat for ko_KR.utf8
[39/1448] Generating csql.cat for en_US
[40/1448] Generating cubrid.cat for ko_KR.euckr
[41/1448] Generating cubrid.cat for en_US
[42/1448] Generating cubrid.cat for en_US.utf8
[43/1448] Generating cubrid.cat for ko_KR.utf8
[44/1448] Performing download step (download, verify and extract) for 'lz4'
-- Downloading...
   dst='/home/vimkim/gh/cb/oos-readiness-221-release/build_preset_release_gcc/3rdparty/Download/lz4/lz4-1.10.0.tar.gz'
   timeout='600 seconds'
   inactivity timeout='none'
-- Using src='https://github.com/CUBRID/3rdparty/raw/develop/lz4/lz4-1.10.0.tar.gz'
-- verifying file...
       file='/home/vimkim/gh/cb/oos-readiness-221-release/build_preset_release_gcc/3rdparty/Download/lz4/lz4-1.10.0.tar.gz'
-- Downloading... done
-- extracting...
     src='/home/vimkim/gh/cb/oos-readiness-221-release/build_preset_release_gcc/3rdparty/Download/lz4/lz4-1.10.0.tar.gz'
     dst='/home/vimkim/gh/cb/oos-readiness-221-release/build_preset_release_gcc/3rdparty/Source/lz4'
-- extracting... [tar xfz]
-- extracting... [analysis]
-- extracting... [rename]
-- extracting... [clean up]
-- extracting... done
[45/1448] No update step for 'lz4'
[46/1448] Building CXX object unit_tests/common/CMakeFiles/test_common.dir/test_output.cpp.o
[47/1448] No patch step for 'lz4'
[48/1448] No configure step for 'lz4'
[49/1448] Performing download step (download, verify and extract) for 're2'
-- Downloading...
   dst='/home/vimkim/gh/cb/oos-readiness-221-release/build_preset_release_gcc/3rdparty/Download/re2/2023-03-01.tar.gz'
   timeout='600 seconds'
   inactivity timeout='none'
-- Using src='https://github.com/CUBRID/3rdparty/raw/develop/re2/2023-03-01.tar.gz'
-- verifying file...
       file='/home/vimkim/gh/cb/oos-readiness-221-release/build_preset_release_gcc/3rdparty/Download/re2/2023-03-01.tar.gz'
-- Downloading... done
-- extracting...
     src='/home/vimkim/gh/cb/oos-readiness-221-release/build_preset_release_gcc/3rdparty/Download/re2/2023-03-01.tar.gz'
     dst='/home/vimkim/gh/cb/oos-readiness-221-release/build_preset_release_gcc/3rdparty/Source/re2'
-- extracting... [tar xfz]
-- extracting... [analysis]
-- extracting... [rename]
-- extracting... [clean up]
-- extracting... done
[50/1448] No update step for 're2'
[51/1448] No patch step for 're2'
[52/1448] No configure step for 're2'
[53/1448] Performing download step (download, verify and extract) for 'libedit'
-- Downloading...
   dst='/home/vimkim/gh/cb/oos-readiness-221-release/build_preset_release_gcc/3rdparty/Download/libedit/csql_v1.2.tar.gz'
   timeout='600 seconds'
   inactivity timeout='none'
-- Using src='https://github.com/CUBRID/libedit/archive/refs/tags/csql_v1.2.tar.gz'
-- verifying file...
       file='/home/vimkim/gh/cb/oos-readiness-221-release/build_preset_release_gcc/3rdparty/Download/libedit/csql_v1.2.tar.gz'
-- Downloading... done
-- extracting...
     src='/home/vimkim/gh/cb/oos-readiness-221-release/build_preset_release_gcc/3rdparty/Download/libedit/csql_v1.2.tar.gz'
     dst='/home/vimkim/gh/cb/oos-readiness-221-release/build_preset_release_gcc/3rdparty/Source/libedit'
-- extracting... [tar xfz]
-- extracting... [analysis]
-- extracting... [rename]
-- extracting... [clean up]
-- extracting... done
[54/1448] No update step for 'libedit'
[55/1448] Performing download step (download, verify and extract) for 'libexpat'
-- Downloading...
   dst='/home/vimkim/gh/cb/oos-readiness-221-release/build_preset_release_gcc/3rdparty/Download/libexpat/expat-2.8.2.tar.gz'
   timeout='600 seconds'
   inactivity timeout='none'
-- Using src='https://github.com/CUBRID/3rdparty/raw/develop/expat/expat-2.8.2.tar.gz'
-- verifying file...
       file='/home/vimkim/gh/cb/oos-readiness-221-release/build_preset_release_gcc/3rdparty/Download/libexpat/expat-2.8.2.tar.gz'
-- Downloading... done
-- extracting...
     src='/home/vimkim/gh/cb/oos-readiness-221-release/build_preset_release_gcc/3rdparty/Download/libexpat/expat-2.8.2.tar.gz'
     dst='/home/vimkim/gh/cb/oos-readiness-221-release/build_preset_release_gcc/3rdparty/Source/libexpat'
-- extracting... [tar xfz]
-- extracting... [analysis]
-- extracting... [rename]
-- extracting... [clean up]
-- extracting... done
[56/1448] No patch step for 'libedit'
[57/1448] No update step for 'libexpat'
[58/1448] No patch step for 'libexpat'
[59/1448] [BISON][csql_grammar] Building parser with bison
/home/vimkim/gh/cb/oos-readiness-221-release/build_preset_release_gcc/csql_grammar.yy: warning: 839 shift/reduce conflicts [-Wconflicts-sr]
/home/vimkim/gh/cb/oos-readiness-221-release/build_preset_release_gcc/csql_grammar.yy: warning: 1534 reduce/reduce conflicts [-Wconflicts-rr]
[60/1448] Building CXX object unit_tests/common/CMakeFiles/test_common.dir/test_perf_compare.cpp.o
[61/1448] Linking CXX static library unit_tests/common/libtest_common.a
[62/1448] Performing build step for 're2'
[63/1448] No install step for 're2'
[64/1448] Completed 're2'
[65/1448] Performing download step (download, verify and extract) for 'libodbc'
-- Downloading...
   dst='/home/vimkim/gh/cb/oos-readiness-221-release/build_preset_release_gcc/3rdparty/Download/libodbc/unixODBC-2.3.14.tar.gz'
   timeout='600 seconds'
   inactivity timeout='none'
-- Using src='https://github.com/CUBRID/3rdparty/raw/develop/unixODBC/unixODBC-2.3.14.tar.gz'
-- verifying file...
       file='/home/vimkim/gh/cb/oos-readiness-221-release/build_preset_release_gcc/3rdparty/Download/libodbc/unixODBC-2.3.14.tar.gz'
-- Downloading... done
-- extracting...
     src='/home/vimkim/gh/cb/oos-readiness-221-release/build_preset_release_gcc/3rdparty/Download/libodbc/unixODBC-2.3.14.tar.gz'
     dst='/home/vimkim/gh/cb/oos-readiness-221-release/build_preset_release_gcc/3rdparty/Source/libodbc'
-- extracting... [tar xfz]
-- extracting... [analysis]
-- extracting... [rename]
-- extracting... [clean up]
-- extracting... done
[66/1448] Building CXX object _deps/googletest-build/googletest/CMakeFiles/gtest_main.dir/src/gtest_main.cc.o
[67/1448] No update step for 'libodbc'
[68/1448] No patch step for 'libodbc'
[69/1448] Performing download step (download, verify and extract) for 'libtbb'
-- Downloading...
   dst='/home/vimkim/gh/cb/oos-readiness-221-release/build_preset_release_gcc/3rdparty/Download/libtbb/v2021.11.0.tar.gz'
   timeout='600 seconds'
   inactivity timeout='none'
-- Using src='https://github.com/CUBRID/3rdparty/raw/develop/tbb/v2021.11.0.tar.gz'
-- verifying file...
       file='/home/vimkim/gh/cb/oos-readiness-221-release/build_preset_release_gcc/3rdparty/Download/libtbb/v2021.11.0.tar.gz'
-- Downloading... done
-- extracting...
     src='/home/vimkim/gh/cb/oos-readiness-221-release/build_preset_release_gcc/3rdparty/Download/libtbb/v2021.11.0.tar.gz'
     dst='/home/vimkim/gh/cb/oos-readiness-221-release/build_preset_release_gcc/3rdparty/Source/libtbb'
-- extracting... [tar xfz]
-- extracting... [analysis]
-- extracting... [rename]
-- extracting... [clean up]
-- extracting... done
[70/1448] No update step for 'libtbb'
[71/1448] No patch step for 'libtbb'
[72/1448] Building CXX object _deps/googletest-build/googlemock/CMakeFiles/gmock_main.dir/src/gmock_main.cc.o
[73/1448] Performing configure step for 'libtbb'
[74/1448] Building CXX object _deps/googletest-build/googlemock/CMakeFiles/gmock.dir/src/gmock-all.cc.o
[75/1448] Performing configure step for 'libexpat'
[76/1448] Performing download step (download, verify and extract) for 'rapidjson'
-- Downloading...
   dst='/home/vimkim/gh/cb/oos-readiness-221-release/build_preset_release_gcc/3rdparty/Download/rapidjson/v1.1.0-250205.tar.gz'
   timeout='600 seconds'
   inactivity timeout='none'
-- Using src='https://github.com/CUBRID/3rdparty/raw/develop/rapidjson/v1.1.0-250205.tar.gz'
-- verifying file...
       file='/home/vimkim/gh/cb/oos-readiness-221-release/build_preset_release_gcc/3rdparty/Download/rapidjson/v1.1.0-250205.tar.gz'
-- Downloading... done
-- extracting...
     src='/home/vimkim/gh/cb/oos-readiness-221-release/build_preset_release_gcc/3rdparty/Download/rapidjson/v1.1.0-250205.tar.gz'
     dst='/home/vimkim/gh/cb/oos-readiness-221-release/build_preset_release_gcc/3rdparty/Source/rapidjson'
-- extracting... [tar xfz]
-- extracting... [analysis]
-- extracting... [rename]
-- extracting... [clean up]
-- extracting... done
[77/1448] No update step for 'rapidjson'
[78/1448] No patch step for 'rapidjson'
[79/1448] Performing configure step for 'rapidjson'
[80/1448] Performing build step for 'rapidjson'
[81/1448] No install step for 'rapidjson'
[82/1448] Completed 'rapidjson'
[83/1448] Performing build step for 'libtbb'
[84/1448] Performing configure step for 'libedit'
checking for gcc... gcc
checking whether the C compiler works... yes
checking for C compiler default output file name... a.out
checking for suffix of executables... 
checking whether we are cross compiling... no
checking for suffix of object files... o
checking whether we are using the GNU C compiler... yes
checking whether gcc accepts -g... yes
checking for gcc option to accept ISO C89... none needed
checking whether gcc understands -c and -o together... yes
checking how to run the C preprocessor... gcc -E
checking for grep that handles long lines and -e... /usr/bin/grep
checking for egrep... /usr/bin/grep -E
checking for ANSI C header files... yes
checking for sys/types.h... yes
checking for sys/stat.h... yes
checking for stdlib.h... yes
checking for string.h... yes
checking for memory.h... yes
checking for strings.h... yes
checking for inttypes.h... yes
checking for stdint.h... yes
checking for unistd.h... yes
checking minix/config.h usability... no
checking minix/config.h presence... no
checking for minix/config.h... no
checking whether it is safe to define __EXTENSIONS__... yes
checking for a BSD-compatible install... /usr/bin/install -c
checking whether build environment is sane... yes
checking for a thread-safe mkdir -p... /usr/bin/mkdir -p
checking for gawk... gawk
checking whether make sets $(MAKE)... yes
checking for style of include used by make... GNU
checking whether make supports nested variables... yes
checking dependency style of gcc... gcc3
checking build system type... x86_64-unknown-linux-gnu
checking host system type... x86_64-unknown-linux-gnu
checking how to print strings... printf
checking for a sed that does not truncate output... /usr/bin/sed
checking for fgrep... /usr/bin/grep -F
checking for ld used by gcc... /home/linuxbrew/.linuxbrew/bin/ld
checking if the linker (/home/linuxbrew/.linuxbrew/bin/ld) is GNU ld... yes
checking for BSD- or MS-compatible name lister (nm)... /home/linuxbrew/.linuxbrew/bin/nm -B
checking the name lister (/home/linuxbrew/.linuxbrew/bin/nm -B) interface... BSD nm
checking whether ln -s works... yes
checking the maximum length of command line arguments... 1572864
checking how to convert x86_64-unknown-linux-gnu file names to x86_64-unknown-linux-gnu format... func_convert_file_noop
checking how to convert x86_64-unknown-linux-gnu file names to toolchain format... func_convert_file_noop
checking for /home/linuxbrew/.linuxbrew/bin/ld option to reload object files... -r
checking for objdump... objdump
checking how to recognize dependent libraries... pass_all
checking for dlltool... dlltool
checking how to associate runtime and link libraries... printf %s\n
checking for ar... ar
checking for archiver @FILE support... @
checking for strip... strip
checking for ranlib... ranlib
checking command to parse /home/linuxbrew/.linuxbrew/bin/nm -B output from gcc object... ok
checking for sysroot... no
checking for a working dd... /usr/bin/dd
checking how to truncate binary pipes... /usr/bin/dd bs=4096 count=1
checking for mt... no
checking if : is a manifest tool... no
checking for dlfcn.h... yes
checking for objdir... .libs
checking if gcc supports -fno-rtti -fno-exceptions... yes
checking for gcc option to produce PIC... -fPIC -DPIC
checking if gcc PIC flag -fPIC -DPIC works... yes
checking if gcc static flag -static works... yes
checking if gcc supports -c -o file.o... yes
checking if gcc supports -c -o file.o... (cached) yes
checking whether the gcc linker (/home/linuxbrew/.linuxbrew/bin/ld -m elf_x86_64) supports shared libraries... yes
checking dynamic linker characteristics... GNU/Linux ld.so
checking how to hardcode library paths into programs... immediate
checking whether stripping libraries is possible... yes
checking if libtool supports shared libraries... yes
checking whether to build shared libraries... no
checking whether to build static libraries... yes
checking whether make supports nested variables... (cached) yes
checking for gcc option to accept ISO C99... none needed
checking whether ln -s works... yes
checking for gawk... (cached) gawk
checking for nroff... /usr/bin/nroff
checking for tgetent in -lncurses... yes
checking if you want wide-character code... no
configure: WARNING: --enable-widec is deprecated, wide-character/UTF-8 is always enabled
checking for dirent.h that defines DIR... yes
checking for library containing opendir... none required
checking for ANSI C header files... (cached) yes
checking for sys/wait.h that is POSIX.1 compatible... yes
checking fcntl.h usability... yes
checking fcntl.h presence... yes
checking for fcntl.h... yes
checking limits.h usability... yes
checking limits.h presence... yes
checking for limits.h... yes
checking malloc.h usability... yes
checking malloc.h presence... yes
checking for malloc.h... yes
checking for stdlib.h... (cached) yes
checking for string.h... (cached) yes
checking sys/ioctl.h usability... yes
checking sys/ioctl.h presence... yes
checking for sys/ioctl.h... yes
checking sys/param.h usability... yes
checking sys/param.h presence... yes
checking for sys/param.h... yes
checking for unistd.h... (cached) yes
checking curses.h usability... yes
checking curses.h presence... yes
checking for curses.h... yes
checking ncurses.h usability... yes
checking ncurses.h presence... yes
checking for ncurses.h... yes
checking sys/cdefs.h usability... yes
checking sys/cdefs.h presence... yes
checking for sys/cdefs.h... yes
checking termcap.h usability... yes
checking termcap.h presence... yes
checking for termcap.h... yes
checking for ncurses.h... (cached) yes
checking termios.h usability... yes
checking termios.h presence... yes
checking for termios.h... yes
checking for term.h... yes
checking for struct dirent.d_namlen... no
checking for an ANSI C-conforming const... yes
checking for pid_t... yes
checking for size_t... yes
checking for u_int32_t... yes
checking whether closedir returns void... no
checking vfork.h usability... no
checking vfork.h presence... no
checking for vfork.h... no
checking for fork... yes
checking for vfork... yes
checking for working fork... yes
checking for working vfork... (cached) yes
checking whether gcc needs -traditional... no
checking return type of signal handlers... void
checking whether lstat correctly handles trailing slash... yes
checking whether stat accepts an empty string... no
checking for endpwent... yes
checking for isascii... yes
checking for memchr... yes
checking for memset... yes
checking for re_comp... yes
checking for regcomp... yes
checking for strcasecmp... yes
checking for strchr... yes
checking for strcspn... yes
checking for strdup... yes
checking for strerror... yes
checking for strrchr... yes
checking for strstr... yes
checking for strtol... yes
checking for issetugid... no
checking for wcsdup... yes
checking for strlcpy... no
checking for strlcat... no
checking for getline... yes
checking for vis... no
checking for strvis... no
checking for strunvis... no
checking for __secure_getenv... no
checking for secure_getenv... yes
checking for strlcpy... (cached) no
checking for strlcat... (cached) no
checking for vis... (cached) no
checking for unvis... no
checking whether getpwnam_r and getpwuid_r are posix like... yes
checking whether getpwnam_r and getpwuid_r are posix _draft_ like... no
checking that generated files are newer than configure... done
configure: creating ./config.status
config.status: creating Makefile
config.status: creating libedit.pc
config.status: creating src/Makefile
config.status: creating doc/Makefile
config.status: creating examples/Makefile
config.status: creating config.h
config.status: executing depfiles commands
config.status: executing libtool commands
[85/1448] Performing install step for 'libtbb'
[86/1448] Completed 'libtbb'
[87/1448] Performing build step for 'lz4'
[88/1448] No install step for 'lz4'
[89/1448] Completed 'lz4'
[90/1448] Performing build step for 'libedit'
[91/1448] Performing install step for 'libedit'
[92/1448] Completed 'libedit'
[93/1448] Performing build step for 'libexpat'
[94/1448] Performing install step for 'libexpat'
[95/1448] Completed 'libexpat'
[96/1448] Running utility command for pl_build
> Task :pl_server:generateGrammarSource

> Task :pl_server:compileJava
Note: Some input files use or override a deprecated API.
Note: Recompile with -Xlint:deprecation for details.
Note: Some input files use unchecked or unsafe operations.
Note: Recompile with -Xlint:unchecked for details.

> Task :pl_server:processResources
> Task :pl_server:classes
> Task :pl_server:jar
> Task :pl_server:startScripts
> Task :pl_server:distTar
> Task :pl_server:distZip
> Task :pl_server:assemble
> Task :pl_server:check
> Task :pl_server:build

BUILD SUCCESSFUL in 9s
7 actionable tasks: 7 executed
[97/1448] Performing download step (git clone) for 'catch2'
Cloning into 'catch2'...
HEAD is now at 255aa5f2 v2.11.3
[98/1448] Performing update step for 'catch2'
[99/1448] No patch step for 'catch2'
[100/1448] Performing configure step for 'catch2'
loading initial cache file /home/vimkim/gh/cb/oos-readiness-221-release/build_preset_release_gcc/unit_tests/catch2-prefix/tmp/catch2-cache-RelWithDebInfo.cmake
-- The CXX compiler identification is GNU 11.5.0
-- Detecting CXX compiler ABI info
-- Detecting CXX compiler ABI info - done
-- Check for working CXX compiler: /usr/lib64/ccache/c++ - skipped
-- Detecting CXX compile features
-- Detecting CXX compile features - done
-- Configuring done (0.4s)
-- Generating done (0.0s)
-- Build files have been written to: /home/vimkim/gh/cb/oos-readiness-221-release/build_preset_release_gcc/unit_tests/catch2-prefix/src/catch2-build
[101/1448] Performing build step for 'catch2'
ninja: no work to do.
[102/1448] No install step for 'catch2'
[103/1448] Completed 'catch2'
[104/1448] Building CXX object _deps/googletest-build/googletest/CMakeFiles/gtest.dir/src/gtest-all.cc.o
[105/1448] Linking CXX static library lib/libgtest.a
[106/1448] Linking CXX static library lib/libgtest_main.a
[107/1448] Linking CXX static library lib/libgmock.a
[108/1448] Linking CXX static library lib/libgmock_main.a
[109/1448] Performing download step (download, verify and extract) for 'libopenssl'
-- Downloading...
   dst='/home/vimkim/gh/cb/oos-readiness-221-release/build_preset_release_gcc/3rdparty/Download/libopenssl/openssl-3.5.7.tar.gz'
   timeout='1800 seconds'
   inactivity timeout='60 seconds'
-- Using src='https://github.com/CUBRID/3rdparty/raw/develop/openssl/openssl-3.5.7.tar.gz'
-- verifying file...
       file='/home/vimkim/gh/cb/oos-readiness-221-release/build_preset_release_gcc/3rdparty/Download/libopenssl/openssl-3.5.7.tar.gz'
-- Downloading... done
-- extracting...
     src='/home/vimkim/gh/cb/oos-readiness-221-release/build_preset_release_gcc/3rdparty/Download/libopenssl/openssl-3.5.7.tar.gz'
     dst='/home/vimkim/gh/cb/oos-readiness-221-release/build_preset_release_gcc/3rdparty/Source/libopenssl'
-- extracting... [tar xfz]
-- extracting... [analysis]
-- extracting... [rename]
-- extracting... [clean up]
-- extracting... done
[110/1448] No update step for 'libopenssl'
[111/1448] Checking Perl prerequisites for the OpenSSL build
[112/1448] No patch step for 'libopenssl'
[113/1448] Performing configure step for 'libodbc'
[114/1448] Performing configure step for 'libopenssl'
[115/1448] Performing build step for 'libodbc'
[116/1448] Performing install step for 'libodbc'
[117/1448] Completed 'libodbc'
[118/1448] Performing build step for 'libopenssl'
[119/1448] Performing install step for 'libopenssl'
[120/1448] Completed 'libopenssl'
[121/1448] Building CXX object sa/CMakeFiles/cubridsa.dir/__/src/compat/db_function.cpp.o
[122/1448] Building CXX object sa/CMakeFiles/cubridsa.dir/__/src/base/dynamic_array.c.o
[123/1448] Building CXX object sa/CMakeFiles/cubridsa.dir/__/src/base/get_clock_freq.c.o
[124/1448] Building CXX object sa/CMakeFiles/cubridsa.dir/__/src/base/process_util.c.o
[125/1448] Building CXX object sa/CMakeFiles/cubridsa.dir/__/src/base/sha1.c.o
[126/1448] Building CXX object sa/CMakeFiles/cubridsa.dir/__/src/base/bit.c.o
[127/1448] Building CXX object sa/CMakeFiles/cubridsa.dir/__/src/base/variable_string.c.o
[128/1448] Building CXX object sa/CMakeFiles/cubridsa.dir/__/src/base/release_string.c.o
[129/1448] Building CXX object sa/CMakeFiles/cubridsa.dir/__/src/base/mprec.c.o
[130/1448] Building CXX object sa/CMakeFiles/cubridsa.dir/__/src/base/porting.c.o
[131/1448] Building CXX object sa/CMakeFiles/cubridsa.dir/__/src/base/environment_variable.c.o
[132/1448] Building CXX object sa/CMakeFiles/cubridsa.dir/__/src/base/ini_parser.c.o
[133/1448] Building CXX object sa/CMakeFiles/cubridsa.dir/__/src/base/dtoa.c.o
[134/1448] Building CXX object sa/CMakeFiles/cubridsa.dir/__/src/base/chartype.c.o
[135/1448] Building CXX object sa/CMakeFiles/cubridsa.dir/__/src/base/message_catalog.c.o
[136/1448] Building CXX object sa/CMakeFiles/cubridsa.dir/__/src/base/hide_password.cpp.o
[137/1448] Building CXX object sa/CMakeFiles/cubridsa.dir/__/src/base/pinning.cpp.o
[138/1448] Building CXX object sa/CMakeFiles/cubridsa.dir/__/src/base/cubrid_getopt_long.c.o
[139/1448] Building CXX object sa/CMakeFiles/cubridsa.dir/__/src/base/xml_parser.c.o
[140/1448] Building CXX object sa/CMakeFiles/cubridsa.dir/__/src/base/misc_string.c.o
[141/1448] Building CXX object sa/CMakeFiles/cubridsa.dir/__/src/base/perf.cpp.o
[142/1448] Building CXX object sa/CMakeFiles/cubridsa.dir/__/src/base/fixed_alloc.c.o
[143/1448] Building CXX object sa/CMakeFiles/cubridsa.dir/__/src/base/printer.cpp.o
[144/1448] Building CXX object sa/CMakeFiles/cubridsa.dir/__/src/base/tsc_timer.c.o
[145/1448] Building CXX object sa/CMakeFiles/cubridsa.dir/__/src/base/memory_private_allocator.cpp.o
[146/1448] Building CXX object sa/CMakeFiles/cubridsa.dir/__/src/base/mem_block.cpp.o
[147/1448] Building CXX object sa/CMakeFiles/cubridsa.dir/__/src/base/lockfree_transaction_system.cpp.o
[148/1448] Building CXX object sa/CMakeFiles/cubridsa.dir/__/src/base/unicode_support.c.o
[149/1448] Building CXX object sa/CMakeFiles/cubridsa.dir/__/src/base/pinnable_buffer.cpp.o
[150/1448] Building CXX object sa/CMakeFiles/cubridsa.dir/__/src/base/util_func.c.o
[151/1448] Building CXX object sa/CMakeFiles/cubridsa.dir/__/src/compat/db_json_types_internal.cpp.o
[152/1448] Building CXX object sa/CMakeFiles/cubridsa.dir/__/src/base/stack_dump.c.o
[153/1448] Building CXX object sa/CMakeFiles/cubridsa.dir/__/src/base/filesys_temp.cpp.o
[154/1448] Building CXX object sa/CMakeFiles/cubridsa.dir/__/src/compat/cnv.c.o
[155/1448] Building CXX object sa/CMakeFiles/cubridsa.dir/__/src/base/encryption.c.o
[156/1448] Building CXX object sa/CMakeFiles/cubridsa.dir/__/src/executables/extract_schema.cpp.o
[157/1448] Building CXX object sa/CMakeFiles/cubridsa.dir/__/src/base/error_context.cpp.o
[158/1448] Building CXX object sa/CMakeFiles/cubridsa.dir/__/src/base/base64.c.o
[159/1448] Building C object sa/CMakeFiles/cubridsa.dir/__/src/compat/dbtype_function.c.o
[160/1448] Building CXX object sa/CMakeFiles/cubridsa.dir/__/src/base/lockfree_bitmap.cpp.o
[161/1448] Building CXX object sa/CMakeFiles/cubridsa.dir/__/src/base/string_buffer.cpp.o
[162/1448] Building CXX object sa/CMakeFiles/cubridsa.dir/__/src/base/lockfree_transaction_table.cpp.o
[163/1448] Building CXX object sa/CMakeFiles/cubridsa.dir/__/src/base/lockfree_transaction_descriptor.cpp.o
[164/1448] Building CXX object sa/CMakeFiles/cubridsa.dir/__/src/base/databases_file.c.o
[165/1448] Building CXX object sa/CMakeFiles/cubridsa.dir/__/src/executables/csql_result.c.o
[166/1448] Building CXX object sa/CMakeFiles/cubridsa.dir/__/src/base/binaryheap.c.o
[167/1448] Building CXX object sa/CMakeFiles/cubridsa.dir/__/src/compat/db_json_allocator.cpp.o
[168/1448] Building CXX object sa/CMakeFiles/cubridsa.dir/__/src/base/uca_support.c.o
[169/1448] Building CXX object sa/CMakeFiles/cubridsa.dir/__/src/base/packer.cpp.o
[170/1448] Building CXX object sa/CMakeFiles/cubridsa.dir/__/src/executables/file_hash.c.o
[171/1448] Building CXX object sa/CMakeFiles/cubridsa.dir/__/src/base/fault_injection.c.o
[172/1448] Building CXX object sa/CMakeFiles/cubridsa.dir/__/src/base/perf_monitor_trackers.cpp.o
[173/1448] Building CXX object sa/CMakeFiles/cubridsa.dir/__/src/base/fileline_location.cpp.o
[174/1448] Building CXX object sa/CMakeFiles/cubridsa.dir/__/src/base/resource_tracker.cpp.o
[175/1448] Building CXX object sa/CMakeFiles/cubridsa.dir/__/src/base/locale_helper.cpp.o
[176/1448] Building CXX object sa/CMakeFiles/cubridsa.dir/__/src/base/lock_free.c.o
[177/1448] Building CXX object sa/CMakeFiles/cubridsa.dir/__/src/base/intl_support.c.o
[178/1448] Building CXX object sa/CMakeFiles/cubridsa.dir/__/src/base/error_manager.c.o
[179/1448] Building CXX object sa/CMakeFiles/cubridsa.dir/__/src/communication/network_callback_sr.cpp.o
[180/1448] Building CXX object sa/CMakeFiles/cubridsa.dir/__/src/storage/record_descriptor.cpp.o
[181/1448] Building CXX object sa/CMakeFiles/cubridsa.dir/__/src/sp/pl_file.c.o
[182/1448] Building CXX object sa/CMakeFiles/cubridsa.dir/__/src/base/dynamic_load.c.o
[183/1448] Building CXX object sa/CMakeFiles/cubridsa.dir/__/src/heaplayers/customheaps.cpp.o
[184/1448] Building CXX object sa/CMakeFiles/cubridsa.dir/__/src/connection/connection_less.cpp.o
[185/1448] Building CXX object sa/CMakeFiles/cubridsa.dir/__/src/compat/db_elo.c.o
[186/1448] Building CXX object sa/CMakeFiles/cubridsa.dir/__/src/base/area_alloc.c.o
[187/1448] Building CXX object sa/CMakeFiles/cubridsa.dir/__/src/base/filesys_parser.cpp.o
[188/1448] Building CXX object sa/CMakeFiles/cubridsa.dir/__/src/connection/connection_list_cl.cpp.o
[189/1448] Building CXX object sa/CMakeFiles/cubridsa.dir/__/src/connection/connection_globals.c.o
[190/1448] Building CXX object sa/CMakeFiles/cubridsa.dir/__/src/heaplayers/lea_heap.c.o
[191/1448] Building CXX object sa/CMakeFiles/cubridsa.dir/__/src/connection/host_lookup.c.o
[192/1448] Building CXX object sa/CMakeFiles/cubridsa.dir/__/src/base/ifsys.cpp.o
[193/1448] Building CXX object sa/CMakeFiles/cubridsa.dir/__/src/base/memory_alloc.c.o
[194/1448] Building CXX object sa/CMakeFiles/cubridsa.dir/__/src/communication/network_histogram.cpp.o
[195/1448] Building CXX object sa/CMakeFiles/cubridsa.dir/__/src/connection/tcp.c.o
[196/1448] Building CXX object sa/CMakeFiles/cubridsa.dir/__/src/sp/pl_signature.cpp.o
[197/1448] Building CXX object sa/CMakeFiles/cubridsa.dir/__/src/compat/db_set.c.o
[198/1448] Building CXX object sa/CMakeFiles/cubridsa.dir/__/src/base/lockfree_hashmap.cpp.o
[199/1448] Building CXX object sa/CMakeFiles/cubridsa.dir/__/src/base/memory_hash.c.o
[200/1448] Building CXX object sa/CMakeFiles/cubridsa.dir/__/src/executables/csql_result_format.c.o
[201/1448] Building CXX object sa/CMakeFiles/cubridsa.dir/__/src/compat/db_macro.c.o
[202/1448] Building CXX object sa/CMakeFiles/cubridsa.dir/__/src/compat/db_virt.c.o
[203/1448] Building CXX object sa/CMakeFiles/cubridsa.dir/__/src/executables/util_common.c.o
[204/1448] Building CXX object sa/CMakeFiles/cubridsa.dir/__/src/compat/db_old.c.o
[205/1448] Building CXX object sa/CMakeFiles/cubridsa.dir/__/src/compat/db_class.c.o
[206/1448] Building CXX object sa/CMakeFiles/cubridsa.dir/__/src/sp/pl_comm.c.o
[207/1448] Building CXX object sa/CMakeFiles/cubridsa.dir/__/src/executables/csql_support.c.o
[208/1448] Building CXX object sa/CMakeFiles/cubridsa.dir/__/src/executables/compactdb_common.c.o
[209/1448] Building CXX object sa/CMakeFiles/cubridsa.dir/__/src/monitor/monitor_statistic.cpp.o
[210/1448] Building CXX object sa/CMakeFiles/cubridsa.dir/__/src/executables/csql_session.c.o
[211/1448] Building CXX object sa/CMakeFiles/cubridsa.dir/__/src/connection/connection_cl.cpp.o
[212/1448] Building CXX object sa/CMakeFiles/cubridsa.dir/__/src/method/method_struct_parameter_info.cpp.o
[213/1448] Building CXX object sa/CMakeFiles/cubridsa.dir/__/src/sp/pl_compile_handler.cpp.o
[214/1448] Building CXX object sa/CMakeFiles/cubridsa.dir/__/src/executables/unloaddb.c.o
[215/1448] Building CXX object sa/CMakeFiles/cubridsa.dir/__/src/compat/db_method_static.cpp.o
[216/1448] Building CXX object sa/CMakeFiles/cubridsa.dir/__/src/compat/db_temp.c.o
[217/1448] Building CXX object sa/CMakeFiles/cubridsa.dir/__/src/connection/connection_support.cpp.o
[218/1448] Building CXX object sa/CMakeFiles/cubridsa.dir/__/src/compat/db_obj.c.o
[219/1448] Building CXX object sa/CMakeFiles/cubridsa.dir/__/src/method/method_error.cpp.o
[220/1448] Building CXX object sa/CMakeFiles/cubridsa.dir/__/src/base/resources.cpp.o
[221/1448] Building CXX object sa/CMakeFiles/cubridsa.dir/__/src/compat/db_info.c.o
[222/1448] Building CXX object sa/CMakeFiles/cubridsa.dir/__/src/base/locale_support.c.o
[223/1448] Building CXX object sa/CMakeFiles/cubridsa.dir/__/src/compat/db_value_printer.cpp.o
[224/1448] Building CXX object sa/CMakeFiles/cubridsa.dir/__/src/sp/pl_connection.cpp.o
[225/1448] Building CXX object sa/CMakeFiles/cubridsa.dir/__/src/compat/db_date.c.o
[226/1448] Building CXX object sa/CMakeFiles/cubridsa.dir/__/src/executables/unload_object_file.c.o
[227/1448] Building CXX object sa/CMakeFiles/cubridsa.dir/__/src/method/method_struct_invoke.cpp.o
[228/1448] Building CXX object sa/CMakeFiles/cubridsa.dir/__/src/compat/db_query.c.o
[229/1448] Building CXX object sa/CMakeFiles/cubridsa.dir/__/src/executables/compactdb.c.o
[230/1448] Building CXX object sa/CMakeFiles/cubridsa.dir/__/src/base/ddl_log.c.o
[231/1448] Building CXX object sa/CMakeFiles/cubridsa.dir/__/src/method/method_struct_oid_info.cpp.o
[232/1448] Building CXX object sa/CMakeFiles/cubridsa.dir/__/src/base/json_builder.cpp.o
[233/1448] Building CXX object cs/CMakeFiles/cubridcs.dir/__/src/compat/db_class.c.o
[234/1448] Building CXX object sa/CMakeFiles/cubridsa.dir/__/src/sp/pl_sr.cpp.o
[235/1448] Building CXX object sa/CMakeFiles/cubridsa.dir/__/src/object/lob_locator.cpp.o
[236/1448] Building CXX object sa/CMakeFiles/cubridsa.dir/__/src/parser/double_byte_support.c.o
[237/1448] Building CXX object sa/CMakeFiles/cubridsa.dir/__/src/communication/network_callback_cl.cpp.o
[238/1448] Building CXX object sa/CMakeFiles/cubridsa.dir/__/src/executables/unload_object.c.o
[239/1448] Building CXX object sa/CMakeFiles/cubridsa.dir/__/src/monitor/monitor_registration.cpp.o
[240/1448] Building CXX object sa/CMakeFiles/cubridsa.dir/__/src/connection/client_support.cpp.o
[241/1448] Building CXX object sa/CMakeFiles/cubridsa.dir/__/src/compat/db_admin.c.o
[242/1448] Building CXX object sa/CMakeFiles/cubridsa.dir/__/src/monitor/monitor_transaction.cpp.o
[243/1448] Building CXX object sa/CMakeFiles/cubridsa.dir/__/src/executables/util_cs.c.o
[244/1448] Building CXX object sa/CMakeFiles/cubridsa.dir/__/src/base/language_support.c.o
[245/1448] Building CXX object sa/CMakeFiles/cubridsa.dir/__/src/object/object_print_util.cpp.o
[246/1448] Building CXX object sa/CMakeFiles/cubridsa.dir/__/src/method/method_query_util.cpp.o
[247/1448] Building CXX object sa/CMakeFiles/cubridsa.dir/__/src/object/quick_fit.c.o
[248/1448] Building CXX object sa/CMakeFiles/cubridsa.dir/__/src/method/method_oid_handler.cpp.o
[249/1448] Building CXX object sa/CMakeFiles/cubridsa.dir/__/src/base/perf_monitor.c.o
[250/1448] Building CXX object sa/CMakeFiles/cubridsa.dir/__/src/compat/db_json_path.cpp.o
[251/1448] Building CXX object sa/CMakeFiles/cubridsa.dir/__/src/compat/db_vdb.c.o
[252/1448] Building CXX object sa/CMakeFiles/cubridsa.dir/__/src/executables/csql.c.o
[253/1448] Building CXX object sa/CMakeFiles/cubridsa.dir/__/src/base/cgroup.cpp.o
[254/1448] Building CXX object sa/CMakeFiles/cubridsa.dir/__/src/object/elo.c.o
[255/1448] Building CXX object sa/CMakeFiles/cubridsa.dir/__/src/sp/pl_struct_compile.cpp.o
[256/1448] Building CXX object cs/CMakeFiles/cubridcs.dir/__/src/compat/db_admin.c.o
[257/1448] Building CXX object sa/CMakeFiles/cubridsa.dir/__/src/method/method_struct_query.cpp.o
[258/1448] Building CXX object sa/CMakeFiles/cubridsa.dir/__/src/object/identifier_store.cpp.o
[259/1448] Building CXX object sa/CMakeFiles/cubridsa.dir/__/src/sp/pl_query_cursor.cpp.o
[260/1448] Building CXX object cs/CMakeFiles/cubridcs.dir/__/src/compat/db_date.c.o
[261/1448] Building CXX object sa/CMakeFiles/cubridsa.dir/__/src/base/object_representation_sr.c.o
[262/1448] Building CXX object sa/CMakeFiles/cubridsa.dir/__/src/monitor/monitor_collect.cpp.o
[263/1448] Building CXX object sa/CMakeFiles/cubridsa.dir/__/src/base/system_parameter.c.o
[264/1448] Building CXX object sa/CMakeFiles/cubridsa.dir/__/src/method/method_struct_value.cpp.o
[265/1448] Building CXX object sa/CMakeFiles/cubridsa.dir/__/src/sp/sp_code.cpp.o
[266/1448] Building CXX object sa/CMakeFiles/cubridsa.dir/__/src/sp/method_invoke_group.cpp.o
[267/1448] Building CXX object sa/CMakeFiles/cubridsa.dir/__/src/object/transform.c.o
[268/1448] Building CXX object sa/CMakeFiles/cubridsa.dir/__/src/query/dblink_2pc_daemon.c.o
[269/1448] Building CXX object sa/CMakeFiles/cubridsa.dir/__/src/object/schema_information_schema.cpp.o
[270/1448] Building CXX object sa/CMakeFiles/cubridsa.dir/__/src/query/dblink_global_tran_catalog.c.o
[271/1448] Building CXX object sa/CMakeFiles/cubridsa.dir/__/src/query/parallel/px_scan/px_scan_instnum.cpp.o
[272/1448] Building CXX object sa/CMakeFiles/cubridsa.dir/__/src/optimizer/query_bitset.c.o
[273/1448] Building CXX object sa/CMakeFiles/cubridsa.dir/__/src/communication/network_interface_cl.c.o
[274/1448] Building CXX object sa/CMakeFiles/cubridsa.dir/__/src/base/tz_support.c.o
[275/1448] Building CXX object sa/CMakeFiles/cubridsa.dir/__/src/method/method_scan.cpp.o
[276/1448] Building CXX object sa/CMakeFiles/cubridsa.dir/__/src/sp/pl_execution_stack_context.cpp.o
[277/1448] Building CXX object sa/CMakeFiles/cubridsa.dir/__/src/object/authenticate_password.cpp.o
[278/1448] Building CXX object sa/CMakeFiles/cubridsa.dir/__/src/object/schema_information_schema_definition.cpp.o
[279/1448] Building CXX object sa/CMakeFiles/cubridsa.dir/__/src/executables/util_sa.c.o
[280/1448] Building CXX object sa/CMakeFiles/cubridsa.dir/__/src/base/tz_compile.c.o
[281/1448] Building CXX object sa/CMakeFiles/cubridsa.dir/__/src/object/authenticate_owner.cpp.o
[282/1448] Building CXX object sa/CMakeFiles/cubridsa.dir/__/src/object/authenticate.c.o
[283/1448] Building CXX object sa/CMakeFiles/cubridsa.dir/__/src/sp/jsp_cl.cpp.o
[284/1448] Building CXX object sa/CMakeFiles/cubridsa.dir/__/src/object/deduplicate_key.c.o
[285/1448] Building CXX object sa/CMakeFiles/cubridsa.dir/__/src/query/parallel/px_query_execute/px_query_checker.cpp.o
[286/1448] Building CXX object sa/CMakeFiles/cubridsa.dir/__/src/object/authenticate_cache.cpp.o
[287/1448] Building CXX object sa/CMakeFiles/cubridsa.dir/__/src/method/method_query_handler.cpp.o
[288/1448] Building CXX object sa/CMakeFiles/cubridsa.dir/__/src/query/parallel/px_scan/px_scan_checker.cpp.o
[289/1448] Building CXX object sa/CMakeFiles/cubridsa.dir/__/src/object/class_description.cpp.o
[290/1448] Building CXX object sa/CMakeFiles/cubridsa.dir/__/src/object/authenticate_access_class.cpp.o
[291/1448] Building CXX object sa/CMakeFiles/cubridsa.dir/__/src/object/object_description.cpp.o
[292/1448] Building CXX object sa/CMakeFiles/cubridsa.dir/__/src/object/authenticate_migration.cpp.o
[293/1448] Building CXX object sa/CMakeFiles/cubridsa.dir/__/src/object/authenticate_context.cpp.o
[294/1448] Building CXX object sa/CMakeFiles/cubridsa.dir/__/src/object/authenticate_grant.cpp.o
[295/1448] Building CXX object sa/CMakeFiles/cubridsa.dir/__/src/sp/pl_executor.cpp.o
[296/1448] Building CXX object sa/CMakeFiles/cubridsa.dir/__/src/object/authenticate_access_auth.cpp.o
[297/1448] Building CXX object sa/CMakeFiles/cubridsa.dir/__/src/object/authenticate_access_user.cpp.o
[298/1448] Building CXX object sa/CMakeFiles/cubridsa.dir/__/src/method/query_method.cpp.o
[299/1448] Building CXX object sa/CMakeFiles/cubridsa.dir/__/src/object/schema_system_catalog.cpp.o
[300/1448] Building CXX object sa/CMakeFiles/cubridsa.dir/__/src/object/schema_system_catalog_definition.cpp.o
[301/1448] Building CXX object sa/CMakeFiles/cubridsa.dir/__/src/object/schema_system_catalog_builder.cpp.o
[302/1448] Building CXX object sa/CMakeFiles/cubridsa.dir/__/src/query/crypt_opfunc.c.o
[303/1448] Building CXX object sa/CMakeFiles/cubridsa.dir/__/src/object/schema_information_schema_builder.cpp.o
[304/1448] Building CXX object sa/CMakeFiles/cubridsa.dir/__/src/object/schema_system_catalog_install_query_spec.cpp.o
[305/1448] Building CXX object sa/CMakeFiles/cubridsa.dir/__/src/object/trigger_description.cpp.o
[306/1448] Building CXX object sa/CMakeFiles/cubridsa.dir/__/src/optimizer/rewriter/query_rewrite_set.c.o
[307/1448] Building CXX object sa/CMakeFiles/cubridsa.dir/__/src/object/object_print.c.o
[308/1448] Building CXX object sa/CMakeFiles/cubridsa.dir/__/src/object/object_template.c.o
[309/1448] Building CXX object sa/CMakeFiles/cubridsa.dir/__/src/optimizer/rewriter/query_rewrite_auto_parameterize.c.o
[310/1448] Building CXX object sa/CMakeFiles/cubridsa.dir/__/src/object/schema_class_truncator.cpp.o
[311/1448] Building CXX object sa/CMakeFiles/cubridsa.dir/__/src/object/object_accessor.c.o
[312/1448] Building CXX object sa/CMakeFiles/cubridsa.dir/__/src/optimizer/rewriter/query_rewrite.c.o
[313/1448] Building CXX object sa/CMakeFiles/cubridsa.dir/__/src/object/object_printer.cpp.o
[314/1448] Building CXX object sa/CMakeFiles/cubridsa.dir/__/src/object/object_representation.c.o
/home/vimkim/gh/cb/oos-readiness-221-release/src/object/object_representation.c: In function ‘char* or_unpack_spacedb(char*, SPACEDB_ALL*, SPACEDB_ONEVOL**, SPACEDB_FILES*)’:
/home/vimkim/gh/cb/oos-readiness-221-release/src/object/object_representation.c:6284:19: warning: ‘char* strncpy(char*, const char*, size_t)’ specified bound 4096 equals destination size [-Wstringop-truncation]
 6284 |           strncpy ((*vols)[iter_vol].name, volname, DB_MAX_PATH_LENGTH);
      |           ~~~~~~~~^~~~~~~~~~~~~~~~~~~~~~~~~~~~~~~~~~~~~~~~~~~~~~~~~~~~~
[315/1448] Building CXX object sa/CMakeFiles/cubridsa.dir/__/src/object/schema_information_schema_install_query_spec.cpp.o
[316/1448] Building CXX object sa/CMakeFiles/cubridsa.dir/__/src/sp/pl_session.cpp.o
[317/1448] Building CXX object sa/CMakeFiles/cubridsa.dir/__/src/optimizer/rewriter/query_rewrite_subquery.c.o
[318/1448] Building CXX object sa/CMakeFiles/cubridsa.dir/__/src/executables/unload_schema.c.o
[319/1448] Building CXX object sa/CMakeFiles/cubridsa.dir/__/src/query/qfile_tuple_layout.c.o
[320/1448] Building CXX object sa/CMakeFiles/cubridsa.dir/__/src/object/set_object.c.o
[321/1448] Building CXX object sa/CMakeFiles/cubridsa.dir/__/src/query/dblink_2pc.c.o
[322/1448] Building CXX object sa/CMakeFiles/cubridsa.dir/__/src/object/virtual_object.c.o
[323/1448] Building CXX object sa/CMakeFiles/cubridsa.dir/__/src/object/schema_template.c.o
[324/1448] Building CXX object sa/CMakeFiles/cubridsa.dir/__/src/optimizer/rewriter/query_rewrite_select.c.o
[325/1448] Building CXX object sa/CMakeFiles/cubridsa.dir/__/src/query/cursor.c.o
[326/1448] Building CXX object sa/CMakeFiles/cubridsa.dir/__/src/object/work_space.c.o
[327/1448] Building CXX object sa/CMakeFiles/cubridsa.dir/__/src/object/class_object.c.o
[328/1448] Building CXX object sa/CMakeFiles/cubridsa.dir/__/src/query/string_regex_re2.cpp.o
[329/1448] Building CXX object sa/CMakeFiles/cubridsa.dir/__/src/query/regu_var.cpp.o
[330/1448] Building CXX object sa/CMakeFiles/cubridsa.dir/__/src/object/transform_cl.c.o
[331/1448] Building CXX object sa/CMakeFiles/cubridsa.dir/__/src/optimizer/rewriter/query_rewrite_term.c.o
[332/1448] Building CXX object sa/CMakeFiles/cubridsa.dir/__/src/object/trigger_manager.c.o
[333/1448] Building CXX object sa/CMakeFiles/cubridsa.dir/__/src/query/query_cl.c.o
[334/1448] Building CXX object sa/CMakeFiles/cubridsa.dir/__/src/query/vacuum_oos.cpp.o
[335/1448] Building CXX object sa/CMakeFiles/cubridsa.dir/__/src/query/string_regex.cpp.o
[336/1448] Building CXX object sa/CMakeFiles/cubridsa.dir/__/src/query/scan_json_table.cpp.o
[337/1448] Building CXX object sa/CMakeFiles/cubridsa.dir/__/src/query/dblink_scan.c.o
[338/1448] Building CXX object sa/CMakeFiles/cubridsa.dir/__/src/method/method_callback.cpp.o
[339/1448] Building CXX object sa/CMakeFiles/cubridsa.dir/__/src/query/query_reevaluation.cpp.o
[340/1448] Building CXX object sa/CMakeFiles/cubridsa.dir/__/src/transaction/lock_table.c.o
[341/1448] Building CXX object sa/CMakeFiles/cubridsa.dir/__/src/thread/critical_section_tracker.cpp.o
[342/1448] Building CXX object sa/CMakeFiles/cubridsa.dir/__/src/transaction/client_credentials.cpp.o
[343/1448] Building CXX object sa/CMakeFiles/cubridsa.dir/__/src/query/query_analytic.cpp.o
[344/1448] Building CXX object sa/CMakeFiles/cubridsa.dir/__/src/thread/thread_entry_task.cpp.o
[345/1448] Building CXX object sa/CMakeFiles/cubridsa.dir/__/src/query/numeric_opfunc.c.o
[346/1448] Building C object sa/CMakeFiles/cubridsa.dir/__/csql_lexer.c.o
[347/1448] Building CXX object sa/CMakeFiles/cubridsa.dir/__/src/query/query_dump.c.o
[348/1448] Building CXX object sa/CMakeFiles/cubridsa.dir/__/src/query/show_scan.c.o
[349/1448] Building CXX object sa/CMakeFiles/cubridsa.dir/__/src/query/partition.c.o
[350/1448] Building CXX object sa/CMakeFiles/cubridsa.dir/__/src/query/set_scan.c.o
[351/1448] Building CXX object sa/CMakeFiles/cubridsa.dir/__/src/query/query_hash_scan.c.o
[352/1448] Building CXX object sa/CMakeFiles/cubridsa.dir/__/src/parser/cnf.c.o
[353/1448] Building CXX object sa/CMakeFiles/cubridsa.dir/__/src/parser/keyword.c.o
[354/1448] Building CXX object sa/CMakeFiles/cubridsa.dir/__/src/optimizer/plan_generation.c.o
[355/1448] Building CXX object sa/CMakeFiles/cubridsa.dir/__/src/query/query_hash_join.c.o
[356/1448] Building CXX object sa/CMakeFiles/cubridsa.dir/__/src/query/subquery_cache.c.o
[357/1448] Building CXX object sa/CMakeFiles/cubridsa.dir/__/src/transaction/log_lsa.cpp.o
[358/1448] Building CXX object sa/CMakeFiles/cubridsa.dir/__/src/query/filter_pred_cache.c.o
[359/1448] Building CXX object sa/CMakeFiles/cubridsa.dir/__/src/parser/parse_type.cpp.o
[360/1448] Building CXX object sa/CMakeFiles/cubridsa.dir/__/src/parser/parse_tree.c.o
[361/1448] Building CXX object sa/CMakeFiles/cubridsa.dir/__/src/transaction/log_comm.c.o
[362/1448] Building CXX object sa/CMakeFiles/cubridsa.dir/__/src/query/arithmetic.c.o
[363/1448] Building CXX object sa/CMakeFiles/cubridsa.dir/__/src/query/query_evaluator.c.o
[364/1448] Building CXX object sa/CMakeFiles/cubridsa.dir/__/src/transaction/wait_for_graph.c.o
[365/1448] Building CXX object sa/CMakeFiles/cubridsa.dir/__/src/object/schema_manager.c.o
[366/1448] Building CXX object sa/CMakeFiles/cubridsa.dir/__/src/transaction/locator.c.o
[367/1448] Building CXX object sa/CMakeFiles/cubridsa.dir/__/src/query/query_aggregate.cpp.o
[368/1448] Building CXX object sa/CMakeFiles/cubridsa.dir/__/src/thread/thread_manager.cpp.o
[369/1448] Building CXX object sa/CMakeFiles/cubridsa.dir/__/src/object/object_primitive.c.o
[370/1448] Building CXX object sa/CMakeFiles/cubridsa.dir/__/src/query/list_file.c.o
[371/1448] Building CXX object sa/CMakeFiles/cubridsa.dir/__/src/parser/compile.c.o
[372/1448] Building CXX object sa/CMakeFiles/cubridsa.dir/__/src/parser/parser_allocator.cpp.o
[373/1448] Building CXX object sa/CMakeFiles/cubridsa.dir/__/src/query/query_manager.c.o
[374/1448] Building CXX object sa/CMakeFiles/cubridsa.dir/__/src/storage/byte_order.c.o
[375/1448] Building CXX object sa/CMakeFiles/cubridsa.dir/__/src/object/object_domain.c.o
[376/1448] Building CXX object sa/CMakeFiles/cubridsa.dir/__/src/parser/show_meta.c.o
[377/1448] Building CXX object sa/CMakeFiles/cubridsa.dir/__/src/thread/thread_lockfree_hash_map.cpp.o
[378/1448] Building CXX object sa/CMakeFiles/cubridsa.dir/__/src/parser/method_transform.c.o
[379/1448] Building CXX object sa/CMakeFiles/cubridsa.dir/__/src/storage/es_owfs.c.o
[380/1448] Building CXX object sa/CMakeFiles/cubridsa.dir/__/src/parser/scanner_support.c.o
[381/1448] Building CXX object sa/CMakeFiles/cubridsa.dir/__/src/transaction/log_append.cpp.o
[382/1448] Building CXX object sa/CMakeFiles/cubridsa.dir/__/src/transaction/log_compress.c.o
[383/1448] Building CXX object sa/CMakeFiles/cubridsa.dir/__/src/transaction/log_global.c.o
[384/1448] Building CXX object sa/CMakeFiles/cubridsa.dir/__/src/parser/parse_evaluate.c.o
[385/1448] Building CXX object sa/CMakeFiles/cubridsa.dir/__/src/storage/es_common.c.o
[386/1448] Building CXX object sa/CMakeFiles/cubridsa.dir/__/src/transaction/log_postpone_cache.cpp.o
[387/1448] Building CXX object sa/CMakeFiles/cubridsa.dir/__/src/storage/es_posix.c.o
[388/1448] Building CXX object sa/CMakeFiles/cubridsa.dir/__/src/query/memoize.cpp.o
[389/1448] Building CXX object sa/CMakeFiles/cubridsa.dir/__/src/transaction/flashback.c.o
[390/1448] Building CXX object sa/CMakeFiles/cubridsa.dir/__/src/parser/xasl_regu_alloc.cpp.o
[391/1448] Building CXX object sa/CMakeFiles/cubridsa.dir/__/src/transaction/log_recovery_redo.cpp.o
[392/1448] Building CXX object sa/CMakeFiles/cubridsa.dir/__/src/transaction/mvcc_active_tran.cpp.o
[393/1448] Building CXX object sa/CMakeFiles/cubridsa.dir/__/src/optimizer/query_graph.c.o
[394/1448] Building CXX object sa/CMakeFiles/cubridsa.dir/__/src/transaction/mvcc_table.cpp.o
[395/1448] Building CXX object sa/CMakeFiles/cubridsa.dir/__/src/parser/query_result.c.o
[396/1448] Building CXX object sa/CMakeFiles/cubridsa.dir/__/src/parser/parse_dbi.c.o
[397/1448] Building CXX object sa/CMakeFiles/cubridsa.dir/__/src/thread/thread_entry.cpp.o
[398/1448] Building CXX object sa/CMakeFiles/cubridsa.dir/__/src/transaction/log_2pc.c.o
[399/1448] Building CXX object sa/CMakeFiles/cubridsa.dir/__/src/query/stream_to_xasl.c.o
[400/1448] Building CXX object sa/CMakeFiles/cubridsa.dir/__/src/transaction/replication.c.o
[401/1448] Building CXX object sa/CMakeFiles/cubridsa.dir/__/src/storage/oid.c.o
[402/1448] Building CXX object sa/CMakeFiles/cubridsa.dir/__/src/transaction/mvcc.c.o
[403/1448] Building CXX object sa/CMakeFiles/cubridsa.dir/__/src/query/fetch.c.o
[404/1448] Building CXX object sa/CMakeFiles/cubridsa.dir/__/src/query/xasl_to_stream.c.o
[405/1448] Building CXX object sa/CMakeFiles/cubridsa.dir/__/src/storage/btree_unique.cpp.o
[406/1448] Building CXX object sa/CMakeFiles/cubridsa.dir/__/src/transaction/log_system_tran.cpp.o
[407/1448] Building CXX object sa/CMakeFiles/cubridsa.dir/__/src/parser/func_type.cpp.o
[408/1448] Building CXX object sa/CMakeFiles/cubridsa.dir/__/src/storage/statistics_ndv.c.o
[409/1448] Building CXX object sa/CMakeFiles/cubridsa.dir/__/src/query/scan_manager.c.o
[410/1448] Building CXX object sa/CMakeFiles/cubridsa.dir/__/src/transaction/transaction_transient.cpp.o
[411/1448] Building CXX object sa/CMakeFiles/cubridsa.dir/__/src/query/serial.c.o
[412/1448] Building CXX object sa/CMakeFiles/cubridsa.dir/__/src/storage/oos_util.cpp.o
[413/1448] Building CXX object sa/CMakeFiles/cubridsa.dir/__/src/object/schema_information_schema_install.cpp.o
[414/1448] Building CXX object sa/CMakeFiles/cubridsa.dir/__/src/optimizer/query_planner.c.o
[415/1448] Building CXX object sa/CMakeFiles/cubridsa.dir/__/src/xasl/xasl_unpack_info.cpp.o
[416/1448] Building CXX object sa/CMakeFiles/cubridsa.dir/__/src/transaction/boot_cl.c.o
[417/1448] Building CXX object sa/CMakeFiles/cubridsa.dir/__/src/storage/storage_common.c.o
[418/1448] Building CXX object sa/CMakeFiles/cubridsa.dir/__/src/transaction/log_prior_inflight.cpp.o
[419/1448] Building CXX object sa/CMakeFiles/cubridsa.dir/__/src/storage/ftab_set.cpp.o
[420/1448] Building CXX object sa/CMakeFiles/cubridsa.dir/__/src/sp/sp_catalog.cpp.o
[421/1448] Building CXX object sa/CMakeFiles/cubridsa.dir/__/src/query/xasl_cache.c.o
[422/1448] Building CXX object sa/CMakeFiles/cubridsa.dir/__/src/transaction/log_writer.c.o
[423/1448] Building CXX object sa/CMakeFiles/cubridsa.dir/__/src/transaction/boot_sr.c.o
[424/1448] Building CXX object sa/CMakeFiles/cubridsa.dir/__/src/transaction/recovery.c.o
[425/1448] Building CXX object sa/CMakeFiles/cubridsa.dir/__/src/xasl/access_json_table.cpp.o
[426/1448] Building CXX object sa/CMakeFiles/cubridsa.dir/__/src/transaction/transaction_cl.c.o
[427/1448] Building CXX object sa/CMakeFiles/cubridsa.dir/__/src/transaction/transaction_sr.c.o
[428/1448] Building CXX object sa/CMakeFiles/cubridsa.dir/__/src/query/query_opfunc.c.o
[429/1448] Building CXX object sa/CMakeFiles/cubridsa.dir/__/src/storage/overflow_file.c.o
[430/1448] Building CXX object sa/CMakeFiles/cubridsa.dir/__/src/parser/parser_support.c.o
[431/1448] Building CXX object sa/CMakeFiles/cubridsa.dir/__/src/parser/name_resolution.c.o
[432/1448] Building CXX object sa/CMakeFiles/cubridsa.dir/__/src/transaction/locator_cl.c.o
[433/1448] Building CXX object sa/CMakeFiles/cubridsa.dir/__/src/query/execute_schema.c.o
[434/1448] Building CXX object sa/CMakeFiles/cubridsa.dir/__/src/session/session_sr.c.o
[435/1448] Building CXX object sa/CMakeFiles/cubridsa.dir/__/src/storage/es.c.o
[436/1448] Building CXX object sa/CMakeFiles/cubridsa.dir/__/src/loaddb/load_driver.cpp.o
[437/1448] Building CXX object sa/CMakeFiles/cubridsa.dir/__/src/query/vacuum.c.o
[438/1448] Building CXX object sa/CMakeFiles/cubridsa.dir/__/src/loaddb/load_error_handler.cpp.o
[439/1448] Building CXX object cs/CMakeFiles/cubridcs.dir/__/src/compat/db_function.cpp.o
[440/1448] Building CXX object sa/CMakeFiles/cubridsa.dir/__/src/storage/compactdb_sr.c.o
[441/1448] Building CXX object sa/CMakeFiles/cubridsa.dir/__/src/transaction/lock_manager.c.o
[442/1448] Building CXX object sa/CMakeFiles/cubridsa.dir/__/load_lexer.cpp.o
[443/1448] Building CXX object sa/CMakeFiles/cubridsa.dir/__/src/optimizer/histogram/histogram_reader.cpp.o
[444/1448] Building CXX object cs/CMakeFiles/cubridcs.dir/__/src/executables/extract_schema.cpp.o
[445/1448] Building CXX object sa/CMakeFiles/cubridsa.dir/__/src/loaddb/load_common.cpp.o
[446/1448] Building CXX object sa/CMakeFiles/cubridsa.dir/__/src/optimizer/histogram/histogram_builder.cpp.o
[447/1448] Building CXX object sa/CMakeFiles/cubridsa.dir/__/load_grammar.cpp.o
[448/1448] Building CXX object sa/CMakeFiles/cubridsa.dir/__/src/compat/db_json.cpp.o
[449/1448] Building CXX object sa/CMakeFiles/cubridsa.dir/__/src/storage/bestspace.cpp.o
[450/1448] Building CXX object cs/CMakeFiles/cubridcs.dir/__/src/compat/cnv.c.o
[451/1448] Building CXX object cs/CMakeFiles/cubridcs.dir/__/src/executables/csql_result.c.o
[452/1448] Building CXX object sa/CMakeFiles/cubridsa.dir/__/src/xasl/xasl_predicate.cpp.o
[453/1448] Building CXX object sa/CMakeFiles/cubridsa.dir/__/src/storage/btree_sort.c.o
[454/1448] Building CXX object sa/CMakeFiles/cubridsa.dir/__/src/xasl/xasl_analytic.cpp.o
[455/1448] Building CXX object sa/CMakeFiles/cubridsa.dir/__/src/storage/heap_oos.cpp.o
[456/1448] Building CXX object sa/CMakeFiles/cubridsa.dir/__/src/parser/view_transform.c.o
[457/1448] Building CXX object cs/CMakeFiles/cubridcs.dir/__/src/executables/file_hash.c.o
[458/1448] Building CXX object sa/CMakeFiles/cubridsa.dir/__/src/query/execute_statement.c.o
[459/1448] Building CXX object cs/CMakeFiles/cubridcs.dir/__/src/base/dynamic_array.c.o
[460/1448] Building CXX object cs/CMakeFiles/cubridcs.dir/__/src/compat/db_json_types_internal.cpp.o
[461/1448] Building CXX object cs/CMakeFiles/cubridcs.dir/__/src/base/chartype.c.o
[462/1448] Building CXX object sa/CMakeFiles/cubridsa.dir/__/src/storage/statistics_cl.c.o
[463/1448] Building CXX object sa/CMakeFiles/cubridsa.dir/__/src/loaddb/load_object_table.c.o
[464/1448] Building CXX object sa/CMakeFiles/cubridsa.dir/__/src/storage/extendible_hash.c.o
[465/1448] Building CXX object sa/CMakeFiles/cubridsa.dir/__/src/xasl/xasl_stream.cpp.o
[466/1448] Building CXX object cs/CMakeFiles/cubridcs.dir/__/src/compat/db_json_allocator.cpp.o
[467/1448] Building CXX object sa/CMakeFiles/cubridsa.dir/__/src/loaddb/load_semantic_helper.cpp.o
[468/1448] Building CXX object cs/CMakeFiles/cubridcs.dir/__/src/base/dtoa.c.o
[469/1448] Building CXX object sa/CMakeFiles/cubridsa.dir/__/src/storage/disk_manager.c.o
/home/vimkim/gh/cb/oos-readiness-221-release/src/storage/disk_manager.c: In function ‘int disk_spacedb(THREAD_ENTRY*, SPACEDB_ALL*, SPACEDB_ONEVOL**)’:
/home/vimkim/gh/cb/oos-readiness-221-release/src/storage/disk_manager.c:6157:19: warning: ‘char* strncpy(char*, const char*, size_t)’ specified bound 4096 equals destination size [-Wstringop-truncation]
 6157 |           strncpy ((*spacevols)[iter_spacevols].name, disk_vhdr_get_vol_fullname (volheader), DB_MAX_PATH_LENGTH);
      |           ~~~~~~~~^~~~~~~~~~~~~~~~~~~~~~~~~~~~~~~~~~~~~~~~~~~~~~~~~~~~~~~~~~~~~~~~~~~~~~~~~~~~~~~~~~~~~~~~~~~~~~~
[470/1448] Building CXX object cs/CMakeFiles/cubridcs.dir/__/src/base/fault_injection.c.o
[471/1448] Building CXX object cs/CMakeFiles/cubridcs.dir/__/src/base/cubrid_getopt_long.c.o
[472/1448] Building CXX object sa/CMakeFiles/cubridsa.dir/__/src/storage/statistics_sr.c.o
[473/1448] Building CXX object cs/CMakeFiles/cubridcs.dir/__/src/executables/compactdb_common.c.o
[474/1448] Building CXX object cs/CMakeFiles/cubridcs.dir/__/src/base/environment_variable.c.o
[475/1448] Building CXX object cs/CMakeFiles/cubridcs.dir/__/src/base/encryption.c.o
[476/1448] Building CXX object cs/CMakeFiles/cubridcs.dir/__/src/base/base64.c.o
[477/1448] Building CXX object sa/CMakeFiles/cubridsa.dir/__/src/storage/double_write_buffer.cpp.o
[478/1448] Building CXX object sa/CMakeFiles/cubridsa.dir/__/src/transaction/log_tran_table.c.o
[479/1448] Building CXX object sa/CMakeFiles/cubridsa.dir/__/src/storage/tde.c.o
[480/1448] Building CXX object sa/CMakeFiles/cubridsa.dir/__/src/storage/external_sort.c.o
[481/1448] Building CXX object cs/CMakeFiles/cubridcs.dir/__/src/base/ini_parser.c.o
[482/1448] Building CXX object sa/CMakeFiles/cubridsa.dir/__/src/transaction/log_recovery.c.o
[483/1448] Building CXX object sa/CMakeFiles/cubridsa.dir/__/src/xasl/xasl_iteration.cpp.o
[484/1448] Building CXX object sa/CMakeFiles/cubridsa.dir/__/src/storage/catalog_class.c.o
[485/1448] Building CXX object cs/CMakeFiles/cubridcs.dir/__/src/base/fileline_location.cpp.o
[486/1448] Building C object cs/CMakeFiles/cubridcs.dir/__/src/compat/dbtype_function.c.o
[487/1448] Building CXX object cs/CMakeFiles/cubridcs.dir/__/src/base/fixed_alloc.c.o
[488/1448] Building CXX object cs/CMakeFiles/cubridcs.dir/__/src/base/databases_file.c.o
[489/1448] Building CXX object cs/CMakeFiles/cubridcs.dir/__/src/executables/csql_result_format.c.o
[490/1448] Building CXX object cubrid/CMakeFiles/cubrid.dir/__/src/query/set_scan.c.o
[491/1448] Building CXX object sa/CMakeFiles/cubridsa.dir/__/src/loaddb/load_object.c.o
[492/1448] Building CXX object cs/CMakeFiles/cubridcs.dir/__/src/compat/db_elo.c.o
[493/1448] Building CXX object cs/CMakeFiles/cubridcs.dir/__/src/base/get_clock_freq.c.o
[494/1448] Building CXX object cs/CMakeFiles/cubridcs.dir/__/src/base/misc_string.c.o
[495/1448] Building CXX object cs/CMakeFiles/cubridcs.dir/__/src/base/filesys_temp.cpp.o
[496/1448] Building CXX object cs/CMakeFiles/cubridcs.dir/__/src/base/mprec.c.o
[497/1448] Building CXX object sa/CMakeFiles/cubridsa.dir/__/src/parser/semantic_check.c.o
[498/1448] Building CXX object cs/CMakeFiles/cubridcs.dir/__/src/base/error_context.cpp.o
[499/1448] Building CXX object sa/CMakeFiles/cubridsa.dir/__/src/query/string_regex_std.cpp.o
[500/1448] Building CXX object cs/CMakeFiles/cubridcs.dir/__/src/executables/csql_support.c.o
[501/1448] Building CXX object sa/CMakeFiles/cubridsa.dir/__/src/storage/slotted_page.c.o
[502/1448] Building CXX object cs/CMakeFiles/cubridcs.dir/__/src/base/lockfree_bitmap.cpp.o
[503/1448] Building CXX object cs/CMakeFiles/cubridcs.dir/__/src/base/message_catalog.c.o
[504/1448] Building CXX object cs/CMakeFiles/cubridcs.dir/__/src/base/hide_password.cpp.o
[505/1448] Building CXX object cs/CMakeFiles/cubridcs.dir/__/src/base/locale_support.c.o
[506/1448] Building CXX object cs/CMakeFiles/cubridcs.dir/__/src/base/process_util.c.o
[507/1448] Building CXX object cs/CMakeFiles/cubridcs.dir/__/src/executables/csql_session.c.o
[508/1448] Building CXX object cs/CMakeFiles/cubridcs.dir/__/src/base/memory_monitor_cl.cpp.o
[509/1448] Building CXX object sa/CMakeFiles/cubridsa.dir/__/src/transaction/log_page_buffer.c.o
/home/vimkim/gh/cb/oos-readiness-221-release/src/transaction/log_page_buffer.c: In function ‘void logpb_checkpoint_trans(LOG_INFO_CHKPT_TRANS*, log_tdes*, int&, int&, LOG_LSA&)’:
/home/vimkim/gh/cb/oos-readiness-221-release/src/transaction/log_page_buffer.c:7165:15: warning: ‘char* strncpy(char*, const char*, size_t)’ specified bound 33 equals destination size [-Wstringop-truncation]
 7165 |       strncpy (chkpt_entry->user_name, tdes->client.get_db_user (), LOG_USERNAME_MAX);
      |       ~~~~~~~~^~~~~~~~~~~~~~~~~~~~~~~~~~~~~~~~~~~~~~~~~~~~~~~~~~~~~~~~~~~~~~~~~~~~~~~
[510/1448] Building CXX object sa/CMakeFiles/cubridsa.dir/__/src/storage/btree_load.c.o
[511/1448] Building CXX object cs/CMakeFiles/cubridcs.dir/__/src/base/pinning.cpp.o
[512/1448] Building CXX object cs/CMakeFiles/cubridcs.dir/__/src/base/porting.c.o
[513/1448] Building CXX object cs/CMakeFiles/cubridcs.dir/__/src/base/release_string.c.o
[514/1448] Building CXX object cs/CMakeFiles/cubridcs.dir/__/src/base/mem_block.cpp.o
[515/1448] Building CXX object cs/CMakeFiles/cubridcs.dir/__/src/executables/unloaddb.c.o
[516/1448] Building CXX object sa/CMakeFiles/cubridsa.dir/__/src/transaction/locator_sr.c.o
[517/1448] Building CXX object cs/CMakeFiles/cubridcs.dir/__/src/base/tsc_timer.c.o
[518/1448] Building CXX object cs/CMakeFiles/cubridcs.dir/__/src/executables/util_common.c.o
[519/1448] Building CXX object cs/CMakeFiles/cubridcs.dir/__/src/base/memory_private_allocator.cpp.o
[520/1448] Building CXX object sa/CMakeFiles/cubridsa.dir/__/src/storage/oos_file.cpp.o
[521/1448] Building CXX object cs/CMakeFiles/cubridcs.dir/__/src/base/sha1.c.o
[522/1448] Building CXX object sa/CMakeFiles/cubridsa.dir/__/src/loaddb/load_db.c.o
[523/1448] Building CXX object cs/CMakeFiles/cubridcs.dir/__/src/base/locale_helper.cpp.o
[524/1448] Building CXX object cs/CMakeFiles/cubridcs.dir/__/src/base/perf.cpp.o
[525/1448] Building CXX object cs/CMakeFiles/cubridcs.dir/__/src/base/variable_string.c.o
[526/1448] Building CXX object cs/CMakeFiles/cubridcs.dir/__/src/executables/unload_object_file.c.o
[527/1448] Building CXX object cs/CMakeFiles/cubridcs.dir/__/src/executables/compactdb_cl.c.o
[528/1448] Building CXX object sa/CMakeFiles/cubridsa.dir/__/src/session/session.c.o
[529/1448] Building CXX object cs/CMakeFiles/cubridcs.dir/__/src/compat/db_old.c.o
[530/1448] Building CXX object cs/CMakeFiles/cubridcs.dir/__/src/base/uca_support.c.o
[531/1448] Building CXX object sa/CMakeFiles/cubridsa.dir/__/src/storage/file_io.c.o
/home/vimkim/gh/cb/oos-readiness-221-release/src/storage/file_io.c: In function ‘int fileio_cache(VOLID, const char*, int, FILEIO_LOCKF_TYPE)’:
/home/vimkim/gh/cb/oos-readiness-221-release/src/storage/file_io.c:5998:15: warning: ‘char* strncpy(char*, const char*, size_t)’ specified bound 4096 equals destination size [-Wstringop-truncation]
 5998 |       strncpy (vol_info_p->vlabel, vol_label_p, PATH_MAX);
      |       ~~~~~~~~^~~~~~~~~~~~~~~~~~~~~~~~~~~~~~~~~~~~~~~~~~~
/home/vimkim/gh/cb/oos-readiness-221-release/src/storage/file_io.c:5998:15: warning: ‘char* strncpy(char*, const char*, size_t)’ specified bound 4096 equals destination size [-Wstringop-truncation]
/home/vimkim/gh/cb/oos-readiness-221-release/src/storage/file_io.c: In function ‘int fileio_backup_volume(THREAD_ENTRY*, FILEIO_BACKUP_SESSION*, const char*, VOLID, PAGEID, bool)’:
/home/vimkim/gh/cb/oos-readiness-221-release/src/storage/file_io.c:8394:11: warning: ‘char* strncpy(char*, const char*, size_t)’ specified bound 4096 equals destination size [-Wstringop-truncation]
 8394 |   strncpy (file_header_p->vlabel, session_p->dbfile.vlabel, PATH_MAX);
      |   ~~~~~~~~^~~~~~~~~~~~~~~~~~~~~~~~~~~~~~~~~~~~~~~~~~~~~~~~~~~~~~~~~~~
[532/1448] Building CXX object cs/CMakeFiles/cubridcs.dir/__/src/base/intl_support.c.o
[533/1448] Building CXX object cs/CMakeFiles/cubridcs.dir/__/src/base/printer.cpp.o
[534/1448] Building CXX object cs/CMakeFiles/cubridcs.dir/__/src/compat/db_info.c.o
[535/1448] Building CXX object cs/CMakeFiles/cubridcs.dir/__/src/base/resource_tracker.cpp.o
[536/1448] Building CXX object cs/CMakeFiles/cubridcs.dir/__/src/base/pinnable_buffer.cpp.o
[537/1448] Building CXX object cs/CMakeFiles/cubridcs.dir/__/src/base/error_manager.c.o
[538/1448] Building CXX object sa/CMakeFiles/cubridsa.dir/__/src/parser/parse_tree_cl.c.o
[539/1448] Building CXX object cs/CMakeFiles/cubridcs.dir/__/src/base/unicode_support.c.o
[540/1448] Building CXX object cs/CMakeFiles/cubridcs.dir/__/src/compat/db_obj.c.o
[541/1448] Building CXX object cs/CMakeFiles/cubridcs.dir/__/src/base/string_buffer.cpp.o
[542/1448] Building CXX object cs/CMakeFiles/cubridcs.dir/__/src/executables/csql.c.o
[543/1448] Building CXX object sa/CMakeFiles/cubridsa.dir/__/src/object/schema_system_catalog_install.cpp.o
[544/1448] Building CXX object cs/CMakeFiles/cubridcs.dir/__/src/compat/db_macro.c.o
[545/1448] Building CXX object cs/CMakeFiles/cubridcs.dir/__/src/base/packer.cpp.o
[546/1448] Building CXX object cs/CMakeFiles/cubridcs.dir/__/src/compat/db_set.c.o
[547/1448] Building CXX object cs/CMakeFiles/cubridcs.dir/__/src/executables/unload_object.c.o
[548/1448] Building CXX object cs/CMakeFiles/cubridcs.dir/__/src/base/util_func.c.o
[549/1448] Building CXX object cs/CMakeFiles/cubridcs.dir/__/src/compat/db_method_static.cpp.o
[550/1448] Building CXX object cs/CMakeFiles/cubridcs.dir/__/src/base/xml_parser.c.o
[551/1448] Building CXX object cs/CMakeFiles/cubridcs.dir/__/src/compat/db_virt.c.o
[552/1448] Building CXX object cs/CMakeFiles/cubridcs.dir/__/src/base/stack_dump.c.o
[553/1448] Building CXX object cs/CMakeFiles/cubridcs.dir/__/src/base/area_alloc.c.o
[554/1448] Building CXX object cs/CMakeFiles/cubridcs.dir/__/src/communication/network_common.cpp.o
[555/1448] Building CXX object cs/CMakeFiles/cubridcs.dir/__/src/executables/checksumdb.c.o
[556/1448] Building CXX object cs/CMakeFiles/cubridcs.dir/__/src/compat/db_query.c.o
[557/1448] Building CXX object cs/CMakeFiles/cubridcs.dir/__/src/communication/network_histogram.cpp.o
[558/1448] Building CXX object cs/CMakeFiles/cubridcs.dir/__/src/heaplayers/customheaps.cpp.o
[559/1448] Building CXX object cs/CMakeFiles/cubridcs.dir/__/src/connection/connection_less.cpp.o
[560/1448] Building CXX object cs/CMakeFiles/cubridcs.dir/__/src/base/dynamic_load.c.o
[561/1448] Building CXX object sa/CMakeFiles/cubridsa.dir/__/src/transaction/log_manager.c.o
[562/1448] Building CXX object cs/CMakeFiles/cubridcs.dir/__/src/compat/db_temp.c.o
[563/1448] Building CXX object cs/CMakeFiles/cubridcs.dir/__/src/compat/db_value_printer.cpp.o
[564/1448] Building CXX object cs/CMakeFiles/cubridcs.dir/__/src/connection/connection_list_cl.cpp.o
[565/1448] Building CXX object sa/CMakeFiles/cubridsa.dir/__/src/optimizer/histogram/histogram_cl.cpp.o
[566/1448] Building CXX object cs/CMakeFiles/cubridcs.dir/__/src/heaplayers/lea_heap.c.o
[567/1448] Building CXX object sa/CMakeFiles/cubridsa.dir/__/src/loaddb/load_sa_loader.cpp.o
[568/1448] Building CXX object cs/CMakeFiles/cubridcs.dir/__/src/connection/connection_globals.c.o
[569/1448] Building CXX object cs/CMakeFiles/cubridcs.dir/__/src/base/filesys_parser.cpp.o
[570/1448] Building CXX object cs/CMakeFiles/cubridcs.dir/__/src/object/quick_fit.c.o
[571/1448] Building CXX object cs/CMakeFiles/cubridcs.dir/__/src/connection/tcp.c.o
[572/1448] Building CXX object sa/CMakeFiles/cubridsa.dir/__/src/storage/file_manager.c.o
[573/1448] Building CXX object cs/CMakeFiles/cubridcs.dir/__/src/connection/heartbeat.c.o
[574/1448] Building CXX object cs/CMakeFiles/cubridcs.dir/__/src/object/object_print_util.cpp.o
[575/1448] Building CXX object cs/CMakeFiles/cubridcs.dir/__/src/object/elo.c.o
[576/1448] Building CXX object cs/CMakeFiles/cubridcs.dir/__/src/connection/host_lookup.c.o
[577/1448] Building CXX object cs/CMakeFiles/cubridcs.dir/__/src/object/identifier_store.cpp.o
[578/1448] Building CXX object cs/CMakeFiles/cubridcs.dir/__/src/executables/util_cs.c.o
[579/1448] Building CXX object cs/CMakeFiles/cubridcs.dir/__/src/base/ifsys.cpp.o
[580/1448] Building CXX object cs/CMakeFiles/cubridcs.dir/__/src/base/memory_alloc.c.o
[581/1448] Building CXX object sa/CMakeFiles/cubridsa.dir/__/src/storage/system_catalog.c.o
[582/1448] Building CXX object cs/CMakeFiles/cubridcs.dir/__/src/compat/db_vdb.c.o
[583/1448] Building CXX object cs/CMakeFiles/cubridcs.dir/__/src/object/transform.c.o
[584/1448] Building CXX object cubrid/CMakeFiles/cubrid.dir/__/src/query/serial.c.o
[585/1448] Building CXX object cs/CMakeFiles/cubridcs.dir/__/src/compat/db_json_path.cpp.o
[586/1448] Building CXX object cs/CMakeFiles/cubridcs.dir/__/src/connection/connection_cl.cpp.o
[587/1448] Building CXX object cs/CMakeFiles/cubridcs.dir/__/src/base/memory_hash.c.o
[588/1448] Building CXX object sa/CMakeFiles/cubridsa.dir/__/src/query/string_opfunc.c.o
[589/1448] Building CXX object cs/CMakeFiles/cubridcs.dir/__/src/optimizer/query_bitset.c.o
[590/1448] Building CXX object cs/CMakeFiles/cubridcs.dir/__/src/object/schema_information_schema.cpp.o
[591/1448] Building CXX object cs/CMakeFiles/cubridcs.dir/__/src/object/schema_information_schema_definition.cpp.o
[592/1448] Building CXX object cs/CMakeFiles/cubridcs.dir/__/src/base/resources.cpp.o
[593/1448] Building CXX object cs/CMakeFiles/cubridcs.dir/__/src/base/perf_monitor.c.o
[594/1448] Building CXX object cs/CMakeFiles/cubridcs.dir/__/src/base/json_builder.cpp.o
[595/1448] Building CXX object cs/CMakeFiles/cubridcs.dir/__/src/base/ddl_log.c.o
[596/1448] Building CXX object cs/CMakeFiles/cubridcs.dir/__/src/communication/network_callback_cl.cpp.o
[597/1448] Building CXX object cs/CMakeFiles/cubridcs.dir/__/src/connection/client_support.cpp.o
[598/1448] Building CXX object cs/CMakeFiles/cubridcs.dir/__/src/object/deduplicate_key.c.o
[599/1448] Building CXX object cs/CMakeFiles/cubridcs.dir/__/src/object/authenticate.c.o
[600/1448] Building CXX object sa/CMakeFiles/cubridsa.dir/__/src/parser/type_checking.c.o
[601/1448] Building CXX object cs/CMakeFiles/cubridcs.dir/__/src/object/authenticate_password.cpp.o
[602/1448] Building CXX object cs/CMakeFiles/cubridcs.dir/__/src/object/authenticate_owner.cpp.o
[603/1448] Building CXX object cs/CMakeFiles/cubridcs.dir/__/src/object/lob_locator.cpp.o
[604/1448] Building CXX object cs/CMakeFiles/cubridcs.dir/__/src/base/language_support.c.o
[605/1448] Building CXX object cs/CMakeFiles/cubridcs.dir/__/src/connection/connection_support.cpp.o
[606/1448] Building CXX object cs/CMakeFiles/cubridcs.dir/__/src/object/authenticate_access_class.cpp.o
[607/1448] Building CXX object cs/CMakeFiles/cubridcs.dir/__/src/object/object_description.cpp.o
[608/1448] Building CXX object cs/CMakeFiles/cubridcs.dir/__/src/object/authenticate_cache.cpp.o
[609/1448] Building CXX object cs/CMakeFiles/cubridcs.dir/__/src/object/authenticate_context.cpp.o
[610/1448] Building CXX object cs/CMakeFiles/cubridcs.dir/__/src/object/authenticate_grant.cpp.o
[611/1448] Building CXX object cs/CMakeFiles/cubridcs.dir/__/src/object/class_description.cpp.o
[612/1448] Building CXX object cs/CMakeFiles/cubridcs.dir/__/src/object/authenticate_access_user.cpp.o
[613/1448] Building CXX object cs/CMakeFiles/cubridcs.dir/__/src/base/cgroup.cpp.o
[614/1448] Building CXX object cs/CMakeFiles/cubridcs.dir/__/src/base/tz_support.c.o
[615/1448] Building CXX object cs/CMakeFiles/cubridcs.dir/__/src/object/authenticate_migration.cpp.o
[616/1448] Building CXX object cs/CMakeFiles/cubridcs.dir/__/src/object/schema_system_catalog.cpp.o
[617/1448] Building CXX object cs/CMakeFiles/cubridcs.dir/__/src/object/schema_system_catalog_builder.cpp.o
[618/1448] Building CXX object cs/CMakeFiles/cubridcs.dir/__/src/object/schema_system_catalog_definition.cpp.o
[619/1448] Building CXX object cs/CMakeFiles/cubridcs.dir/__/src/communication/network_cl.c.o
[620/1448] Building CXX object cs/CMakeFiles/cubridcs.dir/__/src/base/system_parameter.c.o
[621/1448] Building CXX object cs/CMakeFiles/cubridcs.dir/__/src/loaddb/load_object.c.o
[622/1448] Building CXX object cs/CMakeFiles/cubridcs.dir/__/src/object/object_print.c.o
[623/1448] Building CXX object cs/CMakeFiles/cubridcs.dir/__/src/object/schema_class_truncator.cpp.o
[624/1448] Building CXX object cs/CMakeFiles/cubridcs.dir/__/src/object/schema_system_catalog_install_query_spec.cpp.o
[625/1448] Building CXX object cs/CMakeFiles/cubridcs.dir/__/src/object/schema_information_schema_builder.cpp.o
[626/1448] Building CXX object cs/CMakeFiles/cubridcs.dir/__/src/object/object_template.c.o
[627/1448] Building CXX object cs/CMakeFiles/cubridcs.dir/__/src/object/object_accessor.c.o
[628/1448] Building CXX object cs/CMakeFiles/cubridcs.dir/__/src/object/authenticate_access_auth.cpp.o
[629/1448] Building CXX object sa/CMakeFiles/cubridsa.dir/__/src/query/query_executor.c.o
[630/1448] Building CXX object sa/CMakeFiles/cubridsa.dir/__/src/parser/xasl_generation.c.o
[631/1448] Building CXX object sa/CMakeFiles/cubridsa.dir/__/src/storage/page_buffer.c.o
[632/1448] Building CXX object cs/CMakeFiles/cubridcs.dir/__/src/object/trigger_description.cpp.o
[633/1448] Building CXX object cs/CMakeFiles/cubridcs.dir/__/src/object/virtual_object.c.o
[634/1448] Building CXX object cs/CMakeFiles/cubridcs.dir/__/src/optimizer/rewriter/query_rewrite_auto_parameterize.c.o
[635/1448] Building CXX object cs/CMakeFiles/cubridcs.dir/__/src/object/schema_information_schema_install_query_spec.cpp.o
[636/1448] Building CXX object cs/CMakeFiles/cubridcs.dir/__/src/executables/unload_schema.c.o
[637/1448] Building CXX object cs/CMakeFiles/cubridcs.dir/__/src/object/object_printer.cpp.o
[638/1448] Building CXX object cs/CMakeFiles/cubridcs.dir/__/src/object/schema_template.c.o
[639/1448] Building CXX object cs/CMakeFiles/cubridcs.dir/__/src/object/work_space.c.o
[640/1448] Building CXX object cs/CMakeFiles/cubridcs.dir/__/src/method/method_query_result.cpp.o
[641/1448] Building CXX object cs/CMakeFiles/cubridcs.dir/__/src/parser/cnf.c.o
[642/1448] Building CXX object cs/CMakeFiles/cubridcs.dir/__/src/optimizer/rewriter/query_rewrite_subquery.c.o
[643/1448] Building C object cs/CMakeFiles/cubridcs.dir/__/csql_lexer.c.o
[644/1448] Building CXX object cs/CMakeFiles/cubridcs.dir/__/src/object/set_object.c.o
[645/1448] Building CXX object cs/CMakeFiles/cubridcs.dir/__/src/object/object_representation.c.o
/home/vimkim/gh/cb/oos-readiness-221-release/src/object/object_representation.c: In function ‘char* or_unpack_spacedb(char*, SPACEDB_ALL*, SPACEDB_ONEVOL**, SPACEDB_FILES*)’:
/home/vimkim/gh/cb/oos-readiness-221-release/src/object/object_representation.c:6284:19: warning: ‘char* strncpy(char*, const char*, size_t)’ specified bound 4096 equals destination size [-Wstringop-truncation]
 6284 |           strncpy ((*vols)[iter_vol].name, volname, DB_MAX_PATH_LENGTH);
      |           ~~~~~~~~^~~~~~~~~~~~~~~~~~~~~~~~~~~~~~~~~~~~~~~~~~~~~~~~~~~~~
[646/1448] Building CXX object cs/CMakeFiles/cubridcs.dir/__/src/optimizer/rewriter/query_rewrite_set.c.o
[647/1448] Building CXX object cs/CMakeFiles/cubridcs.dir/__/src/optimizer/rewriter/query_rewrite.c.o
[648/1448] Building CXX object cs/CMakeFiles/cubridcs.dir/__/src/parser/double_byte_support.c.o
[649/1448] Building CXX object cs/CMakeFiles/cubridcs.dir/__/src/transaction/lock_table.c.o
[650/1448] Building CXX object cs/CMakeFiles/cubridcs.dir/__/src/object/class_object.c.o
[651/1448] Building CXX object cs/CMakeFiles/cubridcs.dir/__/src/method/method_error.cpp.o
[652/1448] Building CXX object cs/CMakeFiles/cubridcs.dir/__/src/sp/pl_signature.cpp.o
[653/1448] Building CXX object cs/CMakeFiles/cubridcs.dir/__/src/parser/keyword.c.o
[654/1448] Building CXX object cs/CMakeFiles/cubridcs.dir/__/src/method/method_struct_parameter_info.cpp.o
[655/1448] Building CXX object cs/CMakeFiles/cubridcs.dir/__/src/object/transform_cl.c.o
[656/1448] Building CXX object cs/CMakeFiles/cubridcs.dir/__/src/parser/parse_type.cpp.o
[657/1448] Building CXX object cs/CMakeFiles/cubridcs.dir/__/src/transaction/log_lsa.cpp.o
[658/1448] Building CXX object cs/CMakeFiles/cubridcs.dir/__/src/parser/compile.c.o
[659/1448] Building CXX object cs/CMakeFiles/cubridcs.dir/__/src/parser/parse_tree.c.o
[660/1448] Building CXX object cs/CMakeFiles/cubridcs.dir/__/src/storage/byte_order.c.o
[661/1448] Building CXX object cs/CMakeFiles/cubridcs.dir/__/src/object/trigger_manager.c.o
[662/1448] Building CXX object cs/CMakeFiles/cubridcs.dir/__/src/query/crypt_opfunc.c.o
[663/1448] Building CXX object cs/CMakeFiles/cubridcs.dir/__/src/communication/network_interface_cl.c.o
/home/vimkim/gh/cb/oos-readiness-221-release/src/communication/network_interface_cl.c: In function ‘int locator_fetch_all(const HFID*, LOCK*, LC_FETCH_VERSION_TYPE, OID*, int*, int*, OID*, LC_COPYAREA**, int, int, int)’:
/home/vimkim/gh/cb/oos-readiness-221-release/src/communication/network_interface_cl.c:432:22: warning: ‘a_request’ may be used uninitialized [-Wmaybe-uninitialized]
  432 |   ptr = or_pack_hfid (request, hfid);
      |         ~~~~~~~~~~~~~^~~~~~~~~~~~~~~
In file included from /home/vimkim/gh/cb/oos-readiness-221-release/src/communication/network_interface_cl.c:56:
/home/vimkim/gh/cb/oos-readiness-221-release/src/base/object_representation.h:1154:14: note: by argument 1 of type ‘const char*’ to ‘char* or_pack_hfid(const char*, const HFID*)’ declared here
 1154 | extern char *or_pack_hfid (const char *ptr, const HFID * hfid);
      |              ^~~~~~~~~~~~
/home/vimkim/gh/cb/oos-readiness-221-release/src/communication/network_interface_cl.c:424:73: note: ‘a_request’ declared here
  424 |   OR_ALIGNED_BUF (OR_HFID_SIZE + (OR_INT_SIZE * 8) + (OR_OID_SIZE * 2)) a_request;
      |                                                                         ^~~~~~~~~
/home/vimkim/gh/cb/oos-readiness-221-release/src/communication/network_interface_cl.c: In function ‘int heap_create(HFID*, const OID*, bool)’:
/home/vimkim/gh/cb/oos-readiness-221-release/src/communication/network_interface_cl.c:1677:22: warning: ‘a_request’ may be used uninitialized [-Wmaybe-uninitialized]
 1677 |   ptr = or_pack_hfid (request, hfid);
      |         ~~~~~~~~~~~~~^~~~~~~~~~~~~~~
In file included from /home/vimkim/gh/cb/oos-readiness-221-release/src/communication/network_interface_cl.c:56:
/home/vimkim/gh/cb/oos-readiness-221-release/src/base/object_representation.h:1154:14: note: by argument 1 of type ‘const char*’ to ‘char* or_pack_hfid(const char*, const HFID*)’ declared here
 1154 | extern char *or_pack_hfid (const char *ptr, const HFID * hfid);
      |              ^~~~~~~~~~~~
/home/vimkim/gh/cb/oos-readiness-221-release/src/communication/network_interface_cl.c:1669:61: note: ‘a_request’ declared here
 1669 |   OR_ALIGNED_BUF (OR_HFID_SIZE + OR_OID_SIZE + OR_INT_SIZE) a_request;
      |                                                             ^~~~~~~~~
/home/vimkim/gh/cb/oos-readiness-221-release/src/communication/network_interface_cl.c: In function ‘int heap_destroy_newly_created(const HFID*, const OID*, bool)’:
/home/vimkim/gh/cb/oos-readiness-221-release/src/communication/network_interface_cl.c:1777:22: warning: ‘a_request’ may be used uninitialized [-Wmaybe-uninitialized]
 1777 |   ptr = or_pack_hfid (request, hfid);
      |         ~~~~~~~~~~~~~^~~~~~~~~~~~~~~
In file included from /home/vimkim/gh/cb/oos-readiness-221-release/src/communication/network_interface_cl.c:56:
/home/vimkim/gh/cb/oos-readiness-221-release/src/base/object_representation.h:1154:14: note: by argument 1 of type ‘const char*’ to ‘char* or_pack_hfid(const char*, const HFID*)’ declared here
 1154 | extern char *or_pack_hfid (const char *ptr, const HFID * hfid);
      |              ^~~~~~~~~~~~
/home/vimkim/gh/cb/oos-readiness-221-release/src/communication/network_interface_cl.c:1769:61: note: ‘a_request’ declared here
 1769 |   OR_ALIGNED_BUF (OR_HFID_SIZE + OR_OID_SIZE + OR_INT_SIZE) a_request;
      |                                                             ^~~~~~~~~
/home/vimkim/gh/cb/oos-readiness-221-release/src/communication/network_interface_cl.c: In function ‘int heap_get_class_num_objects_pages(HFID*, int, int*, int*)’:
/home/vimkim/gh/cb/oos-readiness-221-release/src/communication/network_interface_cl.c:1829:22: warning: ‘a_request’ may be used uninitialized [-Wmaybe-uninitialized]
 1829 |   ptr = or_pack_hfid (request, hfid);
      |         ~~~~~~~~~~~~~^~~~~~~~~~~~~~~
In file included from /home/vimkim/gh/cb/oos-readiness-221-release/src/communication/network_interface_cl.c:56:
/home/vimkim/gh/cb/oos-readiness-221-release/src/base/object_representation.h:1154:14: note: by argument 1 of type ‘const char*’ to ‘char* or_pack_hfid(const char*, const HFID*)’ declared here
 1154 | extern char *or_pack_hfid (const char *ptr, const HFID * hfid);
      |              ^~~~~~~~~~~~
/home/vimkim/gh/cb/oos-readiness-221-release/src/communication/network_interface_cl.c:1820:47: note: ‘a_request’ declared here
 1820 |   OR_ALIGNED_BUF (OR_HFID_SIZE + OR_INT_SIZE) a_request;
      |                                               ^~~~~~~~~
/home/vimkim/gh/cb/oos-readiness-221-release/src/communication/network_interface_cl.c: In function ‘int heap_has_instance(HFID*, OID*, int)’:
/home/vimkim/gh/cb/oos-readiness-221-release/src/communication/network_interface_cl.c:1883:22: warning: ‘a_request’ may be used uninitialized [-Wmaybe-uninitialized]
 1883 |   ptr = or_pack_hfid (request, hfid);
      |         ~~~~~~~~~~~~~^~~~~~~~~~~~~~~
In file included from /home/vimkim/gh/cb/oos-readiness-221-release/src/communication/network_interface_cl.c:56:
/home/vimkim/gh/cb/oos-readiness-221-release/src/base/object_representation.h:1154:14: note: by argument 1 of type ‘const char*’ to ‘char* or_pack_hfid(const char*, const HFID*)’ declared here
 1154 | extern char *or_pack_hfid (const char *ptr, const HFID * hfid);
      |              ^~~~~~~~~~~~
/home/vimkim/gh/cb/oos-readiness-221-release/src/communication/network_interface_cl.c:1874:61: note: ‘a_request’ declared here
 1874 |   OR_ALIGNED_BUF (OR_HFID_SIZE + OR_OID_SIZE + OR_INT_SIZE) a_request;
      |                                                             ^~~~~~~~~
/home/vimkim/gh/cb/oos-readiness-221-release/src/communication/network_interface_cl.c: In function ‘int heap_reclaim_addresses(const HFID*)’:
/home/vimkim/gh/cb/oos-readiness-221-release/src/communication/network_interface_cl.c:1932:22: warning: ‘a_request’ may be used uninitialized [-Wmaybe-uninitialized]
 1932 |   ptr = or_pack_hfid (request, hfid);
      |         ~~~~~~~~~~~~~^~~~~~~~~~~~~~~
In file included from /home/vimkim/gh/cb/oos-readiness-221-release/src/communication/network_interface_cl.c:56:
/home/vimkim/gh/cb/oos-readiness-221-release/src/base/object_representation.h:1154:14: note: by argument 1 of type ‘const char*’ to ‘char* or_pack_hfid(const char*, const HFID*)’ declared here
 1154 | extern char *or_pack_hfid (const char *ptr, const HFID * hfid);
      |              ^~~~~~~~~~~~
/home/vimkim/gh/cb/oos-readiness-221-release/src/communication/network_interface_cl.c:1924:47: note: ‘a_request’ declared here
 1924 |   OR_ALIGNED_BUF (OR_HFID_SIZE + OR_INT_SIZE) a_request;
      |                                               ^~~~~~~~~
/home/vimkim/gh/cb/oos-readiness-221-release/src/communication/network_interface_cl.c: In function ‘int lob_create_dir(HFID*, int*, int)’:
/home/vimkim/gh/cb/oos-readiness-221-release/src/communication/network_interface_cl.c:11886:22: warning: ‘request’ may be used uninitialized [-Wmaybe-uninitialized]
11886 |   ptr = or_pack_hfid (request, hfid);
      |         ~~~~~~~~~~~~~^~~~~~~~~~~~~~~
In file included from /home/vimkim/gh/cb/oos-readiness-221-release/src/communication/network_interface_cl.c:56:
/home/vimkim/gh/cb/oos-readiness-221-release/src/base/object_representation.h:1154:14: note: by argument 1 of type ‘const char*’ to ‘char* or_pack_hfid(const char*, const HFID*)’ declared here
 1154 | extern char *or_pack_hfid (const char *ptr, const HFID * hfid);
      |              ^~~~~~~~~~~~
/home/vimkim/gh/cb/oos-readiness-221-release/src/communication/network_interface_cl.c:11886:22: warning: ‘request_local’ may be used uninitialized [-Wmaybe-uninitialized]
11886 |   ptr = or_pack_hfid (request, hfid);
      |         ~~~~~~~~~~~~~^~~~~~~~~~~~~~~
In file included from /home/vimkim/gh/cb/oos-readiness-221-release/src/communication/network_interface_cl.c:56:
/home/vimkim/gh/cb/oos-readiness-221-release/src/base/object_representation.h:1154:14: note: by argument 1 of type ‘const char*’ to ‘char* or_pack_hfid(const char*, const HFID*)’ declared here
 1154 | extern char *or_pack_hfid (const char *ptr, const HFID * hfid);
      |              ^~~~~~~~~~~~
/home/vimkim/gh/cb/oos-readiness-221-release/src/communication/network_interface_cl.c:11863:8: note: ‘request_local’ declared here
11863 |   char request_local[OR_HFID_SIZE + OR_INT_SIZE + (OR_INT_SIZE * 2)];
      |        ^~~~~~~~~~~~~
/home/vimkim/gh/cb/oos-readiness-221-release/src/communication/network_interface_cl.c: In function ‘int lob_remove_dir(HFID*, int)’:
/home/vimkim/gh/cb/oos-readiness-221-release/src/communication/network_interface_cl.c:11939:22: warning: ‘a_request’ may be used uninitialized [-Wmaybe-uninitialized]
11939 |   ptr = or_pack_hfid (request, hfid);
      |         ~~~~~~~~~~~~~^~~~~~~~~~~~~~~
In file included from /home/vimkim/gh/cb/oos-readiness-221-release/src/communication/network_interface_cl.c:56:
/home/vimkim/gh/cb/oos-readiness-221-release/src/base/object_representation.h:1154:14: note: by argument 1 of type ‘const char*’ to ‘char* or_pack_hfid(const char*, const HFID*)’ declared here
 1154 | extern char *or_pack_hfid (const char *ptr, const HFID * hfid);
      |              ^~~~~~~~~~~~
/home/vimkim/gh/cb/oos-readiness-221-release/src/communication/network_interface_cl.c:11928:47: note: ‘a_request’ declared here
11928 |   OR_ALIGNED_BUF (OR_HFID_SIZE + OR_INT_SIZE) a_request;
      |                                               ^~~~~~~~~
[664/1448] Building CXX object cs/CMakeFiles/cubridcs.dir/__/src/method/method_struct_invoke.cpp.o
[665/1448] Building CXX object cs/CMakeFiles/cubridcs.dir/__/src/optimizer/rewriter/query_rewrite_select.c.o
[666/1448] Building CXX object cs/CMakeFiles/cubridcs.dir/__/src/storage/es_posix.c.o
[667/1448] Building CXX object cs/CMakeFiles/cubridcs.dir/__/src/query/string_regex_re2.cpp.o
[668/1448] Building CXX object cs/CMakeFiles/cubridcs.dir/__/src/parser/show_meta.c.o
[669/1448] Building CXX object cs/CMakeFiles/cubridcs.dir/__/src/parser/method_transform.c.o
[670/1448] Building CXX object cs/CMakeFiles/cubridcs.dir/__/src/transaction/locator.c.o
[671/1448] Building CXX object cs/CMakeFiles/cubridcs.dir/__/src/parser/scanner_support.c.o
[672/1448] Building CXX object cs/CMakeFiles/cubridcs.dir/__/src/transaction/log_compress.c.o
[673/1448] Building CXX object cs/CMakeFiles/cubridcs.dir/__/src/storage/es_owfs.c.o
[674/1448] Building CXX object cs/CMakeFiles/cubridcs.dir/__/src/parser/parser_allocator.cpp.o
[675/1448] Building CXX object cs/CMakeFiles/cubridcs.dir/__/src/transaction/client_credentials.cpp.o
[676/1448] Building CXX object cs/CMakeFiles/cubridcs.dir/__/src/optimizer/rewriter/query_rewrite_term.c.o
[677/1448] Building CXX object cs/CMakeFiles/cubridcs.dir/__/src/parser/parse_evaluate.c.o
[678/1448] Building CXX object cs/CMakeFiles/cubridcs.dir/__/src/method/method_oid_handler.cpp.o
[679/1448] Building CXX object cs/CMakeFiles/cubridcs.dir/__/src/method/method_query_util.cpp.o
[680/1448] Building CXX object cs/CMakeFiles/cubridcs.dir/__/src/optimizer/plan_generation.c.o
[681/1448] Building CXX object cs/CMakeFiles/cubridcs.dir/__/src/parser/xasl_regu_alloc.cpp.o
[682/1448] Building CXX object cs/CMakeFiles/cubridcs.dir/__/src/method/method_struct_oid_info.cpp.o
[683/1448] Building CXX object cs/CMakeFiles/cubridcs.dir/__/src/storage/es_common.c.o
[684/1448] Building CXX object cs/CMakeFiles/cubridcs.dir/__/src/query/qfile_tuple_layout.c.o
[685/1448] Building CXX object cs/CMakeFiles/cubridcs.dir/__/src/storage/oid.c.o
[686/1448] Building CXX object cs/CMakeFiles/cubridcs.dir/__/src/query/regu_var.cpp.o
[687/1448] Building CXX object cs/CMakeFiles/cubridcs.dir/__/src/parser/parse_dbi.c.o
[688/1448] Building CXX object cs/CMakeFiles/cubridcs.dir/__/src/query/query_cl.c.o
[689/1448] Building CXX object cs/CMakeFiles/cubridcs.dir/__/src/sp/pl_struct_compile.cpp.o
[690/1448] Building CXX object cs/CMakeFiles/cubridcs.dir/__/src/xasl/xasl_unpack_info.cpp.o
[691/1448] Building CXX object cs/CMakeFiles/cubridcs.dir/__/src/parser/query_result.c.o
[692/1448] Building CXX object cs/CMakeFiles/cubridcs.dir/__/src/query/string_regex.cpp.o
[693/1448] Building CXX object cs/CMakeFiles/cubridcs.dir/__/src/storage/storage_common.c.o
[694/1448] Building CXX object cs/CMakeFiles/cubridcs.dir/__/src/query/cursor.c.o
[695/1448] Building CXX object cs/CMakeFiles/cubridcs.dir/__/src/method/method_struct_query.cpp.o
[696/1448] Building CXX object cs/CMakeFiles/cubridcs.dir/__/src/storage/tde.c.o
[697/1448] Building CXX object cs/CMakeFiles/cubridcs.dir/__/src/object/object_domain.c.o
[698/1448] Building CXX object cs/CMakeFiles/cubridcs.dir/__/src/query/query_dump.c.o
[699/1448] Building CXX object cs/CMakeFiles/cubridcs.dir/__/src/sp/pl_comm.c.o
[700/1448] Building CXX object cs/CMakeFiles/cubridcs.dir/__/src/xasl/access_json_table.cpp.o
[701/1448] Building CXX object cs/CMakeFiles/cubridcs.dir/__/src/object/schema_manager.c.o
[702/1448] Building CXX object cs/CMakeFiles/cubridcs.dir/__/src/parser/func_type.cpp.o
[703/1448] Building CXX object sa/CMakeFiles/cubridsa.dir/__/src/storage/heap_file.c.o
[704/1448] Building CXX object cs/CMakeFiles/cubridcs.dir/__/src/method/method_struct_value.cpp.o
[705/1448] Building CXX object cs/CMakeFiles/cubridcs.dir/__/src/optimizer/query_graph.c.o
[706/1448] Building CXX object cs/CMakeFiles/cubridcs.dir/__/src/transaction/log_comm.c.o
[707/1448] Building CXX object cs/CMakeFiles/cubridcs.dir/__/src/optimizer/histogram/histogram_reader.cpp.o
[708/1448] Building CXX object cs/CMakeFiles/cubridcs.dir/__/src/query/numeric_opfunc.c.o
[709/1448] Building CXX object cs/CMakeFiles/cubridcs.dir/__/src/object/object_primitive.c.o
[710/1448] Building CXX object cs/CMakeFiles/cubridcs.dir/__/src/optimizer/histogram/histogram_builder.cpp.o
[711/1448] Building CXX object sa/CMakeFiles/cubridsa.dir/__/src/optimizer/histogram/histogram_sampler_sr.cpp.o
[712/1448] Building CXX object cs/CMakeFiles/cubridcs.dir/__/src/parser/parser_support.c.o
[713/1448] Building CXX object cs/CMakeFiles/cubridcs.dir/__/src/storage/es.c.o
[714/1448] Building CXX object cs/CMakeFiles/cubridcs.dir/__/src/loaddb/load_common.cpp.o
[715/1448] Building CXX object cs/CMakeFiles/cubridcs.dir/__/src/transaction/transaction_cl.c.o
[716/1448] Building CXX object cs/CMakeFiles/cubridcs.dir/__/src/xasl/xasl_analytic.cpp.o
[717/1448] Building CXX object cs/CMakeFiles/cubridcs.dir/__/src/optimizer/query_planner.c.o
[718/1448] Building CXX object cs/CMakeFiles/cubridcs.dir/__/src/storage/file_io.c.o
[719/1448] Building CXX object cubrid/CMakeFiles/cubrid.dir/__/src/base/chartype.c.o
[720/1448] Building CXX object cs/CMakeFiles/cubridcs.dir/__/src/method/method_query_handler.cpp.o
[721/1448] Building CXX object cs/CMakeFiles/cubridcs.dir/__/src/transaction/log_writer.c.o
/home/vimkim/gh/cb/oos-readiness-221-release/src/transaction/log_writer.c: In function ‘int logwr_copy_log_file(const char*, const char*, int, INT64)’:
/home/vimkim/gh/cb/oos-readiness-221-release/src/transaction/log_writer.c:1813:39: warning: ‘%s’ directive writing up to 16543 bytes into a region of size 8192 [-Wformat-overflow=]
 1813 |           sprintf (log_archive_path, "%s%s%s", logwr_Gl.log_path, FILEIO_PATH_SEPARATOR (logwr_Gl.log_path),
      |                                       ^~       ~~~~~~~~~~~~~~~~~
/home/vimkim/gh/cb/oos-readiness-221-release/src/transaction/log_writer.c:1813:19: note: ‘sprintf’ output between 1 and 16800 bytes into a destination of size 8192
 1813 |           sprintf (log_archive_path, "%s%s%s", logwr_Gl.log_path, FILEIO_PATH_SEPARATOR (logwr_Gl.log_path),
      |           ~~~~~~~~^~~~~~~~~~~~~~~~~~~~~~~~~~~~~~~~~~~~~~~~~~~~~~~~~~~~~~~~~~~~~~~~~~~~~~~~~~~~~~~~~~~~~~~~~~
 1814 |                    dp->d_name);
      |                    ~~~~~~~~~~~
[722/1448] Building CXX object cs/CMakeFiles/cubridcs.dir/__/src/query/xasl_to_stream.c.o
[723/1448] Building CXX object cs/CMakeFiles/cubridcs.dir/__/src/transaction/flashback_cl.c.o
[724/1448] Building CXX object cs/CMakeFiles/cubridcs.dir/__/src/transaction/log_applier_sql_log.c.o
[725/1448] Building CXX object cs/CMakeFiles/cubridcs.dir/__/src/parser/name_resolution.c.o
[726/1448] Building CXX object cubrid/CMakeFiles/cubrid.dir/__/src/base/binaryheap.c.o
[727/1448] Building CXX object cs/CMakeFiles/cubridcs.dir/__/src/transaction/boot_cl.c.o
[728/1448] Building CXX object cubrid/CMakeFiles/cubrid.dir/__/src/base/bit.c.o
[729/1448] Building CXX object cs/CMakeFiles/cubridcs.dir/__/src/storage/statistics_cl.c.o
[730/1448] Building CXX object cs/CMakeFiles/cubridcs.dir/__/src/method/query_method.cpp.o
[731/1448] Building CXX object cs/CMakeFiles/cubridcs.dir/__/src/xasl/xasl_predicate.cpp.o
[732/1448] Building CXX object cs/CMakeFiles/cubridcs.dir/__/src/query/parallel/px_scan/px_scan_instnum.cpp.o
[733/1448] Building CXX object cs/CMakeFiles/cubridcs.dir/__/src/xasl/xasl_stream.cpp.o
[734/1448] Building CXX object cubrid/CMakeFiles/cubrid.dir/__/src/base/encryption.c.o
[735/1448] Building CXX object cs/CMakeFiles/cubridcs.dir/__/src/sp/jsp_cl.cpp.o
[736/1448] Building CXX object cubrid/CMakeFiles/cubrid.dir/__/src/base/fileline_location.cpp.o
[737/1448] Building CXX object cubrid/CMakeFiles/cubrid.dir/__/src/base/dtoa.c.o
[738/1448] Building CXX object cubrid/CMakeFiles/cubrid.dir/__/src/base/base64.c.o
[739/1448] Building CXX object cubrid/CMakeFiles/cubrid.dir/__/src/base/dynamic_array.c.o
[740/1448] Building CXX object cs/CMakeFiles/cubridcs.dir/__/src/object/schema_information_schema_install.cpp.o
[741/1448] Building CXX object cs/CMakeFiles/cubridcs.dir/__/src/api/cubrid_log.c.o
[742/1448] Building CXX object cs/CMakeFiles/cubridcs.dir/__/src/query/arithmetic.c.o
[743/1448] Building CXX object cs/CMakeFiles/cubridcs.dir/__/src/method/method_struct_schema_info.cpp.o
[744/1448] Building CXX object cubrid/CMakeFiles/cubrid.dir/__/src/base/environment_variable.c.o
[745/1448] Building CXX object cs/CMakeFiles/cubridcs.dir/__/src/transaction/locator_cl.c.o
[746/1448] Building CXX object cs/CMakeFiles/cubridcs.dir/__/src/parser/view_transform.c.o
[747/1448] Building CXX object sa/CMakeFiles/cubridsa.dir/__/src/storage/btree.c.o
/home/vimkim/gh/cb/oos-readiness-221-release/src/storage/btree.c: In function ‘DISK_ISVALID btree_verify_subtree(THREAD_ENTRY*, const OID*, BTID_INT*, const char*, PAGE_PTR, VPID*, BTREE_NODE_INFO*)’:
/home/vimkim/gh/cb/oos-readiness-221-release/src/storage/btree.c:13691:18: warning: ‘prev_sep.db_identifier::volid’ may be used uninitialized in this function [-Wmaybe-uninitialized]
13691 |       if (i >= 2 && OID_GT (&prev_sep, &cur_sep))
/home/vimkim/gh/cb/oos-readiness-221-release/src/storage/btree.c:13518:7: note: ‘prev_sep.db_identifier::volid’ was declared here
13518 |   OID prev_sep, cur_sep;
      |       ^~~~~~~~
[748/1448] Building CXX object cubrid/CMakeFiles/cubrid.dir/__/src/base/lockfree_transaction_descriptor.cpp.o
[749/1448] Building CXX object cubrid/CMakeFiles/cubrid.dir/__/src/base/filesys_temp.cpp.o
[750/1448] Building CXX object cs/CMakeFiles/cubridcs.dir/__/src/query/parallel/px_query_execute/px_query_checker.cpp.o
[751/1448] Building CXX object cubrid/CMakeFiles/cubrid.dir/__/src/base/fixed_alloc.c.o
[752/1448] Building CXX object cs/CMakeFiles/cubridcs.dir/__/src/query/parallel/px_scan/px_scan_checker.cpp.o
[753/1448] Building CXX object cubrid/CMakeFiles/cubrid.dir/__/src/base/cubrid_getopt_long.c.o
[754/1448] Building CXX object cubrid/CMakeFiles/cubrid.dir/__/src/base/area_alloc.c.o
[755/1448] Building CXX object cubrid/CMakeFiles/cubrid.dir/__/src/base/locale_helper.cpp.o
[756/1448] Building CXX object cubrid/CMakeFiles/cubrid.dir/__/src/base/lockfree_transaction_system.cpp.o
[757/1448] Building CXX object cubrid/CMakeFiles/cubrid.dir/__/src/base/memory_monitor_api.cpp.o
[758/1448] Building CXX object cubrid/CMakeFiles/cubrid.dir/__/src/base/databases_file.c.o
[759/1448] Building CXX object cubrid/CMakeFiles/cubrid.dir/__/src/base/ini_parser.c.o
[760/1448] Building CXX object cs/CMakeFiles/cubridcs.dir/__/src/parser/semantic_check.c.o
[761/1448] Building CXX object cubrid/CMakeFiles/cubrid.dir/__/src/base/lockfree_bitmap.cpp.o
[762/1448] Building CXX object cubrid/CMakeFiles/cubrid.dir/__/src/base/locale_support.c.o
[763/1448] Building CXX object cubrid/CMakeFiles/cubrid.dir/__/src/base/error_context.cpp.o
[764/1448] Building CXX object cubrid/CMakeFiles/cubrid.dir/__/src/base/fault_injection.c.o
[765/1448] Building CXX object cubrid/CMakeFiles/cubrid.dir/__/src/base/lock_free.c.o
[766/1448] Building CXX object cubrid/CMakeFiles/cubrid.dir/__/src/base/lockfree_transaction_table.cpp.o
[767/1448] Building CXX object cubrid/CMakeFiles/cubrid.dir/__/src/base/misc_string.c.o
[768/1448] Building CXX object cubrid/CMakeFiles/cubrid.dir/__/src/base/memory_monitor_sr.cpp.o
[769/1448] Building CXX object cubrid/CMakeFiles/cubrid.dir/__/src/base/get_clock_freq.c.o
[770/1448] Building CXX object cs/CMakeFiles/cubridcs.dir/__/src/loaddb/load_db.c.o
[771/1448] Building CXX object cubrid/CMakeFiles/cubrid.dir/__/src/base/process_util.c.o
[772/1448] Building CXX object cubrid/CMakeFiles/cubrid.dir/__/src/base/sha1.c.o
[773/1448] Building CXX object cubrid/CMakeFiles/cubrid.dir/__/src/base/mprec.c.o
[774/1448] Building CXX object cubrid/CMakeFiles/cubrid.dir/__/src/base/release_string.c.o
[775/1448] Building CXX object cubrid/CMakeFiles/cubrid.dir/__/src/base/porting.c.o
[776/1448] Building CXX object cubrid/CMakeFiles/cubrid.dir/__/src/base/pinnable_buffer.cpp.o
[777/1448] Building CXX object cubrid/CMakeFiles/cubrid.dir/__/src/base/mem_block.cpp.o
[778/1448] Building CXX object cubrid/CMakeFiles/cubrid.dir/__/src/base/printer.cpp.o
[779/1448] Building CXX object cubrid/CMakeFiles/cubrid.dir/__/src/base/resource_tracker.cpp.o
[780/1448] Building CXX object cubrid/CMakeFiles/cubrid.dir/__/src/base/pinning.cpp.o
[781/1448] Building CXX object cs/CMakeFiles/cubridcs.dir/__/src/method/method_callback.cpp.o
[782/1448] Building CXX object cubrid/CMakeFiles/cubrid.dir/__/src/base/intl_support.c.o
[783/1448] Building CXX object cubrid/CMakeFiles/cubrid.dir/__/src/base/string_buffer.cpp.o
[784/1448] Building CXX object cs/CMakeFiles/cubridcs.dir/__/src/parser/parse_tree_cl.c.o
[785/1448] Building CXX object cubrid/CMakeFiles/cubrid.dir/__/src/base/memory_private_allocator.cpp.o
[786/1448] Building CXX object cubrid/CMakeFiles/cubrid.dir/__/src/base/tsc_timer.c.o
[787/1448] Building CXX object cubrid/CMakeFiles/cubrid.dir/__/src/base/packer.cpp.o
[788/1448] Building CXX object cs/CMakeFiles/cubridcs.dir/__/src/query/execute_schema.c.o
[789/1448] Building CXX object cubrid/CMakeFiles/cubrid.dir/__/src/base/packet_buffer.cpp.o
[790/1448] Building CXX object cubrid/CMakeFiles/cubrid.dir/__/src/base/lockfree_hashmap.cpp.o
[791/1448] Building CXX object cubrid/CMakeFiles/cubrid.dir/__/src/base/epoll.cpp.o
[792/1448] Building CXX object cubrid/CMakeFiles/cubrid.dir/__/src/base/nonblocking.cpp.o
[793/1448] Building CXX object cubrid/CMakeFiles/cubrid.dir/__/src/base/message_catalog.c.o
[794/1448] Building CXX object cubrid/CMakeFiles/cubrid.dir/__/src/base/perf.cpp.o
[795/1448] Building CXX object cubrid/CMakeFiles/cubrid.dir/__/src/base/stack_dump.c.o
[796/1448] Building CXX object cubrid/CMakeFiles/cubrid.dir/__/src/base/error_manager.c.o
[797/1448] Building CXX object cs/CMakeFiles/cubridcs.dir/__/src/optimizer/histogram/histogram_cl.cpp.o
[798/1448] Building CXX object cubrid/CMakeFiles/cubrid.dir/__/src/base/memory_hash.c.o
[799/1448] Building CXX object cubrid/CMakeFiles/cubrid.dir/__/src/base/uca_support.c.o
[800/1448] Building CXX object cubrid/CMakeFiles/cubrid.dir/__/src/base/memory_alloc.c.o
[801/1448] Building CXX object cs/CMakeFiles/cubridcs.dir/__/src/method/method_schema_info.cpp.o
[802/1448] Building CXX object cubrid/CMakeFiles/cubrid.dir/__/src/base/DMRBMemoryPool.cpp.o
[803/1448] Building CXX object cubrid/CMakeFiles/cubrid.dir/__/src/base/unicode_support.c.o
[804/1448] Building CXX object cubrid/CMakeFiles/cubrid.dir/__/src/base/xml_parser.c.o
[805/1448] Building CXX object cubrid/CMakeFiles/cubrid.dir/__/src/base/trace_event_log.c.o
[806/1448] Building CXX object cubrid/CMakeFiles/cubrid.dir/__/src/base/variable_string.c.o
[807/1448] Building CXX object cubrid/CMakeFiles/cubrid.dir/__/src/compat/db_function.cpp.o
[808/1448] Building CXX object cubrid/CMakeFiles/cubrid.dir/__/src/base/perf_monitor_trackers.cpp.o
[809/1448] Building CXX object cubrid/CMakeFiles/cubrid.dir/__/src/base/util_func.c.o
[810/1448] Building CXX object cs/CMakeFiles/cubridcs.dir/__/src/compat/db_json.cpp.o
[811/1448] Building CXX object cubrid/CMakeFiles/cubrid.dir/__/src/base/language_support.c.o
[812/1448] Building CXX object cubrid/CMakeFiles/cubrid.dir/__/src/base/filesys_parser.cpp.o
[813/1448] Building CXX object cubrid/CMakeFiles/cubrid.dir/__/src/compat/cnv.c.o
[814/1448] Building CXX object cubrid/CMakeFiles/cubrid.dir/__/src/compat/db_elo.c.o
[815/1448] Building CXX object cs/CMakeFiles/cubridcs.dir/__/src/query/execute_statement.c.o
[816/1448] Building CXX object cubrid/CMakeFiles/cubrid.dir/__/src/compat/db_json_types_internal.cpp.o
[817/1448] Building CXX object cubrid/CMakeFiles/cubrid.dir/__/src/communication/network_common.cpp.o
[818/1448] Building CXX object cs/CMakeFiles/cubridcs.dir/__/src/transaction/log_applier.c.o
/home/vimkim/gh/cb/oos-readiness-221-release/src/transaction/log_applier.c: In function ‘int la_get_copied_log_info(const char*, const char*, INT64, bool, LOG_LSA*, LOG_LSA*)’:
/home/vimkim/gh/cb/oos-readiness-221-release/src/transaction/log_applier.c:8383:35: warning: format ‘%ld’ expects argument of type ‘long int’, but argument 2 has type ‘int’ [-Wformat=]
 8383 |               printf ("offset:%04ld (tid:%d bck p:%lld,o:%ld frw p:%lld,o:%ld type:%d)\n", lsa.offset, lrec->trid,
      |                               ~~~~^                                                        ~~~~~~~~~~
      |                                   |                                                            |
      |                                   long int                                                     int
      |                               %04d
/home/vimkim/gh/cb/oos-readiness-221-release/src/transaction/log_applier.c:8383:60: warning: format ‘%ld’ expects argument of type ‘long int’, but argument 5 has type ‘int’ [-Wformat=]
 8383 |               printf ("offset:%04ld (tid:%d bck p:%lld,o:%ld frw p:%lld,o:%ld type:%d)\n", lsa.offset, lrec->trid,
      |                                                          ~~^
      |                                                            |
      |                                                            long int
      |                                                          %d
 8384 |                       (long long int) lrec->back_lsa.pageid, lrec->back_lsa.offset,
      |                                                              ~~~~~~~~~~~~~~~~~~~~~
      |                                                                             |
      |                                                                             int
/home/vimkim/gh/cb/oos-readiness-221-release/src/transaction/log_applier.c:8383:77: warning: format ‘%ld’ expects argument of type ‘long int’, but argument 7 has type ‘int’ [-Wformat=]
 8383 |               printf ("offset:%04ld (tid:%d bck p:%lld,o:%ld frw p:%lld,o:%ld type:%d)\n", lsa.offset, lrec->trid,
      |                                                                           ~~^
      |                                                                             |
      |                                                                             long int
      |                                                                           %d
 8384 |                       (long long int) lrec->back_lsa.pageid, lrec->back_lsa.offset,
 8385 |                       (long long int) lrec->forw_lsa.pageid, lrec->forw_lsa.offset, lrec->type);
      |                                                              ~~~~~~~~~~~~~~~~~~~~~
      |                                                                             |
      |                                                                             int
[819/1448] Building CXX object cubrid/CMakeFiles/cubrid.dir/__/src/compat/db_set.c.o
[820/1448] Building CXX object cubrid/CMakeFiles/cubrid.dir/__/src/base/json_builder.cpp.o
[821/1448] Building CXX object cubrid/CMakeFiles/cubrid.dir/__/src/compat/db_json_allocator.cpp.o
[822/1448] Building CXX object cubrid/CMakeFiles/cubrid.dir/__/src/base/ifsys.cpp.o
[823/1448] Building CXX object cubrid/CMakeFiles/cubrid.dir/__/src/communication/network_callback_sr.cpp.o
[824/1448] Building CXX object cs/CMakeFiles/cubridcs.dir/__/src/query/string_regex_std.cpp.o
[825/1448] Building CXX object cubrid/CMakeFiles/cubrid.dir/__/src/base/resources.cpp.o
[826/1448] Building CXX object cubrid/CMakeFiles/cubrid.dir/__/src/connection/buffer.cpp.o
[827/1448] Building CXX object cs/CMakeFiles/cubridcs.dir/__/src/object/schema_system_catalog_install.cpp.o
[828/1448] Building CXX object cubrid/CMakeFiles/cubrid.dir/__/src/connection/connection_globals.c.o
[829/1448] Building CXX object cubrid/CMakeFiles/cubrid.dir/__/src/sp/pl_file.c.o
[830/1448] Building CXX object cubrid/CMakeFiles/cubrid.dir/__/src/connection/connection_list_sr.c.o
[831/1448] Building CXX object cubrid/CMakeFiles/cubrid.dir/__/src/method/method_error.cpp.o
[832/1448] Building CXX object cubrid/CMakeFiles/cubrid.dir/__/src/method/method_struct_value.cpp.o
[833/1448] Building CXX object cubrid/CMakeFiles/cubrid.dir/__/src/connection/connection_context.cpp.o
[834/1448] Building CXX object cubrid/CMakeFiles/cubrid.dir/__/src/heaplayers/customheaps.cpp.o
[835/1448] Building CXX object cubrid/CMakeFiles/cubrid.dir/__/src/connection/heartbeat.c.o
[836/1448] Building CXX object cubrid/CMakeFiles/cubrid.dir/__/src/method/method_struct_parameter_info.cpp.o
[837/1448] Building CXX object cubrid/CMakeFiles/cubrid.dir/__/src/sp/pl_comm.c.o
[838/1448] Building CXX object cubrid/CMakeFiles/cubrid.dir/__/src/compat/db_macro.c.o
[839/1448] Building CXX object cubrid/CMakeFiles/cubrid.dir/__/src/method/method_query_util.cpp.o
[840/1448] Building CXX object cubrid/CMakeFiles/cubrid.dir/__/src/connection/transmitter.cpp.o
[841/1448] Building CXX object cubrid/CMakeFiles/cubrid.dir/__/src/compat/db_date.c.o
[842/1448] Building CXX object cs/CMakeFiles/cubridcs.dir/__/src/parser/type_checking.c.o
[843/1448] Building CXX object cubrid/CMakeFiles/cubrid.dir/__/src/query/dblink_global_tran_catalog.c.o
[844/1448] Building CXX object cubrid/CMakeFiles/cubrid.dir/__/src/compat/db_value_printer.cpp.o
[845/1448] Building CXX object cubrid/CMakeFiles/cubrid.dir/__/load_lexer.cpp.o
[846/1448] Building CXX object cubrid/CMakeFiles/cubrid.dir/__/src/query/dblink_2pc_daemon.c.o
[847/1448] Building CXX object cubrid/CMakeFiles/cubrid.dir/__/src/connection/host_lookup.c.o
[848/1448] Building CXX object cubrid/CMakeFiles/cubrid.dir/__/src/connection/tcp.c.o
[849/1448] Building CXX object cubrid/CMakeFiles/cubrid.dir/__/src/method/method_struct_oid_info.cpp.o
[850/1448] Building CXX object cubrid/CMakeFiles/cubrid.dir/__/src/connection/receiver.cpp.o
[851/1448] Building CXX object cubrid/CMakeFiles/cubrid.dir/__/src/sp/pl_signature.cpp.o
[852/1448] Building CXX object cubrid/CMakeFiles/cubrid.dir/__/src/executables/util_common.c.o
[853/1448] Building CXX object cubrid/CMakeFiles/cubrid.dir/__/src/sp/pl_connection.cpp.o
[854/1448] Building CXX object cubrid/CMakeFiles/cubrid.dir/__/src/heaplayers/lea_heap.c.o
[855/1448] Building CXX object cubrid/CMakeFiles/cubrid.dir/__/src/monitor/monitor_statistic.cpp.o
[856/1448] Building CXX object cubrid/CMakeFiles/cubrid.dir/__/src/base/perf_monitor.c.o
[857/1448] Building CXX object cubrid/CMakeFiles/cubrid.dir/__/src/communication/network_sr.c.o
[858/1448] Building CXX object cubrid/CMakeFiles/cubrid.dir/__/src/sp/pl_compile_handler.cpp.o
[859/1448] Building CXX object cubrid/CMakeFiles/cubrid.dir/__/src/object/lob_locator.cpp.o
[860/1448] Building CXX object cubrid/CMakeFiles/cubrid.dir/__/src/base/cgroup.cpp.o
[861/1448] Building CXX object cubrid/CMakeFiles/cubrid.dir/__/src/connection/connection_support.cpp.o
[862/1448] Building CXX object cs/CMakeFiles/cubridcs.dir/__/src/parser/xasl_generation.c.o
[863/1448] Building CXX object cubrid/CMakeFiles/cubrid.dir/__/src/base/tz_support.c.o
[864/1448] Building CXX object cubrid/CMakeFiles/cubrid.dir/__/src/method/query_method.cpp.o
[865/1448] Building CXX object cubrid/CMakeFiles/cubrid.dir/__/load_grammar.cpp.o
[866/1448] Building CXX object cubrid/CMakeFiles/cubrid.dir/__/src/method/method_struct_invoke.cpp.o
[867/1448] Building CXX object cs/CMakeFiles/cubridcs.dir/__/src/sp/sp_catalog.cpp.o
[868/1448] Building CXX object cubrid/CMakeFiles/cubrid.dir/__/src/sp/pl_sr.cpp.o
[869/1448] Building CXX object cubrid/CMakeFiles/cubrid.dir/__/src/base/system_parameter.c.o
[870/1448] Building CXX object cubrid/CMakeFiles/cubrid.dir/__/src/loaddb/load_driver.cpp.o
[871/1448] Building CXX object cubrid/CMakeFiles/cubrid.dir/__/src/base/object_representation_sr.c.o
[872/1448] Building CXX object cubrid/CMakeFiles/cubrid.dir/__/src/monitor/monitor_registration.cpp.o
[873/1448] Building CXX object cubrid/CMakeFiles/cubrid.dir/__/src/method/method_struct_query.cpp.o
[874/1448] Building CXX object cubrid/CMakeFiles/cubrid.dir/__/src/object/elo.c.o
[875/1448] Building CXX object cubrid/CMakeFiles/cubrid.dir/__/src/compat/db_json_path.cpp.o
[876/1448] Building CXX object cubrid/CMakeFiles/cubrid.dir/__/src/loaddb/load_common.cpp.o
[877/1448] Building CXX object cubrid/CMakeFiles/cubrid.dir/__/src/method/method_struct_schema_info.cpp.o
[878/1448] Building CXX object cubrid/CMakeFiles/cubrid.dir/__/src/object/identifier_store.cpp.o
[879/1448] Building CXX object cubrid/CMakeFiles/cubrid.dir/__/src/sp/pl_query_cursor.cpp.o
[880/1448] Building CXX object cubrid/CMakeFiles/cubrid.dir/__/src/sp/method_invoke_group.cpp.o
[881/1448] Building CXX object cubrid/CMakeFiles/cubrid.dir/__/src/connection/connection_pool.cpp.o
[882/1448] Building CXX object cubrid/CMakeFiles/cubrid.dir/__/src/loaddb/load_semantic_helper.cpp.o
[883/1448] Building CXX object cubrid/CMakeFiles/cubrid.dir/__/src/object/schema_information_schema.cpp.o
[884/1448] Building CXX object cubrid/CMakeFiles/cubrid.dir/__/src/sp/sp_code.cpp.o
[885/1448] Building CXX object cubrid/CMakeFiles/cubrid.dir/__/src/monitor/monitor_collect.cpp.o
[886/1448] Building CXX object cubrid/CMakeFiles/cubrid.dir/__/src/method/method_scan.cpp.o
[887/1448] Building CXX object cubrid/CMakeFiles/cubrid.dir/__/src/connection/connection_sr.c.o
[888/1448] Building CXX object cubrid/CMakeFiles/cubrid.dir/__/src/loaddb/load_class_registry.cpp.o
In file included from /home/vimkim/gh/cb/oos-readiness-221-release/src/base/memory_alloc.h:54,
                 from /home/vimkim/gh/cb/oos-readiness-221-release/src/base/memory_hash.h:30,
                 from /home/vimkim/gh/cb/oos-readiness-221-release/src/storage/file_io.h:33,
                 from /home/vimkim/gh/cb/oos-readiness-221-release/src/transaction/log_manager.h:37,
                 from /home/vimkim/gh/cb/oos-readiness-221-release/src/storage/system_catalog.h:36,
                 from /home/vimkim/gh/cb/oos-readiness-221-release/src/base/object_representation_sr.h:42,
                 from /home/vimkim/gh/cb/oos-readiness-221-release/src/loaddb/load_class_registry.hpp:27,
                 from /home/vimkim/gh/cb/oos-readiness-221-release/src/loaddb/load_class_registry.cpp:23:
In function ‘void cub_free(void*)’,
    inlined from ‘void operator delete(void*, size_t)’ at /home/vimkim/gh/cb/oos-readiness-221-release/src/base/memory_wrapper.hpp:75:12,
    inlined from ‘void __gnu_cxx::new_allocator<_Tp>::deallocate(_Tp*, __gnu_cxx::new_allocator<_Tp>::size_type) [with _Tp = std::_Rb_tree_node<std::pair<const int, const cubload::class_entry*> >]’ at /usr/include/c++/11/ext/new_allocator.h:145:19,
    inlined from ‘static void std::allocator_traits<std::allocator<_Tp1> >::deallocate(std::allocator_traits<std::allocator<_Tp1> >::allocator_type&, std::allocator_traits<std::allocator<_Tp1> >::pointer, std::allocator_traits<std::allocator<_Tp1> >::size_type) [with _Tp = std::_Rb_tree_node<std::pair<const int, const cubload::class_entry*> >]’ at /usr/include/c++/11/bits/alloc_traits.h:496:23,
    inlined from ‘void std::_Rb_tree<_Key, _Val, _KeyOfValue, _Compare, _Alloc>::_M_put_node(std::_Rb_tree<_Key, _Val, _KeyOfValue, _Compare, _Alloc>::_Link_type) [with _Key = int; _Val = std::pair<const int, const cubload::class_entry*>; _KeyOfValue = std::_Select1st<std::pair<const int, const cubload::class_entry*> >; _Compare = std::greater<int>; _Alloc = std::allocator<std::pair<const int, const cubload::class_entry*> >]’ at /usr/include/c++/11/bits/stl_tree.h:565:34,
    inlined from ‘void std::_Rb_tree<_Key, _Val, _KeyOfValue, _Compare, _Alloc>::_M_drop_node(std::_Rb_tree<_Key, _Val, _KeyOfValue, _Compare, _Alloc>::_Link_type) [with _Key = int; _Val = std::pair<const int, const cubload::class_entry*>; _KeyOfValue = std::_Select1st<std::pair<const int, const cubload::class_entry*> >; _Compare = std::greater<int>; _Alloc = std::allocator<std::pair<const int, const cubload::class_entry*> >]’ at /usr/include/c++/11/bits/stl_tree.h:632:13,
    inlined from ‘std::pair<std::_Rb_tree_iterator<_Val>, bool> std::_Rb_tree<_Key, _Val, _KeyOfValue, _Compare, _Alloc>::_M_emplace_unique(_Args&& ...) [with _Args = {std::pair<int, cubload::class_entry*>}; _Key = int; _Val = std::pair<const int, const cubload::class_entry*>; _KeyOfValue = std::_Select1st<std::pair<const int, const cubload::class_entry*> >; _Compare = std::greater<int>; _Alloc = std::allocator<std::pair<const int, const cubload::class_entry*> >]’ at /usr/include/c++/11/bits/stl_tree.h:2393:18,
    inlined from ‘std::__enable_if_t<std::is_constructible<std::pair<const _Key, _Tp>, _Pair>::value, std::pair<typename std::_Rb_tree<_Key, std::pair<const _Key, _Tp>, std::_Select1st<std::pair<const _Key, _Tp> >, _Compare, typename __gnu_cxx::__alloc_traits<_Allocator>::rebind<std::pair<const _Key, _Tp> >::other>::iterator, bool> > std::map<_Key, _Tp, _Compare, _Alloc>::insert(_Pair&&) [with _Pair = std::pair<int, cubload::class_entry*>; _Key = int; _Tp = const cubload::class_entry*; _Compare = std::greater<int>; _Alloc = std::allocator<std::pair<const int, const cubload::class_entry*> >]’ at /usr/include/c++/11/bits/stl_map.h:817:33,
    inlined from ‘void cubload::class_registry::register_ignored_class(cubload::class_entry*, cubload::class_id)’ at /home/vimkim/gh/cb/oos-readiness-221-release/src/loaddb/load_class_registry.cpp:172:26:
/home/vimkim/gh/cb/oos-readiness-221-release/src/base/memory_cwrapper.h:86:8: warning: ‘void free(void*)’ called on pointer returned from a mismatched allocation function [-Wmismatched-new-delete]
   86 |   free (ptr);
      |   ~~~~~^~~~~
In file included from /usr/include/c++/11/x86_64-redhat-linux/bits/c++allocator.h:33,
                 from /usr/include/c++/11/bits/allocator.h:46,
                 from /usr/include/c++/11/unordered_map:40,
                 from /usr/include/c++/11/functional:61,
                 from /home/vimkim/gh/cb/oos-readiness-221-release/src/base/mem_block.hpp:39,
                 from /home/vimkim/gh/cb/oos-readiness-221-release/src/base/packer.hpp:29,
                 from /home/vimkim/gh/cb/oos-readiness-221-release/src/base/packable_object.hpp:28,
                 from /home/vimkim/gh/cb/oos-readiness-221-release/src/loaddb/load_common.hpp:26,
                 from /home/vimkim/gh/cb/oos-readiness-221-release/src/loaddb/load_class_registry.hpp:26,
                 from /home/vimkim/gh/cb/oos-readiness-221-release/src/loaddb/load_class_registry.cpp:23:
/usr/include/c++/11/ext/new_allocator.h: In member function ‘void cubload::class_registry::register_ignored_class(cubload::class_entry*, cubload::class_id)’:
/usr/include/c++/11/ext/new_allocator.h:127:48: note: returned from ‘void* operator new(std::size_t)’
  127 |         return static_cast<_Tp*>(::operator new(__n * sizeof(_Tp)));
      |                                  ~~~~~~~~~~~~~~^~~~~~~~~~~~~~~~~~~
In file included from /home/vimkim/gh/cb/oos-readiness-221-release/src/base/memory_alloc.h:54,
                 from /home/vimkim/gh/cb/oos-readiness-221-release/src/base/memory_hash.h:30,
                 from /home/vimkim/gh/cb/oos-readiness-221-release/src/storage/file_io.h:33,
                 from /home/vimkim/gh/cb/oos-readiness-221-release/src/transaction/log_manager.h:37,
                 from /home/vimkim/gh/cb/oos-readiness-221-release/src/storage/system_catalog.h:36,
                 from /home/vimkim/gh/cb/oos-readiness-221-release/src/base/object_representation_sr.h:42,
                 from /home/vimkim/gh/cb/oos-readiness-221-release/src/loaddb/load_class_registry.hpp:27,
                 from /home/vimkim/gh/cb/oos-readiness-221-release/src/loaddb/load_class_registry.cpp:23:
In function ‘void cub_free(void*)’,
    inlined from ‘void operator delete(void*, size_t)’ at /home/vimkim/gh/cb/oos-readiness-221-release/src/base/memory_wrapper.hpp:75:12,
    inlined from ‘void __gnu_cxx::new_allocator<_Tp>::deallocate(_Tp*, __gnu_cxx::new_allocator<_Tp>::size_type) [with _Tp = std::_Rb_tree_node<std::pair<const int, const cubload::class_entry*> >]’ at /usr/include/c++/11/ext/new_allocator.h:145:19,
    inlined from ‘static void std::allocator_traits<std::allocator<_Tp1> >::deallocate(std::allocator_traits<std::allocator<_Tp1> >::allocator_type&, std::allocator_traits<std::allocator<_Tp1> >::pointer, std::allocator_traits<std::allocator<_Tp1> >::size_type) [with _Tp = std::_Rb_tree_node<std::pair<const int, const cubload::class_entry*> >]’ at /usr/include/c++/11/bits/alloc_traits.h:496:23,
    inlined from ‘void std::_Rb_tree<_Key, _Val, _KeyOfValue, _Compare, _Alloc>::_M_put_node(std::_Rb_tree<_Key, _Val, _KeyOfValue, _Compare, _Alloc>::_Link_type) [with _Key = int; _Val = std::pair<const int, const cubload::class_entry*>; _KeyOfValue = std::_Select1st<std::pair<const int, const cubload::class_entry*> >; _Compare = std::greater<int>; _Alloc = std::allocator<std::pair<const int, const cubload::class_entry*> >]’ at /usr/include/c++/11/bits/stl_tree.h:565:34,
    inlined from ‘void std::_Rb_tree<_Key, _Val, _KeyOfValue, _Compare, _Alloc>::_M_drop_node(std::_Rb_tree<_Key, _Val, _KeyOfValue, _Compare, _Alloc>::_Link_type) [with _Key = int; _Val = std::pair<const int, const cubload::class_entry*>; _KeyOfValue = std::_Select1st<std::pair<const int, const cubload::class_entry*> >; _Compare = std::greater<int>; _Alloc = std::allocator<std::pair<const int, const cubload::class_entry*> >]’ at /usr/include/c++/11/bits/stl_tree.h:632:13,
    inlined from ‘std::pair<std::_Rb_tree_iterator<_Val>, bool> std::_Rb_tree<_Key, _Val, _KeyOfValue, _Compare, _Alloc>::_M_emplace_unique(_Args&& ...) [with _Args = {std::pair<int, const cubload::class_entry*>}; _Key = int; _Val = std::pair<const int, const cubload::class_entry*>; _KeyOfValue = std::_Select1st<std::pair<const int, const cubload::class_entry*> >; _Compare = std::greater<int>; _Alloc = std::allocator<std::pair<const int, const cubload::class_entry*> >]’ at /usr/include/c++/11/bits/stl_tree.h:2393:18,
    inlined from ‘std::__enable_if_t<std::is_constructible<std::pair<const _Key, _Tp>, _Pair>::value, std::pair<typename std::_Rb_tree<_Key, std::pair<const _Key, _Tp>, std::_Select1st<std::pair<const _Key, _Tp> >, _Compare, typename __gnu_cxx::__alloc_traits<_Allocator>::rebind<std::pair<const _Key, _Tp> >::other>::iterator, bool> > std::map<_Key, _Tp, _Compare, _Alloc>::insert(_Pair&&) [with _Pair = std::pair<int, const cubload::class_entry*>; _Key = int; _Tp = const cubload::class_entry*; _Compare = std::greater<int>; _Alloc = std::allocator<std::pair<const int, const cubload::class_entry*> >]’ at /usr/include/c++/11/bits/stl_map.h:817:33,
    inlined from ‘void cubload::class_registry::register_class(const char*, cubload::class_id, OID, std::vector<const cubload::attribute*>&)’ at /home/vimkim/gh/cb/oos-readiness-221-release/src/loaddb/load_class_registry.cpp:161:26:
/home/vimkim/gh/cb/oos-readiness-221-release/src/base/memory_cwrapper.h:86:8: warning: ‘void free(void*)’ called on pointer returned from a mismatched allocation function [-Wmismatched-new-delete]
   86 |   free (ptr);
      |   ~~~~~^~~~~
In file included from /usr/include/c++/11/x86_64-redhat-linux/bits/c++allocator.h:33,
                 from /usr/include/c++/11/bits/allocator.h:46,
                 from /usr/include/c++/11/unordered_map:40,
                 from /usr/include/c++/11/functional:61,
                 from /home/vimkim/gh/cb/oos-readiness-221-release/src/base/mem_block.hpp:39,
                 from /home/vimkim/gh/cb/oos-readiness-221-release/src/base/packer.hpp:29,
                 from /home/vimkim/gh/cb/oos-readiness-221-release/src/base/packable_object.hpp:28,
                 from /home/vimkim/gh/cb/oos-readiness-221-release/src/loaddb/load_common.hpp:26,
                 from /home/vimkim/gh/cb/oos-readiness-221-release/src/loaddb/load_class_registry.hpp:26,
                 from /home/vimkim/gh/cb/oos-readiness-221-release/src/loaddb/load_class_registry.cpp:23:
/usr/include/c++/11/ext/new_allocator.h: In member function ‘void cubload::class_registry::register_class(const char*, cubload::class_id, OID, std::vector<const cubload::attribute*>&)’:
/usr/include/c++/11/ext/new_allocator.h:127:48: note: returned from ‘void* operator new(std::size_t)’
  127 |         return static_cast<_Tp*>(::operator new(__n * sizeof(_Tp)));
      |                                  ~~~~~~~~~~~~~~^~~~~~~~~~~~~~~~~~~
[889/1448] Building CXX object cubrid/CMakeFiles/cubrid.dir/__/src/connection/master_connector.cpp.o
[890/1448] Building CXX object cubrid/CMakeFiles/cubrid.dir/__/src/object/deduplicate_key.c.o
[891/1448] Building CXX object cubrid/CMakeFiles/cubrid.dir/__/src/object/schema_system_catalog.cpp.o
[892/1448] Building CXX object cubrid/CMakeFiles/cubrid.dir/__/src/loaddb/load_error_handler.cpp.o
In file included from /home/vimkim/gh/cb/oos-readiness-221-release/src/base/memory_alloc.h:54,
                 from /home/vimkim/gh/cb/oos-readiness-221-release/src/base/memory_hash.h:30,
                 from /home/vimkim/gh/cb/oos-readiness-221-release/src/storage/file_io.h:33,
                 from /home/vimkim/gh/cb/oos-readiness-221-release/src/transaction/log_manager.h:37,
                 from /home/vimkim/gh/cb/oos-readiness-221-release/src/storage/system_catalog.h:36,
                 from /home/vimkim/gh/cb/oos-readiness-221-release/src/base/object_representation_sr.h:42,
                 from /home/vimkim/gh/cb/oos-readiness-221-release/src/loaddb/load_class_registry.hpp:27,
                 from /home/vimkim/gh/cb/oos-readiness-221-release/src/loaddb/load_session.hpp:27,
                 from /home/vimkim/gh/cb/oos-readiness-221-release/src/loaddb/load_error_handler.cpp:28:
In function ‘void cub_free(void*)’,
    inlined from ‘void operator delete [](void*)’ at /home/vimkim/gh/cb/oos-readiness-221-release/src/base/memory_wrapper.hpp:80:12,
    inlined from ‘typename std::enable_if<std::is_convertible<_Up (*)[], _Tp (*)[]>::value>::type std::default_delete<_Tp []>::operator()(_Up*) const [with _Up = char; _Tp = char]’ at /usr/include/c++/11/bits/unique_ptr.h:120:4,
    inlined from ‘std::unique_ptr<_Tp [], _Dp>::~unique_ptr() [with _Tp = char; _Dp = std::default_delete<char []>]’ at /usr/include/c++/11/bits/unique_ptr.h:612:17,
    inlined from ‘static std::string cubload::error_handler::format(const char*, Args&& ...) [with Args = {int&}]’ at /home/vimkim/gh/cb/oos-readiness-221-release/src/loaddb/load_error_handler.hpp:205:3:
/home/vimkim/gh/cb/oos-readiness-221-release/src/base/memory_cwrapper.h:86:8: warning: ‘void free(void*)’ called on pointer returned from a mismatched allocation function [-Wmismatched-new-delete]
   86 |   free (ptr);
      |   ~~~~~^~~~~
In file included from /home/vimkim/gh/cb/oos-readiness-221-release/src/loaddb/load_error_handler.cpp:23:
/home/vimkim/gh/cb/oos-readiness-221-release/src/loaddb/load_error_handler.hpp: In static member function ‘static std::string cubload::error_handler::format(const char*, Args&& ...) [with Args = {int&}]’:
/home/vimkim/gh/cb/oos-readiness-221-release/src/loaddb/load_error_handler.hpp:199:34: note: returned from ‘void* operator new [](std::size_t)’
  199 |     std::unique_ptr<char[]> msg (new char[size]);
      |                                  ^~~~~~~~~~~~~~
[893/1448] Building CXX object cubrid/CMakeFiles/cubrid.dir/__/src/monitor/monitor_vacuum_ovfp_threshold.cpp.o
[894/1448] Building CXX object cubrid/CMakeFiles/cubrid.dir/__/src/monitor/monitor_transaction.cpp.o
[895/1448] Building CXX object cs/CMakeFiles/cubridcs.dir/__/src/query/string_opfunc.c.o
[896/1448] Building CXX object cubrid/CMakeFiles/cubrid.dir/__/src/sp/pl_execution_stack_context.cpp.o
[897/1448] Building CXX object cubrid/CMakeFiles/cubrid.dir/__/src/loaddb/load_db_value_converter.cpp.o
[898/1448] Building CXX object cubrid/CMakeFiles/cubrid.dir/__/src/object/transform.c.o
[899/1448] Building CXX object cubrid/CMakeFiles/cubrid.dir/__/src/storage/btree_unique.cpp.o
[900/1448] Building CXX object cubrid/CMakeFiles/cubrid.dir/__/src/object/set_object.c.o
[901/1448] Building CXX object cubrid/CMakeFiles/cubrid.dir/__/src/query/qfile_tuple_layout.c.o
[902/1448] Building CXX object cubrid/CMakeFiles/cubrid.dir/__/src/connection/coordinator.cpp.o
In file included from /home/vimkim/gh/cb/oos-readiness-221-release/src/base/memory_alloc.h:54,
                 from /home/vimkim/gh/cb/oos-readiness-221-release/src/connection/connection_defs.h:38,
                 from /home/vimkim/gh/cb/oos-readiness-221-release/src/connection/connection_globals.h:29,
                 from /home/vimkim/gh/cb/oos-readiness-221-release/src/connection/connection_context.hpp:26,
                 from /home/vimkim/gh/cb/oos-readiness-221-release/src/connection/connection_pool.hpp:33,
                 from /home/vimkim/gh/cb/oos-readiness-221-release/src/connection/coordinator.cpp:33:
In function ‘void cub_free(void*)’,
    inlined from ‘void operator delete(void*, size_t)’ at /home/vimkim/gh/cb/oos-readiness-221-release/src/base/memory_wrapper.hpp:75:12,
    inlined from ‘void __gnu_cxx::new_allocator<_Tp>::deallocate(_Tp*, __gnu_cxx::new_allocator<_Tp>::size_type) [with _Tp = std::__detail::_Hash_node<std::pair<const long unsigned int, std::pair<cubconn::statistics::metrics<cubconn::statistics::context, double>, cubconn::statistics::metrics<cubconn::statistics::context> > >, false>]’ at /usr/include/c++/11/ext/new_allocator.h:145:19,
    inlined from ‘static void std::allocator_traits<std::allocator<_CharT> >::deallocate(std::allocator_traits<std::allocator<_CharT> >::allocator_type&, std::allocator_traits<std::allocator<_CharT> >::pointer, std::allocator_traits<std::allocator<_CharT> >::size_type) [with _Tp = std::__detail::_Hash_node<std::pair<const long unsigned int, std::pair<cubconn::statistics::metrics<cubconn::statistics::context, double>, cubconn::statistics::metrics<cubconn::statistics::context> > >, false>]’ at /usr/include/c++/11/bits/alloc_traits.h:496:23,
    inlined from ‘void std::__detail::_Hashtable_alloc<_NodeAlloc>::_M_deallocate_node_ptr(std::__detail::_Hashtable_alloc<_NodeAlloc>::__node_ptr) [with _NodeAlloc = std::allocator<std::__detail::_Hash_node<std::pair<const long unsigned int, std::pair<cubconn::statistics::metrics<cubconn::statistics::context, double>, cubconn::statistics::metrics<cubconn::statistics::context> > >, false> >]’ at /usr/include/c++/11/bits/hashtable_policy.h:1909:38,
    inlined from ‘void std::__detail::_Hashtable_alloc<_NodeAlloc>::_M_deallocate_node(std::__detail::_Hashtable_alloc<_NodeAlloc>::__node_ptr) [with _NodeAlloc = std::allocator<std::__detail::_Hash_node<std::pair<const long unsigned int, std::pair<cubconn::statistics::metrics<cubconn::statistics::context, double>, cubconn::statistics::metrics<cubconn::statistics::context> > >, false> >]’ at /usr/include/c++/11/bits/hashtable_policy.h:1899:29,
    inlined from ‘std::_Hashtable<_Key, _Value, _Alloc, _ExtractKey, _Equal, _Hash, _RangeHash, _Unused, _RehashPolicy, _Traits>::_Scoped_node::~_Scoped_node() [with _Key = long unsigned int; _Value = std::pair<const long unsigned int, std::pair<cubconn::statistics::metrics<cubconn::statistics::context, double>, cubconn::statistics::metrics<cubconn::statistics::context> > >; _Alloc = std::allocator<std::pair<const long unsigned int, std::pair<cubconn::statistics::metrics<cubconn::statistics::context, double>, cubconn::statistics::metrics<cubconn::statistics::context> > > >; _ExtractKey = std::__detail::_Select1st; _Equal = std::equal_to<long unsigned int>; _Hash = std::hash<long unsigned int>; _RangeHash = std::__detail::_Mod_range_hashing; _Unused = std::__detail::_Default_ranged_hash; _RehashPolicy = std::__detail::_Prime_rehash_policy; _Traits = std::__detail::_Hashtable_traits<false, false, true>]’ at /usr/include/c++/11/bits/hashtable.h:308:57,
    inlined from ‘std::pair<typename std::__detail::_Insert<_Key, _Value, _Alloc, _ExtractKey, _Equal, _Hash, _RangeHash, _Unused, _RehashPolicy, _Traits>::iterator, bool> std::_Hashtable<_Key, _Value, _Alloc, _ExtractKey, _Equal, _Hash, _RangeHash, _Unused, _RehashPolicy, _Traits>::_M_emplace(std::true_type, _Args&& ...) [with _Args = {long unsigned int&, std::pair<cubconn::statistics::metrics<cubconn::statistics::context, double>, cubconn::statistics::metrics<cubconn::statistics::context, long unsigned int> >}; _Key = long unsigned int; _Value = std::pair<const long unsigned int, std::pair<cubconn::statistics::metrics<cubconn::statistics::context, double>, cubconn::statistics::metrics<cubconn::statistics::context> > >; _Alloc = std::allocator<std::pair<const long unsigned int, std::pair<cubconn::statistics::metrics<cubconn::statistics::context, double>, cubconn::statistics::metrics<cubconn::statistics::context> > > >; _ExtractKey = std::__detail::_Select1st; _Equal = std::equal_to<long unsigned int>; _Hash = std::hash<long unsigned int>; _RangeHash = std::__detail::_Mod_range_hashing; _Unused = std::__detail::_Default_ranged_hash; _RehashPolicy = std::__detail::_Prime_rehash_policy; _Traits = std::__detail::_Hashtable_traits<false, false, true>]’ at /usr/include/c++/11/bits/hashtable.h:1978:7,
    inlined from ‘std::_Hashtable<_Key, _Value, _Alloc, _ExtractKey, _Equal, _Hash, _RangeHash, _Unused, _RehashPolicy, _Traits>::__ireturn_type std::_Hashtable<_Key, _Value, _Alloc, _ExtractKey, _Equal, _Hash, _RangeHash, _Unused, _RehashPolicy, _Traits>::emplace(_Args&& ...) [with _Args = {long unsigned int&, std::pair<cubconn::statistics::metrics<cubconn::statistics::context, double>, cubconn::statistics::metrics<cubconn::statistics::context, long unsigned int> >}; _Key = long unsigned int; _Value = std::pair<const long unsigned int, std::pair<cubconn::statistics::metrics<cubconn::statistics::context, double>, cubconn::statistics::metrics<cubconn::statistics::context> > >; _Alloc = std::allocator<std::pair<const long unsigned int, std::pair<cubconn::statistics::metrics<cubconn::statistics::context, double>, cubconn::statistics::metrics<cubconn::statistics::context> > > >; _ExtractKey = std::__detail::_Select1st; _Equal = std::equal_to<long unsigned int>; _Hash = std::hash<long unsigned int>; _RangeHash = std::__detail::_Mod_range_hashing; _Unused = std::__detail::_Default_ranged_hash; _RehashPolicy = std::__detail::_Prime_rehash_policy; _Traits = std::__detail::_Hashtable_traits<false, false, true>]’ at /usr/include/c++/11/bits/hashtable.h:915:21,
    inlined from ‘std::pair<typename std::_Hashtable<_Key, std::pair<const _Key, _Tp>, _Alloc, std::__detail::_Select1st, _Pred, _Hash, std::__detail::_Mod_range_hashing, std::__detail::_Default_ranged_hash, std::__detail::_Prime_rehash_policy, std::__detail::_Hashtable_traits<std::__not_<std::__and_<std::__is_fast_hash<_Hash>, std::__is_nothrow_invocable<const _Hash&, const _Key&> > >::value, false, true> >::iterator, bool> std::unordered_map<_Key, _Tp, _Hash, _Pred, _Alloc>::emplace(_Args&& ...) [with _Args = {long unsigned int&, std::pair<cubconn::statistics::metrics<cubconn::statistics::context, double>, cubconn::statistics::metrics<cubconn::statistics::context, long unsigned int> >}; _Key = long unsigned int; _Tp = std::pair<cubconn::statistics::metrics<cubconn::statistics::context, double>, cubconn::statistics::metrics<cubconn::statistics::context> >; _Hash = std::hash<long unsigned int>; _Pred = std::equal_to<long unsigned int>; _Alloc = std::allocator<std::pair<const long unsigned int, std::pair<cubconn::statistics::metrics<cubconn::statistics::context, double>, cubconn::statistics::metrics<cubconn::statistics::context> > > >]’ at /usr/include/c++/11/bits/unordered_map.h:389:23,
    inlined from ‘bool cubconn::connection::coordinator::handle_message_queue_new_client(cubconn::connection::coordinator::message&)’ at /home/vimkim/gh/cb/oos-readiness-221-release/src/connection/coordinator.cpp:967:45:
/home/vimkim/gh/cb/oos-readiness-221-release/src/base/memory_cwrapper.h:86:8: warning: ‘void free(void*)’ called on pointer returned from a mismatched allocation function [-Wmismatched-new-delete]
   86 |   free (ptr);
      |   ~~~~~^~~~~
In file included from /usr/include/c++/11/x86_64-redhat-linux/bits/c++allocator.h:33,
                 from /usr/include/c++/11/bits/allocator.h:46,
                 from /usr/include/c++/11/string:41,
                 from /usr/include/c++/11/random:40,
                 from /home/vimkim/gh/cb/oos-readiness-221-release/src/connection/coordinator.cpp:23:
/usr/include/c++/11/ext/new_allocator.h: In member function ‘bool cubconn::connection::coordinator::handle_message_queue_new_client(cubconn::connection::coordinator::message&)’:
/usr/include/c++/11/ext/new_allocator.h:127:48: note: returned from ‘void* operator new(std::size_t)’
  127 |         return static_cast<_Tp*>(::operator new(__n * sizeof(_Tp)));
      |                                  ~~~~~~~~~~~~~~^~~~~~~~~~~~~~~~~~~
In file included from /home/vimkim/gh/cb/oos-readiness-221-release/src/base/memory_alloc.h:54,
                 from /home/vimkim/gh/cb/oos-readiness-221-release/src/connection/connection_defs.h:38,
                 from /home/vimkim/gh/cb/oos-readiness-221-release/src/connection/connection_globals.h:29,
                 from /home/vimkim/gh/cb/oos-readiness-221-release/src/connection/connection_context.hpp:26,
                 from /home/vimkim/gh/cb/oos-readiness-221-release/src/connection/connection_pool.hpp:33,
                 from /home/vimkim/gh/cb/oos-readiness-221-release/src/connection/coordinator.cpp:33:
In function ‘void cub_free(void*)’,
    inlined from ‘void operator delete(void*, size_t)’ at /home/vimkim/gh/cb/oos-readiness-221-release/src/base/memory_wrapper.hpp:75:12,
    inlined from ‘void __gnu_cxx::new_allocator<_Tp>::deallocate(_Tp*, __gnu_cxx::new_allocator<_Tp>::size_type) [with _Tp = std::__detail::_Hash_node<std::pair<const long unsigned int, std::pair<cubconn::statistics::metrics<cubconn::statistics::context, double>, cubconn::statistics::metrics<cubconn::statistics::context> > >, false>]’ at /usr/include/c++/11/ext/new_allocator.h:145:19,
    inlined from ‘static void std::allocator_traits<std::allocator<_CharT> >::deallocate(std::allocator_traits<std::allocator<_CharT> >::allocator_type&, std::allocator_traits<std::allocator<_CharT> >::pointer, std::allocator_traits<std::allocator<_CharT> >::size_type) [with _Tp = std::__detail::_Hash_node<std::pair<const long unsigned int, std::pair<cubconn::statistics::metrics<cubconn::statistics::context, double>, cubconn::statistics::metrics<cubconn::statistics::context> > >, false>]’ at /usr/include/c++/11/bits/alloc_traits.h:496:23,
    inlined from ‘void std::__detail::_Hashtable_alloc<_NodeAlloc>::_M_deallocate_node_ptr(std::__detail::_Hashtable_alloc<_NodeAlloc>::__node_ptr) [with _NodeAlloc = std::allocator<std::__detail::_Hash_node<std::pair<const long unsigned int, std::pair<cubconn::statistics::metrics<cubconn::statistics::context, double>, cubconn::statistics::metrics<cubconn::statistics::context> > >, false> >]’ at /usr/include/c++/11/bits/hashtable_policy.h:1909:38,
    inlined from ‘void std::__detail::_Hashtable_alloc<_NodeAlloc>::_M_deallocate_node(std::__detail::_Hashtable_alloc<_NodeAlloc>::__node_ptr) [with _NodeAlloc = std::allocator<std::__detail::_Hash_node<std::pair<const long unsigned int, std::pair<cubconn::statistics::metrics<cubconn::statistics::context, double>, cubconn::statistics::metrics<cubconn::statistics::context> > >, false> >]’ at /usr/include/c++/11/bits/hashtable_policy.h:1899:29,
    inlined from ‘std::_Hashtable<_Key, _Value, _Alloc, _ExtractKey, _Equal, _Hash, _RangeHash, _Unused, _RehashPolicy, _Traits>::_Scoped_node::~_Scoped_node() [with _Key = long unsigned int; _Value = std::pair<const long unsigned int, std::pair<cubconn::statistics::metrics<cubconn::statistics::context, double>, cubconn::statistics::metrics<cubconn::statistics::context> > >; _Alloc = std::allocator<std::pair<const long unsigned int, std::pair<cubconn::statistics::metrics<cubconn::statistics::context, double>, cubconn::statistics::metrics<cubconn::statistics::context> > > >; _ExtractKey = std::__detail::_Select1st; _Equal = std::equal_to<long unsigned int>; _Hash = std::hash<long unsigned int>; _RangeHash = std::__detail::_Mod_range_hashing; _Unused = std::__detail::_Default_ranged_hash; _RehashPolicy = std::__detail::_Prime_rehash_policy; _Traits = std::__detail::_Hashtable_traits<false, false, true>]’ at /usr/include/c++/11/bits/hashtable.h:308:57,
    inlined from ‘std::pair<typename std::__detail::_Insert<_Key, _Value, _Alloc, _ExtractKey, _Equal, _Hash, _RangeHash, _Unused, _RehashPolicy, _Traits>::iterator, bool> std::_Hashtable<_Key, _Value, _Alloc, _ExtractKey, _Equal, _Hash, _RangeHash, _Unused, _RehashPolicy, _Traits>::_M_emplace(std::true_type, _Args&& ...) [with _Args = {const long unsigned int&, std::pair<cubconn::statistics::metrics<cubconn::statistics::context, double>, cubconn::statistics::metrics<cubconn::statistics::context, long unsigned int> >}; _Key = long unsigned int; _Value = std::pair<const long unsigned int, std::pair<cubconn::statistics::metrics<cubconn::statistics::context, double>, cubconn::statistics::metrics<cubconn::statistics::context> > >; _Alloc = std::allocator<std::pair<const long unsigned int, std::pair<cubconn::statistics::metrics<cubconn::statistics::context, double>, cubconn::statistics::metrics<cubconn::statistics::context> > > >; _ExtractKey = std::__detail::_Select1st; _Equal = std::equal_to<long unsigned int>; _Hash = std::hash<long unsigned int>; _RangeHash = std::__detail::_Mod_range_hashing; _Unused = std::__detail::_Default_ranged_hash; _RehashPolicy = std::__detail::_Prime_rehash_policy; _Traits = std::__detail::_Hashtable_traits<false, false, true>]’ at /usr/include/c++/11/bits/hashtable.h:1978:7,
    inlined from ‘std::_Hashtable<_Key, _Value, _Alloc, _ExtractKey, _Equal, _Hash, _RangeHash, _Unused, _RehashPolicy, _Traits>::__ireturn_type std::_Hashtable<_Key, _Value, _Alloc, _ExtractKey, _Equal, _Hash, _RangeHash, _Unused, _RehashPolicy, _Traits>::emplace(_Args&& ...) [with _Args = {const long unsigned int&, std::pair<cubconn::statistics::metrics<cubconn::statistics::context, double>, cubconn::statistics::metrics<cubconn::statistics::context, long unsigned int> >}; _Key = long unsigned int; _Value = std::pair<const long unsigned int, std::pair<cubconn::statistics::metrics<cubconn::statistics::context, double>, cubconn::statistics::metrics<cubconn::statistics::context> > >; _Alloc = std::allocator<std::pair<const long unsigned int, std::pair<cubconn::statistics::metrics<cubconn::statistics::context, double>, cubconn::statistics::metrics<cubconn::statistics::context> > > >; _ExtractKey = std::__detail::_Select1st; _Equal = std::equal_to<long unsigned int>; _Hash = std::hash<long unsigned int>; _RangeHash = std::__detail::_Mod_range_hashing; _Unused = std::__detail::_Default_ranged_hash; _RehashPolicy = std::__detail::_Prime_rehash_policy; _Traits = std::__detail::_Hashtable_traits<false, false, true>]’ at /usr/include/c++/11/bits/hashtable.h:915:21,
    inlined from ‘std::pair<typename std::_Hashtable<_Key, std::pair<const _Key, _Tp>, _Alloc, std::__detail::_Select1st, _Pred, _Hash, std::__detail::_Mod_range_hashing, std::__detail::_Default_ranged_hash, std::__detail::_Prime_rehash_policy, std::__detail::_Hashtable_traits<std::__not_<std::__and_<std::__is_fast_hash<_Hash>, std::__is_nothrow_invocable<const _Hash&, const _Key&> > >::value, false, true> >::iterator, bool> std::unordered_map<_Key, _Tp, _Hash, _Pred, _Alloc>::emplace(_Args&& ...) [with _Args = {const long unsigned int&, std::pair<cubconn::statistics::metrics<cubconn::statistics::context, double>, cubconn::statistics::metrics<cubconn::statistics::context, long unsigned int> >}; _Key = long unsigned int; _Tp = std::pair<cubconn::statistics::metrics<cubconn::statistics::context, double>, cubconn::statistics::metrics<cubconn::statistics::context> >; _Hash = std::hash<long unsigned int>; _Pred = std::equal_to<long unsigned int>; _Alloc = std::allocator<std::pair<const long unsigned int, std::pair<cubconn::statistics::metrics<cubconn::statistics::context, double>, cubconn::statistics::metrics<cubconn::statistics::context> > > >]’ at /usr/include/c++/11/bits/unordered_map.h:389:23,
    inlined from ‘bool cubconn::connection::coordinator::transfer_connection(uint64_t, int, int)’ at /home/vimkim/gh/cb/oos-readiness-221-release/src/connection/coordinator.cpp:268:41:
/home/vimkim/gh/cb/oos-readiness-221-release/src/base/memory_cwrapper.h:86:8: warning: ‘void free(void*)’ called on pointer returned from a mismatched allocation function [-Wmismatched-new-delete]
   86 |   free (ptr);
      |   ~~~~~^~~~~
In file included from /usr/include/c++/11/x86_64-redhat-linux/bits/c++allocator.h:33,
                 from /usr/include/c++/11/bits/allocator.h:46,
                 from /usr/include/c++/11/string:41,
                 from /usr/include/c++/11/random:40,
                 from /home/vimkim/gh/cb/oos-readiness-221-release/src/connection/coordinator.cpp:23:
/usr/include/c++/11/ext/new_allocator.h: In member function ‘bool cubconn::connection::coordinator::transfer_connection(uint64_t, int, int)’:
/usr/include/c++/11/ext/new_allocator.h:127:48: note: returned from ‘void* operator new(std::size_t)’
  127 |         return static_cast<_Tp*>(::operator new(__n * sizeof(_Tp)));
      |                                  ~~~~~~~~~~~~~~^~~~~~~~~~~~~~~~~~~
[903/1448] Building CXX object cubrid/CMakeFiles/cubrid.dir/__/src/query/crypt_opfunc.c.o
[904/1448] Building CXX object cubrid/CMakeFiles/cubrid.dir/__/src/storage/byte_order.c.o
[905/1448] Building CXX object cubrid/CMakeFiles/cubrid.dir/__/src/sp/pl_executor.cpp.o
[906/1448] Building CXX object cubrid/CMakeFiles/cubrid.dir/__/src/object/object_representation.c.o
/home/vimkim/gh/cb/oos-readiness-221-release/src/object/object_representation.c: In function ‘char* or_unpack_spacedb(char*, SPACEDB_ALL*, SPACEDB_ONEVOL**, SPACEDB_FILES*)’:
/home/vimkim/gh/cb/oos-readiness-221-release/src/object/object_representation.c:6284:19: warning: ‘char* strncpy(char*, const char*, size_t)’ specified bound 4096 equals destination size [-Wstringop-truncation]
 6284 |           strncpy ((*vols)[iter_vol].name, volname, DB_MAX_PATH_LENGTH);
      |           ~~~~~~~~^~~~~~~~~~~~~~~~~~~~~~~~~~~~~~~~~~~~~~~~~~~~~~~~~~~~~
[907/1448] Building CXX object cubrid/CMakeFiles/cubrid.dir/__/src/storage/es_common.c.o
[908/1448] Building CXX object cubrid/CMakeFiles/cubrid.dir/__/src/sp/pl_session.cpp.o
[909/1448] Building CXX object cubrid/CMakeFiles/cubrid.dir/__/src/storage/es.c.o
[910/1448] Building CXX object cubrid/CMakeFiles/cubrid.dir/__/src/query/dblink_2pc.c.o
[911/1448] Building CXX object cubrid/CMakeFiles/cubrid.dir/__/src/query/dblink_scan.c.o
[912/1448] Building CXX object cubrid/CMakeFiles/cubrid.dir/__/src/query/query_reevaluation.cpp.o
[913/1448] Building CXX object cubrid/CMakeFiles/cubrid.dir/__/src/query/regu_var.cpp.o
[914/1448] Building CXX object cubrid/CMakeFiles/cubrid.dir/__/src/loaddb/load_server_loader.cpp.o
In file included from /home/vimkim/gh/cb/oos-readiness-221-release/src/base/memory_alloc.h:54,
                 from /home/vimkim/gh/cb/oos-readiness-221-release/src/base/memory_hash.h:30,
                 from /home/vimkim/gh/cb/oos-readiness-221-release/src/storage/file_io.h:33,
                 from /home/vimkim/gh/cb/oos-readiness-221-release/src/transaction/log_manager.h:37,
                 from /home/vimkim/gh/cb/oos-readiness-221-release/src/storage/system_catalog.h:36,
                 from /home/vimkim/gh/cb/oos-readiness-221-release/src/base/object_representation_sr.h:42,
                 from /home/vimkim/gh/cb/oos-readiness-221-release/src/query/heap_attrinfo.h:27,
                 from /home/vimkim/gh/cb/oos-readiness-221-release/src/loaddb/load_server_loader.hpp:27,
                 from /home/vimkim/gh/cb/oos-readiness-221-release/src/loaddb/load_server_loader.cpp:23:
In function ‘void cub_free(void*)’,
    inlined from ‘void operator delete [](void*)’ at /home/vimkim/gh/cb/oos-readiness-221-release/src/base/memory_wrapper.hpp:80:12,
    inlined from ‘typename std::enable_if<std::is_convertible<_Up (*)[], _Tp (*)[]>::value>::type std::default_delete<_Tp []>::operator()(_Up*) const [with _Up = char; _Tp = char]’ at /usr/include/c++/11/bits/unique_ptr.h:120:4,
    inlined from ‘std::unique_ptr<_Tp [], _Dp>::~unique_ptr() [with _Tp = char; _Dp = std::default_delete<char []>]’ at /usr/include/c++/11/bits/unique_ptr.h:612:17,
    inlined from ‘static std::string cubload::error_handler::format(const char*, Args&& ...) [with Args = {}]’ at /home/vimkim/gh/cb/oos-readiness-221-release/src/loaddb/load_error_handler.hpp:205:3:
/home/vimkim/gh/cb/oos-readiness-221-release/src/base/memory_cwrapper.h:86:8: warning: ‘void free(void*)’ called on pointer returned from a mismatched allocation function [-Wmismatched-new-delete]
   86 |   free (ptr);
      |   ~~~~~^~~~~
In file included from /home/vimkim/gh/cb/oos-readiness-221-release/src/loaddb/load_scanner.hpp:26,
                 from /home/vimkim/gh/cb/oos-readiness-221-release/src/loaddb/load_driver.hpp:32,
                 from /home/vimkim/gh/cb/oos-readiness-221-release/src/loaddb/load_server_loader.cpp:29:
/home/vimkim/gh/cb/oos-readiness-221-release/src/loaddb/load_error_handler.hpp: In static member function ‘static std::string cubload::error_handler::format(const char*, Args&& ...) [with Args = {}]’:
/home/vimkim/gh/cb/oos-readiness-221-release/src/loaddb/load_error_handler.hpp:199:34: note: returned from ‘void* operator new [](std::size_t)’
  199 |     std::unique_ptr<char[]> msg (new char[size]);
      |                                  ^~~~~~~~~~~~~~
In file included from /home/vimkim/gh/cb/oos-readiness-221-release/src/base/memory_alloc.h:54,
                 from /home/vimkim/gh/cb/oos-readiness-221-release/src/base/memory_hash.h:30,
                 from /home/vimkim/gh/cb/oos-readiness-221-release/src/storage/file_io.h:33,
                 from /home/vimkim/gh/cb/oos-readiness-221-release/src/transaction/log_manager.h:37,
                 from /home/vimkim/gh/cb/oos-readiness-221-release/src/storage/system_catalog.h:36,
                 from /home/vimkim/gh/cb/oos-readiness-221-release/src/base/object_representation_sr.h:42,
                 from /home/vimkim/gh/cb/oos-readiness-221-release/src/query/heap_attrinfo.h:27,
                 from /home/vimkim/gh/cb/oos-readiness-221-release/src/loaddb/load_server_loader.hpp:27,
                 from /home/vimkim/gh/cb/oos-readiness-221-release/src/loaddb/load_server_loader.cpp:23:
In function ‘void cub_free(void*)’,
    inlined from ‘void operator delete [](void*)’ at /home/vimkim/gh/cb/oos-readiness-221-release/src/base/memory_wrapper.hpp:80:12,
    inlined from ‘typename std::enable_if<std::is_convertible<_Up (*)[], _Tp (*)[]>::value>::type std::default_delete<_Tp []>::operator()(_Up*) const [with _Up = char; _Tp = char]’ at /usr/include/c++/11/bits/unique_ptr.h:120:4,
    inlined from ‘std::unique_ptr<_Tp [], _Dp>::~unique_ptr() [with _Tp = char; _Dp = std::default_delete<char []>]’ at /usr/include/c++/11/bits/unique_ptr.h:612:17,
    inlined from ‘static std::string cubload::error_handler::format(const char*, Args&& ...) [with Args = {int}]’ at /home/vimkim/gh/cb/oos-readiness-221-release/src/loaddb/load_error_handler.hpp:205:3:
/home/vimkim/gh/cb/oos-readiness-221-release/src/base/memory_cwrapper.h:86:8: warning: ‘void free(void*)’ called on pointer returned from a mismatched allocation function [-Wmismatched-new-delete]
   86 |   free (ptr);
      |   ~~~~~^~~~~
In file included from /home/vimkim/gh/cb/oos-readiness-221-release/src/loaddb/load_scanner.hpp:26,
                 from /home/vimkim/gh/cb/oos-readiness-221-release/src/loaddb/load_driver.hpp:32,
                 from /home/vimkim/gh/cb/oos-readiness-221-release/src/loaddb/load_server_loader.cpp:29:
/home/vimkim/gh/cb/oos-readiness-221-release/src/loaddb/load_error_handler.hpp: In static member function ‘static std::string cubload::error_handler::format(const char*, Args&& ...) [with Args = {int}]’:
/home/vimkim/gh/cb/oos-readiness-221-release/src/loaddb/load_error_handler.hpp:199:34: note: returned from ‘void* operator new [](std::size_t)’
  199 |     std::unique_ptr<char[]> msg (new char[size]);
      |                                  ^~~~~~~~~~~~~~
In file included from /home/vimkim/gh/cb/oos-readiness-221-release/src/base/memory_alloc.h:54,
                 from /home/vimkim/gh/cb/oos-readiness-221-release/src/base/memory_hash.h:30,
                 from /home/vimkim/gh/cb/oos-readiness-221-release/src/storage/file_io.h:33,
                 from /home/vimkim/gh/cb/oos-readiness-221-release/src/transaction/log_manager.h:37,
                 from /home/vimkim/gh/cb/oos-readiness-221-release/src/storage/system_catalog.h:36,
                 from /home/vimkim/gh/cb/oos-readiness-221-release/src/base/object_representation_sr.h:42,
                 from /home/vimkim/gh/cb/oos-readiness-221-release/src/query/heap_attrinfo.h:27,
                 from /home/vimkim/gh/cb/oos-readiness-221-release/src/loaddb/load_server_loader.hpp:27,
                 from /home/vimkim/gh/cb/oos-readiness-221-release/src/loaddb/load_server_loader.cpp:23:
In function ‘void cub_free(void*)’,
    inlined from ‘void operator delete [](void*)’ at /home/vimkim/gh/cb/oos-readiness-221-release/src/base/memory_wrapper.hpp:80:12,
    inlined from ‘typename std::enable_if<std::is_convertible<_Up (*)[], _Tp (*)[]>::value>::type std::default_delete<_Tp []>::operator()(_Up*) const [with _Up = char; _Tp = char]’ at /usr/include/c++/11/bits/unique_ptr.h:120:4,
    inlined from ‘std::unique_ptr<_Tp [], _Dp>::~unique_ptr() [with _Tp = char; _Dp = std::default_delete<char []>]’ at /usr/include/c++/11/bits/unique_ptr.h:612:17,
    inlined from ‘static std::string cubload::error_handler::format(const char*, Args&& ...) [with Args = {char*&, const char*}]’ at /home/vimkim/gh/cb/oos-readiness-221-release/src/loaddb/load_error_handler.hpp:205:3,
    inlined from ‘void cubload::error_handler::log_date_time_conversion_error(Args&& ...) [with Args = {char*&, const char*}]’ at /home/vimkim/gh/cb/oos-readiness-221-release/src/loaddb/load_error_handler.hpp:214:20:
/home/vimkim/gh/cb/oos-readiness-221-release/src/base/memory_cwrapper.h:86:8: warning: ‘void free(void*)’ called on pointer returned from a mismatched allocation function [-Wmismatched-new-delete]
   86 |   free (ptr);
      |   ~~~~~^~~~~
In file included from /home/vimkim/gh/cb/oos-readiness-221-release/src/loaddb/load_scanner.hpp:26,
                 from /home/vimkim/gh/cb/oos-readiness-221-release/src/loaddb/load_driver.hpp:32,
                 from /home/vimkim/gh/cb/oos-readiness-221-release/src/loaddb/load_server_loader.cpp:29:
/home/vimkim/gh/cb/oos-readiness-221-release/src/loaddb/load_error_handler.hpp: In member function ‘void cubload::error_handler::log_date_time_conversion_error(Args&& ...) [with Args = {char*&, const char*}]’:
/home/vimkim/gh/cb/oos-readiness-221-release/src/loaddb/load_error_handler.hpp:199:34: note: returned from ‘void* operator new [](std::size_t)’
  199 |     std::unique_ptr<char[]> msg (new char[size]);
      |                                  ^~~~~~~~~~~~~~
In file included from /home/vimkim/gh/cb/oos-readiness-221-release/src/base/memory_alloc.h:54,
                 from /home/vimkim/gh/cb/oos-readiness-221-release/src/base/memory_hash.h:30,
                 from /home/vimkim/gh/cb/oos-readiness-221-release/src/storage/file_io.h:33,
                 from /home/vimkim/gh/cb/oos-readiness-221-release/src/transaction/log_manager.h:37,
                 from /home/vimkim/gh/cb/oos-readiness-221-release/src/storage/system_catalog.h:36,
                 from /home/vimkim/gh/cb/oos-readiness-221-release/src/base/object_representation_sr.h:42,
                 from /home/vimkim/gh/cb/oos-readiness-221-release/src/query/heap_attrinfo.h:27,
                 from /home/vimkim/gh/cb/oos-readiness-221-release/src/loaddb/load_server_loader.hpp:27,
                 from /home/vimkim/gh/cb/oos-readiness-221-release/src/loaddb/load_server_loader.cpp:23:
In function ‘void cub_free(void*)’,
    inlined from ‘void operator delete [](void*)’ at /home/vimkim/gh/cb/oos-readiness-221-release/src/base/memory_wrapper.hpp:80:12,
    inlined from ‘typename std::enable_if<std::is_convertible<_Up (*)[], _Tp (*)[]>::value>::type std::default_delete<_Tp []>::operator()(_Up*) const [with _Up = char; _Tp = char]’ at /usr/include/c++/11/bits/unique_ptr.h:120:4,
    inlined from ‘std::unique_ptr<_Tp [], _Dp>::~unique_ptr() [with _Tp = char; _Dp = std::default_delete<char []>]’ at /usr/include/c++/11/bits/unique_ptr.h:612:17,
    inlined from ‘static std::string cubload::error_handler::format(const char*, Args&& ...) [with Args = {const char*&}]’ at /home/vimkim/gh/cb/oos-readiness-221-release/src/loaddb/load_error_handler.hpp:205:3:
/home/vimkim/gh/cb/oos-readiness-221-release/src/base/memory_cwrapper.h:86:8: warning: ‘void free(void*)’ called on pointer returned from a mismatched allocation function [-Wmismatched-new-delete]
   86 |   free (ptr);
      |   ~~~~~^~~~~
In file included from /home/vimkim/gh/cb/oos-readiness-221-release/src/loaddb/load_scanner.hpp:26,
                 from /home/vimkim/gh/cb/oos-readiness-221-release/src/loaddb/load_driver.hpp:32,
                 from /home/vimkim/gh/cb/oos-readiness-221-release/src/loaddb/load_server_loader.cpp:29:
/home/vimkim/gh/cb/oos-readiness-221-release/src/loaddb/load_error_handler.hpp: In static member function ‘static std::string cubload::error_handler::format(const char*, Args&& ...) [with Args = {const char*&}]’:
/home/vimkim/gh/cb/oos-readiness-221-release/src/loaddb/load_error_handler.hpp:199:34: note: returned from ‘void* operator new [](std::size_t)’
  199 |     std::unique_ptr<char[]> msg (new char[size]);
      |                                  ^~~~~~~~~~~~~~
In file included from /home/vimkim/gh/cb/oos-readiness-221-release/src/base/memory_alloc.h:54,
                 from /home/vimkim/gh/cb/oos-readiness-221-release/src/base/memory_hash.h:30,
                 from /home/vimkim/gh/cb/oos-readiness-221-release/src/storage/file_io.h:33,
                 from /home/vimkim/gh/cb/oos-readiness-221-release/src/transaction/log_manager.h:37,
                 from /home/vimkim/gh/cb/oos-readiness-221-release/src/storage/system_catalog.h:36,
                 from /home/vimkim/gh/cb/oos-readiness-221-release/src/base/object_representation_sr.h:42,
                 from /home/vimkim/gh/cb/oos-readiness-221-release/src/query/heap_attrinfo.h:27,
                 from /home/vimkim/gh/cb/oos-readiness-221-release/src/loaddb/load_server_loader.hpp:27,
                 from /home/vimkim/gh/cb/oos-readiness-221-release/src/loaddb/load_server_loader.cpp:23:
In function ‘void cub_free(void*)’,
    inlined from ‘void operator delete [](void*)’ at /home/vimkim/gh/cb/oos-readiness-221-release/src/base/memory_wrapper.hpp:80:12,
    inlined from ‘typename std::enable_if<std::is_convertible<_Up (*)[], _Tp (*)[]>::value>::type std::default_delete<_Tp []>::operator()(_Up*) const [with _Up = char; _Tp = char]’ at /usr/include/c++/11/bits/unique_ptr.h:120:4,
    inlined from ‘std::unique_ptr<_Tp [], _Dp>::~unique_ptr() [with _Tp = char; _Dp = std::default_delete<char []>]’ at /usr/include/c++/11/bits/unique_ptr.h:612:17,
    inlined from ‘static std::string cubload::error_handler::format(const char*, Args&& ...) [with Args = {int&}]’ at /home/vimkim/gh/cb/oos-readiness-221-release/src/loaddb/load_error_handler.hpp:205:3,
    inlined from ‘void cubload::error_handler::on_error_with_line(int, MSGCAT_LOADDB_MSG, Args&& ...) [with Args = {const char*&}]’ at /home/vimkim/gh/cb/oos-readiness-221-release/src/loaddb/load_error_handler.hpp:152:20:
/home/vimkim/gh/cb/oos-readiness-221-release/src/base/memory_cwrapper.h:86:8: warning: ‘void free(void*)’ called on pointer returned from a mismatched allocation function [-Wmismatched-new-delete]
   86 |   free (ptr);
      |   ~~~~~^~~~~
In file included from /home/vimkim/gh/cb/oos-readiness-221-release/src/loaddb/load_scanner.hpp:26,
                 from /home/vimkim/gh/cb/oos-readiness-221-release/src/loaddb/load_driver.hpp:32,
                 from /home/vimkim/gh/cb/oos-readiness-221-release/src/loaddb/load_server_loader.cpp:29:
/home/vimkim/gh/cb/oos-readiness-221-release/src/loaddb/load_error_handler.hpp: In member function ‘void cubload::error_handler::on_error_with_line(int, MSGCAT_LOADDB_MSG, Args&& ...) [with Args = {const char*&}]’:
/home/vimkim/gh/cb/oos-readiness-221-release/src/loaddb/load_error_handler.hpp:199:34: note: returned from ‘void* operator new [](std::size_t)’
  199 |     std::unique_ptr<char[]> msg (new char[size]);
      |                                  ^~~~~~~~~~~~~~
[915/1448] Building CXX object cubrid/CMakeFiles/cubrid.dir/__/src/query/string_regex.cpp.o
[916/1448] Building CXX object cubrid/CMakeFiles/cubrid.dir/__/src/query/string_regex_re2.cpp.o
[917/1448] Building CXX object cubrid/CMakeFiles/cubrid.dir/__/src/connection/connection_worker.cpp.o
[918/1448] Building CXX object cubrid/CMakeFiles/cubrid.dir/__/src/connection/server_support.c.o
[919/1448] Building CXX object cubrid/CMakeFiles/cubrid.dir/__/src/query/numeric_opfunc.c.o
[920/1448] Building CXX object cubrid/CMakeFiles/cubrid.dir/__/src/storage/oid.c.o
[921/1448] Building CXX object cubrid/CMakeFiles/cubrid.dir/__/src/storage/oos_util.cpp.o
[922/1448] Building CXX object cubrid/CMakeFiles/cubrid.dir/__/src/query/vacuum_oos.cpp.o
[923/1448] Building CXX object cubrid/CMakeFiles/cubrid.dir/__/src/storage/es_owfs.c.o
[924/1448] Building CXX object cubrid/CMakeFiles/cubrid.dir/__/src/query/query_hash_scan.c.o
[925/1448] Building CXX object cubrid/CMakeFiles/cubrid.dir/__/src/loaddb/load_session.cpp.o
In file included from /home/vimkim/gh/cb/oos-readiness-221-release/src/base/memory_alloc.h:54,
                 from /home/vimkim/gh/cb/oos-readiness-221-release/src/base/memory_hash.h:30,
                 from /home/vimkim/gh/cb/oos-readiness-221-release/src/storage/file_io.h:33,
                 from /home/vimkim/gh/cb/oos-readiness-221-release/src/transaction/log_manager.h:37,
                 from /home/vimkim/gh/cb/oos-readiness-221-release/src/storage/system_catalog.h:36,
                 from /home/vimkim/gh/cb/oos-readiness-221-release/src/base/object_representation_sr.h:42,
                 from /home/vimkim/gh/cb/oos-readiness-221-release/src/loaddb/load_class_registry.hpp:27,
                 from /home/vimkim/gh/cb/oos-readiness-221-release/src/loaddb/load_session.hpp:27,
                 from /home/vimkim/gh/cb/oos-readiness-221-release/src/loaddb/load_session.cpp:23:
In function ‘void cub_free(void*)’,
    inlined from ‘void operator delete [](void*)’ at /home/vimkim/gh/cb/oos-readiness-221-release/src/base/memory_wrapper.hpp:80:12,
    inlined from ‘typename std::enable_if<std::is_convertible<_Up (*)[], _Tp (*)[]>::value>::type std::default_delete<_Tp []>::operator()(_Up*) const [with _Up = char; _Tp = char]’ at /usr/include/c++/11/bits/unique_ptr.h:120:4,
    inlined from ‘std::unique_ptr<_Tp [], _Dp>::~unique_ptr() [with _Tp = char; _Dp = std::default_delete<char []>]’ at /usr/include/c++/11/bits/unique_ptr.h:612:17,
    inlined from ‘static std::string cubload::error_handler::format(const char*, Args&& ...) [with Args = {}]’ at /home/vimkim/gh/cb/oos-readiness-221-release/src/loaddb/load_error_handler.hpp:205:3:
/home/vimkim/gh/cb/oos-readiness-221-release/src/base/memory_cwrapper.h:86:8: warning: ‘void free(void*)’ called on pointer returned from a mismatched allocation function [-Wmismatched-new-delete]
   86 |   free (ptr);
      |   ~~~~~^~~~~
In file included from /home/vimkim/gh/cb/oos-readiness-221-release/src/loaddb/load_session.hpp:29,
                 from /home/vimkim/gh/cb/oos-readiness-221-release/src/loaddb/load_session.cpp:23:
/home/vimkim/gh/cb/oos-readiness-221-release/src/loaddb/load_error_handler.hpp: In static member function ‘static std::string cubload::error_handler::format(const char*, Args&& ...) [with Args = {}]’:
/home/vimkim/gh/cb/oos-readiness-221-release/src/loaddb/load_error_handler.hpp:199:34: note: returned from ‘void* operator new [](std::size_t)’
  199 |     std::unique_ptr<char[]> msg (new char[size]);
      |                                  ^~~~~~~~~~~~~~
In file included from /home/vimkim/gh/cb/oos-readiness-221-release/src/base/memory_alloc.h:54,
                 from /home/vimkim/gh/cb/oos-readiness-221-release/src/base/memory_hash.h:30,
                 from /home/vimkim/gh/cb/oos-readiness-221-release/src/storage/file_io.h:33,
                 from /home/vimkim/gh/cb/oos-readiness-221-release/src/transaction/log_manager.h:37,
                 from /home/vimkim/gh/cb/oos-readiness-221-release/src/storage/system_catalog.h:36,
                 from /home/vimkim/gh/cb/oos-readiness-221-release/src/base/object_representation_sr.h:42,
                 from /home/vimkim/gh/cb/oos-readiness-221-release/src/loaddb/load_class_registry.hpp:27,
                 from /home/vimkim/gh/cb/oos-readiness-221-release/src/loaddb/load_session.hpp:27,
                 from /home/vimkim/gh/cb/oos-readiness-221-release/src/loaddb/load_session.cpp:23:
In function ‘void cub_free(void*)’,
    inlined from ‘void operator delete [](void*)’ at /home/vimkim/gh/cb/oos-readiness-221-release/src/base/memory_wrapper.hpp:80:12,
    inlined from ‘typename std::enable_if<std::is_convertible<_Up (*)[], _Tp (*)[]>::value>::type std::default_delete<_Tp []>::operator()(_Up*) const [with _Up = char; _Tp = char]’ at /usr/include/c++/11/bits/unique_ptr.h:120:4,
    inlined from ‘std::unique_ptr<_Tp [], _Dp>::~unique_ptr() [with _Tp = char; _Dp = std::default_delete<char []>]’ at /usr/include/c++/11/bits/unique_ptr.h:612:17,
    inlined from ‘static std::string cubload::error_handler::format(const char*, Args&& ...) [with Args = {int&}]’ at /home/vimkim/gh/cb/oos-readiness-221-release/src/loaddb/load_error_handler.hpp:205:3,
    inlined from ‘void cubload::error_handler::on_error_with_line(int, MSGCAT_LOADDB_MSG, Args&& ...) [with Args = {}]’ at /home/vimkim/gh/cb/oos-readiness-221-release/src/loaddb/load_error_handler.hpp:152:20:
/home/vimkim/gh/cb/oos-readiness-221-release/src/base/memory_cwrapper.h:86:8: warning: ‘void free(void*)’ called on pointer returned from a mismatched allocation function [-Wmismatched-new-delete]
   86 |   free (ptr);
      |   ~~~~~^~~~~
In file included from /home/vimkim/gh/cb/oos-readiness-221-release/src/loaddb/load_session.hpp:29,
                 from /home/vimkim/gh/cb/oos-readiness-221-release/src/loaddb/load_session.cpp:23:
/home/vimkim/gh/cb/oos-readiness-221-release/src/loaddb/load_error_handler.hpp: In member function ‘void cubload::error_handler::on_error_with_line(int, MSGCAT_LOADDB_MSG, Args&& ...) [with Args = {}]’:
/home/vimkim/gh/cb/oos-readiness-221-release/src/loaddb/load_error_handler.hpp:199:34: note: returned from ‘void* operator new [](std::size_t)’
  199 |     std::unique_ptr<char[]> msg (new char[size]);
      |                                  ^~~~~~~~~~~~~~
In file included from /home/vimkim/gh/cb/oos-readiness-221-release/src/base/memory_alloc.h:54,
                 from /home/vimkim/gh/cb/oos-readiness-221-release/src/base/memory_hash.h:30,
                 from /home/vimkim/gh/cb/oos-readiness-221-release/src/storage/file_io.h:33,
                 from /home/vimkim/gh/cb/oos-readiness-221-release/src/transaction/log_manager.h:37,
                 from /home/vimkim/gh/cb/oos-readiness-221-release/src/storage/system_catalog.h:36,
                 from /home/vimkim/gh/cb/oos-readiness-221-release/src/base/object_representation_sr.h:42,
                 from /home/vimkim/gh/cb/oos-readiness-221-release/src/loaddb/load_class_registry.hpp:27,
                 from /home/vimkim/gh/cb/oos-readiness-221-release/src/loaddb/load_session.hpp:27,
                 from /home/vimkim/gh/cb/oos-readiness-221-release/src/loaddb/load_session.cpp:23:
In function ‘void cub_free(void*)’,
    inlined from ‘void operator delete [](void*)’ at /home/vimkim/gh/cb/oos-readiness-221-release/src/base/memory_wrapper.hpp:80:12,
    inlined from ‘typename std::enable_if<std::is_convertible<_Up (*)[], _Tp (*)[]>::value>::type std::default_delete<_Tp []>::operator()(_Up*) const [with _Up = char; _Tp = char]’ at /usr/include/c++/11/bits/unique_ptr.h:120:4,
    inlined from ‘std::unique_ptr<_Tp [], _Dp>::~unique_ptr() [with _Tp = char; _Dp = std::default_delete<char []>]’ at /usr/include/c++/11/bits/unique_ptr.h:612:17,
    inlined from ‘static std::string cubload::error_handler::format(const char*, Args&& ...) [with Args = {int}]’ at /home/vimkim/gh/cb/oos-readiness-221-release/src/loaddb/load_error_handler.hpp:205:3:
/home/vimkim/gh/cb/oos-readiness-221-release/src/base/memory_cwrapper.h:86:8: warning: ‘void free(void*)’ called on pointer returned from a mismatched allocation function [-Wmismatched-new-delete]
   86 |   free (ptr);
      |   ~~~~~^~~~~
In file included from /home/vimkim/gh/cb/oos-readiness-221-release/src/loaddb/load_session.hpp:29,
                 from /home/vimkim/gh/cb/oos-readiness-221-release/src/loaddb/load_session.cpp:23:
/home/vimkim/gh/cb/oos-readiness-221-release/src/loaddb/load_error_handler.hpp: In static member function ‘static std::string cubload::error_handler::format(const char*, Args&& ...) [with Args = {int}]’:
/home/vimkim/gh/cb/oos-readiness-221-release/src/loaddb/load_error_handler.hpp:199:34: note: returned from ‘void* operator new [](std::size_t)’
  199 |     std::unique_ptr<char[]> msg (new char[size]);
      |                                  ^~~~~~~~~~~~~~
In file included from /home/vimkim/gh/cb/oos-readiness-221-release/src/base/memory_alloc.h:54,
                 from /home/vimkim/gh/cb/oos-readiness-221-release/src/base/memory_hash.h:30,
                 from /home/vimkim/gh/cb/oos-readiness-221-release/src/storage/file_io.h:33,
                 from /home/vimkim/gh/cb/oos-readiness-221-release/src/transaction/log_manager.h:37,
                 from /home/vimkim/gh/cb/oos-readiness-221-release/src/storage/system_catalog.h:36,
                 from /home/vimkim/gh/cb/oos-readiness-221-release/src/base/object_representation_sr.h:42,
                 from /home/vimkim/gh/cb/oos-readiness-221-release/src/loaddb/load_class_registry.hpp:27,
                 from /home/vimkim/gh/cb/oos-readiness-221-release/src/loaddb/load_session.hpp:27,
                 from /home/vimkim/gh/cb/oos-readiness-221-release/src/loaddb/load_session.cpp:23:
In function ‘void cub_free(void*)’,
    inlined from ‘void operator delete [](void*)’ at /home/vimkim/gh/cb/oos-readiness-221-release/src/base/memory_wrapper.hpp:80:12,
    inlined from ‘typename std::enable_if<std::is_convertible<_Up (*)[], _Tp (*)[]>::value>::type std::default_delete<_Tp []>::operator()(_Up*) const [with _Up = char; _Tp = char]’ at /usr/include/c++/11/bits/unique_ptr.h:120:4,
    inlined from ‘std::unique_ptr<_Tp [], _Dp>::~unique_ptr() [with _Tp = char; _Dp = std::default_delete<char []>]’ at /usr/include/c++/11/bits/unique_ptr.h:612:17,
    inlined from ‘static std::string cubload::error_handler::format(const char*, Args&& ...) [with Args = {const char*, long unsigned int&}]’ at /home/vimkim/gh/cb/oos-readiness-221-release/src/loaddb/load_error_handler.hpp:205:3,
    inlined from ‘static std::string cubload::error_handler::format_log_msg(MSGCAT_LOADDB_MSG, Args&& ...) [with Args = {const char*, long unsigned int&}]’ at /home/vimkim/gh/cb/oos-readiness-221-release/src/loaddb/load_error_handler.hpp:225:20:
/home/vimkim/gh/cb/oos-readiness-221-release/src/base/memory_cwrapper.h:86:8: warning: ‘void free(void*)’ called on pointer returned from a mismatched allocation function [-Wmismatched-new-delete]
   86 |   free (ptr);
      |   ~~~~~^~~~~
In file included from /home/vimkim/gh/cb/oos-readiness-221-release/src/loaddb/load_session.hpp:29,
                 from /home/vimkim/gh/cb/oos-readiness-221-release/src/loaddb/load_session.cpp:23:
/home/vimkim/gh/cb/oos-readiness-221-release/src/loaddb/load_error_handler.hpp: In static member function ‘static std::string cubload::error_handler::format_log_msg(MSGCAT_LOADDB_MSG, Args&& ...) [with Args = {const char*, long unsigned int&}]’:
/home/vimkim/gh/cb/oos-readiness-221-release/src/loaddb/load_error_handler.hpp:199:34: note: returned from ‘void* operator new [](std::size_t)’
  199 |     std::unique_ptr<char[]> msg (new char[size]);
      |                                  ^~~~~~~~~~~~~~
[926/1448] Building CXX object cubrid/CMakeFiles/cubrid.dir/__/src/query/subquery_cache.c.o
[927/1448] Building CXX object cubrid/CMakeFiles/cubrid.dir/__/src/storage/es_posix.c.o
[928/1448] Building CXX object cubrid/CMakeFiles/cubrid.dir/__/src/storage/statistics_ndv.c.o
[929/1448] Building CXX object cubrid/CMakeFiles/cubrid.dir/__/src/query/query_analytic.cpp.o
[930/1448] Building CXX object cubrid/CMakeFiles/cubrid.dir/__/src/storage/storage_common.c.o
[931/1448] Building CXX object cubrid/CMakeFiles/cubrid.dir/__/src/query/show_scan.c.o
[932/1448] Building CXX object cubrid/CMakeFiles/cubrid.dir/__/src/query/query_evaluator.c.o
[933/1448] Building CXX object cubrid/CMakeFiles/cubrid.dir/__/src/query/scan_json_table.cpp.o
[934/1448] Building CXX object cubrid/CMakeFiles/cubrid.dir/__/src/query/query_hash_join.c.o
[935/1448] Building CXX object cubrid/CMakeFiles/cubrid.dir/__/src/object/object_domain.c.o
[936/1448] Building CXX object cubrid/CMakeFiles/cubrid.dir/__/src/query/partition.c.o
[937/1448] Building CXX object cubrid/CMakeFiles/cubrid.dir/__/src/query/query_dump.c.o
[938/1448] Building CXX object cubrid/CMakeFiles/cubrid.dir/__/src/storage/ftab_set.cpp.o
[939/1448] Building CXX object cubrid/CMakeFiles/cubrid.dir/__/src/query/query_aggregate.cpp.o
[940/1448] Building CXX object cubrid/CMakeFiles/cubrid.dir/__/src/loaddb/load_worker_manager.cpp.o
[941/1448] Building CXX object cubrid/CMakeFiles/cubrid.dir/__/src/storage/record_descriptor.cpp.o
[942/1448] Building CXX object cubrid/CMakeFiles/cubrid.dir/__/src/storage/compactdb_sr.c.o
[943/1448] Building CXX object cubrid/CMakeFiles/cubrid.dir/__/src/thread/critical_section_tracker.cpp.o
[944/1448] Building CXX object cubrid/CMakeFiles/cubrid.dir/__/src/session/session_sr.c.o
[945/1448] Building CXX object cubrid/CMakeFiles/cubrid.dir/__/src/thread/thread_waiter.cpp.o
[946/1448] Building CXX object cubrid/CMakeFiles/cubrid.dir/__/src/storage/overflow_file.c.o
[947/1448] Building CXX object cubrid/CMakeFiles/cubrid.dir/__/src/thread/thread_daemon.cpp.o
[948/1448] Building CXX object cubrid/CMakeFiles/cubrid.dir/__/src/query/query_manager.c.o
[949/1448] Building CXX object cubrid/CMakeFiles/cubrid.dir/__/src/query/filter_pred_cache.c.o
[950/1448] Building CXX object cubrid/CMakeFiles/cubrid.dir/__/src/thread/thread_looper.cpp.o
[951/1448] Building CXX object cubrid/CMakeFiles/cubrid.dir/__/src/transaction/wait_for_graph.c.o
[952/1448] Building CXX object cubrid/CMakeFiles/cubrid.dir/__/src/storage/heap_oos.cpp.o
In file included from /home/vimkim/gh/cb/oos-readiness-221-release/src/base/memory_alloc.h:54,
                 from /home/vimkim/gh/cb/oos-readiness-221-release/src/base/memory_hash.h:30,
                 from /home/vimkim/gh/cb/oos-readiness-221-release/src/storage/file_io.h:33,
                 from /home/vimkim/gh/cb/oos-readiness-221-release/src/transaction/log_manager.h:37,
                 from /home/vimkim/gh/cb/oos-readiness-221-release/src/storage/file_manager.h:33,
                 from /home/vimkim/gh/cb/oos-readiness-221-release/src/storage/heap_file.h:34,
                 from /home/vimkim/gh/cb/oos-readiness-221-release/src/storage/heap_oos.hpp:26,
                 from /home/vimkim/gh/cb/oos-readiness-221-release/src/storage/heap_oos.cpp:26:
In function ‘void cub_free(void*)’,
    inlined from ‘void operator delete(void*, size_t)’ at /home/vimkim/gh/cb/oos-readiness-221-release/src/base/memory_wrapper.hpp:75:12,
    inlined from ‘void __gnu_cxx::new_allocator<_Tp>::deallocate(_Tp*, __gnu_cxx::new_allocator<_Tp>::size_type) [with _Tp = char]’ at /usr/include/c++/11/ext/new_allocator.h:145:19,
    inlined from ‘static void std::allocator_traits<std::allocator<_Tp1> >::deallocate(std::allocator_traits<std::allocator<_Tp1> >::allocator_type&, std::allocator_traits<std::allocator<_Tp1> >::pointer, std::allocator_traits<std::allocator<_Tp1> >::size_type) [with _Tp = char]’ at /usr/include/c++/11/bits/alloc_traits.h:496:23,
    inlined from ‘void std::_Vector_base<_Tp, _Alloc>::_M_deallocate(std::_Vector_base<_Tp, _Alloc>::pointer, std::size_t) [with _Tp = char; _Alloc = std::allocator<char>]’ at /usr/include/c++/11/bits/stl_vector.h:354:19,
    inlined from ‘std::_Vector_base<_Tp, _Alloc>::~_Vector_base() [with _Tp = char; _Alloc = std::allocator<char>]’ at /usr/include/c++/11/bits/stl_vector.h:335:15,
    inlined from ‘std::vector<_Tp, _Alloc>::~vector() [with _Tp = char; _Alloc = std::allocator<char>]’ at /usr/include/c++/11/bits/stl_vector.h:683:7,
    inlined from ‘SCAN_CODE heap_record_replace_oos_oids(THREAD_ENTRY*, HEAP_GET_CONTEXT*)’ at /home/vimkim/gh/cb/oos-readiness-221-release/src/storage/heap_oos.cpp:416:5:
/home/vimkim/gh/cb/oos-readiness-221-release/src/base/memory_cwrapper.h:86:8: warning: ‘void free(void*)’ called on pointer returned from a mismatched allocation function [-Wmismatched-new-delete]
   86 |   free (ptr);
      |   ~~~~~^~~~~
In file included from /usr/include/c++/11/x86_64-redhat-linux/bits/c++allocator.h:33,
                 from /usr/include/c++/11/bits/allocator.h:46,
                 from /usr/include/c++/11/vector:64,
                 from /home/vimkim/gh/cb/oos-readiness-221-release/src/transaction/log_lsa.hpp:32,
                 from /home/vimkim/gh/cb/oos-readiness-221-release/src/storage/disk_manager.h:30,
                 from /home/vimkim/gh/cb/oos-readiness-221-release/src/storage/file_manager.h:32,
                 from /home/vimkim/gh/cb/oos-readiness-221-release/src/storage/heap_file.h:34,
                 from /home/vimkim/gh/cb/oos-readiness-221-release/src/storage/heap_oos.hpp:26,
                 from /home/vimkim/gh/cb/oos-readiness-221-release/src/storage/heap_oos.cpp:26:
/usr/include/c++/11/ext/new_allocator.h: In function ‘SCAN_CODE heap_record_replace_oos_oids(THREAD_ENTRY*, HEAP_GET_CONTEXT*)’:
/usr/include/c++/11/ext/new_allocator.h:127:48: note: returned from ‘void* operator new(std::size_t)’
  127 |         return static_cast<_Tp*>(::operator new(__n * sizeof(_Tp)));
      |                                  ~~~~~~~~~~~~~~^~~~~~~~~~~~~~~~~~~
[953/1448] Building CXX object cubrid/CMakeFiles/cubrid.dir/__/src/query/list_file.c.o
[954/1448] Building CXX object cubrid/CMakeFiles/cubrid.dir/__/src/query/arithmetic.c.o
[955/1448] Building CXX object cubrid/CMakeFiles/cubrid.dir/__/src/thread/thread_worker_pool_impl.cpp.o
[956/1448] Building CXX object cubrid/CMakeFiles/cubrid.dir/__/src/transaction/lock_table.c.o
[957/1448] Building C object sa/CMakeFiles/cubridsa.dir/__/csql_grammar.c.o
/home/vimkim/gh/cb/oos-readiness-221-release/build_preset_release_gcc/csql_grammar.c: In function ‘yyuserAction’:
/home/vimkim/gh/cb/oos-readiness-221-release/build_preset_release_gcc/csql_grammar.c:42611:80: warning: implicit conversion from ‘enum pt_currency_types’ to ‘DB_CURRENCY’ [-Wenum-conversion]
42611 |                             pt_value_set_monetary (this_parser, val, str, txt, PT_CURRENCY_YEN);
      |                                                                                ^~~~~~~~~~~~~~~
/home/vimkim/gh/cb/oos-readiness-221-release/build_preset_release_gcc/csql_grammar.c:42631:80: warning: implicit conversion from ‘enum pt_currency_types’ to ‘DB_CURRENCY’ [-Wenum-conversion]
42631 |                             pt_value_set_monetary (this_parser, val, str, txt, PT_CURRENCY_DOLLAR);
      |                                                                                ^~~~~~~~~~~~~~~~~~
/home/vimkim/gh/cb/oos-readiness-221-release/build_preset_release_gcc/csql_grammar.c:42651:80: warning: implicit conversion from ‘enum pt_currency_types’ to ‘DB_CURRENCY’ [-Wenum-conversion]
42651 |                             pt_value_set_monetary (this_parser, val, str, txt, PT_CURRENCY_WON);
      |                                                                                ^~~~~~~~~~~~~~~
/home/vimkim/gh/cb/oos-readiness-221-release/build_preset_release_gcc/csql_grammar.c:42671:80: warning: implicit conversion from ‘enum pt_currency_types’ to ‘DB_CURRENCY’ [-Wenum-conversion]
42671 |                             pt_value_set_monetary (this_parser, val, str, txt, PT_CURRENCY_TL);
      |                                                                                ^~~~~~~~~~~~~~
/home/vimkim/gh/cb/oos-readiness-221-release/build_preset_release_gcc/csql_grammar.c:42691:80: warning: implicit conversion from ‘enum pt_currency_types’ to ‘DB_CURRENCY’ [-Wenum-conversion]
42691 |                             pt_value_set_monetary (this_parser, val, str, txt, PT_CURRENCY_BRITISH_POUND);
      |                                                                                ^~~~~~~~~~~~~~~~~~~~~~~~~
/home/vimkim/gh/cb/oos-readiness-221-release/build_preset_release_gcc/csql_grammar.c:42710:80: warning: implicit conversion from ‘enum pt_currency_types’ to ‘DB_CURRENCY’ [-Wenum-conversion]
42710 |                             pt_value_set_monetary (this_parser, val, str, txt, PT_CURRENCY_CAMBODIAN_RIEL);
      |                                                                                ^~~~~~~~~~~~~~~~~~~~~~~~~~
/home/vimkim/gh/cb/oos-readiness-221-release/build_preset_release_gcc/csql_grammar.c:42729:80: warning: implicit conversion from ‘enum pt_currency_types’ to ‘DB_CURRENCY’ [-Wenum-conversion]
42729 |                             pt_value_set_monetary (this_parser, val, str, txt, PT_CURRENCY_CHINESE_RENMINBI);
      |                                                                                ^~~~~~~~~~~~~~~~~~~~~~~~~~~~
/home/vimkim/gh/cb/oos-readiness-221-release/build_preset_release_gcc/csql_grammar.c:42748:80: warning: implicit conversion from ‘enum pt_currency_types’ to ‘DB_CURRENCY’ [-Wenum-conversion]
42748 |                             pt_value_set_monetary (this_parser, val, str, txt, PT_CURRENCY_INDIAN_RUPEE);
      |                                                                                ^~~~~~~~~~~~~~~~~~~~~~~~
/home/vimkim/gh/cb/oos-readiness-221-release/build_preset_release_gcc/csql_grammar.c:42767:80: warning: implicit conversion from ‘enum pt_currency_types’ to ‘DB_CURRENCY’ [-Wenum-conversion]
42767 |                             pt_value_set_monetary (this_parser, val, str, txt, PT_CURRENCY_RUSSIAN_RUBLE);
      |                                                                                ^~~~~~~~~~~~~~~~~~~~~~~~~
/home/vimkim/gh/cb/oos-readiness-221-release/build_preset_release_gcc/csql_grammar.c:42786:80: warning: implicit conversion from ‘enum pt_currency_types’ to ‘DB_CURRENCY’ [-Wenum-conversion]
42786 |                             pt_value_set_monetary (this_parser, val, str, txt, PT_CURRENCY_AUSTRALIAN_DOLLAR);
      |                                                                                ^~~~~~~~~~~~~~~~~~~~~~~~~~~~~
/home/vimkim/gh/cb/oos-readiness-221-release/build_preset_release_gcc/csql_grammar.c:42805:80: warning: implicit conversion from ‘enum pt_currency_types’ to ‘DB_CURRENCY’ [-Wenum-conversion]
42805 |                             pt_value_set_monetary (this_parser, val, str, txt, PT_CURRENCY_CANADIAN_DOLLAR);
      |                                                                                ^~~~~~~~~~~~~~~~~~~~~~~~~~~
/home/vimkim/gh/cb/oos-readiness-221-release/build_preset_release_gcc/csql_grammar.c:42824:80: warning: implicit conversion from ‘enum pt_currency_types’ to ‘DB_CURRENCY’ [-Wenum-conversion]
42824 |                             pt_value_set_monetary (this_parser, val, str, txt, PT_CURRENCY_BRASILIAN_REAL);
      |                                                                                ^~~~~~~~~~~~~~~~~~~~~~~~~~
/home/vimkim/gh/cb/oos-readiness-221-release/build_preset_release_gcc/csql_grammar.c:42843:80: warning: implicit conversion from ‘enum pt_currency_types’ to ‘DB_CURRENCY’ [-Wenum-conversion]
42843 |                             pt_value_set_monetary (this_parser, val, str, txt, PT_CURRENCY_ROMANIAN_LEU);
      |                                                                                ^~~~~~~~~~~~~~~~~~~~~~~~
/home/vimkim/gh/cb/oos-readiness-221-release/build_preset_release_gcc/csql_grammar.c:42862:80: warning: implicit conversion from ‘enum pt_currency_types’ to ‘DB_CURRENCY’ [-Wenum-conversion]
42862 |                             pt_value_set_monetary (this_parser, val, str, txt, PT_CURRENCY_EURO);
      |                                                                                ^~~~~~~~~~~~~~~~
/home/vimkim/gh/cb/oos-readiness-221-release/build_preset_release_gcc/csql_grammar.c:42881:80: warning: implicit conversion from ‘enum pt_currency_types’ to ‘DB_CURRENCY’ [-Wenum-conversion]
42881 |                             pt_value_set_monetary (this_parser, val, str, txt, PT_CURRENCY_SWISS_FRANC);
      |                                                                                ^~~~~~~~~~~~~~~~~~~~~~~
/home/vimkim/gh/cb/oos-readiness-221-release/build_preset_release_gcc/csql_grammar.c:42900:80: warning: implicit conversion from ‘enum pt_currency_types’ to ‘DB_CURRENCY’ [-Wenum-conversion]
42900 |                             pt_value_set_monetary (this_parser, val, str, txt, PT_CURRENCY_DANISH_KRONE);
      |                                                                                ^~~~~~~~~~~~~~~~~~~~~~~~
/home/vimkim/gh/cb/oos-readiness-221-release/build_preset_release_gcc/csql_grammar.c:42919:80: warning: implicit conversion from ‘enum pt_currency_types’ to ‘DB_CURRENCY’ [-Wenum-conversion]
42919 |                             pt_value_set_monetary (this_parser, val, str, txt, PT_CURRENCY_NORWEGIAN_KRONE);
      |                                                                                ^~~~~~~~~~~~~~~~~~~~~~~~~~~
/home/vimkim/gh/cb/oos-readiness-221-release/build_preset_release_gcc/csql_grammar.c:42938:80: warning: implicit conversion from ‘enum pt_currency_types’ to ‘DB_CURRENCY’ [-Wenum-conversion]
42938 |                             pt_value_set_monetary (this_parser, val, str, txt, PT_CURRENCY_BULGARIAN_LEV);
      |                                                                                ^~~~~~~~~~~~~~~~~~~~~~~~~
/home/vimkim/gh/cb/oos-readiness-221-release/build_preset_release_gcc/csql_grammar.c:42957:80: warning: implicit conversion from ‘enum pt_currency_types’ to ‘DB_CURRENCY’ [-Wenum-conversion]
42957 |                             pt_value_set_monetary (this_parser, val, str, txt, PT_CURRENCY_VIETNAMESE_DONG);
      |                                                                                ^~~~~~~~~~~~~~~~~~~~~~~~~~~
/home/vimkim/gh/cb/oos-readiness-221-release/build_preset_release_gcc/csql_grammar.c:42976:80: warning: implicit conversion from ‘enum pt_currency_types’ to ‘DB_CURRENCY’ [-Wenum-conversion]
42976 |                             pt_value_set_monetary (this_parser, val, str, txt, PT_CURRENCY_CZECH_KORUNA);
      |                                                                                ^~~~~~~~~~~~~~~~~~~~~~~~
/home/vimkim/gh/cb/oos-readiness-221-release/build_preset_release_gcc/csql_grammar.c:42995:80: warning: implicit conversion from ‘enum pt_currency_types’ to ‘DB_CURRENCY’ [-Wenum-conversion]
42995 |                             pt_value_set_monetary (this_parser, val, str, txt, PT_CURRENCY_POLISH_ZLOTY);
      |                                                                                ^~~~~~~~~~~~~~~~~~~~~~~~
/home/vimkim/gh/cb/oos-readiness-221-release/build_preset_release_gcc/csql_grammar.c:43014:80: warning: implicit conversion from ‘enum pt_currency_types’ to ‘DB_CURRENCY’ [-Wenum-conversion]
43014 |                             pt_value_set_monetary (this_parser, val, str, txt, PT_CURRENCY_SWEDISH_KRONA);
      |                                                                                ^~~~~~~~~~~~~~~~~~~~~~~~~
/home/vimkim/gh/cb/oos-readiness-221-release/build_preset_release_gcc/csql_grammar.c:43033:80: warning: implicit conversion from ‘enum pt_currency_types’ to ‘DB_CURRENCY’ [-Wenum-conversion]
43033 |                             pt_value_set_monetary (this_parser, val, str, txt, PT_CURRENCY_CROATIAN_KUNA);
      |                                                                                ^~~~~~~~~~~~~~~~~~~~~~~~~
/home/vimkim/gh/cb/oos-readiness-221-release/build_preset_release_gcc/csql_grammar.c:43052:80: warning: implicit conversion from ‘enum pt_currency_types’ to ‘DB_CURRENCY’ [-Wenum-conversion]
43052 |                             pt_value_set_monetary (this_parser, val, str, txt, PT_CURRENCY_SERBIAN_DINAR);
      |                                                                                ^~~~~~~~~~~~~~~~~~~~~~~~~
/home/vimkim/gh/cb/oos-readiness-221-release/build_preset_release_gcc/csql_grammar.c: In function ‘pt_value_set_monetary’:
/home/vimkim/gh/cb/oos-readiness-221-release/build_preset_release_gcc/csql_grammar.c:49108:42: warning: implicit conversion from ‘DB_CURRENCY’ to ‘PT_CURRENCY’ {aka ‘enum pt_currency_types’} [-Wenum-conversion]
49108 |   node->info.value.data_value.money.type = type;
      |                                          ^
[958/1448] Building CXX object cubrid/CMakeFiles/cubrid.dir/__/src/thread/thread_entry_task.cpp.o
[959/1448] Building CXX object cubrid/CMakeFiles/cubrid.dir/__/src/transaction/client_credentials.cpp.o
[960/1448] Building CXX object cubrid/CMakeFiles/cubrid.dir/__/src/communication/network_interface_sr.cpp.o
In file included from /home/vimkim/gh/cb/oos-readiness-221-release/src/base/memory_alloc.h:54,
                 from /home/vimkim/gh/cb/oos-readiness-221-release/src/connection/connection_defs.h:38,
                 from /home/vimkim/gh/cb/oos-readiness-221-release/src/base/perf_monitor.h:30,
                 from /home/vimkim/gh/cb/oos-readiness-221-release/src/communication/network_interface_sr.cpp:36:
In function ‘void cub_free(void*)’,
    inlined from ‘void operator delete(void*, size_t)’ at /home/vimkim/gh/cb/oos-readiness-221-release/src/base/memory_wrapper.hpp:75:12,
    inlined from ‘void __gnu_cxx::new_allocator<_Tp>::deallocate(_Tp*, __gnu_cxx::new_allocator<_Tp>::size_type) [with _Tp = std::__detail::_Hash_node<db_identifier, true>]’ at /usr/include/c++/11/ext/new_allocator.h:145:19,
    inlined from ‘static void std::allocator_traits<std::allocator<_Tp1> >::deallocate(std::allocator_traits<std::allocator<_Tp1> >::allocator_type&, std::allocator_traits<std::allocator<_Tp1> >::pointer, std::allocator_traits<std::allocator<_Tp1> >::size_type) [with _Tp = std::__detail::_Hash_node<db_identifier, true>]’ at /usr/include/c++/11/bits/alloc_traits.h:496:23,
    inlined from ‘void std::__detail::_Hashtable_alloc<_NodeAlloc>::_M_deallocate_node_ptr(std::__detail::_Hashtable_alloc<_NodeAlloc>::__node_ptr) [with _NodeAlloc = std::allocator<std::__detail::_Hash_node<db_identifier, true> >]’ at /usr/include/c++/11/bits/hashtable_policy.h:1909:38,
    inlined from ‘void std::__detail::_Hashtable_alloc<_NodeAlloc>::_M_deallocate_node(std::__detail::_Hashtable_alloc<_NodeAlloc>::__node_ptr) [with _NodeAlloc = std::allocator<std::__detail::_Hash_node<db_identifier, true> >]’ at /usr/include/c++/11/bits/hashtable_policy.h:1899:29,
    inlined from ‘std::_Hashtable<_Key, _Value, _Alloc, _ExtractKey, _Equal, _Hash, _RangeHash, _Unused, _RehashPolicy, _Traits>::_Scoped_node::~_Scoped_node() [with _Key = db_identifier; _Value = db_identifier; _Alloc = std::allocator<db_identifier>; _ExtractKey = std::__detail::_Identity; _Equal = std::equal_to<db_identifier>; _Hash = std::hash<db_identifier>; _RangeHash = std::__detail::_Mod_range_hashing; _Unused = std::__detail::_Default_ranged_hash; _RehashPolicy = std::__detail::_Prime_rehash_policy; _Traits = std::__detail::_Hashtable_traits<true, true, true>]’ at /usr/include/c++/11/bits/hashtable.h:308:57,
    inlined from ‘std::pair<typename std::__detail::_Insert<_Key, _Value, _Alloc, _ExtractKey, _Equal, _Hash, _RangeHash, _Unused, _RehashPolicy, _Traits>::iterator, bool> std::_Hashtable<_Key, _Value, _Alloc, _ExtractKey, _Equal, _Hash, _RangeHash, _Unused, _RehashPolicy, _Traits>::_M_emplace(std::true_type, _Args&& ...) [with _Args = {db_identifier&}; _Key = db_identifier; _Value = db_identifier; _Alloc = std::allocator<db_identifier>; _ExtractKey = std::__detail::_Identity; _Equal = std::equal_to<db_identifier>; _Hash = std::hash<db_identifier>; _RangeHash = std::__detail::_Mod_range_hashing; _Unused = std::__detail::_Default_ranged_hash; _RehashPolicy = std::__detail::_Prime_rehash_policy; _Traits = std::__detail::_Hashtable_traits<true, true, true>]’ at /usr/include/c++/11/bits/hashtable.h:1978:7,
    inlined from ‘std::_Hashtable<_Key, _Value, _Alloc, _ExtractKey, _Equal, _Hash, _RangeHash, _Unused, _RehashPolicy, _Traits>::__ireturn_type std::_Hashtable<_Key, _Value, _Alloc, _ExtractKey, _Equal, _Hash, _RangeHash, _Unused, _RehashPolicy, _Traits>::emplace(_Args&& ...) [with _Args = {db_identifier&}; _Key = db_identifier; _Value = db_identifier; _Alloc = std::allocator<db_identifier>; _ExtractKey = std::__detail::_Identity; _Equal = std::equal_to<db_identifier>; _Hash = std::hash<db_identifier>; _RangeHash = std::__detail::_Mod_range_hashing; _Unused = std::__detail::_Default_ranged_hash; _RehashPolicy = std::__detail::_Prime_rehash_policy; _Traits = std::__detail::_Hashtable_traits<true, true, true>]’ at /usr/include/c++/11/bits/hashtable.h:915:21,
    inlined from ‘std::pair<typename std::_Hashtable<_Value, _Value, _Alloc, std::__detail::_Identity, _Pred, _Hash, std::__detail::_Mod_range_hashing, std::__detail::_Default_ranged_hash, std::__detail::_Prime_rehash_policy, std::__detail::_Hashtable_traits<std::__not_<std::__and_<std::__is_fast_hash<_Hash>, std::__is_nothrow_invocable<const _Hash&, const _Tp&> > >::value, true, true> >::iterator, bool> std::unordered_set<_Value, _Hash, _Pred, _Alloc>::emplace(_Args&& ...) [with _Args = {db_identifier&}; _Value = db_identifier; _Hash = std::hash<db_identifier>; _Pred = std::equal_to<db_identifier>; _Alloc = std::allocator<db_identifier>]’ at /usr/include/c++/11/bits/unordered_set.h:378:23,
    inlined from ‘void sflashback_get_loginfo(THREAD_ENTRY*, unsigned int, char*, int)’ at /home/vimkim/gh/cb/oos-readiness-221-release/src/communication/network_interface_sr.cpp:12021:36:
/home/vimkim/gh/cb/oos-readiness-221-release/src/base/memory_cwrapper.h:86:8: warning: ‘void free(void*)’ called on pointer returned from a mismatched allocation function [-Wmismatched-new-delete]
   86 |   free (ptr);
      |   ~~~~~^~~~~
In file included from /usr/include/c++/11/x86_64-redhat-linux/bits/c++allocator.h:33,
                 from /usr/include/c++/11/bits/allocator.h:46,
                 from /usr/include/c++/11/memory:64,
                 from /home/vimkim/gh/cb/oos-readiness-221-release/src/base/filesys.hpp:26,
                 from /home/vimkim/gh/cb/oos-readiness-221-release/src/communication/network_interface_sr.cpp:32:
/usr/include/c++/11/ext/new_allocator.h: In function ‘void sflashback_get_loginfo(THREAD_ENTRY*, unsigned int, char*, int)’:
/usr/include/c++/11/ext/new_allocator.h:127:48: note: returned from ‘void* operator new(std::size_t)’
  127 |         return static_cast<_Tp*>(::operator new(__n * sizeof(_Tp)));
      |                                  ~~~~~~~~~~~~~~^~~~~~~~~~~~~~~~~~~
[961/1448] Building CXX object cubrid/CMakeFiles/cubrid.dir/__/src/transaction/log_lsa.cpp.o
[962/1448] Building CXX object cubrid/CMakeFiles/cubrid.dir/__/src/storage/tde.c.o
[963/1448] Building CXX object cubrid/CMakeFiles/cubrid.dir/__/src/query/memoize.cpp.o
[964/1448] Building CXX object cubrid/CMakeFiles/cubrid.dir/__/src/object/object_primitive.c.o
[965/1448] Building CXX object cubrid/CMakeFiles/cubrid.dir/__/src/query/stream_to_xasl.c.o
[966/1448] Building CXX object cubrid/CMakeFiles/cubrid.dir/__/src/storage/bestspace.cpp.o
[967/1448] Building CXX object cubrid/CMakeFiles/cubrid.dir/__/src/thread/thread_worker_pool_taskcap.cpp.o
[968/1448] Building CXX object cubrid/CMakeFiles/cubrid.dir/__/src/storage/statistics_sr.c.o
[969/1448] Building CXX object cubrid/CMakeFiles/cubrid.dir/__/src/transaction/log_comm.c.o
[970/1448] Building CXX object cubrid/CMakeFiles/cubrid.dir/__/src/query/scan_manager.c.o
[971/1448] Building CXX object cubrid/CMakeFiles/cubrid.dir/__/src/storage/extendible_hash.c.o
[972/1448] Building CXX object cubrid/CMakeFiles/cubrid.dir/__/src/thread/critical_section.c.o
[973/1448] Building CXX object cubrid/CMakeFiles/cubrid.dir/__/src/thread/thread_manager.cpp.o
[974/1448] Building CXX object cubrid/CMakeFiles/cubrid.dir/__/src/thread/thread_lockfree_hash_map.cpp.o
[975/1448] Building CXX object cubrid/CMakeFiles/cubrid.dir/__/src/transaction/log_compress.c.o
[976/1448] Building CXX object cubrid/CMakeFiles/cubrid.dir/__/src/query/query_opfunc.c.o
[977/1448] Building CXX object cubrid/CMakeFiles/cubrid.dir/__/src/query/fetch.c.o
[978/1448] Building CXX object cubrid/CMakeFiles/cubrid.dir/__/src/transaction/locator.c.o
[979/1448] Building CXX object cubrid/CMakeFiles/cubrid.dir/__/src/transaction/log_global.c.o
[980/1448] Building CXX object cubrid/CMakeFiles/cubrid.dir/__/src/storage/catalog_class.c.o
[981/1448] Building CXX object cubrid/CMakeFiles/cubrid.dir/__/src/xasl/access_json_table.cpp.o
[982/1448] Building CXX object cubrid/CMakeFiles/cubrid.dir/__/src/storage/disk_manager.c.o
/home/vimkim/gh/cb/oos-readiness-221-release/src/storage/disk_manager.c: In function ‘int disk_spacedb(THREAD_ENTRY*, SPACEDB_ALL*, SPACEDB_ONEVOL**)’:
/home/vimkim/gh/cb/oos-readiness-221-release/src/storage/disk_manager.c:6157:19: warning: ‘char* strncpy(char*, const char*, size_t)’ specified bound 4096 equals destination size [-Wstringop-truncation]
 6157 |           strncpy ((*spacevols)[iter_spacevols].name, disk_vhdr_get_vol_fullname (volheader), DB_MAX_PATH_LENGTH);
      |           ~~~~~~~~^~~~~~~~~~~~~~~~~~~~~~~~~~~~~~~~~~~~~~~~~~~~~~~~~~~~~~~~~~~~~~~~~~~~~~~~~~~~~~~~~~~~~~~~~~~~~~~
[983/1448] Building CXX object cubrid/CMakeFiles/cubrid.dir/__/src/xasl/xasl_unpack_info.cpp.o
[984/1448] Building CXX object cubrid/CMakeFiles/cubrid.dir/__/src/storage/btree_sort.c.o
[985/1448] Building CXX object cubrid/CMakeFiles/cubrid.dir/__/src/transaction/log_recovery_redo.cpp.o
[986/1448] Building CXX object cubrid/CMakeFiles/cubrid.dir/__/src/transaction/log_postpone_cache.cpp.o
[987/1448] Building CXX object cubrid/CMakeFiles/cubrid.dir/__/src/transaction/log_2pc.c.o
[988/1448] Building CXX object cubrid/CMakeFiles/cubrid.dir/__/src/transaction/mvcc.c.o
[989/1448] Building CXX object cubrid/CMakeFiles/cubrid.dir/__/src/query/xasl_cache.c.o
[990/1448] Building CXX object cubrid/CMakeFiles/cubrid.dir/__/src/transaction/mvcc_active_tran.cpp.o
[991/1448] Building CXX object cubrid/CMakeFiles/cubrid.dir/__/src/transaction/log_append.cpp.o
[992/1448] Building CXX object cubrid/CMakeFiles/cubrid.dir/__/src/transaction/mvcc_table.cpp.o
[993/1448] Building CXX object cubrid/CMakeFiles/cubrid.dir/__/src/storage/external_sort.c.o
[994/1448] Building CXX object util/CMakeFiles/csql.dir/__/src/base/porting.c.o
[995/1448] Building CXX object cubrid/CMakeFiles/cubrid.dir/__/src/storage/oos_file.cpp.o
[996/1448] Building CXX object cubrid/CMakeFiles/cubrid.dir/__/src/thread/thread_entry.cpp.o
[997/1448] Building CXX object util/CMakeFiles/csql.dir/__/src/base/cubrid_getopt_long.c.o
[998/1448] Building CXX object cubrid/CMakeFiles/cubrid.dir/__/src/session/session.c.o
[999/1448] Building CXX object util/CMakeFiles/csql.dir/__/src/executables/util_support.c.o
[1000/1448] Building CXX object cubrid/CMakeFiles/cubrid.dir/__/src/storage/slotted_page.c.o
[1001/1448] Building CXX object cubrid/CMakeFiles/cubrid.dir/__/src/transaction/recovery.c.o
[1002/1448] Building CXX object cubrid/CMakeFiles/cubrid.dir/__/src/transaction/replication.c.o
[1003/1448] Building CXX object util/CMakeFiles/cubrid_rel.dir/__/src/executables/cubrid_version.c.o
[1004/1448] Building CXX object cubrid/CMakeFiles/cubrid.dir/__/src/transaction/log_writer.c.o
[1005/1448] Building CXX object cubrid/CMakeFiles/cubrid.dir/__/src/transaction/log_system_tran.cpp.o
[1006/1448] Building CXX object util/CMakeFiles/csql.dir/__/src/executables/csql_launcher.c.o
[1007/1448] Building CXX object util/CMakeFiles/cubrid-bin.dir/__/src/executables/util_support.c.o
[1008/1448] Building CXX object cubrid/CMakeFiles/cubrid.dir/__/src/xasl/xasl_predicate.cpp.o
[1009/1448] Building CXX object cubrid/CMakeFiles/cubrid.dir/__/src/transaction/transaction_sr.c.o
[1010/1448] Building CXX object cubrid/CMakeFiles/cubrid.dir/__/src/xasl/xasl_analytic.cpp.o
[1011/1448] Building CXX object util/CMakeFiles/cub_commdb.dir/__/src/executables/util_support.c.o
[1012/1448] Building CXX object util/CMakeFiles/cub_master.dir/__/src/executables/master_util.c.o
[1013/1448] Building CXX object util/CMakeFiles/cub_admin.dir/__/src/base/cubrid_getopt_long.c.o
[1014/1448] Building CXX object cubrid/CMakeFiles/cubrid.dir/__/src/query/parallel/px_hash_join/px_hash_join_spawn_manager.cpp.o
[1015/1448] Building CXX object cubrid/CMakeFiles/cubrid.dir/__/src/storage/btree_load.c.o
[1016/1448] Building CXX object cubrid/CMakeFiles/cubrid.dir/__/src/transaction/flashback.c.o
In file included from /home/vimkim/gh/cb/oos-readiness-221-release/src/base/memory_alloc.h:54,
                 from /home/vimkim/gh/cb/oos-readiness-221-release/src/base/memory_hash.h:30,
                 from /home/vimkim/gh/cb/oos-readiness-221-release/src/storage/file_io.h:33,
                 from /home/vimkim/gh/cb/oos-readiness-221-release/src/transaction/flashback.h:38,
                 from /home/vimkim/gh/cb/oos-readiness-221-release/src/transaction/flashback.c:45:
In function ‘void cub_free(void*)’,
    inlined from ‘void operator delete(void*, size_t)’ at /home/vimkim/gh/cb/oos-readiness-221-release/src/base/memory_wrapper.hpp:75:12,
    inlined from ‘void __gnu_cxx::new_allocator<_Tp>::deallocate(_Tp*, __gnu_cxx::new_allocator<_Tp>::size_type) [with _Tp = std::__detail::_Hash_node<db_identifier, true>]’ at /usr/include/c++/11/ext/new_allocator.h:145:19,
    inlined from ‘static void std::allocator_traits<std::allocator<_Tp1> >::deallocate(std::allocator_traits<std::allocator<_Tp1> >::allocator_type&, std::allocator_traits<std::allocator<_Tp1> >::pointer, std::allocator_traits<std::allocator<_Tp1> >::size_type) [with _Tp = std::__detail::_Hash_node<db_identifier, true>]’ at /usr/include/c++/11/bits/alloc_traits.h:496:23,
    inlined from ‘void std::__detail::_Hashtable_alloc<_NodeAlloc>::_M_deallocate_node_ptr(std::__detail::_Hashtable_alloc<_NodeAlloc>::__node_ptr) [with _NodeAlloc = std::allocator<std::__detail::_Hash_node<db_identifier, true> >]’ at /usr/include/c++/11/bits/hashtable_policy.h:1909:38,
    inlined from ‘void std::__detail::_Hashtable_alloc<_NodeAlloc>::_M_deallocate_node(std::__detail::_Hashtable_alloc<_NodeAlloc>::__node_ptr) [with _NodeAlloc = std::allocator<std::__detail::_Hash_node<db_identifier, true> >]’ at /usr/include/c++/11/bits/hashtable_policy.h:1899:29,
    inlined from ‘std::_Hashtable<_Key, _Value, _Alloc, _ExtractKey, _Equal, _Hash, _RangeHash, _Unused, _RehashPolicy, _Traits>::_Scoped_node::~_Scoped_node() [with _Key = db_identifier; _Value = db_identifier; _Alloc = std::allocator<db_identifier>; _ExtractKey = std::__detail::_Identity; _Equal = std::equal_to<db_identifier>; _Hash = std::hash<db_identifier>; _RangeHash = std::__detail::_Mod_range_hashing; _Unused = std::__detail::_Default_ranged_hash; _RehashPolicy = std::__detail::_Prime_rehash_policy; _Traits = std::__detail::_Hashtable_traits<true, true, true>]’ at /usr/include/c++/11/bits/hashtable.h:308:57,
    inlined from ‘std::pair<typename std::__detail::_Insert<_Key, _Value, _Alloc, _ExtractKey, _Equal, _Hash, _RangeHash, _Unused, _RehashPolicy, _Traits>::iterator, bool> std::_Hashtable<_Key, _Value, _Alloc, _ExtractKey, _Equal, _Hash, _RangeHash, _Unused, _RehashPolicy, _Traits>::_M_emplace(std::true_type, _Args&& ...) [with _Args = {db_identifier&}; _Key = db_identifier; _Value = db_identifier; _Alloc = std::allocator<db_identifier>; _ExtractKey = std::__detail::_Identity; _Equal = std::equal_to<db_identifier>; _Hash = std::hash<db_identifier>; _RangeHash = std::__detail::_Mod_range_hashing; _Unused = std::__detail::_Default_ranged_hash; _RehashPolicy = std::__detail::_Prime_rehash_policy; _Traits = std::__detail::_Hashtable_traits<true, true, true>]’ at /usr/include/c++/11/bits/hashtable.h:1978:7,
    inlined from ‘std::_Hashtable<_Key, _Value, _Alloc, _ExtractKey, _Equal, _Hash, _RangeHash, _Unused, _RehashPolicy, _Traits>::__ireturn_type std::_Hashtable<_Key, _Value, _Alloc, _ExtractKey, _Equal, _Hash, _RangeHash, _Unused, _RehashPolicy, _Traits>::emplace(_Args&& ...) [with _Args = {db_identifier&}; _Key = db_identifier; _Value = db_identifier; _Alloc = std::allocator<db_identifier>; _ExtractKey = std::__detail::_Identity; _Equal = std::equal_to<db_identifier>; _Hash = std::hash<db_identifier>; _RangeHash = std::__detail::_Mod_range_hashing; _Unused = std::__detail::_Default_ranged_hash; _RehashPolicy = std::__detail::_Prime_rehash_policy; _Traits = std::__detail::_Hashtable_traits<true, true, true>]’ at /usr/include/c++/11/bits/hashtable.h:915:21,
    inlined from ‘std::pair<typename std::_Hashtable<_Value, _Value, _Alloc, std::__detail::_Identity, _Pred, _Hash, std::__detail::_Mod_range_hashing, std::__detail::_Default_ranged_hash, std::__detail::_Prime_rehash_policy, std::__detail::_Hashtable_traits<std::__not_<std::__and_<std::__is_fast_hash<_Hash>, std::__is_nothrow_invocable<const _Hash&, const _Tp&> > >::value, true, true> >::iterator, bool> std::unordered_set<_Value, _Hash, _Pred, _Alloc>::emplace(_Args&& ...) [with _Args = {db_identifier&}; _Value = db_identifier; _Hash = std::hash<db_identifier>; _Pred = std::equal_to<db_identifier>; _Alloc = std::allocator<db_identifier>]’ at /usr/include/c++/11/bits/unordered_set.h:378:23,
    inlined from ‘void flashback_fill_dml_summary(FLASHBACK_SUMMARY_ENTRY*, OID, SUPPLEMENT_REC_TYPE)’ at /home/vimkim/gh/cb/oos-readiness-221-release/src/transaction/flashback.c:250:43,
    inlined from ‘int flashback_make_summary_list(THREAD_ENTRY*, FLASHBACK_SUMMARY_CONTEXT*)’ at /home/vimkim/gh/cb/oos-readiness-221-release/src/transaction/flashback.c:491:32:
/home/vimkim/gh/cb/oos-readiness-221-release/src/base/memory_cwrapper.h:86:8: warning: ‘void free(void*)’ called on pointer returned from a mismatched allocation function [-Wmismatched-new-delete]
   86 |   free (ptr);
      |   ~~~~~^~~~~
In file included from /usr/include/c++/11/x86_64-redhat-linux/bits/c++allocator.h:33,
                 from /usr/include/c++/11/bits/allocator.h:46,
                 from /usr/include/c++/11/unordered_map:40,
                 from /usr/include/c++/11/functional:61,
                 from /usr/include/c++/11/pstl/glue_algorithm_defs.h:13,
                 from /usr/include/c++/11/algorithm:74,
                 from /home/vimkim/gh/cb/oos-readiness-221-release/src/transaction/flashback.h:30,
                 from /home/vimkim/gh/cb/oos-readiness-221-release/src/transaction/flashback.c:45:
/usr/include/c++/11/ext/new_allocator.h: In function ‘int flashback_make_summary_list(THREAD_ENTRY*, FLASHBACK_SUMMARY_CONTEXT*)’:
/usr/include/c++/11/ext/new_allocator.h:127:48: note: returned from ‘void* operator new(std::size_t)’
  127 |         return static_cast<_Tp*>(::operator new(__n * sizeof(_Tp)));
      |                                  ~~~~~~~~~~~~~~^~~~~~~~~~~~~~~~~~~
[1017/1448] Building CXX object cubrid/CMakeFiles/cubrid.dir/__/src/transaction/log_prior_inflight.cpp.o
[1018/1448] Building CXX object cubrid/CMakeFiles/cubrid.dir/__/src/query/parallel/px_callable_task.cpp.o
[1019/1448] Building CXX object cubrid/CMakeFiles/cubrid.dir/__/src/query/parallel/px_sort.c.o
[1020/1448] Building CXX object util/CMakeFiles/cub_admin.dir/__/src/executables/util_support.c.o
[1021/1448] Building CXX object util/CMakeFiles/cub_admin.dir/__/src/base/porting.c.o
[1022/1448] Building CXX object cubrid/CMakeFiles/cubrid.dir/__/src/transaction/boot_sr.c.o
[1023/1448] Building CXX object cubrid/CMakeFiles/cubrid.dir/__/src/xasl/xasl_stream.cpp.o
[1024/1448] Building CXX object cubrid/CMakeFiles/cubrid.dir/__/src/storage/file_io.c.o
/home/vimkim/gh/cb/oos-readiness-221-release/src/storage/file_io.c: In function ‘int fileio_cache(VOLID, const char*, int, FILEIO_LOCKF_TYPE)’:
/home/vimkim/gh/cb/oos-readiness-221-release/src/storage/file_io.c:5998:15: warning: ‘char* strncpy(char*, const char*, size_t)’ specified bound 4096 equals destination size [-Wstringop-truncation]
 5998 |       strncpy (vol_info_p->vlabel, vol_label_p, PATH_MAX);
      |       ~~~~~~~~^~~~~~~~~~~~~~~~~~~~~~~~~~~~~~~~~~~~~~~~~~~
/home/vimkim/gh/cb/oos-readiness-221-release/src/storage/file_io.c: In function ‘int fileio_backup_volume(THREAD_ENTRY*, FILEIO_BACKUP_SESSION*, const char*, VOLID, PAGEID, bool)’:
/home/vimkim/gh/cb/oos-readiness-221-release/src/storage/file_io.c:8394:11: warning: ‘char* strncpy(char*, const char*, size_t)’ specified bound 4096 equals destination size [-Wstringop-truncation]
 8394 |   strncpy (file_header_p->vlabel, session_p->dbfile.vlabel, PATH_MAX);
      |   ~~~~~~~~^~~~~~~~~~~~~~~~~~~~~~~~~~~~~~~~~~~~~~~~~~~~~~~~~~~~~~~~~~~
[1025/1448] Building CXX object util/CMakeFiles/cub_commdb.dir/__/src/executables/master_util.c.o
[1026/1448] Building CXX object cubrid/CMakeFiles/cubrid.dir/__/src/storage/double_write_buffer.cpp.o
[1027/1448] Building CXX object cubrid/CMakeFiles/cubrid.dir/__/src/transaction/transaction_transient.cpp.o
[1028/1448] Building CXX object util/CMakeFiles/cub_master.dir/__/src/executables/master_request.c.o
[1029/1448] Building CXX object cubrid/CMakeFiles/cubrid.dir/__/src/query/parallel/px_scan/px_scan_input_handler_list.cpp.o
[1030/1448] Building CXX object util/CMakeFiles/unittests_bit.dir/__/src/executables/unittests_bit.c.o
[1031/1448] Building CXX object util/CMakeFiles/unittests_lf.dir/__/src/executables/unittests_lf.c.o
[1032/1448] Building CXX object cubrid/CMakeFiles/cubrid.dir/__/src/query/parallel/px_worker_manager.cpp.o
[1033/1448] Building CXX object cubrid/CMakeFiles/cubrid.dir/__/src/query/parallel/px_scan/px_scan_slot_iterator_list.cpp.o
[1034/1448] Building CXX object cubrid/CMakeFiles/cubrid.dir/__/src/storage/system_catalog.c.o
[1035/1448] Building CXX object util/CMakeFiles/cub_admin.dir/__/src/executables/util_admin.c.o
[1036/1448] Building CXX object cubrid/CMakeFiles/cubrid.dir/__/src/query/parallel/px_scan/index/px_scan_index_overflow_chain_pool.cpp.o
[1037/1448] Building CXX object util/CMakeFiles/cub_commdb.dir/__/src/executables/commdb.c.o
[1038/1448] Building CXX object cubrid-cci/cci/CMakeFiles/cascci.dir/__/src/base/porting.c.o
[1039/1448] Building CXX object cubrid/CMakeFiles/cubrid.dir/__/src/query/parallel/px_scan/px_scan_input_handler_index.cpp.o
[1040/1448] Building CXX object cubrid/CMakeFiles/cubrid.dir/__/src/query/parallel/px_parallel.cpp.o
[1041/1448] Building CXX object cubrid-cci/cci/CMakeFiles/cascci.dir/__/src/cci/cci_net_buf.c.o
[1042/1448] Building CXX object cubrid-cci/cci/CMakeFiles/cascci.dir/__/src/cci/cci_t_lob.c.o
[1043/1448] Building CXX object cubrid/CMakeFiles/cubrid.dir/__/src/query/parallel/px_scan/index/px_scan_index_key_range_list.cpp.o
[1044/1448] Building CXX object cubrid/CMakeFiles/cubrid.dir/__/src/optimizer/histogram/histogram_reader.cpp.o
[1045/1448] Building CXX object cubrid/CMakeFiles/cubrid.dir/__/src/query/parallel/px_scan/index/px_scan_index_leaf_page_dispatcher.cpp.o
[1046/1448] Building CXX object cubrid/CMakeFiles/cubrid.dir/__/src/storage/file_manager.c.o
In file included from /home/vimkim/gh/cb/oos-readiness-221-release/src/base/memory_alloc.h:54,
                 from /home/vimkim/gh/cb/oos-readiness-221-release/src/base/memory_hash.h:30,
                 from /home/vimkim/gh/cb/oos-readiness-221-release/src/storage/file_io.h:33,
                 from /home/vimkim/gh/cb/oos-readiness-221-release/src/transaction/log_manager.h:37,
                 from /home/vimkim/gh/cb/oos-readiness-221-release/src/storage/file_manager.h:33,
                 from /home/vimkim/gh/cb/oos-readiness-221-release/src/storage/file_manager.c:35:
In function ‘void cub_free(void*)’,
    inlined from ‘void operator delete(void*, size_t)’ at /home/vimkim/gh/cb/oos-readiness-221-release/src/base/memory_wrapper.hpp:75:12,
    inlined from ‘void __gnu_cxx::new_allocator<_Tp>::deallocate(_Tp*, __gnu_cxx::new_allocator<_Tp>::size_type) [with _Tp = std::__detail::_Hash_node<std::pair<const vfid, FILE_TYPE>, true>]’ at /usr/include/c++/11/ext/new_allocator.h:145:19,
    inlined from ‘static void std::allocator_traits<std::allocator<_Tp1> >::deallocate(std::allocator_traits<std::allocator<_Tp1> >::allocator_type&, std::allocator_traits<std::allocator<_Tp1> >::pointer, std::allocator_traits<std::allocator<_Tp1> >::size_type) [with _Tp = std::__detail::_Hash_node<std::pair<const vfid, FILE_TYPE>, true>]’ at /usr/include/c++/11/bits/alloc_traits.h:496:23,
    inlined from ‘void std::__detail::_Hashtable_alloc<_NodeAlloc>::_M_deallocate_node_ptr(std::__detail::_Hashtable_alloc<_NodeAlloc>::__node_ptr) [with _NodeAlloc = std::allocator<std::__detail::_Hash_node<std::pair<const vfid, FILE_TYPE>, true> >]’ at /usr/include/c++/11/bits/hashtable_policy.h:1909:38,
    inlined from ‘void std::__detail::_Hashtable_alloc<_NodeAlloc>::_M_deallocate_node(std::__detail::_Hashtable_alloc<_NodeAlloc>::__node_ptr) [with _NodeAlloc = std::allocator<std::__detail::_Hash_node<std::pair<const vfid, FILE_TYPE>, true> >]’ at /usr/include/c++/11/bits/hashtable_policy.h:1899:29,
    inlined from ‘std::_Hashtable<_Key, _Value, _Alloc, _ExtractKey, _Equal, _Hash, _RangeHash, _Unused, _RehashPolicy, _Traits>::_Scoped_node::~_Scoped_node() [with _Key = vfid; _Value = std::pair<const vfid, FILE_TYPE>; _Alloc = std::allocator<std::pair<const vfid, FILE_TYPE> >; _ExtractKey = std::__detail::_Select1st; _Equal = std::equal_to<vfid>; _Hash = std::hash<vfid>; _RangeHash = std::__detail::_Mod_range_hashing; _Unused = std::__detail::_Default_ranged_hash; _RehashPolicy = std::__detail::_Prime_rehash_policy; _Traits = std::__detail::_Hashtable_traits<true, false, true>]’ at /usr/include/c++/11/bits/hashtable.h:308:57,
    inlined from ‘std::pair<typename std::__detail::_Insert<_Key, _Value, _Alloc, _ExtractKey, _Equal, _Hash, _RangeHash, _Unused, _RehashPolicy, _Traits>::iterator, bool> std::_Hashtable<_Key, _Value, _Alloc, _ExtractKey, _Equal, _Hash, _RangeHash, _Unused, _RehashPolicy, _Traits>::_M_emplace(std::true_type, _Args&& ...) [with _Args = {vfid, FILE_TYPE&}; _Key = vfid; _Value = std::pair<const vfid, FILE_TYPE>; _Alloc = std::allocator<std::pair<const vfid, FILE_TYPE> >; _ExtractKey = std::__detail::_Select1st; _Equal = std::equal_to<vfid>; _Hash = std::hash<vfid>; _RangeHash = std::__detail::_Mod_range_hashing; _Unused = std::__detail::_Default_ranged_hash; _RehashPolicy = std::__detail::_Prime_rehash_policy; _Traits = std::__detail::_Hashtable_traits<true, false, true>]’ at /usr/include/c++/11/bits/hashtable.h:1978:7,
    inlined from ‘std::_Hashtable<_Key, _Value, _Alloc, _ExtractKey, _Equal, _Hash, _RangeHash, _Unused, _RehashPolicy, _Traits>::__ireturn_type std::_Hashtable<_Key, _Value, _Alloc, _ExtractKey, _Equal, _Hash, _RangeHash, _Unused, _RehashPolicy, _Traits>::emplace(_Args&& ...) [with _Args = {vfid, FILE_TYPE&}; _Key = vfid; _Value = std::pair<const vfid, FILE_TYPE>; _Alloc = std::allocator<std::pair<const vfid, FILE_TYPE> >; _ExtractKey = std::__detail::_Select1st; _Equal = std::equal_to<vfid>; _Hash = std::hash<vfid>; _RangeHash = std::__detail::_Mod_range_hashing; _Unused = std::__detail::_Default_ranged_hash; _RehashPolicy = std::__detail::_Prime_rehash_policy; _Traits = std::__detail::_Hashtable_traits<true, false, true>]’ at /usr/include/c++/11/bits/hashtable.h:915:21,
    inlined from ‘std::pair<typename std::_Hashtable<_Key, std::pair<const _Key, _Tp>, _Alloc, std::__detail::_Select1st, _Pred, _Hash, std::__detail::_Mod_range_hashing, std::__detail::_Default_ranged_hash, std::__detail::_Prime_rehash_policy, std::__detail::_Hashtable_traits<std::__not_<std::__and_<std::__is_fast_hash<_Hash>, std::__is_nothrow_invocable<const _Hash&, const _Key&> > >::value, false, true> >::iterator, bool> std::unordered_map<_Key, _Tp, _Hash, _Pred, _Alloc>::emplace(_Args&& ...) [with _Args = {vfid, FILE_TYPE&}; _Key = vfid; _Tp = FILE_TYPE; _Hash = std::hash<vfid>; _Pred = std::equal_to<vfid>; _Alloc = std::allocator<std::pair<const vfid, FILE_TYPE> >]’ at /usr/include/c++/11/bits/unordered_map.h:389:23,
    inlined from ‘int file_tracker_item_collect_invalid_file(THREAD_ENTRY*, PAGE_PTR, FILE_EXTENSIBLE_DATA*, int, bool*, void*)’ at /home/vimkim/gh/cb/oos-readiness-221-release/src/storage/file_manager.c:11639:52:
/home/vimkim/gh/cb/oos-readiness-221-release/src/base/memory_cwrapper.h:86:8: warning: ‘void free(void*)’ called on pointer returned from a mismatched allocation function [-Wmismatched-new-delete]
   86 |   free (ptr);
      |   ~~~~~^~~~~
In file included from /usr/include/c++/11/x86_64-redhat-linux/bits/c++allocator.h:33,
                 from /usr/include/c++/11/bits/allocator.h:46,
                 from /usr/include/c++/11/unordered_map:40,
                 from /home/vimkim/gh/cb/oos-readiness-221-release/src/storage/file_manager.c:32:
/usr/include/c++/11/ext/new_allocator.h: In function ‘int file_tracker_item_collect_invalid_file(THREAD_ENTRY*, PAGE_PTR, FILE_EXTENSIBLE_DATA*, int, bool*, void*)’:
/usr/include/c++/11/ext/new_allocator.h:127:48: note: returned from ‘void* operator new(std::size_t)’
  127 |         return static_cast<_Tp*>(::operator new(__n * sizeof(_Tp)));
      |                                  ~~~~~~~~~~~~~~^~~~~~~~~~~~~~~~~~~
[1047/1448] Building CXX object cubrid/CMakeFiles/cubrid.dir/__/src/query/parallel/px_scan/index/px_scan_index_overflow_drain_fsm.cpp.o
[1048/1448] Building CXX object util/CMakeFiles/cub_master.dir/__/src/executables/master.c.o
[1049/1448] Building CXX object cubrid-cci/tools/CMakeFiles/cci_applier.dir/__/src/base/cubrid_getopt_long.c.o
[1050/1448] Building CXX object cubrid/CMakeFiles/cubrid.dir/__/src/query/parallel/px_scan/px_scan_slot_iterator.cpp.o
[1051/1448] Building CXX object cubrid/CMakeFiles/cubrid.dir/__/src/query/parallel/px_scan/px_scan_instnum.cpp.o
[1052/1448] Building CXX object cubrid/CMakeFiles/cubrid.dir/__/src/compat/db_json.cpp.o
[1053/1448] Building CXX object cubrid/CMakeFiles/cubrid.dir/__/src/xasl/xasl_iteration.cpp.o
[1054/1448] Building CXX object cubrid-cci/cci/CMakeFiles/cascci.dir/__/src/cci/cci_common.c.o
[1055/1448] Building CXX object broker/CMakeFiles/cub_broker.dir/__/src/broker/broker_error.c.o
[1056/1448] Building CXX object cubrid/CMakeFiles/cubrid.dir/__/src/query/parallel/px_hash_join/px_hash_join.cpp.o
[1057/1448] Building CXX object cubrid/CMakeFiles/cubrid.dir/__/src/query/parallel/px_hash_join/px_hash_join_task_manager.cpp.o
[1058/1448] Building CXX object cubrid/CMakeFiles/cubrid.dir/__/src/query/parallel/px_scan/px_scan_slot_iterator_index.cpp.o
[1059/1448] Building CXX object broker/CMakeFiles/cub_broker.dir/__/src/broker/broker_max_heap.c.o
[1060/1448] Building CXX object broker/CMakeFiles/cub_broker.dir/__/src/broker/broker_process_size.c.o
[1061/1448] Building CXX object broker/CMakeFiles/cub_broker.dir/__/src/broker/broker_access_list.c.o
[1062/1448] Building CXX object cubrid-cci/tools/CMakeFiles/cci_applier.dir/__/src/tools/cci_applier.c.o
[1063/1448] Building CXX object cubrid/CMakeFiles/cubrid.dir/__/src/optimizer/histogram/histogram_builder.cpp.o
[1064/1448] Building CXX object cubrid-cci/cci/CMakeFiles/cascci.dir/__/src/cci/cci_t_set.c.o
[1065/1448] Building CXX object cubrid/CMakeFiles/cubrid.dir/__/src/xasl/xasl_spawner.cpp.o
[1066/1448] Building CXX object broker/CMakeFiles/cub_broker.dir/__/src/broker/broker_send_fd.c.o
[1067/1448] Building CXX object cubrid-cci/cci/CMakeFiles/cascci.dir/__/src/cci/cci_network.c.o
[1068/1448] Building CXX object cubrid-cci/cci/CMakeFiles/cascci.dir/__/src/cci/cci_ssl.c.o
[1069/1448] Building CXX object cubrid/CMakeFiles/cubrid.dir/__/src/query/parallel/px_scan/index/px_scan_index_leaf_slot_walker.cpp.o
[1070/1448] Building CXX object broker/CMakeFiles/cub_gateway.dir/__/src/broker/broker_error.c.o
[1071/1448] Building CXX object cubrid-cci/cci/CMakeFiles/cascci.dir/__/src/cci/cci_handle_mng.c.o
[1072/1448] Building CXX object cubrid/CMakeFiles/cubrid.dir/__/src/query/parallel/px_scan/px_scan_input_handler_heap.cpp.o
[1073/1448] Building CXX object broker/CMakeFiles/cub_gateway.dir/__/src/broker/broker_max_heap.c.o
[1074/1448] Building CXX object util/CMakeFiles/cub_master.dir/__/src/executables/master_server_monitor.cpp.o
[1075/1448] Building CXX object cubrid-cci/cci/CMakeFiles/cascci.dir/__/src/cci/cci_properties.c.o
[1076/1448] Building CXX object broker/CMakeFiles/cub_gateway.dir/__/src/broker/broker_access_list.c.o
[1077/1448] Building CXX object util/CMakeFiles/cub_pl.dir/__/src/executables/pl.cpp.o
[1078/1448] Building CXX object util/CMakeFiles/cub_pl.dir/__/src/sp/pl_sr_jvm.cpp.o
[1079/1448] Building CXX object cubrid/CMakeFiles/cubrid.dir/__/src/query/string_regex_std.cpp.o
[1080/1448] Building CXX object broker/CMakeFiles/cub_gateway.dir/__/src/broker/broker_process_size.c.o
[1081/1448] Building CXX object broker/CMakeFiles/cub_broker.dir/__/src/broker/broker_shm.c.o
[1082/1448] Building CXX object broker/CMakeFiles/cub_broker.dir/__/src/broker/broker_util.c.o
[1083/1448] Building CXX object broker/CMakeFiles/cub_gateway.dir/__/src/broker/broker_send_fd.c.o
[1084/1448] Building CXX object util/CMakeFiles/cubrid-bin.dir/__/src/executables/util_service.c.o
/home/vimkim/gh/cb/oos-readiness-221-release/src/executables/util_service.c: In function ‘int process_pl(int, int, const char**, bool, bool, bool, bool)’:
/home/vimkim/gh/cb/oos-readiness-221-release/src/executables/util_service.c:3032:15: warning: ‘char* strncpy(char*, const char*, size_t)’ specified bound 4096 equals destination size [-Wstringop-truncation]
 3032 |       strncpy (buf, argv[0], buf_size);
      |       ~~~~~~~~^~~~~~~~~~~~~~~~~~~~~~~~
[1085/1448] Building CXX object broker/CMakeFiles/broker_monitor.dir/__/src/broker/broker_error.c.o
[1086/1448] Building CXX object util/CMakeFiles/cub_master.dir/__/src/executables/master_heartbeat.c.o
In file included from /home/vimkim/gh/cb/oos-readiness-221-release/src/base/packer.hpp:26,
                 from /home/vimkim/gh/cb/oos-readiness-221-release/src/base/packable_object.hpp:28,
                 from /home/vimkim/gh/cb/oos-readiness-221-release/src/transaction/client_credentials.hpp:28,
                 from /home/vimkim/gh/cb/oos-readiness-221-release/src/transaction/boot.h:26,
                 from /home/vimkim/gh/cb/oos-readiness-221-release/src/connection/connection_defs.h:30,
                 from /home/vimkim/gh/cb/oos-readiness-221-release/src/connection/connection_cl.h:29,
                 from /home/vimkim/gh/cb/oos-readiness-221-release/src/executables/master_heartbeat.c:49:
In function ‘int hb_set_net_header(HBP_HEADER*, unsigned char, bool, short unsigned int, unsigned int, char*)’,
    inlined from ‘int hb_cluster_send_heartbeat_internal(sockaddr_in*, socklen_t, char*, bool)’ at /home/vimkim/gh/cb/oos-readiness-221-release/src/executables/master_heartbeat.c:1712:38:
/home/vimkim/gh/cb/oos-readiness-221-release/src/base/porting.h:329:11: warning: ‘char* strncpy(char*, const char*, size_t)’ output may be truncated copying 63 bytes from a string of length 63 [-Wstringop-truncation]
  329 |   strncpy (buf, str, size); buf[(size) - 1] = '\0'
      |   ~~~~~~~~^~~~~~~~~~~~~~~~
/home/vimkim/gh/cb/oos-readiness-221-release/src/base/porting.h:339:3: note: in expansion of macro ‘strncpy_size’
  339 |   strncpy_size (buf, str, sizeof (buf)); check_is_array (buf)
      |   ^~~~~~~~~~~~
/home/vimkim/gh/cb/oos-readiness-221-release/src/executables/master_heartbeat.c:1927:3: note: in expansion of macro ‘strncpy_bufsize’
 1927 |   strncpy_bufsize (header->group_id, hb_Cluster->group_id);
      |   ^~~~~~~~~~~~~~~
/home/vimkim/gh/cb/oos-readiness-221-release/src/base/porting.h:329:11: warning: ‘char* strncpy(char*, const char*, size_t)’ output may be truncated copying 255 bytes from a string of length 255 [-Wstringop-truncation]
  329 |   strncpy (buf, str, size); buf[(size) - 1] = '\0'
      |   ~~~~~~~~^~~~~~~~~~~~~~~~
/home/vimkim/gh/cb/oos-readiness-221-release/src/base/porting.h:339:3: note: in expansion of macro ‘strncpy_size’
  339 |   strncpy_size (buf, str, sizeof (buf)); check_is_array (buf)
      |   ^~~~~~~~~~~~
/home/vimkim/gh/cb/oos-readiness-221-release/src/executables/master_heartbeat.c:1929:3: note: in expansion of macro ‘strncpy_bufsize’
 1929 |   strncpy_bufsize (header->orig_host_name, hb_Cluster->myself->host_name);
      |   ^~~~~~~~~~~~~~~
/home/vimkim/gh/cb/oos-readiness-221-release/src/executables/master_heartbeat.c: In function ‘void hb_register_new_process(CSS_CONN_ENTRY*)’:
/home/vimkim/gh/cb/oos-readiness-221-release/src/executables/master_heartbeat.c:4339:83: warning: ‘%s’ directive output may be truncated writing up to 3959 bytes into a region of size 2002 [-Wformat-truncation=]
 4339 |   snprintf (error_string, LINE_MAX, "%s (expected pid: %d, pid:%d, state:%s, args:%s)", HB_RESULT_FAILURE_STR,
      |                                                                                   ^~
/home/vimkim/gh/cb/oos-readiness-221-release/src/executables/master_heartbeat.c:4339:12: note: ‘snprintf’ output 48 or more bytes (assuming 4007) into a destination of size 2048
 4339 |   snprintf (error_string, LINE_MAX, "%s (expected pid: %d, pid:%d, state:%s, args:%s)", HB_RESULT_FAILURE_STR,
      |   ~~~~~~~~~^~~~~~~~~~~~~~~~~~~~~~~~~~~~~~~~~~~~~~~~~~~~~~~~~~~~~~~~~~~~~~~~~~~~~~~~~~~~~~~~~~~~~~~~~~~~~~~~~~~
 4340 |             proc->pid, ntohl (hbp_proc_register->pid), hb_process_state_string (proc->type, proc->state),
      |             ~~~~~~~~~~~~~~~~~~~~~~~~~~~~~~~~~~~~~~~~~~~~~~~~~~~~~~~~~~~~~~~~~~~~~~~~~~~~~~~~~~~~~~~~~~~~~
 4341 |             hbp_proc_register->args);
      |             ~~~~~~~~~~~~~~~~~~~~~~~~
/home/vimkim/gh/cb/oos-readiness-221-release/src/executables/master_heartbeat.c:4327:69: warning: ‘%s’ directive output may be truncated writing up to 3959 bytes into a region of size 2019 [-Wformat-truncation=]
 4327 |       snprintf (error_string, LINE_MAX, "%s (pid:%d, state:%s, args:%s)", HB_RESULT_SUCCESS_STR,
      |                                                                     ^~
/home/vimkim/gh/cb/oos-readiness-221-release/src/executables/master_heartbeat.c:4327:16: note: ‘snprintf’ output 31 or more bytes (assuming 3990) into a destination of size 2048
 4327 |       snprintf (error_string, LINE_MAX, "%s (pid:%d, state:%s, args:%s)", HB_RESULT_SUCCESS_STR,
      |       ~~~~~~~~~^~~~~~~~~~~~~~~~~~~~~~~~~~~~~~~~~~~~~~~~~~~~~~~~~~~~~~~~~~~~~~~~~~~~~~~~~~~~~~~~~
 4328 |                 ntohl (hbp_proc_register->pid), hb_process_state_string (proc->type, proc->state),
      |                 ~~~~~~~~~~~~~~~~~~~~~~~~~~~~~~~~~~~~~~~~~~~~~~~~~~~~~~~~~~~~~~~~~~~~~~~~~~~~~~~~~~
 4329 |                 hbp_proc_register->args);
      |                 ~~~~~~~~~~~~~~~~~~~~~~~~
[1087/1448] Building CXX object cubrid-cci/cci/CMakeFiles/cascci.dir/__/src/cci/cci_map.cpp.o
[1088/1448] Building CXX object broker/CMakeFiles/broker_monitor.dir/__/src/broker/broker_process_info.c.o
[1089/1448] Building CXX object cubrid/CMakeFiles/cubrid.dir/__/src/thread/concurrency_slot.cpp.o
[1090/1448] Building CXX object cubrid/CMakeFiles/cubrid.dir/__/src/query/parallel/px_scan/px_scan_trace_handler.cpp.o
[1091/1448] Building CXX object broker/CMakeFiles/broker_monitor.dir/__/src/broker/broker_process_size.c.o
[1092/1448] Building CXX object broker/CMakeFiles/cub_gateway.dir/__/src/broker/broker_util.c.o
[1093/1448] Building CXX object broker/CMakeFiles/broker_monitor.dir/__/src/broker/broker_max_heap.c.o
[1094/1448] Building CXX object broker/CMakeFiles/cub_broker.dir/__/src/broker/broker_proxy_conn.c.o
[1095/1448] Building CXX object broker/CMakeFiles/cub_gateway.dir/__/src/broker/broker_shm.c.o
[1096/1448] Building CXX object broker/CMakeFiles/cub_broker.dir/__/src/broker/broker_filename.c.o
[1097/1448] Building CXX object broker/CMakeFiles/gateway_monitor.dir/__/src/broker/broker_error.c.o
[1098/1448] Building CXX object util/CMakeFiles/unittests_lf.dir/__/src/base/memory_monitor_api.cpp.o
[1099/1448] Building CXX object cubrid/CMakeFiles/cubrid.dir/__/src/query/vacuum.c.o
[1100/1448] Building CXX object util/CMakeFiles/unittests_lf.dir/__/src/base/porting.c.o
[1101/1448] Building CXX object broker/CMakeFiles/cub_gateway.dir/__/src/broker/broker_filename.c.o
[1102/1448] Building CXX object broker/CMakeFiles/gateway_monitor.dir/__/src/broker/broker_max_heap.c.o
[1103/1448] Building CXX object broker/CMakeFiles/cub_broker.dir/__/src/broker/shard_metadata.c.o
[1104/1448] Building CXX object broker/CMakeFiles/gateway_monitor.dir/__/src/broker/broker_process_size.c.o
[1105/1448] Building CXX object broker/CMakeFiles/gateway_monitor.dir/__/src/broker/broker_process_info.c.o
[1106/1448] Building CXX object util/CMakeFiles/unittests_snapshot.dir/__/src/base/memory_monitor_api.cpp.o
[1107/1448] Building CXX object broker/CMakeFiles/cub_broker.dir/__/src/broker/shard_shm.c.o
[1108/1448] Building CXX object util/CMakeFiles/unittests_bit.dir/__/src/base/memory_monitor_api.cpp.o
[1109/1448] Building CXX object util/CMakeFiles/unittests_area.dir/__/src/base/memory_monitor_api.cpp.o
[1110/1448] Building CXX object util/CMakeFiles/unittests_area.dir/__/src/executables/unittests_area.c.o
[1111/1448] Building CXX object cubrid/CMakeFiles/cubrid.dir/__/src/query/parallel/px_scan/px_scan_pre_execution_info.cpp.o
In file included from /home/vimkim/gh/cb/oos-readiness-221-release/src/base/memory_alloc.h:54,
                 from /home/vimkim/gh/cb/oos-readiness-221-release/src/base/memory_hash.h:30,
                 from /home/vimkim/gh/cb/oos-readiness-221-release/src/query/xasl.h:32,
                 from /home/vimkim/gh/cb/oos-readiness-221-release/src/query/parallel/px_scan/px_scan_pre_execution_info.hpp:28,
                 from /home/vimkim/gh/cb/oos-readiness-221-release/src/query/parallel/px_scan/px_scan_pre_execution_info.cpp:23:
In function ‘void cub_free(void*)’,
    inlined from ‘void operator delete(void*, size_t)’ at /home/vimkim/gh/cb/oos-readiness-221-release/src/base/memory_wrapper.hpp:75:12,
    inlined from ‘void __gnu_cxx::new_allocator<_Tp>::deallocate(_Tp*, __gnu_cxx::new_allocator<_Tp>::size_type) [with _Tp = std::_Rb_tree_node<std::pair<const int, db_value> >]’ at /usr/include/c++/11/ext/new_allocator.h:145:19,
    inlined from ‘static void std::allocator_traits<std::allocator<_CharT> >::deallocate(std::allocator_traits<std::allocator<_CharT> >::allocator_type&, std::allocator_traits<std::allocator<_CharT> >::pointer, std::allocator_traits<std::allocator<_CharT> >::size_type) [with _Tp = std::_Rb_tree_node<std::pair<const int, db_value> >]’ at /usr/include/c++/11/bits/alloc_traits.h:496:23,
    inlined from ‘void std::_Rb_tree<_Key, _Val, _KeyOfValue, _Compare, _Alloc>::_M_put_node(std::_Rb_tree<_Key, _Val, _KeyOfValue, _Compare, _Alloc>::_Link_type) [with _Key = int; _Val = std::pair<const int, db_value>; _KeyOfValue = std::_Select1st<std::pair<const int, db_value> >; _Compare = std::less<int>; _Alloc = std::allocator<std::pair<const int, db_value> >]’ at /usr/include/c++/11/bits/stl_tree.h:565:34,
    inlined from ‘void std::_Rb_tree<_Key, _Val, _KeyOfValue, _Compare, _Alloc>::_M_drop_node(std::_Rb_tree<_Key, _Val, _KeyOfValue, _Compare, _Alloc>::_Link_type) [with _Key = int; _Val = std::pair<const int, db_value>; _KeyOfValue = std::_Select1st<std::pair<const int, db_value> >; _Compare = std::less<int>; _Alloc = std::allocator<std::pair<const int, db_value> >]’ at /usr/include/c++/11/bits/stl_tree.h:632:13,
    inlined from ‘std::pair<std::_Rb_tree_iterator<_Val>, bool> std::_Rb_tree<_Key, _Val, _KeyOfValue, _Compare, _Alloc>::_M_emplace_unique(_Args&& ...) [with _Args = {int&, db_value&}; _Key = int; _Val = std::pair<const int, db_value>; _KeyOfValue = std::_Select1st<std::pair<const int, db_value> >; _Compare = std::less<int>; _Alloc = std::allocator<std::pair<const int, db_value> >]’ at /usr/include/c++/11/bits/stl_tree.h:2393:18,
    inlined from ‘std::pair<typename std::_Rb_tree<_Key, std::pair<const _Key, _Tp>, std::_Select1st<std::pair<const _Key, _Tp> >, _Compare, typename __gnu_cxx::__alloc_traits<_Allocator>::rebind<std::pair<const _Key, _Tp> >::other>::iterator, bool> std::map<_Key, _Tp, _Compare, _Alloc>::emplace(_Args&& ...) [with _Args = {int&, db_value&}; _Key = int; _Tp = db_value; _Compare = std::less<int>; _Alloc = std::allocator<std::pair<const int, db_value> >]’ at /usr/include/c++/11/bits/stl_map.h:577:33,
    inlined from ‘void parallel_scan::pre_execution_info::capture_precomp_vals(xasl_node*)’ at /home/vimkim/gh/cb/oos-readiness-221-release/src/query/parallel/px_scan/px_scan_pre_execution_info.cpp:113:29:
/home/vimkim/gh/cb/oos-readiness-221-release/src/base/memory_cwrapper.h:86:8: warning: ‘void free(void*)’ called on pointer returned from a mismatched allocation function [-Wmismatched-new-delete]
   86 |   free (ptr);
      |   ~~~~~^~~~~
In file included from /usr/include/c++/11/x86_64-redhat-linux/bits/c++allocator.h:33,
                 from /usr/include/c++/11/bits/allocator.h:46,
                 from /usr/include/c++/11/string:41,
                 from /home/vimkim/gh/cb/oos-readiness-221-release/src/xasl/access_json_table.hpp:26,
                 from /home/vimkim/gh/cb/oos-readiness-221-release/src/query/xasl.h:30,
                 from /home/vimkim/gh/cb/oos-readiness-221-release/src/query/parallel/px_scan/px_scan_pre_execution_info.hpp:28,
                 from /home/vimkim/gh/cb/oos-readiness-221-release/src/query/parallel/px_scan/px_scan_pre_execution_info.cpp:23:
/usr/include/c++/11/ext/new_allocator.h: In member function ‘void parallel_scan::pre_execution_info::capture_precomp_vals(xasl_node*)’:
/usr/include/c++/11/ext/new_allocator.h:127:48: note: returned from ‘void* operator new(std::size_t)’
  127 |         return static_cast<_Tp*>(::operator new(__n * sizeof(_Tp)));
      |                                  ~~~~~~~~~~~~~~^~~~~~~~~~~~~~~~~~~
[1112/1448] Building CXX object broker/CMakeFiles/broker_monitor.dir/__/src/broker/broker_util.c.o
[1113/1448] Building CXX object broker/CMakeFiles/broker_monitor.dir/__/src/broker/broker_shm.c.o
[1114/1448] Building CXX object broker/CMakeFiles/cub_gateway.dir/__/src/broker/broker_proxy_conn.c.o
[1115/1448] Building CXX object broker/CMakeFiles/broker_changer.dir/__/src/broker/broker_max_heap.c.o
[1116/1448] Building CXX object broker/CMakeFiles/broker_changer.dir/__/src/broker/broker_error.c.o
[1117/1448] Building CXX object cubrid/CMakeFiles/cubrid.dir/__/src/transaction/log_recovery.c.o
[1118/1448] Building CXX object broker/CMakeFiles/broker_monitor.dir/__/src/base/util_func.c.o
[1119/1448] Building CXX object broker/CMakeFiles/gateway_monitor.dir/__/src/broker/broker_util.c.o
[1120/1448] Building CXX object cubrid/CMakeFiles/cubrid.dir/__/src/query/parallel/px_worker_manager_global.cpp.o
[1121/1448] Building CXX object broker/CMakeFiles/cub_gateway.dir/__/src/broker/shard_metadata.c.o
[1122/1448] Building CXX object broker/CMakeFiles/broker_changer.dir/__/src/broker/broker_process_size.c.o
[1123/1448] Building CXX object broker/CMakeFiles/cubrid_broker.dir/__/src/broker/broker_error.c.o
[1124/1448] Building CXX object broker/CMakeFiles/gateway_monitor.dir/__/src/broker/broker_shm.c.o
[1125/1448] Building CXX object broker/CMakeFiles/cub_gateway.dir/__/src/broker/shard_shm.c.o
[1126/1448] Building CXX object broker/CMakeFiles/broker_monitor.dir/__/src/broker/broker_filename.c.o
[1127/1448] Building CXX object broker/CMakeFiles/broker_changer.dir/__/src/broker/shard_key_func.c.o
[1128/1448] Building CXX object cubrid/CMakeFiles/cubrid.dir/__/src/query/parallel/px_thread_safe_queue.cpp.o
[1129/1448] Building CXX object broker/CMakeFiles/broker_monitor.dir/__/src/broker/cas_util.c.o
[1130/1448] Building CXX object util/CMakeFiles/unittests_lf.dir/__/src/base/lock_free.c.o
[1131/1448] Building CXX object cubrid-cci/cci/CMakeFiles/cascci.dir/__/src/cci/cci_query_execute.c.o
[1132/1448] Building CXX object cubrid-cci/cci/CMakeFiles/cascci.dir/__/src/cci/cci_log.cpp.o
[1133/1448] Building CXX object util/CMakeFiles/unittests_lf.dir/__/src/base/memory_monitor_sr.cpp.o
[1134/1448] Building CXX object util/CMakeFiles/unittests_area.dir/__/src/base/memory_monitor_sr.cpp.o
[1135/1448] Building CXX object broker/CMakeFiles/broker_monitor.dir/__/src/broker/shard_metadata.c.o
[1136/1448] Building CXX object util/CMakeFiles/unittests_bit.dir/__/src/base/memory_monitor_sr.cpp.o
[1137/1448] Building CXX object broker/CMakeFiles/broker_changer.dir/__/src/broker/broker_acl.c.o
[1138/1448] Building CXX object broker/CMakeFiles/broker_monitor.dir/__/src/broker/shard_shm.c.o
[1139/1448] Building CXX object broker/CMakeFiles/cubrid_broker.dir/__/src/base/porting.c.o
[1140/1448] Building CXX object cubrid-cci/cci/CMakeFiles/cascci.dir/__/src/cci/cas_cci.c.o
[1141/1448] Building CXX object cubrid/CMakeFiles/cubrid.dir/__/src/query/parallel/px_query_execute/px_query_task.cpp.o
[1142/1448] Building CXX object broker/CMakeFiles/cubrid_broker.dir/__/src/broker/broker_max_heap.c.o
[1143/1448] Building CXX object broker/CMakeFiles/cubrid_broker.dir/__/src/broker/broker_process_size.c.o
[1144/1448] Building CXX object util/CMakeFiles/unittests_snapshot.dir/__/src/base/memory_monitor_sr.cpp.o
[1145/1448] Building CXX object broker/CMakeFiles/broker_changer.dir/__/src/broker/broker_shm.c.o
[1146/1448] Building CXX object broker/CMakeFiles/gateway_monitor.dir/__/src/base/util_func.c.o
[1147/1448] Building CXX object broker/CMakeFiles/broker_changer.dir/__/src/broker/broker_changer.c.o
[1148/1448] Building CXX object broker/CMakeFiles/cubrid_broker.dir/__/src/broker/shard_key_func.c.o
[1149/1448] Building CXX object cubrid/CMakeFiles/cubrid.dir/__/src/sp/pl_struct_compile.cpp.o
[1150/1448] Building CXX object broker/CMakeFiles/broker_changer.dir/__/src/broker/broker_util.c.o
[1151/1448] Building CXX object broker/CMakeFiles/gateway_monitor.dir/__/src/broker/broker_filename.c.o
[1152/1448] Building CXX object util/CMakeFiles/cub_server.dir/__/src/executables/server.c.o
[1153/1448] Building CXX object cubrid/CMakeFiles/cubrid.dir/__/src/transaction/log_recovery_redo_parallel.cpp.o
[1154/1448] Building CXX object broker/CMakeFiles/gateway_monitor.dir/__/src/broker/cas_util.c.o
[1155/1448] Building CXX object broker/CMakeFiles/gateway_monitor.dir/__/src/broker/shard_metadata.c.o
[1156/1448] Building CXX object broker/CMakeFiles/cubrid_gateway.dir/__/src/base/porting.c.o
[1157/1448] Building CXX object broker/CMakeFiles/cubrid_gateway.dir/__/src/broker/broker_error.c.o
[1158/1448] Building CXX object broker/CMakeFiles/cubrid_broker.dir/__/src/broker/broker_acl.c.o
[1159/1448] Building CXX object broker/CMakeFiles/cub_broker.dir/__/src/broker/broker.c.o
[1160/1448] Building CXX object broker/CMakeFiles/cubrid_gateway.dir/__/src/broker/broker_process_size.c.o
[1161/1448] Building CXX object broker/CMakeFiles/cubrid_gateway.dir/__/src/broker/broker_max_heap.c.o
[1162/1448] Building CXX object broker/CMakeFiles/gateway_monitor.dir/__/src/broker/shard_shm.c.o
[1163/1448] Building CXX object broker/CMakeFiles/cubrid_gateway.dir/__/src/broker/shard_key_func.c.o
[1164/1448] Building CXX object broker/CMakeFiles/broker_changer.dir/__/src/broker/broker_filename.c.o
[1165/1448] Building CXX object broker/CMakeFiles/cas_common_lib.dir/__/src/broker/cas_sql_log2.c.o
[1166/1448] Building CXX object broker/CMakeFiles/cubrid_broker.dir/__/src/broker/broker_util.c.o
[1167/1448] Building CXX object broker/CMakeFiles/cas_common_lib.dir/__/src/broker/cas_optimization.c.o
[1168/1448] Building CXX object broker/CMakeFiles/cubrid_broker.dir/__/src/broker/broker_shm.c.o
[1169/1448] Building CXX object cubrid/CMakeFiles/cubrid.dir/__/src/transaction/log_tran_table.c.o
[1170/1448] Building CXX object broker/CMakeFiles/cas_common_lib.dir/__/src/broker/cas_meta.c.o
[1171/1448] Building CXX object broker/CMakeFiles/cubrid_gateway.dir/__/src/broker/broker_acl.c.o
[1172/1448] Building CXX object broker/CMakeFiles/cas_common_lib.dir/__/src/broker/cas_common_vars.c.o
[1173/1448] Building CXX object broker/CMakeFiles/cub_gateway.dir/__/src/broker/broker.c.o
[1174/1448] Building CXX object broker/CMakeFiles/cas_common_lib.dir/__/src/broker/cas_network.c.o
[1175/1448] Building CXX object broker/CMakeFiles/broker_changer.dir/__/src/broker/shard_shm.c.o
[1176/1448] Building CXX object broker/CMakeFiles/cubrid_broker.dir/__/src/base/util_func.c.o
[1177/1448] Building CXX object broker/CMakeFiles/broker_changer.dir/__/src/broker/shard_metadata.c.o
[1178/1448] Building CXX object broker/CMakeFiles/cubrid_broker.dir/__/src/broker/broker_filename.c.o
[1179/1448] Building CXX object broker/CMakeFiles/cubrid_gateway.dir/__/src/broker/broker_util.c.o
[1180/1448] Building CXX object cubrid/CMakeFiles/cubrid.dir/__/src/query/parallel/px_query_execute/px_query_executor.cpp.o
[1181/1448] Building CXX object broker/CMakeFiles/cubrid_broker.dir/__/src/broker/broker_admin.c.o
[1182/1448] Building CXX object broker/CMakeFiles/cas_common_lib.dir/__/src/broker/broker_acl.c.o
[1183/1448] Building CXX object broker/CMakeFiles/cubrid_gateway.dir/__/src/broker/broker_shm.c.o
[1184/1448] Building CXX object cubrid/CMakeFiles/cubrid.dir/__/src/transaction/locator_sr.c.o
[1185/1448] Building CXX object broker/CMakeFiles/cub_cas.dir/__/src/broker/broker_error.c.o
[1186/1448] Building CXX object broker/CMakeFiles/cub_cas.dir/__/src/broker/broker_recv_fd.c.o
[1187/1448] Building CXX object broker/CMakeFiles/cubrid_broker.dir/__/src/broker/shard_metadata.c.o
[1188/1448] Building CXX object broker/CMakeFiles/broker_monitor.dir/__/src/broker/broker_config.c.o
[1189/1448] Building CXX object broker/CMakeFiles/cub_cas_cgw.dir/__/src/broker/broker_error.c.o
[1190/1448] Building CXX object broker/CMakeFiles/cub_cas.dir/__/src/broker/broker_process_size.c.o
[1191/1448] Building CXX object broker/CMakeFiles/cub_cas_cgw.dir/__/src/broker/broker_process_size.c.o
[1192/1448] Building CXX object cubrid/CMakeFiles/cubrid.dir/__/src/query/string_opfunc.c.o
[1193/1448] Building CXX object broker/CMakeFiles/cubrid_broker.dir/__/src/broker/shard_shm.c.o
[1194/1448] Building CXX object broker/CMakeFiles/cubrid_gateway.dir/__/src/base/util_func.c.o
[1195/1448] Building CXX object broker/CMakeFiles/cub_cas_cgw.dir/__/src/broker/broker_recv_fd.c.o
[1196/1448] Building CXX object broker/CMakeFiles/cubrid_gateway.dir/__/src/broker/broker_filename.c.o
[1197/1448] Building CXX object broker/CMakeFiles/cas_common_lib.dir/__/src/broker/cas_ssl.c.o
[1198/1448] Building CXX object broker/CMakeFiles/cub_cas.dir/__/src/broker/cas_schema_info.c.o
[1199/1448] Building CXX object broker/CMakeFiles/cub_proxy.dir/__/src/broker/broker_process_size.c.o
[1200/1448] Building CXX object broker/CMakeFiles/cas_common_lib.dir/__/src/broker/cas_util.c.o
[1201/1448] Building CXX object broker/CMakeFiles/cub_proxy.dir/__/src/broker/broker_error.c.o
[1202/1448] Building CXX object broker/CMakeFiles/cas_common_lib.dir/__/src/broker/broker_util.c.o
[1203/1448] Building CXX object broker/CMakeFiles/cas_common_lib.dir/__/src/broker/cas_error.c.o
[1204/1448] Building CXX object broker/CMakeFiles/cubrid_gateway.dir/__/src/broker/broker_admin.c.o
[1205/1448] Building CXX object broker/CMakeFiles/gateway_monitor.dir/__/src/broker/broker_config.c.o
[1206/1448] Building CXX object broker/CMakeFiles/cubrid_gateway.dir/__/src/broker/shard_shm.c.o
[1207/1448] Building CXX object broker/CMakeFiles/cas_common_lib.dir/__/src/broker/cas_common_function.c.o
[1208/1448] Building CXX object broker/CMakeFiles/cas_common_lib.dir/__/src/broker/broker_shm.c.o
[1209/1448] Building CXX object broker/CMakeFiles/cubrid_gateway.dir/__/src/broker/shard_metadata.c.o
[1210/1448] Building CXX object broker/CMakeFiles/broker_monitor.dir/__/src/broker/broker_monitor.c.o
[1211/1448] Building CXX object broker/CMakeFiles/cub_proxy.dir/__/src/broker/cas_meta.c.o
[1212/1448] Building CXX object broker/CMakeFiles/cas_common_lib.dir/__/src/broker/cas_handle.c.o
[1213/1448] Building CXX object broker/CMakeFiles/cas_common_lib.dir/__/src/broker/broker_filename.c.o
[1214/1448] Building CXX object broker/CMakeFiles/cas_common_lib.dir/__/src/broker/cas_common_execute.c.o
[1215/1448] Building CXX object broker/CMakeFiles/cas_common_lib.dir/__/src/broker/cas_net_buf.c.o
[1216/1448] Building CXX object broker/CMakeFiles/cas_common_lib.dir/__/src/broker/cas_log.c.o
[1217/1448] Building CXX object broker/CMakeFiles/cub_proxy.dir/__/src/broker/shard_key_func.c.o
[1218/1448] Building CXX object broker/CMakeFiles/broker_log_converter.dir/__/src/broker/log_top_string.c.o
[1219/1448] Building CXX object broker/CMakeFiles/broker_log_converter.dir/__/src/broker/broker_log_converter.c.o
[1220/1448] Building CXX object broker/CMakeFiles/cub_proxy.dir/__/src/broker/broker_recv_fd.c.o
[1221/1448] Building CXX object broker/CMakeFiles/broker_log_converter.dir/__/src/broker/broker_log_util.c.o
[1222/1448] Building CXX object broker/CMakeFiles/cub_proxy.dir/__/src/broker/broker_acl.c.o
[1223/1448] Building CXX object broker/CMakeFiles/broker_log_runner.dir/__/src/broker/log_top_string.c.o
[1224/1448] Building CXX object broker/CMakeFiles/cub_proxy.dir/__/src/broker/shard_parser.c.o
[1225/1448] Building CXX object broker/CMakeFiles/cub_cas.dir/__/src/broker/cas_str_like.c.o
[1226/1448] Building CXX object broker/CMakeFiles/gateway_monitor.dir/__/src/broker/broker_monitor.c.o
[1227/1448] Building CXX object broker/CMakeFiles/broker_tester.dir/__/src/broker/broker_error.c.o
[1228/1448] Building CXX object util/CMakeFiles/unittests_snapshot.dir/__/src/executables/unittests_snapshot.c.o
[1229/1448] Building CXX object broker/CMakeFiles/cub_proxy.dir/__/src/broker/broker_util.c.o
[1230/1448] Building CXX object broker/CMakeFiles/cub_proxy.dir/__/src/broker/broker_shm.c.o
[1231/1448] Building CXX object broker/CMakeFiles/broker_changer.dir/__/src/broker/broker_config.c.o
[1232/1448] Building CXX object broker/CMakeFiles/cub_cas.dir/__/src/broker/cas_xa.c.o
[1233/1448] Building CXX object broker/CMakeFiles/broker_log_runner.dir/__/src/broker/broker_log_util.c.o
[1234/1448] Building CXX object broker/CMakeFiles/cub_proxy.dir/__/src/broker/shard_proxy.c.o
[1235/1448] Building CXX object broker/CMakeFiles/broker_log_top.dir/__/src/broker/broker_log_time.c.o
[1236/1448] Building CXX object cubrid/CMakeFiles/cubrid.dir/__/src/transaction/lock_manager.c.o
[1237/1448] Building CXX object broker/CMakeFiles/broker_tester.dir/__/src/broker/log_top_string.c.o
[1238/1448] Building CXX object broker/CMakeFiles/broker_log_top.dir/__/src/broker/broker_log_util.c.o
[1239/1448] Building CXX object broker/CMakeFiles/broker_log_top.dir/__/src/broker/log_top_string.c.o
[1240/1448] Building CXX object broker/CMakeFiles/broker_log_top.dir/__/src/broker/cas_query_info.c.o
[1241/1448] Building CXX object broker/CMakeFiles/cub_broker.dir/__/src/broker/query_replace.c.o
[1242/1448] Building CXX object broker/CMakeFiles/cubrid_broker.dir/__/src/broker/broker_config.c.o
[1243/1448] Building CXX object broker/CMakeFiles/broker_log_top.dir/__/src/broker/broker_log_sql_list.c.o
[1244/1448] Building CXX object broker/CMakeFiles/broker_log_top.dir/__/src/broker/broker_error.c.o
[1245/1448] Building CXX object broker/CMakeFiles/cub_proxy.dir/__/src/broker/shard_proxy_queue.c.o
[1246/1448] Building CXX object broker/CMakeFiles/cub_proxy.dir/__/src/broker/broker_filename.c.o
[1247/1448] Building CXX object broker/CMakeFiles/broker_log_top.dir/__/src/broker/broker_log_top_tran.c.o
[1248/1448] Building CXX object broker/CMakeFiles/broker_tester.dir/__/src/broker/broker_shm.c.o
[1249/1448] Building CXX object broker/CMakeFiles/cubrid_replay.dir/__/src/broker/log_top_string.c.o
[1250/1448] Building CXX object broker/CMakeFiles/brokeradmin.dir/__/src/broker/broker_error.c.o
[1251/1448] Building CXX object broker/CMakeFiles/cubrid_replay.dir/__/src/broker/broker_log_util.c.o
[1252/1448] Building CXX object broker/CMakeFiles/broker_changer.dir/__/src/broker/broker_admin_pub.c.o
/home/vimkim/gh/cb/oos-readiness-221-release/src/broker/broker_admin_pub.c: In function ‘int admin_getid_cmd(int, int, const char**)’:
/home/vimkim/gh/cb/oos-readiness-221-release/src/broker/broker_admin_pub.c:1719:49: warning: ‘%s’ directive writing up to 4095 bytes into a region of size 2033 [-Wformat-overflow=]
 1719 |         sprintf (buf + buf_len, "LIBRARY_NAME : %s, ",
      |                                                 ^~
/home/vimkim/gh/cb/oos-readiness-221-release/src/broker/broker_admin_pub.c:1719:17: note: ‘sprintf’ output between 18 and 4113 bytes into a destination of size 2048
 1719 |         sprintf (buf + buf_len, "LIBRARY_NAME : %s, ",
      |         ~~~~~~~~^~~~~~~~~~~~~~~~~~~~~~~~~~~~~~~~~~~~~~
 1720 |                  (shm_proxy_p->shard_key_library_name[0] == 0) ? "NOT DEFINED" : shm_proxy_p->shard_key_library_name);
      |                  ~~~~~~~~~~~~~~~~~~~~~~~~~~~~~~~~~~~~~~~~~~~~~~~~~~~~~~~~~~~~~~~~~~~~~~~~~~~~~~~~~~~~~~~~~~~~~~~~~~~~
/home/vimkim/gh/cb/oos-readiness-221-release/src/broker/broker_admin_pub.c:1722:50: warning: ‘%s’ directive writing up to 4095 bytes into a region of size 2032 [-Wformat-overflow=]
 1722 |         sprintf (buf + buf_len, "FUNCTION_NAME : %s ",
      |                                                  ^~
/home/vimkim/gh/cb/oos-readiness-221-release/src/broker/broker_admin_pub.c:1722:17: note: ‘sprintf’ output between 18 and 4113 bytes into a destination of size 2048
 1722 |         sprintf (buf + buf_len, "FUNCTION_NAME : %s ",
      |         ~~~~~~~~^~~~~~~~~~~~~~~~~~~~~~~~~~~~~~~~~~~~~~
 1723 |                  (shm_proxy_p->shard_key_function_name[0] == 0) ? "NOT DEFINED" : shm_proxy_p->shard_key_function_name);
      |                  ~~~~~~~~~~~~~~~~~~~~~~~~~~~~~~~~~~~~~~~~~~~~~~~~~~~~~~~~~~~~~~~~~~~~~~~~~~~~~~~~~~~~~~~~~~~~~~~~~~~~~~
[1253/1448] Building CXX object broker/CMakeFiles/cub_proxy.dir/__/src/broker/cas_util.c.o
[1254/1448] Building CXX object broker/CMakeFiles/cub_proxy.dir/__/src/broker/shard_metadata.c.o
[1255/1448] Building CXX object broker/CMakeFiles/cub_proxy.dir/__/src/broker/shard_shm.c.o
[1256/1448] Building CXX object broker/CMakeFiles/cub_proxy.dir/__/src/broker/shard_proxy_log.c.o
[1257/1448] Building CXX object broker/CMakeFiles/broker_tester.dir/__/src/broker/broker_util.c.o
[1258/1448] Building CXX object broker/CMakeFiles/cub_proxy.dir/__/src/broker/cas_net_buf.c.o
[1259/1448] Building CXX object broker/CMakeFiles/broker_log_top.dir/__/src/broker/broker_log_top.c.o
[1260/1448] Building CXX object broker/CMakeFiles/cub_gateway.dir/__/src/broker/query_replace.c.o
[1261/1448] Building CXX object cm_common/CMakeFiles/cmstat.dir/__/src/cm_common/cm_errmsg.c.o
[1262/1448] Building CXX object broker/CMakeFiles/brokeradmin.dir/__/src/broker/broker_process_info.c.o
[1263/1448] Building CXX object broker/CMakeFiles/cubrid_gateway.dir/__/src/broker/broker_config.c.o
[1264/1448] Building CXX object broker/CMakeFiles/brokeradmin.dir/__/src/broker/broker_max_heap.c.o
[1265/1448] Building CXX object broker/CMakeFiles/brokeradmin.dir/__/src/broker/broker_process_size.c.o
[1266/1448] Building CXX object broker/CMakeFiles/cub_proxy.dir/__/src/broker/shard_statement.c.o
[1267/1448] Building CXX object broker/CMakeFiles/brokeradmin.dir/__/src/broker/shard_key_func.c.o
[1268/1448] Building CXX object broker/CMakeFiles/cub_proxy.dir/__/src/broker/shard_proxy_handler.c.o
[1269/1448] Building CXX object broker/CMakeFiles/broker_log_top.dir/__/src/broker/broker_shm.c.o
[1270/1448] Building CXX object cm_common/CMakeFiles/cmdep.dir/__/src/cm_common/cm_dstring.c.o
[1271/1448] Building CXX object broker/CMakeFiles/broker_log_top.dir/__/src/broker/broker_util.c.o
[1272/1448] Building CXX object broker/CMakeFiles/broker_tester.dir/__/src/broker/broker_filename.c.o
[1273/1448] Building CXX object broker/CMakeFiles/cubrid_broker.dir/__/src/broker/broker_admin_pub.c.o
/home/vimkim/gh/cb/oos-readiness-221-release/src/broker/broker_admin_pub.c: In function ‘int admin_getid_cmd(int, int, const char**)’:
/home/vimkim/gh/cb/oos-readiness-221-release/src/broker/broker_admin_pub.c:1719:49: warning: ‘%s’ directive writing up to 4095 bytes into a region of size 2033 [-Wformat-overflow=]
 1719 |         sprintf (buf + buf_len, "LIBRARY_NAME : %s, ",
      |                                                 ^~
/home/vimkim/gh/cb/oos-readiness-221-release/src/broker/broker_admin_pub.c:1719:17: note: ‘sprintf’ output between 18 and 4113 bytes into a destination of size 2048
 1719 |         sprintf (buf + buf_len, "LIBRARY_NAME : %s, ",
      |         ~~~~~~~~^~~~~~~~~~~~~~~~~~~~~~~~~~~~~~~~~~~~~~
 1720 |                  (shm_proxy_p->shard_key_library_name[0] == 0) ? "NOT DEFINED" : shm_proxy_p->shard_key_library_name);
      |                  ~~~~~~~~~~~~~~~~~~~~~~~~~~~~~~~~~~~~~~~~~~~~~~~~~~~~~~~~~~~~~~~~~~~~~~~~~~~~~~~~~~~~~~~~~~~~~~~~~~~~
/home/vimkim/gh/cb/oos-readiness-221-release/src/broker/broker_admin_pub.c:1722:50: warning: ‘%s’ directive writing up to 4095 bytes into a region of size 2032 [-Wformat-overflow=]
 1722 |         sprintf (buf + buf_len, "FUNCTION_NAME : %s ",
      |                                                  ^~
/home/vimkim/gh/cb/oos-readiness-221-release/src/broker/broker_admin_pub.c:1722:17: note: ‘sprintf’ output between 18 and 4113 bytes into a destination of size 2048
 1722 |         sprintf (buf + buf_len, "FUNCTION_NAME : %s ",
      |         ~~~~~~~~^~~~~~~~~~~~~~~~~~~~~~~~~~~~~~~~~~~~~~
 1723 |                  (shm_proxy_p->shard_key_function_name[0] == 0) ? "NOT DEFINED" : shm_proxy_p->shard_key_function_name);
      |                  ~~~~~~~~~~~~~~~~~~~~~~~~~~~~~~~~~~~~~~~~~~~~~~~~~~~~~~~~~~~~~~~~~~~~~~~~~~~~~~~~~~~~~~~~~~~~~~~~~~~~~~
[1274/1448] Building CXX object cm_common/CMakeFiles/cmdep.dir/__/src/cm_common/cm_nameval.c.o
[1275/1448] Building CXX object broker/CMakeFiles/brokeradmin.dir/__/src/broker/broker_acl.c.o
[1276/1448] Building CXX object broker/CMakeFiles/broker_log_runner.dir/__/src/broker/cas_runner.c.o
[1277/1448] Building CXX object broker/CMakeFiles/broker_monitor.dir/__/src/broker/query_replace.c.o
[1278/1448] Building C object cm_common/CMakeFiles/cmstat.dir/__/src/cm_common/cm_broker_jni.c.o
[1279/1448] Building CXX object broker/CMakeFiles/broker_tester.dir/__/src/broker/shard_shm.c.o
[1280/1448] Building CXX object broker/CMakeFiles/broker_tester.dir/__/src/broker/shard_metadata.c.o
[1281/1448] Building CXX object cm_common/CMakeFiles/cmstat.dir/__/src/cm_common/cm_broker_admin.c.o
[1282/1448] Building CXX object broker/CMakeFiles/brokeradmin.dir/__/src/broker/broker_shm.c.o
[1283/1448] Building CXX object broker/CMakeFiles/cubrid_gateway.dir/__/src/broker/broker_admin_pub.c.o
/home/vimkim/gh/cb/oos-readiness-221-release/src/broker/broker_admin_pub.c: In function ‘int admin_getid_cmd(int, int, const char**)’:
/home/vimkim/gh/cb/oos-readiness-221-release/src/broker/broker_admin_pub.c:1719:49: warning: ‘%s’ directive writing up to 4095 bytes into a region of size 2033 [-Wformat-overflow=]
 1719 |         sprintf (buf + buf_len, "LIBRARY_NAME : %s, ",
      |                                                 ^~
/home/vimkim/gh/cb/oos-readiness-221-release/src/broker/broker_admin_pub.c:1719:17: note: ‘sprintf’ output between 18 and 4113 bytes into a destination of size 2048
 1719 |         sprintf (buf + buf_len, "LIBRARY_NAME : %s, ",
      |         ~~~~~~~~^~~~~~~~~~~~~~~~~~~~~~~~~~~~~~~~~~~~~~
 1720 |                  (shm_proxy_p->shard_key_library_name[0] == 0) ? "NOT DEFINED" : shm_proxy_p->shard_key_library_name);
      |                  ~~~~~~~~~~~~~~~~~~~~~~~~~~~~~~~~~~~~~~~~~~~~~~~~~~~~~~~~~~~~~~~~~~~~~~~~~~~~~~~~~~~~~~~~~~~~~~~~~~~~
/home/vimkim/gh/cb/oos-readiness-221-release/src/broker/broker_admin_pub.c:1722:50: warning: ‘%s’ directive writing up to 4095 bytes into a region of size 2032 [-Wformat-overflow=]
 1722 |         sprintf (buf + buf_len, "FUNCTION_NAME : %s ",
      |                                                  ^~
/home/vimkim/gh/cb/oos-readiness-221-release/src/broker/broker_admin_pub.c:1722:17: note: ‘sprintf’ output between 18 and 4113 bytes into a destination of size 2048
 1722 |         sprintf (buf + buf_len, "FUNCTION_NAME : %s ",
      |         ~~~~~~~~^~~~~~~~~~~~~~~~~~~~~~~~~~~~~~~~~~~~~~
 1723 |                  (shm_proxy_p->shard_key_function_name[0] == 0) ? "NOT DEFINED" : shm_proxy_p->shard_key_function_name);
      |                  ~~~~~~~~~~~~~~~~~~~~~~~~~~~~~~~~~~~~~~~~~~~~~~~~~~~~~~~~~~~~~~~~~~~~~~~~~~~~~~~~~~~~~~~~~~~~~~~~~~~~~~
[1284/1448] Building CXX object broker/CMakeFiles/cas_cgw_lib.dir/__/src/broker/cas_cgw_odbc.c.o
[1285/1448] Building CXX object broker/CMakeFiles/broker_tester.dir/__/src/broker/broker_tester.c.o
[1286/1448] Building CXX object broker/CMakeFiles/broker_log_top.dir/__/src/broker/broker_filename.c.o
[1287/1448] Building CXX object broker/CMakeFiles/brokeradmin.dir/__/src/broker/broker_util.c.o
[1288/1448] Building CXX object cubrid/CMakeFiles/cubrid.dir/__/src/transaction/log_page_buffer.c.o
/home/vimkim/gh/cb/oos-readiness-221-release/src/transaction/log_page_buffer.c: In function ‘void logpb_checkpoint_trans(LOG_INFO_CHKPT_TRANS*, log_tdes*, int&, int&, LOG_LSA&)’:
/home/vimkim/gh/cb/oos-readiness-221-release/src/transaction/log_page_buffer.c:7165:15: warning: ‘char* strncpy(char*, const char*, size_t)’ specified bound 33 equals destination size [-Wstringop-truncation]
 7165 |       strncpy (chkpt_entry->user_name, tdes->client.get_db_user (), LOG_USERNAME_MAX);
      |       ~~~~~~~~^~~~~~~~~~~~~~~~~~~~~~~~~~~~~~~~~~~~~~~~~~~~~~~~~~~~~~~~~~~~~~~~~~~~~~~
[1289/1448] Building CXX object broker/CMakeFiles/gateway_monitor.dir/__/src/broker/query_replace.c.o
[1290/1448] Building CXX object broker/CMakeFiles/cub_proxy.dir/__/src/broker/shard_proxy_io.c.o
[1291/1448] Building CXX object broker/CMakeFiles/broker_log_top.dir/__/src/broker/shard_shm.c.o
[1292/1448] Building CXX object cubrid/CMakeFiles/cubrid.dir/__/src/query/parallel/px_scan/px_scan_task.cpp.o
In file included from /home/vimkim/gh/cb/oos-readiness-221-release/src/base/memory_alloc.h:54,
                 from /home/vimkim/gh/cb/oos-readiness-221-release/src/base/memory_hash.h:30,
                 from /home/vimkim/gh/cb/oos-readiness-221-release/src/storage/file_io.h:33,
                 from /home/vimkim/gh/cb/oos-readiness-221-release/src/transaction/log_manager.h:37,
                 from /home/vimkim/gh/cb/oos-readiness-221-release/src/storage/file_manager.h:33,
                 from /home/vimkim/gh/cb/oos-readiness-221-release/src/query/query_manager.h:34,
                 from /home/vimkim/gh/cb/oos-readiness-221-release/src/query/parallel/px_scan/px_scan_task.hpp:26,
                 from /home/vimkim/gh/cb/oos-readiness-221-release/src/query/parallel/px_scan/px_scan_task.cpp:23:
In function ‘void cub_free(void*)’,
    inlined from ‘void operator delete(void*, size_t)’ at /home/vimkim/gh/cb/oos-readiness-221-release/src/base/memory_wrapper.hpp:75:12,
    inlined from ‘void __gnu_cxx::new_allocator<_Tp>::deallocate(_Tp*, __gnu_cxx::new_allocator<_Tp>::size_type) [with _Tp = std::_Rb_tree_node<std::pair<const int, parallel_scan::scan_info> >]’ at /usr/include/c++/11/ext/new_allocator.h:145:19,
    inlined from ‘static void std::allocator_traits<std::allocator<_Tp1> >::deallocate(std::allocator_traits<std::allocator<_Tp1> >::allocator_type&, std::allocator_traits<std::allocator<_Tp1> >::pointer, std::allocator_traits<std::allocator<_Tp1> >::size_type) [with _Tp = std::_Rb_tree_node<std::pair<const int, parallel_scan::scan_info> >]’ at /usr/include/c++/11/bits/alloc_traits.h:496:23,
    inlined from ‘void std::_Rb_tree<_Key, _Val, _KeyOfValue, _Compare, _Alloc>::_M_put_node(std::_Rb_tree<_Key, _Val, _KeyOfValue, _Compare, _Alloc>::_Link_type) [with _Key = int; _Val = std::pair<const int, parallel_scan::scan_info>; _KeyOfValue = std::_Select1st<std::pair<const int, parallel_scan::scan_info> >; _Compare = std::less<int>; _Alloc = std::allocator<std::pair<const int, parallel_scan::scan_info> >]’ at /usr/include/c++/11/bits/stl_tree.h:565:34,
    inlined from ‘void std::_Rb_tree<_Key, _Val, _KeyOfValue, _Compare, _Alloc>::_M_drop_node(std::_Rb_tree<_Key, _Val, _KeyOfValue, _Compare, _Alloc>::_Link_type) [with _Key = int; _Val = std::pair<const int, parallel_scan::scan_info>; _KeyOfValue = std::_Select1st<std::pair<const int, parallel_scan::scan_info> >; _Compare = std::less<int>; _Alloc = std::allocator<std::pair<const int, parallel_scan::scan_info> >]’ at /usr/include/c++/11/bits/stl_tree.h:632:13,
    inlined from ‘std::_Rb_tree<_Key, _Val, _KeyOfValue, _Compare, _Alloc>::iterator std::_Rb_tree<_Key, _Val, _KeyOfValue, _Compare, _Alloc>::_M_emplace_hint_unique(std::_Rb_tree<_Key, _Val, _KeyOfValue, _Compare, _Alloc>::const_iterator, _Args&& ...) [with _Args = {const std::piecewise_construct_t&, std::tuple<const int&>, std::tuple<>}; _Key = int; _Val = std::pair<const int, parallel_scan::scan_info>; _KeyOfValue = std::_Select1st<std::pair<const int, parallel_scan::scan_info> >; _Compare = std::less<int>; _Alloc = std::allocator<std::pair<const int, parallel_scan::scan_info> >]’ at /usr/include/c++/11/bits/stl_tree.h:2440:18,
    inlined from ‘std::map<_Key, _Tp, _Compare, _Alloc>::mapped_type& std::map<_Key, _Tp, _Compare, _Alloc>::operator[](const key_type&) [with _Key = int; _Tp = parallel_scan::scan_info; _Compare = std::less<int>; _Alloc = std::allocator<std::pair<const int, parallel_scan::scan_info> >]’ at /usr/include/c++/11/bits/stl_map.h:501:37,
    inlined from ‘parallel_scan::scan_info parallel_scan::pre_execution_info::get_scan_info(parallel_scan::XASL_NODE_ID)’ at /home/vimkim/gh/cb/oos-readiness-221-release/src/query/parallel/px_scan/px_scan_pre_execution_info.hpp:61:29,
    inlined from ‘int parallel_scan::task<result_type, ST>::initialize(cubthread::entry&) [with parallel_scan::RESULT_TYPE result_type = parallel_scan::RESULT_TYPE::BUILDVALUE_OPT; parallel_scan::SCAN_TYPE ST = parallel_scan::SCAN_TYPE::INDEX]’ at /home/vimkim/gh/cb/oos-readiness-221-release/src/query/parallel/px_scan/px_scan_task.cpp:239:61:
/home/vimkim/gh/cb/oos-readiness-221-release/src/base/memory_cwrapper.h:86:8: warning: ‘void free(void*)’ called on pointer returned from a mismatched allocation function [-Wmismatched-new-delete]
   86 |   free (ptr);
      |   ~~~~~^~~~~
In file included from /usr/include/c++/11/x86_64-redhat-linux/bits/c++allocator.h:33,
                 from /usr/include/c++/11/bits/allocator.h:46,
                 from /usr/include/c++/11/vector:64,
                 from /home/vimkim/gh/cb/oos-readiness-221-release/src/transaction/log_lsa.hpp:32,
                 from /home/vimkim/gh/cb/oos-readiness-221-release/src/storage/disk_manager.h:30,
                 from /home/vimkim/gh/cb/oos-readiness-221-release/src/storage/file_manager.h:32,
                 from /home/vimkim/gh/cb/oos-readiness-221-release/src/query/query_manager.h:34,
                 from /home/vimkim/gh/cb/oos-readiness-221-release/src/query/parallel/px_scan/px_scan_task.hpp:26,
                 from /home/vimkim/gh/cb/oos-readiness-221-release/src/query/parallel/px_scan/px_scan_task.cpp:23:
/usr/include/c++/11/ext/new_allocator.h: In member function ‘int parallel_scan::task<result_type, ST>::initialize(cubthread::entry&) [with parallel_scan::RESULT_TYPE result_type = parallel_scan::RESULT_TYPE::BUILDVALUE_OPT; parallel_scan::SCAN_TYPE ST = parallel_scan::SCAN_TYPE::INDEX]’:
/usr/include/c++/11/ext/new_allocator.h:127:48: note: returned from ‘void* operator new(std::size_t)’
  127 |         return static_cast<_Tp*>(::operator new(__n * sizeof(_Tp)));
      |                                  ~~~~~~~~~~~~~~^~~~~~~~~~~~~~~~~~~
In file included from /home/vimkim/gh/cb/oos-readiness-221-release/src/base/memory_alloc.h:54,
                 from /home/vimkim/gh/cb/oos-readiness-221-release/src/base/memory_hash.h:30,
                 from /home/vimkim/gh/cb/oos-readiness-221-release/src/storage/file_io.h:33,
                 from /home/vimkim/gh/cb/oos-readiness-221-release/src/transaction/log_manager.h:37,
                 from /home/vimkim/gh/cb/oos-readiness-221-release/src/storage/file_manager.h:33,
                 from /home/vimkim/gh/cb/oos-readiness-221-release/src/query/query_manager.h:34,
                 from /home/vimkim/gh/cb/oos-readiness-221-release/src/query/parallel/px_scan/px_scan_task.hpp:26,
                 from /home/vimkim/gh/cb/oos-readiness-221-release/src/query/parallel/px_scan/px_scan_task.cpp:23:
In function ‘void cub_free(void*)’,
    inlined from ‘void operator delete(void*, size_t)’ at /home/vimkim/gh/cb/oos-readiness-221-release/src/base/memory_wrapper.hpp:75:12,
    inlined from ‘void __gnu_cxx::new_allocator<_Tp>::deallocate(_Tp*, __gnu_cxx::new_allocator<_Tp>::size_type) [with _Tp = std::_Rb_tree_node<std::pair<const int, parallel_scan::scan_info> >]’ at /usr/include/c++/11/ext/new_allocator.h:145:19,
    inlined from ‘static void std::allocator_traits<std::allocator<_Tp1> >::deallocate(std::allocator_traits<std::allocator<_Tp1> >::allocator_type&, std::allocator_traits<std::allocator<_Tp1> >::pointer, std::allocator_traits<std::allocator<_Tp1> >::size_type) [with _Tp = std::_Rb_tree_node<std::pair<const int, parallel_scan::scan_info> >]’ at /usr/include/c++/11/bits/alloc_traits.h:496:23,
    inlined from ‘void std::_Rb_tree<_Key, _Val, _KeyOfValue, _Compare, _Alloc>::_M_put_node(std::_Rb_tree<_Key, _Val, _KeyOfValue, _Compare, _Alloc>::_Link_type) [with _Key = int; _Val = std::pair<const int, parallel_scan::scan_info>; _KeyOfValue = std::_Select1st<std::pair<const int, parallel_scan::scan_info> >; _Compare = std::less<int>; _Alloc = std::allocator<std::pair<const int, parallel_scan::scan_info> >]’ at /usr/include/c++/11/bits/stl_tree.h:565:34,
    inlined from ‘void std::_Rb_tree<_Key, _Val, _KeyOfValue, _Compare, _Alloc>::_M_drop_node(std::_Rb_tree<_Key, _Val, _KeyOfValue, _Compare, _Alloc>::_Link_type) [with _Key = int; _Val = std::pair<const int, parallel_scan::scan_info>; _KeyOfValue = std::_Select1st<std::pair<const int, parallel_scan::scan_info> >; _Compare = std::less<int>; _Alloc = std::allocator<std::pair<const int, parallel_scan::scan_info> >]’ at /usr/include/c++/11/bits/stl_tree.h:632:13,
    inlined from ‘std::_Rb_tree<_Key, _Val, _KeyOfValue, _Compare, _Alloc>::iterator std::_Rb_tree<_Key, _Val, _KeyOfValue, _Compare, _Alloc>::_M_emplace_hint_unique(std::_Rb_tree<_Key, _Val, _KeyOfValue, _Compare, _Alloc>::const_iterator, _Args&& ...) [with _Args = {const std::piecewise_construct_t&, std::tuple<const int&>, std::tuple<>}; _Key = int; _Val = std::pair<const int, parallel_scan::scan_info>; _KeyOfValue = std::_Select1st<std::pair<const int, parallel_scan::scan_info> >; _Compare = std::less<int>; _Alloc = std::allocator<std::pair<const int, parallel_scan::scan_info> >]’ at /usr/include/c++/11/bits/stl_tree.h:2440:18,
    inlined from ‘std::map<_Key, _Tp, _Compare, _Alloc>::mapped_type& std::map<_Key, _Tp, _Compare, _Alloc>::operator[](const key_type&) [with _Key = int; _Tp = parallel_scan::scan_info; _Compare = std::less<int>; _Alloc = std::allocator<std::pair<const int, parallel_scan::scan_info> >]’ at /usr/include/c++/11/bits/stl_map.h:501:37,
    inlined from ‘parallel_scan::scan_info parallel_scan::pre_execution_info::get_scan_info(parallel_scan::XASL_NODE_ID)’ at /home/vimkim/gh/cb/oos-readiness-221-release/src/query/parallel/px_scan/px_scan_pre_execution_info.hpp:61:29,
    inlined from ‘int parallel_scan::task<result_type, ST>::initialize(cubthread::entry&) [with parallel_scan::RESULT_TYPE result_type = parallel_scan::RESULT_TYPE::MERGEABLE_LIST; parallel_scan::SCAN_TYPE ST = parallel_scan::SCAN_TYPE::HEAP]’ at /home/vimkim/gh/cb/oos-readiness-221-release/src/query/parallel/px_scan/px_scan_task.cpp:239:61:
/home/vimkim/gh/cb/oos-readiness-221-release/src/base/memory_cwrapper.h:86:8: warning: ‘void free(void*)’ called on pointer returned from a mismatched allocation function [-Wmismatched-new-delete]
   86 |   free (ptr);
      |   ~~~~~^~~~~
In file included from /usr/include/c++/11/x86_64-redhat-linux/bits/c++allocator.h:33,
                 from /usr/include/c++/11/bits/allocator.h:46,
                 from /usr/include/c++/11/vector:64,
                 from /home/vimkim/gh/cb/oos-readiness-221-release/src/transaction/log_lsa.hpp:32,
                 from /home/vimkim/gh/cb/oos-readiness-221-release/src/storage/disk_manager.h:30,
                 from /home/vimkim/gh/cb/oos-readiness-221-release/src/storage/file_manager.h:32,
                 from /home/vimkim/gh/cb/oos-readiness-221-release/src/query/query_manager.h:34,
                 from /home/vimkim/gh/cb/oos-readiness-221-release/src/query/parallel/px_scan/px_scan_task.hpp:26,
                 from /home/vimkim/gh/cb/oos-readiness-221-release/src/query/parallel/px_scan/px_scan_task.cpp:23:
/usr/include/c++/11/ext/new_allocator.h: In member function ‘int parallel_scan::task<result_type, ST>::initialize(cubthread::entry&) [with parallel_scan::RESULT_TYPE result_type = parallel_scan::RESULT_TYPE::MERGEABLE_LIST; parallel_scan::SCAN_TYPE ST = parallel_scan::SCAN_TYPE::HEAP]’:
/usr/include/c++/11/ext/new_allocator.h:127:48: note: returned from ‘void* operator new(std::size_t)’
  127 |         return static_cast<_Tp*>(::operator new(__n * sizeof(_Tp)));
      |                                  ~~~~~~~~~~~~~~^~~~~~~~~~~~~~~~~~~
In file included from /home/vimkim/gh/cb/oos-readiness-221-release/src/base/memory_alloc.h:54,
                 from /home/vimkim/gh/cb/oos-readiness-221-release/src/base/memory_hash.h:30,
                 from /home/vimkim/gh/cb/oos-readiness-221-release/src/storage/file_io.h:33,
                 from /home/vimkim/gh/cb/oos-readiness-221-release/src/transaction/log_manager.h:37,
                 from /home/vimkim/gh/cb/oos-readiness-221-release/src/storage/file_manager.h:33,
                 from /home/vimkim/gh/cb/oos-readiness-221-release/src/query/query_manager.h:34,
                 from /home/vimkim/gh/cb/oos-readiness-221-release/src/query/parallel/px_scan/px_scan_task.hpp:26,
                 from /home/vimkim/gh/cb/oos-readiness-221-release/src/query/parallel/px_scan/px_scan_task.cpp:23:
In function ‘void cub_free(void*)’,
    inlined from ‘void operator delete(void*, size_t)’ at /home/vimkim/gh/cb/oos-readiness-221-release/src/base/memory_wrapper.hpp:75:12,
    inlined from ‘void __gnu_cxx::new_allocator<_Tp>::deallocate(_Tp*, __gnu_cxx::new_allocator<_Tp>::size_type) [with _Tp = std::_Rb_tree_node<std::pair<const int, parallel_scan::scan_info> >]’ at /usr/include/c++/11/ext/new_allocator.h:145:19,
    inlined from ‘static void std::allocator_traits<std::allocator<_Tp1> >::deallocate(std::allocator_traits<std::allocator<_Tp1> >::allocator_type&, std::allocator_traits<std::allocator<_Tp1> >::pointer, std::allocator_traits<std::allocator<_Tp1> >::size_type) [with _Tp = std::_Rb_tree_node<std::pair<const int, parallel_scan::scan_info> >]’ at /usr/include/c++/11/bits/alloc_traits.h:496:23,
    inlined from ‘void std::_Rb_tree<_Key, _Val, _KeyOfValue, _Compare, _Alloc>::_M_put_node(std::_Rb_tree<_Key, _Val, _KeyOfValue, _Compare, _Alloc>::_Link_type) [with _Key = int; _Val = std::pair<const int, parallel_scan::scan_info>; _KeyOfValue = std::_Select1st<std::pair<const int, parallel_scan::scan_info> >; _Compare = std::less<int>; _Alloc = std::allocator<std::pair<const int, parallel_scan::scan_info> >]’ at /usr/include/c++/11/bits/stl_tree.h:565:34,
    inlined from ‘void std::_Rb_tree<_Key, _Val, _KeyOfValue, _Compare, _Alloc>::_M_drop_node(std::_Rb_tree<_Key, _Val, _KeyOfValue, _Compare, _Alloc>::_Link_type) [with _Key = int; _Val = std::pair<const int, parallel_scan::scan_info>; _KeyOfValue = std::_Select1st<std::pair<const int, parallel_scan::scan_info> >; _Compare = std::less<int>; _Alloc = std::allocator<std::pair<const int, parallel_scan::scan_info> >]’ at /usr/include/c++/11/bits/stl_tree.h:632:13,
    inlined from ‘std::_Rb_tree<_Key, _Val, _KeyOfValue, _Compare, _Alloc>::iterator std::_Rb_tree<_Key, _Val, _KeyOfValue, _Compare, _Alloc>::_M_emplace_hint_unique(std::_Rb_tree<_Key, _Val, _KeyOfValue, _Compare, _Alloc>::const_iterator, _Args&& ...) [with _Args = {const std::piecewise_construct_t&, std::tuple<const int&>, std::tuple<>}; _Key = int; _Val = std::pair<const int, parallel_scan::scan_info>; _KeyOfValue = std::_Select1st<std::pair<const int, parallel_scan::scan_info> >; _Compare = std::less<int>; _Alloc = std::allocator<std::pair<const int, parallel_scan::scan_info> >]’ at /usr/include/c++/11/bits/stl_tree.h:2440:18,
    inlined from ‘std::map<_Key, _Tp, _Compare, _Alloc>::mapped_type& std::map<_Key, _Tp, _Compare, _Alloc>::operator[](const key_type&) [with _Key = int; _Tp = parallel_scan::scan_info; _Compare = std::less<int>; _Alloc = std::allocator<std::pair<const int, parallel_scan::scan_info> >]’ at /usr/include/c++/11/bits/stl_map.h:501:37,
    inlined from ‘parallel_scan::scan_info parallel_scan::pre_execution_info::get_scan_info(parallel_scan::XASL_NODE_ID)’ at /home/vimkim/gh/cb/oos-readiness-221-release/src/query/parallel/px_scan/px_scan_pre_execution_info.hpp:61:29,
    inlined from ‘int parallel_scan::task<result_type, ST>::initialize(cubthread::entry&) [with parallel_scan::RESULT_TYPE result_type = parallel_scan::RESULT_TYPE::BUILDVALUE_OPT; parallel_scan::SCAN_TYPE ST = parallel_scan::SCAN_TYPE::HEAP]’ at /home/vimkim/gh/cb/oos-readiness-221-release/src/query/parallel/px_scan/px_scan_task.cpp:239:61:
/home/vimkim/gh/cb/oos-readiness-221-release/src/base/memory_cwrapper.h:86:8: warning: ‘void free(void*)’ called on pointer returned from a mismatched allocation function [-Wmismatched-new-delete]
   86 |   free (ptr);
      |   ~~~~~^~~~~
In file included from /usr/include/c++/11/x86_64-redhat-linux/bits/c++allocator.h:33,
                 from /usr/include/c++/11/bits/allocator.h:46,
                 from /usr/include/c++/11/vector:64,
                 from /home/vimkim/gh/cb/oos-readiness-221-release/src/transaction/log_lsa.hpp:32,
                 from /home/vimkim/gh/cb/oos-readiness-221-release/src/storage/disk_manager.h:30,
                 from /home/vimkim/gh/cb/oos-readiness-221-release/src/storage/file_manager.h:32,
                 from /home/vimkim/gh/cb/oos-readiness-221-release/src/query/query_manager.h:34,
                 from /home/vimkim/gh/cb/oos-readiness-221-release/src/query/parallel/px_scan/px_scan_task.hpp:26,
                 from /home/vimkim/gh/cb/oos-readiness-221-release/src/query/parallel/px_scan/px_scan_task.cpp:23:
/usr/include/c++/11/ext/new_allocator.h: In member function ‘int parallel_scan::task<result_type, ST>::initialize(cubthread::entry&) [with parallel_scan::RESULT_TYPE result_type = parallel_scan::RESULT_TYPE::BUILDVALUE_OPT; parallel_scan::SCAN_TYPE ST = parallel_scan::SCAN_TYPE::HEAP]’:
/usr/include/c++/11/ext/new_allocator.h:127:48: note: returned from ‘void* operator new(std::size_t)’
  127 |         return static_cast<_Tp*>(::operator new(__n * sizeof(_Tp)));
      |                                  ~~~~~~~~~~~~~~^~~~~~~~~~~~~~~~~~~
In file included from /home/vimkim/gh/cb/oos-readiness-221-release/src/base/memory_alloc.h:54,
                 from /home/vimkim/gh/cb/oos-readiness-221-release/src/base/memory_hash.h:30,
                 from /home/vimkim/gh/cb/oos-readiness-221-release/src/storage/file_io.h:33,
                 from /home/vimkim/gh/cb/oos-readiness-221-release/src/transaction/log_manager.h:37,
                 from /home/vimkim/gh/cb/oos-readiness-221-release/src/storage/file_manager.h:33,
                 from /home/vimkim/gh/cb/oos-readiness-221-release/src/query/query_manager.h:34,
                 from /home/vimkim/gh/cb/oos-readiness-221-release/src/query/parallel/px_scan/px_scan_task.hpp:26,
                 from /home/vimkim/gh/cb/oos-readiness-221-release/src/query/parallel/px_scan/px_scan_task.cpp:23:
In function ‘void cub_free(void*)’,
    inlined from ‘void operator delete(void*, size_t)’ at /home/vimkim/gh/cb/oos-readiness-221-release/src/base/memory_wrapper.hpp:75:12,
    inlined from ‘void __gnu_cxx::new_allocator<_Tp>::deallocate(_Tp*, __gnu_cxx::new_allocator<_Tp>::size_type) [with _Tp = std::_Rb_tree_node<std::pair<const int, parallel_scan::scan_info> >]’ at /usr/include/c++/11/ext/new_allocator.h:145:19,
    inlined from ‘static void std::allocator_traits<std::allocator<_Tp1> >::deallocate(std::allocator_traits<std::allocator<_Tp1> >::allocator_type&, std::allocator_traits<std::allocator<_Tp1> >::pointer, std::allocator_traits<std::allocator<_Tp1> >::size_type) [with _Tp = std::_Rb_tree_node<std::pair<const int, parallel_scan::scan_info> >]’ at /usr/include/c++/11/bits/alloc_traits.h:496:23,
    inlined from ‘void std::_Rb_tree<_Key, _Val, _KeyOfValue, _Compare, _Alloc>::_M_put_node(std::_Rb_tree<_Key, _Val, _KeyOfValue, _Compare, _Alloc>::_Link_type) [with _Key = int; _Val = std::pair<const int, parallel_scan::scan_info>; _KeyOfValue = std::_Select1st<std::pair<const int, parallel_scan::scan_info> >; _Compare = std::less<int>; _Alloc = std::allocator<std::pair<const int, parallel_scan::scan_info> >]’ at /usr/include/c++/11/bits/stl_tree.h:565:34,
    inlined from ‘void std::_Rb_tree<_Key, _Val, _KeyOfValue, _Compare, _Alloc>::_M_drop_node(std::_Rb_tree<_Key, _Val, _KeyOfValue, _Compare, _Alloc>::_Link_type) [with _Key = int; _Val = std::pair<const int, parallel_scan::scan_info>; _KeyOfValue = std::_Select1st<std::pair<const int, parallel_scan::scan_info> >; _Compare = std::less<int>; _Alloc = std::allocator<std::pair<const int, parallel_scan::scan_info> >]’ at /usr/include/c++/11/bits/stl_tree.h:632:13,
    inlined from ‘std::_Rb_tree<_Key, _Val, _KeyOfValue, _Compare, _Alloc>::iterator std::_Rb_tree<_Key, _Val, _KeyOfValue, _Compare, _Alloc>::_M_emplace_hint_unique(std::_Rb_tree<_Key, _Val, _KeyOfValue, _Compare, _Alloc>::const_iterator, _Args&& ...) [with _Args = {const std::piecewise_construct_t&, std::tuple<const int&>, std::tuple<>}; _Key = int; _Val = std::pair<const int, parallel_scan::scan_info>; _KeyOfValue = std::_Select1st<std::pair<const int, parallel_scan::scan_info> >; _Compare = std::less<int>; _Alloc = std::allocator<std::pair<const int, parallel_scan::scan_info> >]’ at /usr/include/c++/11/bits/stl_tree.h:2440:18,
    inlined from ‘std::map<_Key, _Tp, _Compare, _Alloc>::mapped_type& std::map<_Key, _Tp, _Compare, _Alloc>::operator[](const key_type&) [with _Key = int; _Tp = parallel_scan::scan_info; _Compare = std::less<int>; _Alloc = std::allocator<std::pair<const int, parallel_scan::scan_info> >]’ at /usr/include/c++/11/bits/stl_map.h:501:37,
    inlined from ‘parallel_scan::scan_info parallel_scan::pre_execution_info::get_scan_info(parallel_scan::XASL_NODE_ID)’ at /home/vimkim/gh/cb/oos-readiness-221-release/src/query/parallel/px_scan/px_scan_pre_execution_info.hpp:61:29,
    inlined from ‘int parallel_scan::task<result_type, ST>::initialize(cubthread::entry&) [with parallel_scan::RESULT_TYPE result_type = parallel_scan::RESULT_TYPE::MERGEABLE_LIST; parallel_scan::SCAN_TYPE ST = parallel_scan::SCAN_TYPE::LIST]’ at /home/vimkim/gh/cb/oos-readiness-221-release/src/query/parallel/px_scan/px_scan_task.cpp:239:61:
/home/vimkim/gh/cb/oos-readiness-221-release/src/base/memory_cwrapper.h:86:8: warning: ‘void free(void*)’ called on pointer returned from a mismatched allocation function [-Wmismatched-new-delete]
   86 |   free (ptr);
      |   ~~~~~^~~~~
In file included from /usr/include/c++/11/x86_64-redhat-linux/bits/c++allocator.h:33,
                 from /usr/include/c++/11/bits/allocator.h:46,
                 from /usr/include/c++/11/vector:64,
                 from /home/vimkim/gh/cb/oos-readiness-221-release/src/transaction/log_lsa.hpp:32,
                 from /home/vimkim/gh/cb/oos-readiness-221-release/src/storage/disk_manager.h:30,
                 from /home/vimkim/gh/cb/oos-readiness-221-release/src/storage/file_manager.h:32,
                 from /home/vimkim/gh/cb/oos-readiness-221-release/src/query/query_manager.h:34,
                 from /home/vimkim/gh/cb/oos-readiness-221-release/src/query/parallel/px_scan/px_scan_task.hpp:26,
                 from /home/vimkim/gh/cb/oos-readiness-221-release/src/query/parallel/px_scan/px_scan_task.cpp:23:
/usr/include/c++/11/ext/new_allocator.h: In member function ‘int parallel_scan::task<result_type, ST>::initialize(cubthread::entry&) [with parallel_scan::RESULT_TYPE result_type = parallel_scan::RESULT_TYPE::MERGEABLE_LIST; parallel_scan::SCAN_TYPE ST = parallel_scan::SCAN_TYPE::LIST]’:
/usr/include/c++/11/ext/new_allocator.h:127:48: note: returned from ‘void* operator new(std::size_t)’
  127 |         return static_cast<_Tp*>(::operator new(__n * sizeof(_Tp)));
      |                                  ~~~~~~~~~~~~~~^~~~~~~~~~~~~~~~~~~
In file included from /home/vimkim/gh/cb/oos-readiness-221-release/src/base/memory_alloc.h:54,
                 from /home/vimkim/gh/cb/oos-readiness-221-release/src/base/memory_hash.h:30,
                 from /home/vimkim/gh/cb/oos-readiness-221-release/src/storage/file_io.h:33,
                 from /home/vimkim/gh/cb/oos-readiness-221-release/src/transaction/log_manager.h:37,
                 from /home/vimkim/gh/cb/oos-readiness-221-release/src/storage/file_manager.h:33,
                 from /home/vimkim/gh/cb/oos-readiness-221-release/src/query/query_manager.h:34,
                 from /home/vimkim/gh/cb/oos-readiness-221-release/src/query/parallel/px_scan/px_scan_task.hpp:26,
                 from /home/vimkim/gh/cb/oos-readiness-221-release/src/query/parallel/px_scan/px_scan_task.cpp:23:
In function ‘void cub_free(void*)’,
    inlined from ‘void operator delete(void*, size_t)’ at /home/vimkim/gh/cb/oos-readiness-221-release/src/base/memory_wrapper.hpp:75:12,
    inlined from ‘void __gnu_cxx::new_allocator<_Tp>::deallocate(_Tp*, __gnu_cxx::new_allocator<_Tp>::size_type) [with _Tp = std::_Rb_tree_node<std::pair<const int, parallel_scan::scan_info> >]’ at /usr/include/c++/11/ext/new_allocator.h:145:19,
    inlined from ‘static void std::allocator_traits<std::allocator<_Tp1> >::deallocate(std::allocator_traits<std::allocator<_Tp1> >::allocator_type&, std::allocator_traits<std::allocator<_Tp1> >::pointer, std::allocator_traits<std::allocator<_Tp1> >::size_type) [with _Tp = std::_Rb_tree_node<std::pair<const int, parallel_scan::scan_info> >]’ at /usr/include/c++/11/bits/alloc_traits.h:496:23,
    inlined from ‘void std::_Rb_tree<_Key, _Val, _KeyOfValue, _Compare, _Alloc>::_M_put_node(std::_Rb_tree<_Key, _Val, _KeyOfValue, _Compare, _Alloc>::_Link_type) [with _Key = int; _Val = std::pair<const int, parallel_scan::scan_info>; _KeyOfValue = std::_Select1st<std::pair<const int, parallel_scan::scan_info> >; _Compare = std::less<int>; _Alloc = std::allocator<std::pair<const int, parallel_scan::scan_info> >]’ at /usr/include/c++/11/bits/stl_tree.h:565:34,
    inlined from ‘void std::_Rb_tree<_Key, _Val, _KeyOfValue, _Compare, _Alloc>::_M_drop_node(std::_Rb_tree<_Key, _Val, _KeyOfValue, _Compare, _Alloc>::_Link_type) [with _Key = int; _Val = std::pair<const int, parallel_scan::scan_info>; _KeyOfValue = std::_Select1st<std::pair<const int, parallel_scan::scan_info> >; _Compare = std::less<int>; _Alloc = std::allocator<std::pair<const int, parallel_scan::scan_info> >]’ at /usr/include/c++/11/bits/stl_tree.h:632:13,
    inlined from ‘std::_Rb_tree<_Key, _Val, _KeyOfValue, _Compare, _Alloc>::iterator std::_Rb_tree<_Key, _Val, _KeyOfValue, _Compare, _Alloc>::_M_emplace_hint_unique(std::_Rb_tree<_Key, _Val, _KeyOfValue, _Compare, _Alloc>::const_iterator, _Args&& ...) [with _Args = {const std::piecewise_construct_t&, std::tuple<const int&>, std::tuple<>}; _Key = int; _Val = std::pair<const int, parallel_scan::scan_info>; _KeyOfValue = std::_Select1st<std::pair<const int, parallel_scan::scan_info> >; _Compare = std::less<int>; _Alloc = std::allocator<std::pair<const int, parallel_scan::scan_info> >]’ at /usr/include/c++/11/bits/stl_tree.h:2440:18,
    inlined from ‘std::map<_Key, _Tp, _Compare, _Alloc>::mapped_type& std::map<_Key, _Tp, _Compare, _Alloc>::operator[](const key_type&) [with _Key = int; _Tp = parallel_scan::scan_info; _Compare = std::less<int>; _Alloc = std::allocator<std::pair<const int, parallel_scan::scan_info> >]’ at /usr/include/c++/11/bits/stl_map.h:501:37,
    inlined from ‘parallel_scan::scan_info parallel_scan::pre_execution_info::get_scan_info(parallel_scan::XASL_NODE_ID)’ at /home/vimkim/gh/cb/oos-readiness-221-release/src/query/parallel/px_scan/px_scan_pre_execution_info.hpp:61:29,
    inlined from ‘int parallel_scan::task<result_type, ST>::initialize(cubthread::entry&) [with parallel_scan::RESULT_TYPE result_type = parallel_scan::RESULT_TYPE::BUILDVALUE_OPT; parallel_scan::SCAN_TYPE ST = parallel_scan::SCAN_TYPE::LIST]’ at /home/vimkim/gh/cb/oos-readiness-221-release/src/query/parallel/px_scan/px_scan_task.cpp:239:61:
/home/vimkim/gh/cb/oos-readiness-221-release/src/base/memory_cwrapper.h:86:8: warning: ‘void free(void*)’ called on pointer returned from a mismatched allocation function [-Wmismatched-new-delete]
   86 |   free (ptr);
      |   ~~~~~^~~~~
In file included from /usr/include/c++/11/x86_64-redhat-linux/bits/c++allocator.h:33,
                 from /usr/include/c++/11/bits/allocator.h:46,
                 from /usr/include/c++/11/vector:64,
                 from /home/vimkim/gh/cb/oos-readiness-221-release/src/transaction/log_lsa.hpp:32,
                 from /home/vimkim/gh/cb/oos-readiness-221-release/src/storage/disk_manager.h:30,
                 from /home/vimkim/gh/cb/oos-readiness-221-release/src/storage/file_manager.h:32,
                 from /home/vimkim/gh/cb/oos-readiness-221-release/src/query/query_manager.h:34,
                 from /home/vimkim/gh/cb/oos-readiness-221-release/src/query/parallel/px_scan/px_scan_task.hpp:26,
                 from /home/vimkim/gh/cb/oos-readiness-221-release/src/query/parallel/px_scan/px_scan_task.cpp:23:
/usr/include/c++/11/ext/new_allocator.h: In member function ‘int parallel_scan::task<result_type, ST>::initialize(cubthread::entry&) [with parallel_scan::RESULT_TYPE result_type = parallel_scan::RESULT_TYPE::BUILDVALUE_OPT; parallel_scan::SCAN_TYPE ST = parallel_scan::SCAN_TYPE::LIST]’:
/usr/include/c++/11/ext/new_allocator.h:127:48: note: returned from ‘void* operator new(std::size_t)’
  127 |         return static_cast<_Tp*>(::operator new(__n * sizeof(_Tp)));
      |                                  ~~~~~~~~~~~~~~^~~~~~~~~~~~~~~~~~~
In file included from /home/vimkim/gh/cb/oos-readiness-221-release/src/base/memory_alloc.h:54,
                 from /home/vimkim/gh/cb/oos-readiness-221-release/src/base/memory_hash.h:30,
                 from /home/vimkim/gh/cb/oos-readiness-221-release/src/storage/file_io.h:33,
                 from /home/vimkim/gh/cb/oos-readiness-221-release/src/transaction/log_manager.h:37,
                 from /home/vimkim/gh/cb/oos-readiness-221-release/src/storage/file_manager.h:33,
                 from /home/vimkim/gh/cb/oos-readiness-221-release/src/query/query_manager.h:34,
                 from /home/vimkim/gh/cb/oos-readiness-221-release/src/query/parallel/px_scan/px_scan_task.hpp:26,
                 from /home/vimkim/gh/cb/oos-readiness-221-release/src/query/parallel/px_scan/px_scan_task.cpp:23:
In function ‘void cub_free(void*)’,
    inlined from ‘void operator delete(void*, size_t)’ at /home/vimkim/gh/cb/oos-readiness-221-release/src/base/memory_wrapper.hpp:75:12,
    inlined from ‘void __gnu_cxx::new_allocator<_Tp>::deallocate(_Tp*, __gnu_cxx::new_allocator<_Tp>::size_type) [with _Tp = std::_Rb_tree_node<std::pair<const int, parallel_scan::scan_info> >]’ at /usr/include/c++/11/ext/new_allocator.h:145:19,
    inlined from ‘static void std::allocator_traits<std::allocator<_Tp1> >::deallocate(std::allocator_traits<std::allocator<_Tp1> >::allocator_type&, std::allocator_traits<std::allocator<_Tp1> >::pointer, std::allocator_traits<std::allocator<_Tp1> >::size_type) [with _Tp = std::_Rb_tree_node<std::pair<const int, parallel_scan::scan_info> >]’ at /usr/include/c++/11/bits/alloc_traits.h:496:23,
    inlined from ‘void std::_Rb_tree<_Key, _Val, _KeyOfValue, _Compare, _Alloc>::_M_put_node(std::_Rb_tree<_Key, _Val, _KeyOfValue, _Compare, _Alloc>::_Link_type) [with _Key = int; _Val = std::pair<const int, parallel_scan::scan_info>; _KeyOfValue = std::_Select1st<std::pair<const int, parallel_scan::scan_info> >; _Compare = std::less<int>; _Alloc = std::allocator<std::pair<const int, parallel_scan::scan_info> >]’ at /usr/include/c++/11/bits/stl_tree.h:565:34,
    inlined from ‘void std::_Rb_tree<_Key, _Val, _KeyOfValue, _Compare, _Alloc>::_M_drop_node(std::_Rb_tree<_Key, _Val, _KeyOfValue, _Compare, _Alloc>::_Link_type) [with _Key = int; _Val = std::pair<const int, parallel_scan::scan_info>; _KeyOfValue = std::_Select1st<std::pair<const int, parallel_scan::scan_info> >; _Compare = std::less<int>; _Alloc = std::allocator<std::pair<const int, parallel_scan::scan_info> >]’ at /usr/include/c++/11/bits/stl_tree.h:632:13,
    inlined from ‘std::_Rb_tree<_Key, _Val, _KeyOfValue, _Compare, _Alloc>::iterator std::_Rb_tree<_Key, _Val, _KeyOfValue, _Compare, _Alloc>::_M_emplace_hint_unique(std::_Rb_tree<_Key, _Val, _KeyOfValue, _Compare, _Alloc>::const_iterator, _Args&& ...) [with _Args = {const std::piecewise_construct_t&, std::tuple<const int&>, std::tuple<>}; _Key = int; _Val = std::pair<const int, parallel_scan::scan_info>; _KeyOfValue = std::_Select1st<std::pair<const int, parallel_scan::scan_info> >; _Compare = std::less<int>; _Alloc = std::allocator<std::pair<const int, parallel_scan::scan_info> >]’ at /usr/include/c++/11/bits/stl_tree.h:2440:18,
    inlined from ‘std::map<_Key, _Tp, _Compare, _Alloc>::mapped_type& std::map<_Key, _Tp, _Compare, _Alloc>::operator[](const key_type&) [with _Key = int; _Tp = parallel_scan::scan_info; _Compare = std::less<int>; _Alloc = std::allocator<std::pair<const int, parallel_scan::scan_info> >]’ at /usr/include/c++/11/bits/stl_map.h:501:37,
    inlined from ‘parallel_scan::scan_info parallel_scan::pre_execution_info::get_scan_info(parallel_scan::XASL_NODE_ID)’ at /home/vimkim/gh/cb/oos-readiness-221-release/src/query/parallel/px_scan/px_scan_pre_execution_info.hpp:61:29,
    inlined from ‘int parallel_scan::task<result_type, ST>::initialize(cubthread::entry&) [with parallel_scan::RESULT_TYPE result_type = parallel_scan::RESULT_TYPE::MERGEABLE_LIST; parallel_scan::SCAN_TYPE ST = parallel_scan::SCAN_TYPE::INDEX]’ at /home/vimkim/gh/cb/oos-readiness-221-release/src/query/parallel/px_scan/px_scan_task.cpp:239:61:
/home/vimkim/gh/cb/oos-readiness-221-release/src/base/memory_cwrapper.h:86:8: warning: ‘void free(void*)’ called on pointer returned from a mismatched allocation function [-Wmismatched-new-delete]
   86 |   free (ptr);
      |   ~~~~~^~~~~
In file included from /usr/include/c++/11/x86_64-redhat-linux/bits/c++allocator.h:33,
                 from /usr/include/c++/11/bits/allocator.h:46,
                 from /usr/include/c++/11/vector:64,
                 from /home/vimkim/gh/cb/oos-readiness-221-release/src/transaction/log_lsa.hpp:32,
                 from /home/vimkim/gh/cb/oos-readiness-221-release/src/storage/disk_manager.h:30,
                 from /home/vimkim/gh/cb/oos-readiness-221-release/src/storage/file_manager.h:32,
                 from /home/vimkim/gh/cb/oos-readiness-221-release/src/query/query_manager.h:34,
                 from /home/vimkim/gh/cb/oos-readiness-221-release/src/query/parallel/px_scan/px_scan_task.hpp:26,
                 from /home/vimkim/gh/cb/oos-readiness-221-release/src/query/parallel/px_scan/px_scan_task.cpp:23:
/usr/include/c++/11/ext/new_allocator.h: In member function ‘int parallel_scan::task<result_type, ST>::initialize(cubthread::entry&) [with parallel_scan::RESULT_TYPE result_type = parallel_scan::RESULT_TYPE::MERGEABLE_LIST; parallel_scan::SCAN_TYPE ST = parallel_scan::SCAN_TYPE::INDEX]’:
/usr/include/c++/11/ext/new_allocator.h:127:48: note: returned from ‘void* operator new(std::size_t)’
  127 |         return static_cast<_Tp*>(::operator new(__n * sizeof(_Tp)));
      |                                  ~~~~~~~~~~~~~~^~~~~~~~~~~~~~~~~~~
[1293/1448] Building CXX object cm_common/CMakeFiles/cmstat.dir/__/src/cm_common/cm_mem_cpu_stat.c.o
[1294/1448] Building CXX object broker/CMakeFiles/cub_proxy.dir/__/src/broker/shard_proxy_function.c.o
[1295/1448] Building CXX object broker/CMakeFiles/broker_log_top.dir/__/src/broker/shard_metadata.c.o
[1296/1448] Building CXX object broker/CMakeFiles/brokeradmin.dir/__/src/broker/broker_filename.c.o
[1297/1448] Building CXX object cm_common/CMakeFiles/cmstat.dir/__/src/cm_common/cm_utils.c.o
[1298/1448] Building CXX object broker/CMakeFiles/cubrid_replay.dir/__/src/broker/broker_log_replay.c.o
[1299/1448] Building CXX object cm_common/CMakeFiles/cmdep.dir/__/src/cm_common/cm_utils.c.o
[1300/1448] Building CXX object timezones/CMakeFiles/gen_timezone.dir/__/src/executables/generate_timezone.cpp.o
[1301/1448] Building CXX object broker/CMakeFiles/cubrid_replay.dir/__/src/base/filesys_temp.cpp.o
[1302/1448] Building CXX object broker/CMakeFiles/brokeradmin.dir/__/src/broker/shard_metadata.c.o
[1303/1448] Building CXX object broker/CMakeFiles/brokeradmin.dir/__/src/broker/broker_admin_so.c.o
[1304/1448] Building CXX object cubrid/CMakeFiles/cubrid.dir/__/src/query/parallel/px_scan/px_scan.cpp.o
[1305/1448] Building CXX object broker/CMakeFiles/brokeradmin.dir/__/src/broker/shard_shm.c.o
[1306/1448] Building CXX object cubrid/CMakeFiles/cubrid.dir/__/src/query/parallel/px_scan/px_scan_result_handler.cpp.o
[1307/1448] Building CXX object cm_common/CMakeFiles/cub_jobsa.dir/__/src/cm_common/cm_class_info_sa.c.o
[1308/1448] Building CXX object broker/CMakeFiles/cas_common_lib.dir/__/src/broker/cas_common_main.c.o
[1309/1448] Building CXX object cm_common/CMakeFiles/cub_sainfo.dir/__/src/cm_common/cm_class_info_sa.c.o
[1310/1448] Building CXX object broker/CMakeFiles/cub_cas.dir/__/src/broker/cas.c.o
[1311/1448] Building C object cs/CMakeFiles/cubridcs.dir/__/csql_grammar.c.o
/home/vimkim/gh/cb/oos-readiness-221-release/build_preset_release_gcc/csql_grammar.c: In function ‘yyuserAction’:
/home/vimkim/gh/cb/oos-readiness-221-release/build_preset_release_gcc/csql_grammar.c:42611:80: warning: implicit conversion from ‘enum pt_currency_types’ to ‘DB_CURRENCY’ [-Wenum-conversion]
42611 |                             pt_value_set_monetary (this_parser, val, str, txt, PT_CURRENCY_YEN);
      |                                                                                ^~~~~~~~~~~~~~~
/home/vimkim/gh/cb/oos-readiness-221-release/build_preset_release_gcc/csql_grammar.c:42631:80: warning: implicit conversion from ‘enum pt_currency_types’ to ‘DB_CURRENCY’ [-Wenum-conversion]
42631 |                             pt_value_set_monetary (this_parser, val, str, txt, PT_CURRENCY_DOLLAR);
      |                                                                                ^~~~~~~~~~~~~~~~~~
/home/vimkim/gh/cb/oos-readiness-221-release/build_preset_release_gcc/csql_grammar.c:42651:80: warning: implicit conversion from ‘enum pt_currency_types’ to ‘DB_CURRENCY’ [-Wenum-conversion]
42651 |                             pt_value_set_monetary (this_parser, val, str, txt, PT_CURRENCY_WON);
      |                                                                                ^~~~~~~~~~~~~~~
/home/vimkim/gh/cb/oos-readiness-221-release/build_preset_release_gcc/csql_grammar.c:42671:80: warning: implicit conversion from ‘enum pt_currency_types’ to ‘DB_CURRENCY’ [-Wenum-conversion]
42671 |                             pt_value_set_monetary (this_parser, val, str, txt, PT_CURRENCY_TL);
      |                                                                                ^~~~~~~~~~~~~~
/home/vimkim/gh/cb/oos-readiness-221-release/build_preset_release_gcc/csql_grammar.c:42691:80: warning: implicit conversion from ‘enum pt_currency_types’ to ‘DB_CURRENCY’ [-Wenum-conversion]
42691 |                             pt_value_set_monetary (this_parser, val, str, txt, PT_CURRENCY_BRITISH_POUND);
      |                                                                                ^~~~~~~~~~~~~~~~~~~~~~~~~
/home/vimkim/gh/cb/oos-readiness-221-release/build_preset_release_gcc/csql_grammar.c:42710:80: warning: implicit conversion from ‘enum pt_currency_types’ to ‘DB_CURRENCY’ [-Wenum-conversion]
42710 |                             pt_value_set_monetary (this_parser, val, str, txt, PT_CURRENCY_CAMBODIAN_RIEL);
      |                                                                                ^~~~~~~~~~~~~~~~~~~~~~~~~~
/home/vimkim/gh/cb/oos-readiness-221-release/build_preset_release_gcc/csql_grammar.c:42729:80: warning: implicit conversion from ‘enum pt_currency_types’ to ‘DB_CURRENCY’ [-Wenum-conversion]
42729 |                             pt_value_set_monetary (this_parser, val, str, txt, PT_CURRENCY_CHINESE_RENMINBI);
      |                                                                                ^~~~~~~~~~~~~~~~~~~~~~~~~~~~
/home/vimkim/gh/cb/oos-readiness-221-release/build_preset_release_gcc/csql_grammar.c:42748:80: warning: implicit conversion from ‘enum pt_currency_types’ to ‘DB_CURRENCY’ [-Wenum-conversion]
42748 |                             pt_value_set_monetary (this_parser, val, str, txt, PT_CURRENCY_INDIAN_RUPEE);
      |                                                                                ^~~~~~~~~~~~~~~~~~~~~~~~
/home/vimkim/gh/cb/oos-readiness-221-release/build_preset_release_gcc/csql_grammar.c:42767:80: warning: implicit conversion from ‘enum pt_currency_types’ to ‘DB_CURRENCY’ [-Wenum-conversion]
42767 |                             pt_value_set_monetary (this_parser, val, str, txt, PT_CURRENCY_RUSSIAN_RUBLE);
      |                                                                                ^~~~~~~~~~~~~~~~~~~~~~~~~
/home/vimkim/gh/cb/oos-readiness-221-release/build_preset_release_gcc/csql_grammar.c:42786:80: warning: implicit conversion from ‘enum pt_currency_types’ to ‘DB_CURRENCY’ [-Wenum-conversion]
42786 |                             pt_value_set_monetary (this_parser, val, str, txt, PT_CURRENCY_AUSTRALIAN_DOLLAR);
      |                                                                                ^~~~~~~~~~~~~~~~~~~~~~~~~~~~~
/home/vimkim/gh/cb/oos-readiness-221-release/build_preset_release_gcc/csql_grammar.c:42805:80: warning: implicit conversion from ‘enum pt_currency_types’ to ‘DB_CURRENCY’ [-Wenum-conversion]
42805 |                             pt_value_set_monetary (this_parser, val, str, txt, PT_CURRENCY_CANADIAN_DOLLAR);
      |                                                                                ^~~~~~~~~~~~~~~~~~~~~~~~~~~
/home/vimkim/gh/cb/oos-readiness-221-release/build_preset_release_gcc/csql_grammar.c:42824:80: warning: implicit conversion from ‘enum pt_currency_types’ to ‘DB_CURRENCY’ [-Wenum-conversion]
42824 |                             pt_value_set_monetary (this_parser, val, str, txt, PT_CURRENCY_BRASILIAN_REAL);
      |                                                                                ^~~~~~~~~~~~~~~~~~~~~~~~~~
/home/vimkim/gh/cb/oos-readiness-221-release/build_preset_release_gcc/csql_grammar.c:42843:80: warning: implicit conversion from ‘enum pt_currency_types’ to ‘DB_CURRENCY’ [-Wenum-conversion]
42843 |                             pt_value_set_monetary (this_parser, val, str, txt, PT_CURRENCY_ROMANIAN_LEU);
      |                                                                                ^~~~~~~~~~~~~~~~~~~~~~~~
/home/vimkim/gh/cb/oos-readiness-221-release/build_preset_release_gcc/csql_grammar.c:42862:80: warning: implicit conversion from ‘enum pt_currency_types’ to ‘DB_CURRENCY’ [-Wenum-conversion]
42862 |                             pt_value_set_monetary (this_parser, val, str, txt, PT_CURRENCY_EURO);
      |                                                                                ^~~~~~~~~~~~~~~~
/home/vimkim/gh/cb/oos-readiness-221-release/build_preset_release_gcc/csql_grammar.c:42881:80: warning: implicit conversion from ‘enum pt_currency_types’ to ‘DB_CURRENCY’ [-Wenum-conversion]
42881 |                             pt_value_set_monetary (this_parser, val, str, txt, PT_CURRENCY_SWISS_FRANC);
      |                                                                                ^~~~~~~~~~~~~~~~~~~~~~~
/home/vimkim/gh/cb/oos-readiness-221-release/build_preset_release_gcc/csql_grammar.c:42900:80: warning: implicit conversion from ‘enum pt_currency_types’ to ‘DB_CURRENCY’ [-Wenum-conversion]
42900 |                             pt_value_set_monetary (this_parser, val, str, txt, PT_CURRENCY_DANISH_KRONE);
      |                                                                                ^~~~~~~~~~~~~~~~~~~~~~~~
/home/vimkim/gh/cb/oos-readiness-221-release/build_preset_release_gcc/csql_grammar.c:42919:80: warning: implicit conversion from ‘enum pt_currency_types’ to ‘DB_CURRENCY’ [-Wenum-conversion]
42919 |                             pt_value_set_monetary (this_parser, val, str, txt, PT_CURRENCY_NORWEGIAN_KRONE);
      |                                                                                ^~~~~~~~~~~~~~~~~~~~~~~~~~~
/home/vimkim/gh/cb/oos-readiness-221-release/build_preset_release_gcc/csql_grammar.c:42938:80: warning: implicit conversion from ‘enum pt_currency_types’ to ‘DB_CURRENCY’ [-Wenum-conversion]
42938 |                             pt_value_set_monetary (this_parser, val, str, txt, PT_CURRENCY_BULGARIAN_LEV);
      |                                                                                ^~~~~~~~~~~~~~~~~~~~~~~~~
/home/vimkim/gh/cb/oos-readiness-221-release/build_preset_release_gcc/csql_grammar.c:42957:80: warning: implicit conversion from ‘enum pt_currency_types’ to ‘DB_CURRENCY’ [-Wenum-conversion]
42957 |                             pt_value_set_monetary (this_parser, val, str, txt, PT_CURRENCY_VIETNAMESE_DONG);
      |                                                                                ^~~~~~~~~~~~~~~~~~~~~~~~~~~
/home/vimkim/gh/cb/oos-readiness-221-release/build_preset_release_gcc/csql_grammar.c:42976:80: warning: implicit conversion from ‘enum pt_currency_types’ to ‘DB_CURRENCY’ [-Wenum-conversion]
42976 |                             pt_value_set_monetary (this_parser, val, str, txt, PT_CURRENCY_CZECH_KORUNA);
      |                                                                                ^~~~~~~~~~~~~~~~~~~~~~~~
/home/vimkim/gh/cb/oos-readiness-221-release/build_preset_release_gcc/csql_grammar.c:42995:80: warning: implicit conversion from ‘enum pt_currency_types’ to ‘DB_CURRENCY’ [-Wenum-conversion]
42995 |                             pt_value_set_monetary (this_parser, val, str, txt, PT_CURRENCY_POLISH_ZLOTY);
      |                                                                                ^~~~~~~~~~~~~~~~~~~~~~~~
/home/vimkim/gh/cb/oos-readiness-221-release/build_preset_release_gcc/csql_grammar.c:43014:80: warning: implicit conversion from ‘enum pt_currency_types’ to ‘DB_CURRENCY’ [-Wenum-conversion]
43014 |                             pt_value_set_monetary (this_parser, val, str, txt, PT_CURRENCY_SWEDISH_KRONA);
      |                                                                                ^~~~~~~~~~~~~~~~~~~~~~~~~
/home/vimkim/gh/cb/oos-readiness-221-release/build_preset_release_gcc/csql_grammar.c:43033:80: warning: implicit conversion from ‘enum pt_currency_types’ to ‘DB_CURRENCY’ [-Wenum-conversion]
43033 |                             pt_value_set_monetary (this_parser, val, str, txt, PT_CURRENCY_CROATIAN_KUNA);
      |                                                                                ^~~~~~~~~~~~~~~~~~~~~~~~~
/home/vimkim/gh/cb/oos-readiness-221-release/build_preset_release_gcc/csql_grammar.c:43052:80: warning: implicit conversion from ‘enum pt_currency_types’ to ‘DB_CURRENCY’ [-Wenum-conversion]
43052 |                             pt_value_set_monetary (this_parser, val, str, txt, PT_CURRENCY_SERBIAN_DINAR);
      |                                                                                ^~~~~~~~~~~~~~~~~~~~~~~~~
/home/vimkim/gh/cb/oos-readiness-221-release/build_preset_release_gcc/csql_grammar.c: In function ‘pt_value_set_monetary’:
/home/vimkim/gh/cb/oos-readiness-221-release/build_preset_release_gcc/csql_grammar.c:49108:42: warning: implicit conversion from ‘DB_CURRENCY’ to ‘PT_CURRENCY’ {aka ‘enum pt_currency_types’} [-Wenum-conversion]
49108 |   node->info.value.data_value.money.type = type;
      |                                          ^
[1312/1448] Building CXX object broker/CMakeFiles/cubrid_broker.dir/__/src/broker/query_replace.c.o
[1313/1448] Building CXX object broker/CMakeFiles/broker_changer.dir/__/src/broker/query_replace.c.o
[1314/1448] Building CXX object broker/CMakeFiles/cas_common_lib.dir/__/src/base/ddl_log.c.o
[1315/1448] Building CXX object broker/CMakeFiles/broker_tester.dir/__/src/broker/broker_config.c.o
[1316/1448] Building CXX object broker/CMakeFiles/cas_cgw_lib.dir/__/src/broker/cas_cgw_execute.c.o
[1317/1448] Building CXX object broker/CMakeFiles/cas_cgw_lib.dir/__/src/broker/cas_cgw_function.c.o
[1318/1448] Building CXX object broker/CMakeFiles/broker_log_top.dir/__/src/broker/broker_config.c.o
[1319/1448] Building CXX object broker/CMakeFiles/cub_cas_cgw.dir/__/src/broker/cas_cgw.c.o
[1320/1448] Building CXX object broker/CMakeFiles/cubrid_gateway.dir/__/src/broker/query_replace.c.o
[1321/1448] Building CXX object broker/CMakeFiles/cub_cas.dir/__/src/broker/cas_function.c.o
[1322/1448] Building CXX object broker/CMakeFiles/brokeradmin.dir/__/src/broker/broker_config.c.o
[1323/1448] Building CXX object cubrid/CMakeFiles/cubrid.dir/__/src/transaction/log_manager.c.o
In file included from /home/vimkim/gh/cb/oos-readiness-221-release/src/base/memory_alloc.h:54,
                 from /home/vimkim/gh/cb/oos-readiness-221-release/src/base/memory_hash.h:30,
                 from /home/vimkim/gh/cb/oos-readiness-221-release/src/storage/file_io.h:33,
                 from /home/vimkim/gh/cb/oos-readiness-221-release/src/transaction/log_manager.h:37,
                 from /home/vimkim/gh/cb/oos-readiness-221-release/src/transaction/log_manager.c:47:
In function ‘void cub_free(void*)’,
    inlined from ‘void operator delete(void*, size_t)’ at /home/vimkim/gh/cb/oos-readiness-221-release/src/base/memory_wrapper.hpp:75:12,
    inlined from ‘void __gnu_cxx::new_allocator<_Tp>::deallocate(_Tp*, __gnu_cxx::new_allocator<_Tp>::size_type) [with _Tp = std::__detail::_Hash_node<std::pair<const int, int>, false>]’ at /usr/include/c++/11/ext/new_allocator.h:145:19,
    inlined from ‘static void std::allocator_traits<std::allocator<_Tp1> >::deallocate(std::allocator_traits<std::allocator<_Tp1> >::allocator_type&, std::allocator_traits<std::allocator<_Tp1> >::pointer, std::allocator_traits<std::allocator<_Tp1> >::size_type) [with _Tp = std::__detail::_Hash_node<std::pair<const int, int>, false>]’ at /usr/include/c++/11/bits/alloc_traits.h:496:23,
    inlined from ‘void std::__detail::_Hashtable_alloc<_NodeAlloc>::_M_deallocate_node_ptr(std::__detail::_Hashtable_alloc<_NodeAlloc>::__node_ptr) [with _NodeAlloc = std::allocator<std::__detail::_Hash_node<std::pair<const int, int>, false> >]’ at /usr/include/c++/11/bits/hashtable_policy.h:1909:38,
    inlined from ‘void std::__detail::_Hashtable_alloc<_NodeAlloc>::_M_deallocate_node(std::__detail::_Hashtable_alloc<_NodeAlloc>::__node_ptr) [with _NodeAlloc = std::allocator<std::__detail::_Hash_node<std::pair<const int, int>, false> >]’ at /usr/include/c++/11/bits/hashtable_policy.h:1899:29,
    inlined from ‘std::_Hashtable<_Key, _Value, _Alloc, _ExtractKey, _Equal, _Hash, _RangeHash, _Unused, _RehashPolicy, _Traits>::_Scoped_node::~_Scoped_node() [with _Key = int; _Value = std::pair<const int, int>; _Alloc = std::allocator<std::pair<const int, int> >; _ExtractKey = std::__detail::_Select1st; _Equal = std::equal_to<int>; _Hash = std::hash<int>; _RangeHash = std::__detail::_Mod_range_hashing; _Unused = std::__detail::_Default_ranged_hash; _RehashPolicy = std::__detail::_Prime_rehash_policy; _Traits = std::__detail::_Hashtable_traits<false, false, true>]’ at /usr/include/c++/11/bits/hashtable.h:308:57,
    inlined from ‘std::pair<typename std::__detail::_Insert<_Key, _Value, _Alloc, _ExtractKey, _Equal, _Hash, _RangeHash, _Unused, _RehashPolicy, _Traits>::iterator, bool> std::_Hashtable<_Key, _Value, _Alloc, _ExtractKey, _Equal, _Hash, _RangeHash, _Unused, _RehashPolicy, _Traits>::_M_emplace(std::true_type, _Args&& ...) [with _Args = {std::pair<int, int>}; _Key = int; _Value = std::pair<const int, int>; _Alloc = std::allocator<std::pair<const int, int> >; _ExtractKey = std::__detail::_Select1st; _Equal = std::equal_to<int>; _Hash = std::hash<int>; _RangeHash = std::__detail::_Mod_range_hashing; _Unused = std::__detail::_Default_ranged_hash; _RehashPolicy = std::__detail::_Prime_rehash_policy; _Traits = std::__detail::_Hashtable_traits<false, false, true>]’ at /usr/include/c++/11/bits/hashtable.h:1978:7,
    inlined from ‘std::_Hashtable<_Key, _Value, _Alloc, _ExtractKey, _Equal, _Hash, _RangeHash, _Unused, _RehashPolicy, _Traits>::__ireturn_type std::_Hashtable<_Key, _Value, _Alloc, _ExtractKey, _Equal, _Hash, _RangeHash, _Unused, _RehashPolicy, _Traits>::emplace(_Args&& ...) [with _Args = {std::pair<int, int>}; _Key = int; _Value = std::pair<const int, int>; _Alloc = std::allocator<std::pair<const int, int> >; _ExtractKey = std::__detail::_Select1st; _Equal = std::equal_to<int>; _Hash = std::hash<int>; _RangeHash = std::__detail::_Mod_range_hashing; _Unused = std::__detail::_Default_ranged_hash; _RehashPolicy = std::__detail::_Prime_rehash_policy; _Traits = std::__detail::_Hashtable_traits<false, false, true>]’ at /usr/include/c++/11/bits/hashtable.h:915:21,
    inlined from ‘std::__enable_if_t<std::is_constructible<typename std::_Hashtable<_Key, std::pair<const _Key, _Tp>, _Alloc, std::__detail::_Select1st, _Pred, _Hash, std::__detail::_Mod_range_hashing, std::__detail::_Default_ranged_hash, std::__detail::_Prime_rehash_policy, std::__detail::_Hashtable_traits<std::__not_<std::__and_<std::__is_fast_hash<_Hash>, std::__is_nothrow_invocable<const _Hash&, const _Key&> > >::value, false, true> >::value_type, _Pair&&>::value, std::pair<typename std::_Hashtable<_Key, std::pair<const _Key, _Tp>, _Alloc, std::__detail::_Select1st, _Pred, _Hash, std::__detail::_Mod_range_hashing, std::__detail::_Default_ranged_hash, std::__detail::_Prime_rehash_policy, std::__detail::_Hashtable_traits<std::__not_<std::__and_<std::__is_fast_hash<_Hash>, std::__is_nothrow_invocable<const _Hash&, const _Key&> > >::value, false, true> >::iterator, bool> > std::unordered_map<_Key, _Tp, _Hash, _Pred, _Alloc>::insert(_Pair&&) [with _Pair = std::pair<int, int>; _Key = int; _Tp = int; _Hash = std::hash<int>; _Pred = std::equal_to<int>; _Alloc = std::allocator<std::pair<const int, int> >]’ at /usr/include/c++/11/bits/unordered_map.h:564:30,
    inlined from ‘int cdc_log_extract(THREAD_ENTRY*, LOG_LSA*, CDC_LOGINFO_ENTRY*)’ at /home/vimkim/gh/cb/oos-readiness-221-release/src/transaction/log_manager.c:11032:42:
/home/vimkim/gh/cb/oos-readiness-221-release/src/base/memory_cwrapper.h:86:8: warning: ‘void free(void*)’ called on pointer returned from a mismatched allocation function [-Wmismatched-new-delete]
   86 |   free (ptr);
      |   ~~~~~^~~~~
In file included from /usr/include/c++/11/x86_64-redhat-linux/bits/c++allocator.h:33,
                 from /usr/include/c++/11/bits/allocator.h:46,
                 from /usr/include/c++/11/vector:64,
                 from /home/vimkim/gh/cb/oos-readiness-221-release/src/transaction/log_lsa.hpp:32,
                 from /home/vimkim/gh/cb/oos-readiness-221-release/src/storage/disk_manager.h:30,
                 from /home/vimkim/gh/cb/oos-readiness-221-release/src/transaction/log_manager.h:35,
                 from /home/vimkim/gh/cb/oos-readiness-221-release/src/transaction/log_manager.c:47:
/usr/include/c++/11/ext/new_allocator.h: In function ‘int cdc_log_extract(THREAD_ENTRY*, LOG_LSA*, CDC_LOGINFO_ENTRY*)’:
/usr/include/c++/11/ext/new_allocator.h:127:48: note: returned from ‘void* operator new(std::size_t)’
  127 |         return static_cast<_Tp*>(::operator new(__n * sizeof(_Tp)));
      |                                  ~~~~~~~~~~~~~~^~~~~~~~~~~~~~~~~~~
[1324/1448] Building CXX object broker/CMakeFiles/cas_common_lib.dir/__/src/broker/query_replace.c.o
[1325/1448] Building CXX object broker/CMakeFiles/cub_proxy.dir/__/src/broker/query_replace.c.o
[1326/1448] Building CXX object cubrid/CMakeFiles/cubrid.dir/__/src/query/query_executor.c.o
[1327/1448] Building CXX object unit_tests/oos/CMakeFiles/test_oos_tde_gate.dir/test_oos_tde_gate.cpp.o
[1328/1448] Building CXX object broker/CMakeFiles/broker_tester.dir/__/src/broker/query_replace.c.o
[1329/1448] Building CXX object broker/CMakeFiles/brokeradmin.dir/__/src/broker/broker_admin_pub.c.o
/home/vimkim/gh/cb/oos-readiness-221-release/src/broker/broker_admin_pub.c: In function ‘int admin_getid_cmd(int, int, const char**)’:
/home/vimkim/gh/cb/oos-readiness-221-release/src/broker/broker_admin_pub.c:1719:49: warning: ‘%s’ directive writing up to 4095 bytes into a region of size 2033 [-Wformat-overflow=]
 1719 |         sprintf (buf + buf_len, "LIBRARY_NAME : %s, ",
      |                                                 ^~
/home/vimkim/gh/cb/oos-readiness-221-release/src/broker/broker_admin_pub.c:1719:17: note: ‘sprintf’ output between 18 and 4113 bytes into a destination of size 2048
 1719 |         sprintf (buf + buf_len, "LIBRARY_NAME : %s, ",
      |         ~~~~~~~~^~~~~~~~~~~~~~~~~~~~~~~~~~~~~~~~~~~~~~
 1720 |                  (shm_proxy_p->shard_key_library_name[0] == 0) ? "NOT DEFINED" : shm_proxy_p->shard_key_library_name);
      |                  ~~~~~~~~~~~~~~~~~~~~~~~~~~~~~~~~~~~~~~~~~~~~~~~~~~~~~~~~~~~~~~~~~~~~~~~~~~~~~~~~~~~~~~~~~~~~~~~~~~~~
/home/vimkim/gh/cb/oos-readiness-221-release/src/broker/broker_admin_pub.c:1722:50: warning: ‘%s’ directive writing up to 4095 bytes into a region of size 2032 [-Wformat-overflow=]
 1722 |         sprintf (buf + buf_len, "FUNCTION_NAME : %s ",
      |                                                  ^~
/home/vimkim/gh/cb/oos-readiness-221-release/src/broker/broker_admin_pub.c:1722:17: note: ‘sprintf’ output between 18 and 4113 bytes into a destination of size 2048
 1722 |         sprintf (buf + buf_len, "FUNCTION_NAME : %s ",
      |         ~~~~~~~~^~~~~~~~~~~~~~~~~~~~~~~~~~~~~~~~~~~~~~
 1723 |                  (shm_proxy_p->shard_key_function_name[0] == 0) ? "NOT DEFINED" : shm_proxy_p->shard_key_function_name);
      |                  ~~~~~~~~~~~~~~~~~~~~~~~~~~~~~~~~~~~~~~~~~~~~~~~~~~~~~~~~~~~~~~~~~~~~~~~~~~~~~~~~~~~~~~~~~~~~~~~~~~~~~~
[1330/1448] Building CXX object unit_tests/oos/CMakeFiles/test_oos_record_flags.dir/test_oos_record_flags.cpp.o
[1331/1448] Building CXX object broker/CMakeFiles/broker_log_top.dir/__/src/broker/query_replace.c.o
[1332/1448] Building CXX object cubrid/CMakeFiles/cubrid.dir/__/src/storage/btree.c.o
/home/vimkim/gh/cb/oos-readiness-221-release/src/storage/btree.c: In function ‘DISK_ISVALID btree_verify_subtree(THREAD_ENTRY*, const OID*, BTID_INT*, const char*, PAGE_PTR, VPID*, BTREE_NODE_INFO*)’:
/home/vimkim/gh/cb/oos-readiness-221-release/src/storage/btree.c:13691:18: warning: ‘prev_sep.db_identifier::volid’ may be used uninitialized in this function [-Wmaybe-uninitialized]
13691 |       if (i >= 2 && OID_GT (&prev_sep, &cur_sep))
/home/vimkim/gh/cb/oos-readiness-221-release/src/storage/btree.c:13518:7: note: ‘prev_sep.db_identifier::volid’ was declared here
13518 |   OID prev_sep, cur_sep;
      |       ^~~~~~~~
[1333/1448] Building CXX object util/CMakeFiles/loadjava.dir/__/src/executables/loadjava.cpp.o
[1334/1448] Building CXX object cm_common/CMakeFiles/cmdep.dir/__/src/cm_common/cm_dep_tasks.c.o
[1335/1448] Building CXX object unit_tests/oos/CMakeFiles/test_byte_span_writer.dir/test_byte_span_writer.cpp.o
[1336/1448] Building CXX object broker/CMakeFiles/brokeradmin.dir/__/src/broker/query_replace.c.o
[1337/1448] Building CXX object broker/CMakeFiles/cub_cas.dir/__/src/broker/cas_execute.c.o
[1338/1448] Building CXX object cubrid-cci/cci/CMakeFiles/cascci.dir/__/src/cci/cci_util.c.o
[1339/1448] Linking CXX shared library cubrid-cci/cci/libcascci.so.11.3
[1340/1448] Creating library symlink cubrid-cci/cci/libcascci.so
[1341/1448] Building CXX object unit_tests/oos/sql/CMakeFiles/test_oos_sql_bigone.dir/test_oos_sql_bigone.cpp.o
[1342/1448] Linking CXX executable bin/cci_applier
[1343/1448] Building CXX object cubrid/CMakeFiles/cubrid.dir/__/src/storage/heap_file.c.o
In file included from /home/vimkim/gh/cb/oos-readiness-221-release/src/base/memory_alloc.h:54,
                 from /home/vimkim/gh/cb/oos-readiness-221-release/src/base/memory_hash.h:30,
                 from /home/vimkim/gh/cb/oos-readiness-221-release/src/base/stack_dump.h:30,
                 from /home/vimkim/gh/cb/oos-readiness-221-release/src/storage/heap_file.c:32:
In function ‘void cub_free(void*)’,
    inlined from ‘void operator delete(void*, size_t)’ at /home/vimkim/gh/cb/oos-readiness-221-release/src/base/memory_wrapper.hpp:75:12,
    inlined from ‘void __gnu_cxx::new_allocator<_Tp>::deallocate(_Tp*, __gnu_cxx::new_allocator<_Tp>::size_type) [with _Tp = heap_capacity_worker_arg]’ at /usr/include/c++/11/ext/new_allocator.h:145:19,
    inlined from ‘static void std::allocator_traits<std::allocator<_CharT> >::deallocate(std::allocator_traits<std::allocator<_CharT> >::allocator_type&, std::allocator_traits<std::allocator<_CharT> >::pointer, std::allocator_traits<std::allocator<_CharT> >::size_type) [with _Tp = heap_capacity_worker_arg]’ at /usr/include/c++/11/bits/alloc_traits.h:496:23,
    inlined from ‘void std::_Vector_base<_Tp, _Alloc>::_M_deallocate(std::_Vector_base<_Tp, _Alloc>::pointer, std::size_t) [with _Tp = heap_capacity_worker_arg; _Alloc = std::allocator<heap_capacity_worker_arg>]’ at /usr/include/c++/11/bits/stl_vector.h:354:19,
    inlined from ‘std::_Vector_base<_Tp, _Alloc>::~_Vector_base() [with _Tp = heap_capacity_worker_arg; _Alloc = std::allocator<heap_capacity_worker_arg>]’ at /usr/include/c++/11/bits/stl_vector.h:335:15,
    inlined from ‘std::vector<_Tp, _Alloc>::~vector() [with _Tp = heap_capacity_worker_arg; _Alloc = std::allocator<heap_capacity_worker_arg>]’ at /usr/include/c++/11/bits/stl_vector.h:683:7,
    inlined from ‘int heap_get_capacity_parallel(THREAD_ENTRY*, const HFID*, HEAP_CAPACITY_INFO*, bool*)’ at /home/vimkim/gh/cb/oos-readiness-221-release/src/storage/heap_file.c:10055:3,
    inlined from ‘int heap_get_capacity(THREAD_ENTRY*, const HFID*, HEAP_CAPACITY_INFO*)’ at /home/vimkim/gh/cb/oos-readiness-221-release/src/storage/heap_file.c:10170:43,
    inlined from ‘SCAN_CODE heap_capacity_next_scan(THREAD_ENTRY*, int, DB_VALUE**, int, void*)’ at /home/vimkim/gh/cb/oos-readiness-221-release/src/storage/heap_file.c:20248:29:
/home/vimkim/gh/cb/oos-readiness-221-release/src/base/memory_cwrapper.h:86:8: warning: ‘void free(void*)’ called on pointer returned from a mismatched allocation function [-Wmismatched-new-delete]
   86 |   free (ptr);
      |   ~~~~~^~~~~
In file included from /usr/include/c++/11/x86_64-redhat-linux/bits/c++allocator.h:33,
                 from /usr/include/c++/11/bits/allocator.h:46,
                 from /usr/include/c++/11/memory:64,
                 from /home/vimkim/gh/cb/oos-readiness-221-release/src/base/memory_alloc.h:45,
                 from /home/vimkim/gh/cb/oos-readiness-221-release/src/base/memory_hash.h:30,
                 from /home/vimkim/gh/cb/oos-readiness-221-release/src/base/stack_dump.h:30,
                 from /home/vimkim/gh/cb/oos-readiness-221-release/src/storage/heap_file.c:32:
/usr/include/c++/11/ext/new_allocator.h: In function ‘SCAN_CODE heap_capacity_next_scan(THREAD_ENTRY*, int, DB_VALUE**, int, void*)’:
/usr/include/c++/11/ext/new_allocator.h:127:48: note: returned from ‘void* operator new(std::size_t)’
  127 |         return static_cast<_Tp*>(::operator new(__n * sizeof(_Tp)));
      |                                  ~~~~~~~~~~~~~~^~~~~~~~~~~~~~~~~~~
In file included from /home/vimkim/gh/cb/oos-readiness-221-release/src/base/memory_alloc.h:54,
                 from /home/vimkim/gh/cb/oos-readiness-221-release/src/base/memory_hash.h:30,
                 from /home/vimkim/gh/cb/oos-readiness-221-release/src/base/stack_dump.h:30,
                 from /home/vimkim/gh/cb/oos-readiness-221-release/src/storage/heap_file.c:32:
In function ‘void cub_free(void*)’,
    inlined from ‘void operator delete(void*, size_t)’ at /home/vimkim/gh/cb/oos-readiness-221-release/src/base/memory_wrapper.hpp:75:12,
    inlined from ‘void __gnu_cxx::new_allocator<_Tp>::deallocate(_Tp*, __gnu_cxx::new_allocator<_Tp>::size_type) [with _Tp = heap_capacity_accum]’ at /usr/include/c++/11/ext/new_allocator.h:145:19,
    inlined from ‘static void std::allocator_traits<std::allocator<_CharT> >::deallocate(std::allocator_traits<std::allocator<_CharT> >::allocator_type&, std::allocator_traits<std::allocator<_CharT> >::pointer, std::allocator_traits<std::allocator<_CharT> >::size_type) [with _Tp = heap_capacity_accum]’ at /usr/include/c++/11/bits/alloc_traits.h:496:23,
    inlined from ‘void std::_Vector_base<_Tp, _Alloc>::_M_deallocate(std::_Vector_base<_Tp, _Alloc>::pointer, std::size_t) [with _Tp = heap_capacity_accum; _Alloc = std::allocator<heap_capacity_accum>]’ at /usr/include/c++/11/bits/stl_vector.h:354:19,
    inlined from ‘std::_Vector_base<_Tp, _Alloc>::~_Vector_base() [with _Tp = heap_capacity_accum; _Alloc = std::allocator<heap_capacity_accum>]’ at /usr/include/c++/11/bits/stl_vector.h:335:15,
    inlined from ‘std::vector<_Tp, _Alloc>::~vector() [with _Tp = heap_capacity_accum; _Alloc = std::allocator<heap_capacity_accum>]’ at /usr/include/c++/11/bits/stl_vector.h:683:7,
    inlined from ‘int heap_get_capacity_parallel(THREAD_ENTRY*, const HFID*, HEAP_CAPACITY_INFO*, bool*)’ at /home/vimkim/gh/cb/oos-readiness-221-release/src/storage/heap_file.c:10055:3,
    inlined from ‘int heap_get_capacity(THREAD_ENTRY*, const HFID*, HEAP_CAPACITY_INFO*)’ at /home/vimkim/gh/cb/oos-readiness-221-release/src/storage/heap_file.c:10170:43,
    inlined from ‘SCAN_CODE heap_capacity_next_scan(THREAD_ENTRY*, int, DB_VALUE**, int, void*)’ at /home/vimkim/gh/cb/oos-readiness-221-release/src/storage/heap_file.c:20248:29:
/home/vimkim/gh/cb/oos-readiness-221-release/src/base/memory_cwrapper.h:86:8: warning: ‘void free(void*)’ called on pointer returned from a mismatched allocation function [-Wmismatched-new-delete]
   86 |   free (ptr);
      |   ~~~~~^~~~~
In file included from /usr/include/c++/11/x86_64-redhat-linux/bits/c++allocator.h:33,
                 from /usr/include/c++/11/bits/allocator.h:46,
                 from /usr/include/c++/11/memory:64,
                 from /home/vimkim/gh/cb/oos-readiness-221-release/src/base/memory_alloc.h:45,
                 from /home/vimkim/gh/cb/oos-readiness-221-release/src/base/memory_hash.h:30,
                 from /home/vimkim/gh/cb/oos-readiness-221-release/src/base/stack_dump.h:30,
                 from /home/vimkim/gh/cb/oos-readiness-221-release/src/storage/heap_file.c:32:
/usr/include/c++/11/ext/new_allocator.h: In function ‘SCAN_CODE heap_capacity_next_scan(THREAD_ENTRY*, int, DB_VALUE**, int, void*)’:
/usr/include/c++/11/ext/new_allocator.h:127:48: note: returned from ‘void* operator new(std::size_t)’
  127 |         return static_cast<_Tp*>(::operator new(__n * sizeof(_Tp)));
      |                                  ~~~~~~~~~~~~~~^~~~~~~~~~~~~~~~~~~
In file included from /home/vimkim/gh/cb/oos-readiness-221-release/src/base/memory_alloc.h:54,
                 from /home/vimkim/gh/cb/oos-readiness-221-release/src/base/memory_hash.h:30,
                 from /home/vimkim/gh/cb/oos-readiness-221-release/src/base/stack_dump.h:30,
                 from /home/vimkim/gh/cb/oos-readiness-221-release/src/storage/heap_file.c:32:
In function ‘void cub_free(void*)’,
    inlined from ‘void operator delete(void*, size_t)’ at /home/vimkim/gh/cb/oos-readiness-221-release/src/base/memory_wrapper.hpp:75:12,
    inlined from ‘void __gnu_cxx::new_allocator<_Tp>::deallocate(_Tp*, __gnu_cxx::new_allocator<_Tp>::size_type) [with _Tp = heap_capacity_worker_arg]’ at /usr/include/c++/11/ext/new_allocator.h:145:19,
    inlined from ‘static void std::allocator_traits<std::allocator<_CharT> >::deallocate(std::allocator_traits<std::allocator<_CharT> >::allocator_type&, std::allocator_traits<std::allocator<_CharT> >::pointer, std::allocator_traits<std::allocator<_CharT> >::size_type) [with _Tp = heap_capacity_worker_arg]’ at /usr/include/c++/11/bits/alloc_traits.h:496:23,
    inlined from ‘void std::_Vector_base<_Tp, _Alloc>::_M_deallocate(std::_Vector_base<_Tp, _Alloc>::pointer, std::size_t) [with _Tp = heap_capacity_worker_arg; _Alloc = std::allocator<heap_capacity_worker_arg>]’ at /usr/include/c++/11/bits/stl_vector.h:354:19,
    inlined from ‘std::_Vector_base<_Tp, _Alloc>::~_Vector_base() [with _Tp = heap_capacity_worker_arg; _Alloc = std::allocator<heap_capacity_worker_arg>]’ at /usr/include/c++/11/bits/stl_vector.h:335:15,
    inlined from ‘std::vector<_Tp, _Alloc>::~vector() [with _Tp = heap_capacity_worker_arg; _Alloc = std::allocator<heap_capacity_worker_arg>]’ at /usr/include/c++/11/bits/stl_vector.h:683:7,
    inlined from ‘int heap_get_capacity_parallel(THREAD_ENTRY*, const HFID*, HEAP_CAPACITY_INFO*, bool*)’ at /home/vimkim/gh/cb/oos-readiness-221-release/src/storage/heap_file.c:10055:3,
    inlined from ‘int heap_get_capacity(THREAD_ENTRY*, const HFID*, HEAP_CAPACITY_INFO*)’ at /home/vimkim/gh/cb/oos-readiness-221-release/src/storage/heap_file.c:10170:43,
    inlined from ‘SCAN_CODE heap_capacity_next_scan(THREAD_ENTRY*, int, DB_VALUE**, int, void*)’ at /home/vimkim/gh/cb/oos-readiness-221-release/src/storage/heap_file.c:20248:29:
/home/vimkim/gh/cb/oos-readiness-221-release/src/base/memory_cwrapper.h:86:8: warning: ‘void free(void*)’ called on pointer returned from a mismatched allocation function [-Wmismatched-new-delete]
   86 |   free (ptr);
      |   ~~~~~^~~~~
In file included from /usr/include/c++/11/x86_64-redhat-linux/bits/c++allocator.h:33,
                 from /usr/include/c++/11/bits/allocator.h:46,
                 from /usr/include/c++/11/memory:64,
                 from /home/vimkim/gh/cb/oos-readiness-221-release/src/base/memory_alloc.h:45,
                 from /home/vimkim/gh/cb/oos-readiness-221-release/src/base/memory_hash.h:30,
                 from /home/vimkim/gh/cb/oos-readiness-221-release/src/base/stack_dump.h:30,
                 from /home/vimkim/gh/cb/oos-readiness-221-release/src/storage/heap_file.c:32:
/usr/include/c++/11/ext/new_allocator.h: In function ‘SCAN_CODE heap_capacity_next_scan(THREAD_ENTRY*, int, DB_VALUE**, int, void*)’:
/usr/include/c++/11/ext/new_allocator.h:127:48: note: returned from ‘void* operator new(std::size_t)’
  127 |         return static_cast<_Tp*>(::operator new(__n * sizeof(_Tp)));
      |                                  ~~~~~~~~~~~~~~^~~~~~~~~~~~~~~~~~~
In file included from /home/vimkim/gh/cb/oos-readiness-221-release/src/base/memory_alloc.h:54,
                 from /home/vimkim/gh/cb/oos-readiness-221-release/src/base/memory_hash.h:30,
                 from /home/vimkim/gh/cb/oos-readiness-221-release/src/base/stack_dump.h:30,
                 from /home/vimkim/gh/cb/oos-readiness-221-release/src/storage/heap_file.c:32:
In function ‘void cub_free(void*)’,
    inlined from ‘void operator delete(void*, size_t)’ at /home/vimkim/gh/cb/oos-readiness-221-release/src/base/memory_wrapper.hpp:75:12,
    inlined from ‘void __gnu_cxx::new_allocator<_Tp>::deallocate(_Tp*, __gnu_cxx::new_allocator<_Tp>::size_type) [with _Tp = heap_capacity_accum]’ at /usr/include/c++/11/ext/new_allocator.h:145:19,
    inlined from ‘static void std::allocator_traits<std::allocator<_CharT> >::deallocate(std::allocator_traits<std::allocator<_CharT> >::allocator_type&, std::allocator_traits<std::allocator<_CharT> >::pointer, std::allocator_traits<std::allocator<_CharT> >::size_type) [with _Tp = heap_capacity_accum]’ at /usr/include/c++/11/bits/alloc_traits.h:496:23,
    inlined from ‘void std::_Vector_base<_Tp, _Alloc>::_M_deallocate(std::_Vector_base<_Tp, _Alloc>::pointer, std::size_t) [with _Tp = heap_capacity_accum; _Alloc = std::allocator<heap_capacity_accum>]’ at /usr/include/c++/11/bits/stl_vector.h:354:19,
    inlined from ‘std::_Vector_base<_Tp, _Alloc>::~_Vector_base() [with _Tp = heap_capacity_accum; _Alloc = std::allocator<heap_capacity_accum>]’ at /usr/include/c++/11/bits/stl_vector.h:335:15,
    inlined from ‘std::vector<_Tp, _Alloc>::~vector() [with _Tp = heap_capacity_accum; _Alloc = std::allocator<heap_capacity_accum>]’ at /usr/include/c++/11/bits/stl_vector.h:683:7,
    inlined from ‘int heap_get_capacity_parallel(THREAD_ENTRY*, const HFID*, HEAP_CAPACITY_INFO*, bool*)’ at /home/vimkim/gh/cb/oos-readiness-221-release/src/storage/heap_file.c:10055:3,
    inlined from ‘int heap_get_capacity(THREAD_ENTRY*, const HFID*, HEAP_CAPACITY_INFO*)’ at /home/vimkim/gh/cb/oos-readiness-221-release/src/storage/heap_file.c:10170:43,
    inlined from ‘SCAN_CODE heap_capacity_next_scan(THREAD_ENTRY*, int, DB_VALUE**, int, void*)’ at /home/vimkim/gh/cb/oos-readiness-221-release/src/storage/heap_file.c:20248:29:
/home/vimkim/gh/cb/oos-readiness-221-release/src/base/memory_cwrapper.h:86:8: warning: ‘void free(void*)’ called on pointer returned from a mismatched allocation function [-Wmismatched-new-delete]
   86 |   free (ptr);
      |   ~~~~~^~~~~
In file included from /usr/include/c++/11/x86_64-redhat-linux/bits/c++allocator.h:33,
                 from /usr/include/c++/11/bits/allocator.h:46,
                 from /usr/include/c++/11/memory:64,
                 from /home/vimkim/gh/cb/oos-readiness-221-release/src/base/memory_alloc.h:45,
                 from /home/vimkim/gh/cb/oos-readiness-221-release/src/base/memory_hash.h:30,
                 from /home/vimkim/gh/cb/oos-readiness-221-release/src/base/stack_dump.h:30,
                 from /home/vimkim/gh/cb/oos-readiness-221-release/src/storage/heap_file.c:32:
/usr/include/c++/11/ext/new_allocator.h: In function ‘SCAN_CODE heap_capacity_next_scan(THREAD_ENTRY*, int, DB_VALUE**, int, void*)’:
/usr/include/c++/11/ext/new_allocator.h:127:48: note: returned from ‘void* operator new(std::size_t)’
  127 |         return static_cast<_Tp*>(::operator new(__n * sizeof(_Tp)));
      |                                  ~~~~~~~~~~~~~~^~~~~~~~~~~~~~~~~~~
In file included from /home/vimkim/gh/cb/oos-readiness-221-release/src/base/memory_alloc.h:54,
                 from /home/vimkim/gh/cb/oos-readiness-221-release/src/base/memory_hash.h:30,
                 from /home/vimkim/gh/cb/oos-readiness-221-release/src/base/stack_dump.h:30,
                 from /home/vimkim/gh/cb/oos-readiness-221-release/src/storage/heap_file.c:32:
In function ‘void cub_free(void*)’,
    inlined from ‘void operator delete(void*, size_t)’ at /home/vimkim/gh/cb/oos-readiness-221-release/src/base/memory_wrapper.hpp:75:12,
    inlined from ‘void __gnu_cxx::new_allocator<_Tp>::deallocate(_Tp*, __gnu_cxx::new_allocator<_Tp>::size_type) [with _Tp = heap_capacity_worker_arg]’ at /usr/include/c++/11/ext/new_allocator.h:145:19,
    inlined from ‘static void std::allocator_traits<std::allocator<_CharT> >::deallocate(std::allocator_traits<std::allocator<_CharT> >::allocator_type&, std::allocator_traits<std::allocator<_CharT> >::pointer, std::allocator_traits<std::allocator<_CharT> >::size_type) [with _Tp = heap_capacity_worker_arg]’ at /usr/include/c++/11/bits/alloc_traits.h:496:23,
    inlined from ‘void std::_Vector_base<_Tp, _Alloc>::_M_deallocate(std::_Vector_base<_Tp, _Alloc>::pointer, std::size_t) [with _Tp = heap_capacity_worker_arg; _Alloc = std::allocator<heap_capacity_worker_arg>]’ at /usr/include/c++/11/bits/stl_vector.h:354:19,
    inlined from ‘std::_Vector_base<_Tp, _Alloc>::~_Vector_base() [with _Tp = heap_capacity_worker_arg; _Alloc = std::allocator<heap_capacity_worker_arg>]’ at /usr/include/c++/11/bits/stl_vector.h:335:15,
    inlined from ‘std::vector<_Tp, _Alloc>::~vector() [with _Tp = heap_capacity_worker_arg; _Alloc = std::allocator<heap_capacity_worker_arg>]’ at /usr/include/c++/11/bits/stl_vector.h:683:7,
    inlined from ‘int heap_get_capacity_parallel(THREAD_ENTRY*, const HFID*, HEAP_CAPACITY_INFO*, bool*)’ at /home/vimkim/gh/cb/oos-readiness-221-release/src/storage/heap_file.c:10055:3,
    inlined from ‘int heap_get_capacity(THREAD_ENTRY*, const HFID*, HEAP_CAPACITY_INFO*)’ at /home/vimkim/gh/cb/oos-readiness-221-release/src/storage/heap_file.c:10170:43,
    inlined from ‘SCAN_CODE heap_capacity_next_scan(THREAD_ENTRY*, int, DB_VALUE**, int, void*)’ at /home/vimkim/gh/cb/oos-readiness-221-release/src/storage/heap_file.c:20248:29:
/home/vimkim/gh/cb/oos-readiness-221-release/src/base/memory_cwrapper.h:86:8: warning: ‘void free(void*)’ called on pointer returned from a mismatched allocation function [-Wmismatched-new-delete]
   86 |   free (ptr);
      |   ~~~~~^~~~~
In file included from /usr/include/c++/11/x86_64-redhat-linux/bits/c++allocator.h:33,
                 from /usr/include/c++/11/bits/allocator.h:46,
                 from /usr/include/c++/11/memory:64,
                 from /home/vimkim/gh/cb/oos-readiness-221-release/src/base/memory_alloc.h:45,
                 from /home/vimkim/gh/cb/oos-readiness-221-release/src/base/memory_hash.h:30,
                 from /home/vimkim/gh/cb/oos-readiness-221-release/src/base/stack_dump.h:30,
                 from /home/vimkim/gh/cb/oos-readiness-221-release/src/storage/heap_file.c:32:
/usr/include/c++/11/ext/new_allocator.h: In function ‘SCAN_CODE heap_capacity_next_scan(THREAD_ENTRY*, int, DB_VALUE**, int, void*)’:
/usr/include/c++/11/ext/new_allocator.h:127:48: note: returned from ‘void* operator new(std::size_t)’
  127 |         return static_cast<_Tp*>(::operator new(__n * sizeof(_Tp)));
      |                                  ~~~~~~~~~~~~~~^~~~~~~~~~~~~~~~~~~
In file included from /home/vimkim/gh/cb/oos-readiness-221-release/src/base/memory_alloc.h:54,
                 from /home/vimkim/gh/cb/oos-readiness-221-release/src/base/memory_hash.h:30,
                 from /home/vimkim/gh/cb/oos-readiness-221-release/src/base/stack_dump.h:30,
                 from /home/vimkim/gh/cb/oos-readiness-221-release/src/storage/heap_file.c:32:
In function ‘void cub_free(void*)’,
    inlined from ‘void operator delete(void*, size_t)’ at /home/vimkim/gh/cb/oos-readiness-221-release/src/base/memory_wrapper.hpp:75:12,
    inlined from ‘void __gnu_cxx::new_allocator<_Tp>::deallocate(_Tp*, __gnu_cxx::new_allocator<_Tp>::size_type) [with _Tp = heap_capacity_worker_arg]’ at /usr/include/c++/11/ext/new_allocator.h:145:19,
    inlined from ‘static void std::allocator_traits<std::allocator<_CharT> >::deallocate(std::allocator_traits<std::allocator<_CharT> >::allocator_type&, std::allocator_traits<std::allocator<_CharT> >::pointer, std::allocator_traits<std::allocator<_CharT> >::size_type) [with _Tp = heap_capacity_worker_arg]’ at /usr/include/c++/11/bits/alloc_traits.h:496:23,
    inlined from ‘void std::_Vector_base<_Tp, _Alloc>::_M_deallocate(std::_Vector_base<_Tp, _Alloc>::pointer, std::size_t) [with _Tp = heap_capacity_worker_arg; _Alloc = std::allocator<heap_capacity_worker_arg>]’ at /usr/include/c++/11/bits/stl_vector.h:354:19,
    inlined from ‘std::_Vector_base<_Tp, _Alloc>::~_Vector_base() [with _Tp = heap_capacity_worker_arg; _Alloc = std::allocator<heap_capacity_worker_arg>]’ at /usr/include/c++/11/bits/stl_vector.h:335:15,
    inlined from ‘std::vector<_Tp, _Alloc>::~vector() [with _Tp = heap_capacity_worker_arg; _Alloc = std::allocator<heap_capacity_worker_arg>]’ at /usr/include/c++/11/bits/stl_vector.h:683:7,
    inlined from ‘int heap_get_capacity_parallel(THREAD_ENTRY*, const HFID*, HEAP_CAPACITY_INFO*, bool*)’ at /home/vimkim/gh/cb/oos-readiness-221-release/src/storage/heap_file.c:10055:3,
    inlined from ‘int heap_get_capacity(THREAD_ENTRY*, const HFID*, HEAP_CAPACITY_INFO*)’ at /home/vimkim/gh/cb/oos-readiness-221-release/src/storage/heap_file.c:10170:43,
    inlined from ‘SCAN_CODE heap_capacity_next_scan(THREAD_ENTRY*, int, DB_VALUE**, int, void*)’ at /home/vimkim/gh/cb/oos-readiness-221-release/src/storage/heap_file.c:20248:29:
/home/vimkim/gh/cb/oos-readiness-221-release/src/base/memory_cwrapper.h:86:8: warning: ‘void free(void*)’ called on pointer returned from a mismatched allocation function [-Wmismatched-new-delete]
   86 |   free (ptr);
      |   ~~~~~^~~~~
In file included from /usr/include/c++/11/x86_64-redhat-linux/bits/c++allocator.h:33,
                 from /usr/include/c++/11/bits/allocator.h:46,
                 from /usr/include/c++/11/memory:64,
                 from /home/vimkim/gh/cb/oos-readiness-221-release/src/base/memory_alloc.h:45,
                 from /home/vimkim/gh/cb/oos-readiness-221-release/src/base/memory_hash.h:30,
                 from /home/vimkim/gh/cb/oos-readiness-221-release/src/base/stack_dump.h:30,
                 from /home/vimkim/gh/cb/oos-readiness-221-release/src/storage/heap_file.c:32:
/usr/include/c++/11/ext/new_allocator.h: In function ‘SCAN_CODE heap_capacity_next_scan(THREAD_ENTRY*, int, DB_VALUE**, int, void*)’:
/usr/include/c++/11/ext/new_allocator.h:127:48: note: returned from ‘void* operator new(std::size_t)’
  127 |         return static_cast<_Tp*>(::operator new(__n * sizeof(_Tp)));
      |                                  ~~~~~~~~~~~~~~^~~~~~~~~~~~~~~~~~~
[1344/1448] Building CXX object unit_tests/oos/sql/CMakeFiles/test_oos_sql_ddl.dir/test_oos_sql_ddl.cpp.o
[1345/1448] Building CXX object unit_tests/oos/sql/CMakeFiles/test_oos_sql_update_delete.dir/test_oos_sql_update_delete.cpp.o
[1346/1448] Building CXX object unit_tests/oos/sql/CMakeFiles/test_oos_sql_crud.dir/test_oos_sql_crud.cpp.o
[1347/1448] Building CXX object unit_tests/oos/sql/CMakeFiles/test_oos_sql_boundary.dir/test_oos_sql_boundary.cpp.o
[1348/1448] Building CXX object unit_tests/oos/sql/CMakeFiles/test_oos_sql_delete.dir/test_oos_sql_delete.cpp.o
[1349/1448] Building CXX object cubrid/CMakeFiles/cubrid.dir/__/src/storage/page_buffer.c.o
[1350/1448] Building CXX object unit_tests/oos/sql/CMakeFiles/test_oos_sql_crash_recovery.dir/test_oos_sql_crash_recovery.cpp.o
[1351/1448] Building CXX object unit_tests/oos/CMakeFiles/test_oos_no_logging.dir/test_oos_no_logging.cpp.o
[1352/1448] Building CXX object unit_tests/oos/sql/CMakeFiles/test_oos_sql_txn.dir/test_oos_sql_txn.cpp.o
[1353/1448] Building CXX object unit_tests/oos/sql/CMakeFiles/test_oos_sql_show.dir/test_oos_sql_show.cpp.o
[1354/1448] Building CXX object unit_tests/oos/CMakeFiles/test_oos_delete.dir/test_oos_delete.cpp.o
[1355/1448] Building CXX object unit_tests/oos/sql/CMakeFiles/test_oos_sql_visible_version.dir/test_oos_sql_visible_version.cpp.o
[1356/1448] Building CXX object unit_tests/oos/CMakeFiles/test_oos_remove_file.dir/test_oos_remove_file.cpp.o
[1357/1448] Building CXX object unit_tests/oos/sql/CMakeFiles/test_oos_sql_eager_cleanup.dir/test_oos_sql_eager_cleanup.cpp.o
[1358/1448] Building CXX object unit_tests/oos/CMakeFiles/test_oos_mock_vacuum_server.dir/test_oos_mock_vacuum_server.cpp.o
[1359/1448] Building CXX object unit_tests/oos/CMakeFiles/test_oos.dir/test_oos.cpp.o
[1360/1448] Building CXX object unit_tests/oos/CMakeFiles/test_oos_remove_file_server.dir/test_oos_remove_file_server.cpp.o
[1361/1448] Linking CXX shared library cs/libcubridcs.so.11.5
[1362/1448] Creating library symlink cs/libcubridcs.so
[1363/1448] Building CXX object unit_tests/oos/CMakeFiles/test_oos_delete_server.dir/test_oos_delete_server.cpp.o
[1364/1448] Linking CXX executable bin/broker_log_converter
[1365/1448] Linking CXX executable bin/cub_commdb
[1366/1448] Linking CXX executable bin/cubrid_replay
[1367/1448] Linking CXX executable bin/broker_log_runner
[1368/1448] Linking CXX shared library cm_common/libcmdep.so.11.5
[1369/1448] Creating library symlink cm_common/libcmdep.so
[1370/1448] Linking CXX executable bin/cub_master
[1371/1448] Linking CXX static library broker/libcas_common_lib.a
[1372/1448] Linking CXX executable bin/broker_tester
[1373/1448] Linking CXX executable bin/cub_gateway
[1374/1448] Linking CXX executable bin/cub_broker
[1375/1448] Linking CXX shared library broker/libbrokeradmin.so.11.5
[1376/1448] Linking CXX executable bin/broker_changer
[1377/1448] Linking CXX executable bin/broker_log_top
[1378/1448] Linking CXX executable bin/broker_monitor
[1379/1448] Linking CXX executable bin/gateway_monitor
[1380/1448] Creating library symlink broker/libbrokeradmin.so
[1381/1448] Linking CXX executable bin/cubrid_gateway
[1382/1448] Linking CXX executable bin/cubrid_broker
[1383/1448] Linking CXX executable bin/cub_proxy
[1384/1448] Linking CXX static library broker/libcas_cgw_lib.a
[1385/1448] Linking CXX shared library cm_common/libcmstat.so.11.5
[1386/1448] Creating library symlink cm_common/libcmstat.so
[1387/1448] Building CXX object unit_tests/oos/CMakeFiles/test_oos_growth_sweep.dir/test_oos_growth_sweep.cpp.o
[1388/1448] Building CXX object unit_tests/oos/CMakeFiles/test_oos_eager_diagnostics.dir/test_oos_eager_diagnostics.cpp.o
[1389/1448] Linking CXX executable bin/cub_cas
[1390/1448] Linking CXX executable bin/cub_cas_cgw
[1391/1448] Building CXX object unit_tests/oos/sql/CMakeFiles/test_oos_sql_storage.dir/test_oos_sql_storage.cpp.o
[1392/1448] Building CXX object cubrid/CMakeFiles/cubrid.dir/__/src/optimizer/histogram/histogram_sampler_sr.cpp.o
[1393/1448] Building CXX object unit_tests/oos/CMakeFiles/test_oos_real_vacuum_server.dir/test_oos_real_vacuum_server.cpp.o
[1394/1448] Linking CXX shared library sa/libcubridsa.so.11.5
[1395/1448] Creating library symlink sa/libcubridsa.so
[1396/1448] Linking CXX executable bin/cub_admin
[1397/1448] Linking CXX executable bin/csql
[1398/1448] Linking CXX executable bin/cubrid_rel
[1399/1448] Linking CXX executable bin/gen_timezone
[1400/1448] Linking CXX executable bin/cub_sainfo
[1401/1448] Linking CXX executable bin/cub_jobsa
[1402/1448] Linking CXX executable bin/cubrid
[1403/1448] Linking CXX executable bin/cub_pl
[1404/1448] Linking CXX executable bin/loadjava
[1405/1448] generating tzlib/timezones.c from /home/vimkim/gh/cb/oos-readiness-221-release/timezones/tzdata
Ruleset AN , total changes : 133 (1971 - 2038)
Ruleset AQ , total changes : 8 (1971 - 2038)
Ruleset AS , total changes : 133 (1971 - 2038)
Ruleset AT , total changes : 141 (1967 - 2038)
Ruleset AV , total changes : 133 (1971 - 2038)
Ruleset AW , total changes : 13 (1974 - 2038)
Ruleset Albania , total changes : 25 (1940 - 2038)
Ruleset Algeria , total changes : 26 (1916 - 2038)
Ruleset Arg , total changes : 63 (1930 - 2038)
DS ruleset: Aus, Year: 1917, Change on : Jan 
DS ruleset: Aus, Year: 1941, Change on : Jan 
DS ruleset: Aus, Year: 1942, Change on : Jan 
DS ruleset: Aus, Year: 1942, found 3 matching rules
Ruleset Aus , total changes : 9 (1917 - 2038)
Ruleset Austria , total changes : 10 (1920 - 2038)
Ruleset Azer , total changes : 38 (1997 - 2038)
Ruleset Bahamas , total changes : 24 (1964 - 2038)
Ruleset Barb , total changes : 8 (1977 - 2038)
Ruleset Belgium , total changes : 50 (1918 - 2038)
Ruleset Belize , total changes : 56 (1918 - 2038)
DS ruleset: Brazil, Year: 1965, found 3 matching rules
Ruleset Brazil , total changes : 133 (1931 - 2038)
Ruleset Bulg , total changes : 7 (1979 - 2038)
Ruleset C-Eur , total changes : 136 (1916 - 2038)
DS ruleset: CA, Year: 1948, Change on : Jan 
DS ruleset: CA, Year: 1949, Change on : Jan 
Ruleset CA , total changes : 37 (1948 - 2038)
Ruleset CO , total changes : 2 (1992 - 2038)
Ruleset CR , total changes : 9 (1979 - 2038)
Ruleset Canada , total changes : 133 (1918 - 2038)
Ruleset Chatham , total changes : 127 (1974 - 2038)
Ruleset Chicago , total changes : 94 (1920 - 2038)
Ruleset Chile , total changes : 147 (1927 - 2038)
Ruleset Cook , total changes : 26 (1978 - 2038)
Ruleset Cuba , total changes : 154 (1928 - 2038)
Ruleset Cyprus , total changes : 47 (1975 - 2038)
Ruleset Czech , total changes : 10 (1945 - 2038)
Ruleset DR , total changes : 14 (1966 - 2038)
Ruleset Denmark , total changes : 11 (1916 - 2038)
Ruleset Denver , total changes : 8 (1920 - 2038)
Ruleset Detroit , total changes : 4 (1948 - 2038)
Ruleset Dhaka , total changes : 3 (2009 - 2038)
Ruleset E-Eur , total changes : 122 (1977 - 2038)
Ruleset E-EurAsia , total changes : 116 (1979 - 2038)
Ruleset EU , total changes : 122 (1977 - 2038)
Ruleset EUAsia , total changes : 116 (1979 - 2038)
Ruleset Ecuador , total changes : 2 (1992 - 2038)
Ruleset Edm , total changes : 71 (1918 - 2038)
DS ruleset: Egypt, Year: 2010, found 4 matching rules
DS ruleset: Egypt, Year: 2014, found 4 matching rules
Ruleset Egypt , total changes : 126 (1940 - 2038)
Ruleset EgyptAsia , total changes : 21 (1957 - 2038)
DS ruleset: Falk, Year: 1942, Change on : Jan 
DS ruleset: Falk, Year: 1943, Change on : Jan 
Ruleset Falk , total changes : 68 (1937 - 2038)
Ruleset Fiji , total changes : 64 (1998 - 2038)
Ruleset Finland , total changes : 6 (1942 - 2038)
Ruleset France , total changes : 61 (1916 - 2038)
DS ruleset: GB-Eire, Year: 1945, found 3 matching rules
DS ruleset: GB-Eire, Year: 1947, found 4 matching rules
Ruleset GB-Eire , total changes : 156 (1916 - 2038)
DS ruleset: Germany, Year: 1947, found 4 matching rules
Ruleset Germany , total changes : 10 (1946 - 2038)
Ruleset Ghana , total changes : 47 (1920 - 2038)
Ruleset Greece , total changes : 20 (1932 - 2038)
Ruleset Guat , total changes : 8 (1973 - 2038)
DS ruleset: HK, Year: 1973, found 3 matching rules
Ruleset HK , total changes : 70 (1941 - 2038)
Ruleset Haiti , total changes : 84 (1983 - 2038)
Ruleset Halifax , total changes : 94 (1916 - 2038)
Ruleset Holiday , total changes : 4 (1992 - 2038)
Ruleset Hond , total changes : 6 (1987 - 2038)
Ruleset Hungary , total changes : 25 (1918 - 2038)
Ruleset Iceland , total changes : 66 (1917 - 2038)
Ruleset Indianapolis , total changes : 24 (1941 - 2038)
Ruleset Iran , total changes : 96 (1978 - 2038)
Ruleset Iraq , total changes : 52 (1982 - 2038)
Ruleset Italy , total changes : 52 (1916 - 2038)
Ruleset Japan , total changes : 8 (1948 - 2038)
Ruleset Jordan , total changes : 117 (1973 - 2038)
Ruleset Kyrgyz , total changes : 27 (1992 - 2038)
Ruleset LH , total changes : 113 (1981 - 2038)
Ruleset Latvia , total changes : 16 (1989 - 2038)
Ruleset Lebanon , total changes : 140 (1920 - 2038)
DS ruleset: Libya, Year: 1951, Change on : Jan 
DS ruleset: Libya, Year: 1952, Change on : Jan 
DS ruleset: Libya, Year: 1953, Change on : Jan 
DS ruleset: Libya, Year: 1954, Change on : Jan 
DS ruleset: Libya, Year: 1955, Change on : Jan 
DS ruleset: Libya, Year: 1956, Change on : Jan 
Ruleset Libya , total changes : 29 (1951 - 2038)
Ruleset Louisville , total changes : 36 (1921 - 2038)
Ruleset Lux , total changes : 27 (1916 - 2038)
Ruleset Macau , total changes : 40 (1961 - 2038)
Ruleset Malta , total changes : 16 (1973 - 2038)
Ruleset Marengo , total changes : 16 (1951 - 2038)
Ruleset Mauritius , total changes : 4 (1982 - 2038)
Ruleset Menominee , total changes : 4 (1946 - 2038)
Ruleset Mexico , total changes : 94 (1939 - 2038)
Ruleset Moldova , total changes : 82 (1997 - 2038)
Ruleset Moncton , total changes : 100 (1933 - 2038)
Ruleset Mongol , total changes : 48 (1983 - 2038)
DS ruleset: Morocco, Year: 2012, found 4 matching rules
DS ruleset: Morocco, Year: 2013, found 4 matching rules
DS ruleset: Morocco, Year: 2014, found 4 matching rules
DS ruleset: Morocco, Year: 2015, found 4 matching rules
DS ruleset: Morocco, Year: 2016, found 4 matching rules
DS ruleset: Morocco, Year: 2017, found 4 matching rules
DS ruleset: Morocco, Year: 2018, found 4 matching rules
DS ruleset: Morocco, Year: 2019, found 4 matching rules
DS ruleset: Morocco, Year: 2020, found 4 matching rules
DS ruleset: Morocco, Year: 2021, found 4 matching rules
DS ruleset: Morocco, Year: 2036, found 3 matching rules
DS ruleset: Morocco, Year: 2037, found 3 matching rules
Ruleset Morocco , total changes : 98 (1939 - 2038)
Ruleset NBorneo , total changes : 15 (1935 - 2038)
Ruleset NC , total changes : 8 (1977 - 2038)
Ruleset NT_YK , total changes : 63 (1918 - 2038)
Ruleset NYC , total changes : 94 (1920 - 2038)
DS ruleset: NZ, Year: 1945, Change on : Jan 
DS ruleset: NZ, Year: 1946, Change on : Jan 
Ruleset NZ , total changes : 156 (1927 - 2038)
Ruleset Namibia , total changes : 87 (1994 - 2038)
DS ruleset: Neth, Year: 1937, found 3 matching rules
Ruleset Neth , total changes : 51 (1916 - 2038)
Ruleset Nic , total changes : 8 (1979 - 2038)
Ruleset Norway , total changes : 18 (1916 - 2038)
Ruleset PRC , total changes : 12 (1986 - 2038)
Ruleset Pakistan , total changes : 6 (2002 - 2038)
DS ruleset: Palestine, Year: 2011, found 4 matching rules
Ruleset Palestine , total changes : 80 (1999 - 2038)
Ruleset Para , total changes : 126 (1975 - 2038)
Ruleset Perry , total changes : 24 (1946 - 2038)
DS ruleset: Peru, Year: 1938, Change on : Jan 
DS ruleset: Peru, Year: 1938, found 3 matching rules
DS ruleset: Peru, Year: 1985, Change on : Jan 
DS ruleset: Peru, Year: 1986, Change on : Jan 
DS ruleset: Peru, Year: 1987, Change on : Jan 
DS ruleset: Peru, Year: 1989, Change on : Jan 
DS ruleset: Peru, Year: 1990, Change on : Jan 
DS ruleset: Peru, Year: 1993, Change on : Jan 
DS ruleset: Peru, Year: 1994, Change on : Jan 
Ruleset Peru , total changes : 17 (1938 - 2038)
Ruleset Phil , total changes : 6 (1936 - 2038)
Ruleset Pike , total changes : 20 (1955 - 2038)
Ruleset Poland , total changes : 31 (1918 - 2038)
DS ruleset: Port, Year: 1942, found 4 matching rules
DS ruleset: Port, Year: 1943, found 4 matching rules
DS ruleset: Port, Year: 1944, found 4 matching rules
DS ruleset: Port, Year: 1945, found 4 matching rules
Ruleset Port , total changes : 109 (1916 - 2038)
Ruleset Pulaski , total changes : 30 (1946 - 2038)
Ruleset ROK , total changes : 24 (1948 - 2038)
Ruleset Regina , total changes : 51 (1918 - 2038)
Ruleset Romania , total changes : 26 (1932 - 2038)
DS ruleset: Russia, Year: 1919, found 3 matching rules
DS ruleset: Russia, Year: 1921, found 4 matching rules
Ruleset Russia , total changes : 72 (1917 - 2038)
Ruleset RussiaAsia , total changes : 62 (1981 - 2038)
Ruleset SA , total changes : 4 (1942 - 2038)
Ruleset Salv , total changes : 4 (1987 - 2038)
Ruleset SanLuis , total changes : 4 (2007 - 2038)
Ruleset Shang , total changes : 4 (1940 - 2038)
DS ruleset: SovietZone, Year: 1945, found 3 matching rules
Ruleset SovietZone , total changes : 3 (1945 - 2038)
DS ruleset: Spain, Year: 1938, found 3 matching rules
Ruleset Spain , total changes : 42 (1918 - 2038)
Ruleset SpainAfrica , total changes : 10 (1967 - 2038)
Ruleset StJohns , total changes : 179 (1917 - 2038)
Ruleset Starke , total changes : 30 (1947 - 2038)
Ruleset Sudan , total changes : 32 (1970 - 2038)
Ruleset Swift , total changes : 8 (1957 - 2038)
Ruleset Swiss , total changes : 4 (1941 - 2038)
Ruleset Syria , total changes : 150 (1920 - 2038)
Ruleset Taiwan , total changes : 38 (1946 - 2038)
Ruleset Thule , total changes : 94 (1991 - 2038)
Ruleset Tonga , total changes : 51 (1999 - 2038)
Ruleset Toronto , total changes : 100 (1919 - 2038)
Ruleset Troll , total changes : 67 (2004 - 2038)
DS ruleset: Tunisia, Year: 1943, found 4 matching rules
Ruleset Tunisia , total changes : 32 (1939 - 2038)
DS ruleset: Turkey, Year: 1940, found 3 matching rules
Ruleset Turkey , total changes : 108 (1916 - 2038)
Ruleset US , total changes : 150 (1918 - 2038)
DS ruleset: Uruguay, Year: 1941, Change on : Jan 
DS ruleset: Uruguay, Year: 1942, Change on : Jan 
Ruleset Uruguay , total changes : 93 (1923 - 2038)
Ruleset Vanc , total changes : 107 (1918 - 2038)
Ruleset Vanuatu , total changes : 21 (1983 - 2038)
Ruleset Vincennes , total changes : 24 (1946 - 2038)
Ruleset W-Eur , total changes : 122 (1977 - 2038)
Ruleset WS , total changes : 55 (2010 - 2038)
Ruleset Winn , total changes : 121 (1916 - 2038)
DS ruleset: Zion, Year: 1948, found 3 matching rules
Ruleset Zion , total changes : 141 (1940 - 2038)
Total DS changes: 7690; maximum changes in a ruleset :179

 COUNTRY MAX NAME LEN: 42
 DS RULES & RULESETS
   DS RULESET MAX NAME LEN: 12
   DS RULE MAX LETTER_ABBREV LEN: 5

 TIMEZONE
   MAX NAME LEN: 30   MAX comments LEN: 73   MAX coordinates LEN: 15
 TZ_NAMES (timezone names and aliases) MAX NAME LEN: 32
 TZ_RW_LINKS : 
   MAX NAME LEN: 30   MAX ALIAS LEN: 32
 TZ_RAW_OFFSET_RULES : 
   MAX rules LEN: 12   MAX format LEN: 5
[1406/1448] Linking CXX executable bin/test_oos_record_flags
[1407/1448] Linking CXX executable bin/test_byte_span_writer
[1408/1448] Linking CXX executable bin/test_oos_tde_gate
[1409/1448] Linking CXX executable bin/test_oos_sql_bigone
[1410/1448] Linking CXX executable bin/test_oos_delete
[1411/1448] Linking CXX executable bin/test_oos_no_logging
[1412/1448] Linking CXX executable bin/test_oos_sql_delete
[1413/1448] Linking CXX executable bin/test_oos_sql_ddl
[1414/1448] Linking CXX executable bin/test_oos_sql_update_delete
[1415/1448] Linking CXX executable bin/test_oos_sql_boundary
[1416/1448] Linking CXX executable bin/test_oos_sql_visible_version
[1417/1448] Linking CXX executable bin/test_oos_sql_crud
[1418/1448] Linking CXX executable bin/test_oos_remove_file
[1419/1448] Linking CXX executable bin/test_oos_sql_txn
[1420/1448] Linking CXX executable bin/test_oos_sql_crash_recovery
[1421/1448] Linking CXX executable bin/test_oos_sql_show
[1422/1448] Linking CXX executable bin/test_oos_growth_sweep
[1423/1448] Linking CXX executable bin/test_oos_sql_eager_cleanup
[1424/1448] Linking CXX executable bin/test_oos
[1425/1448] Linking CXX executable bin/test_oos_eager_diagnostics
[1426/1448] Linking CXX executable bin/test_oos_sql_storage
[1427/1448] Building C object timezones/CMakeFiles/cubrid_timezones.dir/tzlib/timezones.c.o
[1428/1448] Building CXX object unit_tests/oos/CMakeFiles/test_oos_bestspace.dir/test_oos_bestspace.cpp.o
[1429/1448] Linking C shared library timezones/libcubrid_timezones.so.11.5
[1430/1448] Creating library symlink timezones/libcubrid_timezones.so
[1431/1448] Linking CXX executable bin/test_oos_bestspace
[1432/1448] Building CXX object unit_tests/oos/CMakeFiles/test_oos_vacuum_server.dir/test_oos_vacuum_server.cpp.o
[1433/1448] Linking CXX shared library cubrid/libcubrid.so.11.5
[1434/1448] Creating library symlink cubrid/libcubrid.so
[1435/1448] Linking CXX executable bin/cub_server
[1436/1448] Linking CXX executable bin/unittests_area
[1437/1448] Linking CXX executable bin/unittests_bit
[1438/1448] Linking CXX executable bin/unittests_snapshot
[1439/1448] Linking CXX executable bin/unittests_lf
[1440/1448] Linking CXX executable bin/test_oos_mock_vacuum_server
[1441/1448] Linking CXX executable bin/test_oos_delete_server
[1442/1448] Linking CXX executable bin/test_oos_remove_file_server
[1443/1448] Linking CXX executable bin/test_oos_real_vacuum_server
[1444/1448] Linking CXX executable bin/test_oos_vacuum_server
[1445/1448] Building CXX object unit_tests/oos/CMakeFiles/test_oos_identity_stamp.dir/test_oos_identity_stamp.cpp.o
[1446/1448] Linking CXX executable bin/test_oos_identity_stamp
[1447/1448] Building CXX object unit_tests/oos/CMakeFiles/test_oos_server.dir/test_oos_server.cpp.o
[1448/1448] Linking CXX executable bin/test_oos_server
-- Install configuration: "RelWithDebInfo"
-- Installing: /home/vimkim/.cub/install/oos-readiness-221-release/release_gcc/vm/pl_server.jar
-- Installing: /home/vimkim/.cub/install/oos-readiness-221-release/release_gcc/vm/logging.properties
-- Installing: /home/vimkim/.cub/install/oos-readiness-221-release/release_gcc/vm/jdk8
-- Installing: /home/vimkim/.cub/install/oos-readiness-221-release/release_gcc/lib/libcubridsa.so.11.5
-- Set runtime path of "/home/vimkim/.cub/install/oos-readiness-221-release/release_gcc/lib/libcubridsa.so.11.5" to "/home/vimkim/.cub/install/oos-readiness-221-release/release_gcc/lib"
-- Installing: /home/vimkim/.cub/install/oos-readiness-221-release/release_gcc/lib/libcubridsa.so
-- Installing: /home/vimkim/.cub/install/oos-readiness-221-release/release_gcc/lib/libcubridcs.so.11.5
-- Set runtime path of "/home/vimkim/.cub/install/oos-readiness-221-release/release_gcc/lib/libcubridcs.so.11.5" to "/home/vimkim/.cub/install/oos-readiness-221-release/release_gcc/lib"
-- Installing: /home/vimkim/.cub/install/oos-readiness-221-release/release_gcc/lib/libcubridcs.so
-- Installing: /home/vimkim/.cub/install/oos-readiness-221-release/release_gcc/lib/libcubrid.so.11.5
-- Set runtime path of "/home/vimkim/.cub/install/oos-readiness-221-release/release_gcc/lib/libcubrid.so.11.5" to "/home/vimkim/.cub/install/oos-readiness-221-release/release_gcc/lib"
-- Installing: /home/vimkim/.cub/install/oos-readiness-221-release/release_gcc/lib/libcubrid.so
-- Installing: /home/vimkim/.cub/install/oos-readiness-221-release/release_gcc/include/dbi.h
-- Installing: /home/vimkim/.cub/install/oos-readiness-221-release/release_gcc/include/dbtran_def.h
-- Installing: /home/vimkim/.cub/install/oos-readiness-221-release/release_gcc/include/dbtype_def.h
-- Installing: /home/vimkim/.cub/install/oos-readiness-221-release/release_gcc/include/db_set_function.h
-- Installing: /home/vimkim/.cub/install/oos-readiness-221-release/release_gcc/include/dbtype_function.h
-- Installing: /home/vimkim/.cub/install/oos-readiness-221-release/release_gcc/include/db_date.h
-- Installing: /home/vimkim/.cub/install/oos-readiness-221-release/release_gcc/include/db_elo.h
-- Installing: /home/vimkim/.cub/install/oos-readiness-221-release/release_gcc/include/cache_time.h
-- Installing: /home/vimkim/.cub/install/oos-readiness-221-release/release_gcc/include/error_code.h
-- Installing: /home/vimkim/.cub/install/oos-readiness-221-release/release_gcc/include/cubrid_log.h
-- Installing: /home/vimkim/.cub/install/oos-readiness-221-release/release_gcc/include/cm_stat.h
-- Installing: /home/vimkim/.cub/install/oos-readiness-221-release/release_gcc/bin/csql
-- Set runtime path of "/home/vimkim/.cub/install/oos-readiness-221-release/release_gcc/bin/csql" to "/home/vimkim/.cub/install/oos-readiness-221-release/release_gcc/lib"
-- Installing: /home/vimkim/.cub/install/oos-readiness-221-release/release_gcc/bin/cub_master
-- Set runtime path of "/home/vimkim/.cub/install/oos-readiness-221-release/release_gcc/bin/cub_master" to "/home/vimkim/.cub/install/oos-readiness-221-release/release_gcc/lib"
-- Installing: /home/vimkim/.cub/install/oos-readiness-221-release/release_gcc/bin/cub_server
-- Set runtime path of "/home/vimkim/.cub/install/oos-readiness-221-release/release_gcc/bin/cub_server" to "/home/vimkim/.cub/install/oos-readiness-221-release/release_gcc/lib"
-- Installing: /home/vimkim/.cub/install/oos-readiness-221-release/release_gcc/bin/cubrid
-- Set runtime path of "/home/vimkim/.cub/install/oos-readiness-221-release/release_gcc/bin/cubrid" to "/home/vimkim/.cub/install/oos-readiness-221-release/release_gcc/lib"
-- Installing: /home/vimkim/.cub/install/oos-readiness-221-release/release_gcc/bin/cub_commdb
-- Set runtime path of "/home/vimkim/.cub/install/oos-readiness-221-release/release_gcc/bin/cub_commdb" to "/home/vimkim/.cub/install/oos-readiness-221-release/release_gcc/lib"
-- Installing: /home/vimkim/.cub/install/oos-readiness-221-release/release_gcc/bin/cubrid_rel
-- Set runtime path of "/home/vimkim/.cub/install/oos-readiness-221-release/release_gcc/bin/cubrid_rel" to "/home/vimkim/.cub/install/oos-readiness-221-release/release_gcc/lib"
-- Installing: /home/vimkim/.cub/install/oos-readiness-221-release/release_gcc/bin/loadjava
-- Set runtime path of "/home/vimkim/.cub/install/oos-readiness-221-release/release_gcc/bin/loadjava" to "/home/vimkim/.cub/install/oos-readiness-221-release/release_gcc/lib"
-- Installing: /home/vimkim/.cub/install/oos-readiness-221-release/release_gcc/bin/cub_pl
-- Set runtime path of "/home/vimkim/.cub/install/oos-readiness-221-release/release_gcc/bin/cub_pl" to "/home/vimkim/.cub/install/oos-readiness-221-release/release_gcc/lib"
-- Installing: /home/vimkim/.cub/install/oos-readiness-221-release/release_gcc/bin/cub_admin
-- Set runtime path of "/home/vimkim/.cub/install/oos-readiness-221-release/release_gcc/bin/cub_admin" to "/home/vimkim/.cub/install/oos-readiness-221-release/release_gcc/lib"
-- Installing: /home/vimkim/.cub/install/oos-readiness-221-release/release_gcc/cci/lib/libcascci.so.11.3
-- Set runtime path of "/home/vimkim/.cub/install/oos-readiness-221-release/release_gcc/cci/lib/libcascci.so.11.3" to "/home/vimkim/.cub/install/oos-readiness-221-release/release_gcc/lib"
-- Installing: /home/vimkim/.cub/install/oos-readiness-221-release/release_gcc/cci/lib/libcascci.so
-- Installing: /home/vimkim/.cub/install/oos-readiness-221-release/release_gcc/cci/include/cas_cci.h
-- Installing: /home/vimkim/.cub/install/oos-readiness-221-release/release_gcc/cci/include/compat_dbtran_def.h
-- Installing: /home/vimkim/.cub/install/oos-readiness-221-release/release_gcc/cci/include/broker_cas_error.h
-- Installing: /home/vimkim/.cub/install/oos-readiness-221-release/release_gcc/include/cas_cci.h
-- Installing: /home/vimkim/.cub/install/oos-readiness-221-release/release_gcc/include/broker_cas_error.h
-- Installing: /home/vimkim/.cub/install/oos-readiness-221-release/release_gcc/include/compat_dbtran_def.h
-- Installing: /home/vimkim/.cub/install/oos-readiness-221-release/release_gcc/lib/libcascci.so
-- Installing: /home/vimkim/.cub/install/oos-readiness-221-release/release_gcc/lib/libcascci.so.11.3
-- Installing: /home/vimkim/.cub/install/oos-readiness-221-release/release_gcc/bin/cci_applier
-- Set runtime path of "/home/vimkim/.cub/install/oos-readiness-221-release/release_gcc/bin/cci_applier" to "/home/vimkim/.cub/install/oos-readiness-221-release/release_gcc/lib"
-- Installing: /home/vimkim/.cub/install/oos-readiness-221-release/release_gcc/bin/broker_log_converter
-- Set runtime path of "/home/vimkim/.cub/install/oos-readiness-221-release/release_gcc/bin/broker_log_converter" to "/home/vimkim/.cub/install/oos-readiness-221-release/release_gcc/lib"
-- Installing: /home/vimkim/.cub/install/oos-readiness-221-release/release_gcc/bin/broker_log_runner
-- Set runtime path of "/home/vimkim/.cub/install/oos-readiness-221-release/release_gcc/bin/broker_log_runner" to "/home/vimkim/.cub/install/oos-readiness-221-release/release_gcc/lib"
-- Installing: /home/vimkim/.cub/install/oos-readiness-221-release/release_gcc/bin/broker_tester
-- Set runtime path of "/home/vimkim/.cub/install/oos-readiness-221-release/release_gcc/bin/broker_tester" to "/home/vimkim/.cub/install/oos-readiness-221-release/release_gcc/lib"
-- Installing: /home/vimkim/.cub/install/oos-readiness-221-release/release_gcc/bin/cubrid_replay
-- Set runtime path of "/home/vimkim/.cub/install/oos-readiness-221-release/release_gcc/bin/cubrid_replay" to "/home/vimkim/.cub/install/oos-readiness-221-release/release_gcc/lib"
-- Installing: /home/vimkim/.cub/install/oos-readiness-221-release/release_gcc/bin/cub_broker
-- Set runtime path of "/home/vimkim/.cub/install/oos-readiness-221-release/release_gcc/bin/cub_broker" to "/home/vimkim/.cub/install/oos-readiness-221-release/release_gcc/lib"
-- Installing: /home/vimkim/.cub/install/oos-readiness-221-release/release_gcc/bin/cub_gateway
-- Set runtime path of "/home/vimkim/.cub/install/oos-readiness-221-release/release_gcc/bin/cub_gateway" to "/home/vimkim/.cub/install/oos-readiness-221-release/release_gcc/lib"
-- Installing: /home/vimkim/.cub/install/oos-readiness-221-release/release_gcc/bin/broker_monitor
-- Set runtime path of "/home/vimkim/.cub/install/oos-readiness-221-release/release_gcc/bin/broker_monitor" to "/home/vimkim/.cub/install/oos-readiness-221-release/release_gcc/lib"
-- Installing: /home/vimkim/.cub/install/oos-readiness-221-release/release_gcc/bin/gateway_monitor
-- Set runtime path of "/home/vimkim/.cub/install/oos-readiness-221-release/release_gcc/bin/gateway_monitor" to "/home/vimkim/.cub/install/oos-readiness-221-release/release_gcc/lib"
-- Installing: /home/vimkim/.cub/install/oos-readiness-221-release/release_gcc/bin/broker_changer
-- Set runtime path of "/home/vimkim/.cub/install/oos-readiness-221-release/release_gcc/bin/broker_changer" to "/home/vimkim/.cub/install/oos-readiness-221-release/release_gcc/lib"
-- Installing: /home/vimkim/.cub/install/oos-readiness-221-release/release_gcc/bin/cubrid_broker
-- Set runtime path of "/home/vimkim/.cub/install/oos-readiness-221-release/release_gcc/bin/cubrid_broker" to "/home/vimkim/.cub/install/oos-readiness-221-release/release_gcc/lib"
-- Installing: /home/vimkim/.cub/install/oos-readiness-221-release/release_gcc/bin/cubrid_gateway
-- Set runtime path of "/home/vimkim/.cub/install/oos-readiness-221-release/release_gcc/bin/cubrid_gateway" to "/home/vimkim/.cub/install/oos-readiness-221-release/release_gcc/lib"
-- Installing: /home/vimkim/.cub/install/oos-readiness-221-release/release_gcc/bin/cub_cas
-- Set runtime path of "/home/vimkim/.cub/install/oos-readiness-221-release/release_gcc/bin/cub_cas" to "/home/vimkim/.cub/install/oos-readiness-221-release/release_gcc/lib"
-- Installing: /home/vimkim/.cub/install/oos-readiness-221-release/release_gcc/bin/cub_cas_cgw
-- Set runtime path of "/home/vimkim/.cub/install/oos-readiness-221-release/release_gcc/bin/cub_cas_cgw" to "/home/vimkim/.cub/install/oos-readiness-221-release/release_gcc/lib"
-- Installing: /home/vimkim/.cub/install/oos-readiness-221-release/release_gcc/bin/cub_proxy
-- Set runtime path of "/home/vimkim/.cub/install/oos-readiness-221-release/release_gcc/bin/cub_proxy" to "/home/vimkim/.cub/install/oos-readiness-221-release/release_gcc/lib"
-- Installing: /home/vimkim/.cub/install/oos-readiness-221-release/release_gcc/include/shard_key.h
-- Installing: /home/vimkim/.cub/install/oos-readiness-221-release/release_gcc/bin/broker_log_top
-- Set runtime path of "/home/vimkim/.cub/install/oos-readiness-221-release/release_gcc/bin/broker_log_top" to "/home/vimkim/.cub/install/oos-readiness-221-release/release_gcc/lib"
-- Installing: /home/vimkim/.cub/install/oos-readiness-221-release/release_gcc/lib/libbrokeradmin.so.11.5
-- Set runtime path of "/home/vimkim/.cub/install/oos-readiness-221-release/release_gcc/lib/libbrokeradmin.so.11.5" to "/home/vimkim/.cub/install/oos-readiness-221-release/release_gcc/lib"
-- Installing: /home/vimkim/.cub/install/oos-readiness-221-release/release_gcc/lib/libbrokeradmin.so
-- Installing: /home/vimkim/.cub/install/oos-readiness-221-release/release_gcc/lib/libcmstat.so.11.5
-- Set runtime path of "/home/vimkim/.cub/install/oos-readiness-221-release/release_gcc/lib/libcmstat.so.11.5" to "/home/vimkim/.cub/install/oos-readiness-221-release/release_gcc/lib"
-- Installing: /home/vimkim/.cub/install/oos-readiness-221-release/release_gcc/lib/libcmstat.so
-- Installing: /home/vimkim/.cub/install/oos-readiness-221-release/release_gcc/lib/libcmdep.so.11.5
-- Set runtime path of "/home/vimkim/.cub/install/oos-readiness-221-release/release_gcc/lib/libcmdep.so.11.5" to "/home/vimkim/.cub/install/oos-readiness-221-release/release_gcc/lib"
-- Installing: /home/vimkim/.cub/install/oos-readiness-221-release/release_gcc/lib/libcmdep.so
-- Installing: /home/vimkim/.cub/install/oos-readiness-221-release/release_gcc/bin/cub_jobsa
-- Set runtime path of "/home/vimkim/.cub/install/oos-readiness-221-release/release_gcc/bin/cub_jobsa" to "/home/vimkim/.cub/install/oos-readiness-221-release/release_gcc/lib"
-- Installing: /home/vimkim/.cub/install/oos-readiness-221-release/release_gcc/bin/cub_sainfo
-- Set runtime path of "/home/vimkim/.cub/install/oos-readiness-221-release/release_gcc/bin/cub_sainfo" to "/home/vimkim/.cub/install/oos-readiness-221-release/release_gcc/lib"
-- Installing: /home/vimkim/.cub/install/oos-readiness-221-release/release_gcc/conf/cubrid.conf
-- Installing: /home/vimkim/.cub/install/oos-readiness-221-release/release_gcc/conf/cubrid.conf.large
-- Installing: /home/vimkim/.cub/install/oos-readiness-221-release/release_gcc/conf/cubrid.conf.small
-- Installing: /home/vimkim/.cub/install/oos-readiness-221-release/release_gcc/conf/cubrid_broker.conf
-- Installing: /home/vimkim/.cub/install/oos-readiness-221-release/release_gcc/conf/cubrid_broker.conf.shard
-- Installing: /home/vimkim/.cub/install/oos-readiness-221-release/release_gcc/conf/cubrid_gateway.conf
-- Installing: /home/vimkim/.cub/install/oos-readiness-221-release/release_gcc/conf/cubrid_ha.conf
-- Installing: /home/vimkim/.cub/install/oos-readiness-221-release/release_gcc/conf/cubrid_hosts.conf
-- Installing: /home/vimkim/.cub/install/oos-readiness-221-release/release_gcc/conf/shard_connection.txt
-- Installing: /home/vimkim/.cub/install/oos-readiness-221-release/release_gcc/conf/shard_key.txt
-- Installing: /home/vimkim/.cub/install/oos-readiness-221-release/release_gcc/conf/cubrid_locales.all.txt
-- Installing: /home/vimkim/.cub/install/oos-readiness-221-release/release_gcc/conf/cubrid_locales.txt
-- Installing: /home/vimkim/.cub/install/oos-readiness-221-release/release_gcc/conf/cas_ssl_cert.crt
-- Installing: /home/vimkim/.cub/install/oos-readiness-221-release/release_gcc/conf/cas_ssl_cert.key
-- Installing: /home/vimkim/.cub/install/oos-readiness-221-release/release_gcc/msg/en_US.utf8
-- Installing: /home/vimkim/.cub/install/oos-readiness-221-release/release_gcc/msg/en_US.utf8/cubrid.msg
-- Installing: /home/vimkim/.cub/install/oos-readiness-221-release/release_gcc/msg/en_US.utf8/csql.msg
-- Installing: /home/vimkim/.cub/install/oos-readiness-221-release/release_gcc/msg/en_US.utf8/utils.msg
-- Up-to-date: /home/vimkim/.cub/install/oos-readiness-221-release/release_gcc/msg/en_US.utf8
-- Installing: /home/vimkim/.cub/install/oos-readiness-221-release/release_gcc/msg/en_US.utf8/csql.cat
-- Installing: /home/vimkim/.cub/install/oos-readiness-221-release/release_gcc/msg/en_US.utf8/cubrid.cat
-- Installing: /home/vimkim/.cub/install/oos-readiness-221-release/release_gcc/msg/en_US.utf8/utils.cat
-- Installing: /home/vimkim/.cub/install/oos-readiness-221-release/release_gcc/msg/en_US
-- Installing: /home/vimkim/.cub/install/oos-readiness-221-release/release_gcc/msg/en_US/cubrid.msg
-- Installing: /home/vimkim/.cub/install/oos-readiness-221-release/release_gcc/msg/en_US/utils.msg
-- Installing: /home/vimkim/.cub/install/oos-readiness-221-release/release_gcc/msg/en_US/csql.msg
-- Up-to-date: /home/vimkim/.cub/install/oos-readiness-221-release/release_gcc/msg/en_US
-- Installing: /home/vimkim/.cub/install/oos-readiness-221-release/release_gcc/msg/en_US/cubrid.cat
-- Installing: /home/vimkim/.cub/install/oos-readiness-221-release/release_gcc/msg/en_US/utils.cat
-- Installing: /home/vimkim/.cub/install/oos-readiness-221-release/release_gcc/msg/en_US/csql.cat
-- Installing: /home/vimkim/.cub/install/oos-readiness-221-release/release_gcc/msg/ko_KR.utf8
-- Installing: /home/vimkim/.cub/install/oos-readiness-221-release/release_gcc/msg/ko_KR.utf8/csql.msg
-- Installing: /home/vimkim/.cub/install/oos-readiness-221-release/release_gcc/msg/ko_KR.utf8/cubrid.msg
-- Installing: /home/vimkim/.cub/install/oos-readiness-221-release/release_gcc/msg/ko_KR.utf8/utils.msg
-- Up-to-date: /home/vimkim/.cub/install/oos-readiness-221-release/release_gcc/msg/ko_KR.utf8
-- Installing: /home/vimkim/.cub/install/oos-readiness-221-release/release_gcc/msg/ko_KR.utf8/csql.cat
-- Installing: /home/vimkim/.cub/install/oos-readiness-221-release/release_gcc/msg/ko_KR.utf8/cubrid.cat
-- Installing: /home/vimkim/.cub/install/oos-readiness-221-release/release_gcc/msg/ko_KR.utf8/utils.cat
-- Installing: /home/vimkim/.cub/install/oos-readiness-221-release/release_gcc/msg/ko_KR.euckr
-- Installing: /home/vimkim/.cub/install/oos-readiness-221-release/release_gcc/msg/ko_KR.euckr/csql.msg
-- Installing: /home/vimkim/.cub/install/oos-readiness-221-release/release_gcc/msg/ko_KR.euckr/utils.msg
-- Installing: /home/vimkim/.cub/install/oos-readiness-221-release/release_gcc/msg/ko_KR.euckr/cubrid.msg
-- Up-to-date: /home/vimkim/.cub/install/oos-readiness-221-release/release_gcc/msg/ko_KR.euckr
-- Installing: /home/vimkim/.cub/install/oos-readiness-221-release/release_gcc/msg/ko_KR.euckr/csql.cat
-- Installing: /home/vimkim/.cub/install/oos-readiness-221-release/release_gcc/msg/ko_KR.euckr/utils.cat
-- Installing: /home/vimkim/.cub/install/oos-readiness-221-release/release_gcc/msg/ko_KR.euckr/cubrid.cat
-- Installing: /home/vimkim/.cub/install/oos-readiness-221-release/release_gcc/demo/demodb_objects
-- Installing: /home/vimkim/.cub/install/oos-readiness-221-release/release_gcc/demo/demodb_schema
-- Installing: /home/vimkim/.cub/install/oos-readiness-221-release/release_gcc/demo/make_cubrid_demo.sh
-- Installing: /home/vimkim/.cub/install/oos-readiness-221-release/release_gcc/share/init.d/cubrid-ha
-- Installing: /home/vimkim/.cub/install/oos-readiness-221-release/release_gcc/share/init.d/cubrid
-- Installing: /home/vimkim/.cub/install/oos-readiness-221-release/release_gcc/share/scripts/check_reserved.sql
-- Installing: /home/vimkim/.cub/install/oos-readiness-221-release/release_gcc/share/scripts/broker_log_top.py
-- Installing: /home/vimkim/.cub/install/oos-readiness-221-release/release_gcc/share/scripts/brokerstatus_to_csv.py
-- Installing: /home/vimkim/.cub/install/oos-readiness-221-release/release_gcc/share/scripts/statdump_to_csv.py
-- Installing: /home/vimkim/.cub/install/oos-readiness-221-release/release_gcc/share/scripts/ha/ha_make_slavedb.sh
-- Installing: /home/vimkim/.cub/install/oos-readiness-221-release/release_gcc/share/scripts/ha/VERSION
-- Installing: /home/vimkim/.cub/install/oos-readiness-221-release/release_gcc/share/scripts/ha/README
-- Installing: /home/vimkim/.cub/install/oos-readiness-221-release/release_gcc/share/scripts/ha/functions/ha_check_environment.sh
-- Installing: /home/vimkim/.cub/install/oos-readiness-221-release/release_gcc/share/scripts/ha/functions/ha_check_script.sh
-- Installing: /home/vimkim/.cub/install/oos-readiness-221-release/release_gcc/share/scripts/ha/expect/scp_from.exp
-- Installing: /home/vimkim/.cub/install/oos-readiness-221-release/release_gcc/share/scripts/ha/expect/scp_to.exp
-- Installing: /home/vimkim/.cub/install/oos-readiness-221-release/release_gcc/share/scripts/ha/expect/ssh.exp
-- Installing: /home/vimkim/.cub/install/oos-readiness-221-release/release_gcc/share/scripts/ha/common/common.sh
-- Installing: /home/vimkim/.cub/install/oos-readiness-221-release/release_gcc/share/systemtap/tapset/cubrid_func.stp
-- Installing: /home/vimkim/.cub/install/oos-readiness-221-release/release_gcc/share/systemtap/tapset/scripts/buffer_access.stp
-- Installing: /home/vimkim/.cub/install/oos-readiness-221-release/release_gcc/share/systemtap/tapset/scripts/global_time.stp
-- Installing: /home/vimkim/.cub/install/oos-readiness-221-release/release_gcc/share/systemtap/tapset/scripts/io_stat.stp
-- Installing: /home/vimkim/.cub/install/oos-readiness-221-release/release_gcc/share/systemtap/tapset/scripts/lock_time.stp
-- Installing: /home/vimkim/.cub/install/oos-readiness-221-release/release_gcc/share/systemtap/tapset/scripts/obj_access.stp
-- Installing: /home/vimkim/.cub/install/oos-readiness-221-release/release_gcc/share/systemtap/tapset/scripts/query_time.stp
-- Installing: /home/vimkim/.cub/install/oos-readiness-221-release/release_gcc/share/systemtap/tapset/scripts/transaction.stp
-- Installing: /home/vimkim/.cub/install/oos-readiness-221-release/release_gcc/share/systemtap/tapset/scripts/topcallstack_helper.stp
-- Installing: /home/vimkim/.cub/install/oos-readiness-221-release/release_gcc/share/systemtap/tapset/scripts/get_file_line.sh
-- Installing: /home/vimkim/.cub/install/oos-readiness-221-release/release_gcc/share/systemtap/tapset/scripts/topcallstack
-- Installing: /home/vimkim/.cub/install/oos-readiness-221-release/release_gcc/share/scripts/setup.sh
-- Installing: /home/vimkim/.cub/install/oos-readiness-221-release/release_gcc/share/scripts/cubrid.sh
-- Installing: /home/vimkim/.cub/install/oos-readiness-221-release/release_gcc/share/scripts/cubrid.csh
-- Installing: /home/vimkim/.cub/install/oos-readiness-221-release/release_gcc/share/scripts/unloaddb.sh
-- Installing: /home/vimkim/.cub/install/oos-readiness-221-release/release_gcc/share/scripts/restore_to_newdb.sh
-- Installing: /home/vimkim/.cub/install/oos-readiness-221-release/release_gcc/share/scripts/check_index_ovfps.sh
-- Installing: /home/vimkim/.cub/install/oos-readiness-221-release/release_gcc/bin/make_locale.sh
-- Installing: /home/vimkim/.cub/install/oos-readiness-221-release/release_gcc/locales/loclib/build_locale.sh
-- Installing: /home/vimkim/.cub/install/oos-readiness-221-release/release_gcc/locales/data
-- Installing: /home/vimkim/.cub/install/oos-readiness-221-release/release_gcc/locales/data/codepages
-- Installing: /home/vimkim/.cub/install/oos-readiness-221-release/release_gcc/locales/data/codepages/8859-1.TXT
-- Installing: /home/vimkim/.cub/install/oos-readiness-221-release/release_gcc/locales/data/codepages/8859-15.TXT
-- Installing: /home/vimkim/.cub/install/oos-readiness-221-release/release_gcc/locales/data/codepages/8859-9.TXT
-- Installing: /home/vimkim/.cub/install/oos-readiness-221-release/release_gcc/locales/data/codepages/CP1250.TXT
-- Installing: /home/vimkim/.cub/install/oos-readiness-221-release/release_gcc/locales/data/codepages/CP1258.TXT
-- Installing: /home/vimkim/.cub/install/oos-readiness-221-release/release_gcc/locales/data/codepages/CP932.TXT
-- Installing: /home/vimkim/.cub/install/oos-readiness-221-release/release_gcc/locales/data/codepages/CP936.TXT
-- Installing: /home/vimkim/.cub/install/oos-readiness-221-release/release_gcc/locales/data/codepages/CP949.TXT
-- Installing: /home/vimkim/.cub/install/oos-readiness-221-release/release_gcc/locales/data/ducet.txt
-- Installing: /home/vimkim/.cub/install/oos-readiness-221-release/release_gcc/locales/data/ldml
-- Installing: /home/vimkim/.cub/install/oos-readiness-221-release/release_gcc/locales/data/ldml/common_collations.xml
-- Installing: /home/vimkim/.cub/install/oos-readiness-221-release/release_gcc/locales/data/ldml/cubrid_de_DE.xml
-- Installing: /home/vimkim/.cub/install/oos-readiness-221-release/release_gcc/locales/data/ldml/cubrid_es_ES.xml
-- Installing: /home/vimkim/.cub/install/oos-readiness-221-release/release_gcc/locales/data/ldml/cubrid_fr_FR.xml
-- Installing: /home/vimkim/.cub/install/oos-readiness-221-release/release_gcc/locales/data/ldml/cubrid_it_IT.xml
-- Installing: /home/vimkim/.cub/install/oos-readiness-221-release/release_gcc/locales/data/ldml/cubrid_ja_JP.xml
-- Installing: /home/vimkim/.cub/install/oos-readiness-221-release/release_gcc/locales/data/ldml/cubrid_km_KH.xml
-- Installing: /home/vimkim/.cub/install/oos-readiness-221-release/release_gcc/locales/data/ldml/cubrid_ko_KR.xml
-- Installing: /home/vimkim/.cub/install/oos-readiness-221-release/release_gcc/locales/data/ldml/cubrid_ro_RO.xml
-- Installing: /home/vimkim/.cub/install/oos-readiness-221-release/release_gcc/locales/data/ldml/cubrid_tr_TR.xml
-- Installing: /home/vimkim/.cub/install/oos-readiness-221-release/release_gcc/locales/data/ldml/cubrid_vi_VN.xml
-- Installing: /home/vimkim/.cub/install/oos-readiness-221-release/release_gcc/locales/data/ldml/cubrid_zh_CN.xml
-- Installing: /home/vimkim/.cub/install/oos-readiness-221-release/release_gcc/locales/data/unicodedata.txt
-- Installing: /home/vimkim/.cub/install/oos-readiness-221-release/release_gcc/locales/loclib/locale_lib_common.h
-- Installing: /home/vimkim/.cub/install/oos-readiness-221-release/release_gcc/lib/libcubrid_timezones.so.11.5
-- Set runtime path of "/home/vimkim/.cub/install/oos-readiness-221-release/release_gcc/lib/libcubrid_timezones.so.11.5" to "/home/vimkim/.cub/install/oos-readiness-221-release/release_gcc/lib"
-- Installing: /home/vimkim/.cub/install/oos-readiness-221-release/release_gcc/lib/libcubrid_timezones.so
-- Installing: /home/vimkim/.cub/install/oos-readiness-221-release/release_gcc/bin/make_tz.sh
-- Installing: /home/vimkim/.cub/install/oos-readiness-221-release/release_gcc/timezones/tzlib/build_tz.sh
-- Installing: /home/vimkim/.cub/install/oos-readiness-221-release/release_gcc/timezones/tzdata
-- Installing: /home/vimkim/.cub/install/oos-readiness-221-release/release_gcc/timezones/tzdata/africa
-- Installing: /home/vimkim/.cub/install/oos-readiness-221-release/release_gcc/timezones/tzdata/antarctica
-- Installing: /home/vimkim/.cub/install/oos-readiness-221-release/release_gcc/timezones/tzdata/asia
-- Installing: /home/vimkim/.cub/install/oos-readiness-221-release/release_gcc/timezones/tzdata/australasia
-- Installing: /home/vimkim/.cub/install/oos-readiness-221-release/release_gcc/timezones/tzdata/backward
-- Installing: /home/vimkim/.cub/install/oos-readiness-221-release/release_gcc/timezones/tzdata/etcetera
-- Installing: /home/vimkim/.cub/install/oos-readiness-221-release/release_gcc/timezones/tzdata/europe
-- Installing: /home/vimkim/.cub/install/oos-readiness-221-release/release_gcc/timezones/tzdata/iso3166.tab
-- Installing: /home/vimkim/.cub/install/oos-readiness-221-release/release_gcc/timezones/tzdata/leapseconds
-- Installing: /home/vimkim/.cub/install/oos-readiness-221-release/release_gcc/timezones/tzdata/northamerica
-- Installing: /home/vimkim/.cub/install/oos-readiness-221-release/release_gcc/timezones/tzdata/pacificnew
-- Installing: /home/vimkim/.cub/install/oos-readiness-221-release/release_gcc/timezones/tzdata/southamerica
-- Installing: /home/vimkim/.cub/install/oos-readiness-221-release/release_gcc/timezones/tzdata/windowsZones.xml
-- Installing: /home/vimkim/.cub/install/oos-readiness-221-release/release_gcc/timezones/tzdata/zone.tab
-- Installing: /home/vimkim/.cub/install/oos-readiness-221-release/release_gcc/timezones/tzlib/timezone_lib_common.h
-- Up-to-date: /home/vimkim/.cub/install/oos-readiness-221-release/release_gcc/include
-- Installing: /home/vimkim/.cub/install/oos-readiness-221-release/release_gcc/include/gmock
-- Installing: /home/vimkim/.cub/install/oos-readiness-221-release/release_gcc/include/gmock/gmock-actions.h
-- Installing: /home/vimkim/.cub/install/oos-readiness-221-release/release_gcc/include/gmock/gmock-cardinalities.h
-- Installing: /home/vimkim/.cub/install/oos-readiness-221-release/release_gcc/include/gmock/gmock-function-mocker.h
-- Installing: /home/vimkim/.cub/install/oos-readiness-221-release/release_gcc/include/gmock/gmock-matchers.h
-- Installing: /home/vimkim/.cub/install/oos-readiness-221-release/release_gcc/include/gmock/gmock-more-actions.h
-- Installing: /home/vimkim/.cub/install/oos-readiness-221-release/release_gcc/include/gmock/gmock-more-matchers.h
-- Installing: /home/vimkim/.cub/install/oos-readiness-221-release/release_gcc/include/gmock/gmock-nice-strict.h
-- Installing: /home/vimkim/.cub/install/oos-readiness-221-release/release_gcc/include/gmock/gmock-spec-builders.h
-- Installing: /home/vimkim/.cub/install/oos-readiness-221-release/release_gcc/include/gmock/gmock.h
-- Installing: /home/vimkim/.cub/install/oos-readiness-221-release/release_gcc/include/gmock/internal
-- Installing: /home/vimkim/.cub/install/oos-readiness-221-release/release_gcc/include/gmock/internal/custom
-- Installing: /home/vimkim/.cub/install/oos-readiness-221-release/release_gcc/include/gmock/internal/custom/README.md
-- Installing: /home/vimkim/.cub/install/oos-readiness-221-release/release_gcc/include/gmock/internal/custom/gmock-generated-actions.h
-- Installing: /home/vimkim/.cub/install/oos-readiness-221-release/release_gcc/include/gmock/internal/custom/gmock-matchers.h
-- Installing: /home/vimkim/.cub/install/oos-readiness-221-release/release_gcc/include/gmock/internal/custom/gmock-port.h
-- Installing: /home/vimkim/.cub/install/oos-readiness-221-release/release_gcc/include/gmock/internal/gmock-internal-utils.h
-- Installing: /home/vimkim/.cub/install/oos-readiness-221-release/release_gcc/include/gmock/internal/gmock-port.h
-- Installing: /home/vimkim/.cub/install/oos-readiness-221-release/release_gcc/include/gmock/internal/gmock-pp.h
-- Installing: /home/vimkim/.cub/install/oos-readiness-221-release/release_gcc/lib64/libgmock.a
-- Installing: /home/vimkim/.cub/install/oos-readiness-221-release/release_gcc/lib64/libgmock_main.a
-- Installing: /home/vimkim/.cub/install/oos-readiness-221-release/release_gcc/lib64/pkgconfig/gmock.pc
-- Installing: /home/vimkim/.cub/install/oos-readiness-221-release/release_gcc/lib64/pkgconfig/gmock_main.pc
-- Installing: /home/vimkim/.cub/install/oos-readiness-221-release/release_gcc/lib64/cmake/GTest/GTestTargets.cmake
-- Installing: /home/vimkim/.cub/install/oos-readiness-221-release/release_gcc/lib64/cmake/GTest/GTestTargets-relwithdebinfo.cmake
-- Installing: /home/vimkim/.cub/install/oos-readiness-221-release/release_gcc/lib64/cmake/GTest/GTestConfigVersion.cmake
-- Installing: /home/vimkim/.cub/install/oos-readiness-221-release/release_gcc/lib64/cmake/GTest/GTestConfig.cmake
-- Up-to-date: /home/vimkim/.cub/install/oos-readiness-221-release/release_gcc/include
-- Installing: /home/vimkim/.cub/install/oos-readiness-221-release/release_gcc/include/gtest
-- Installing: /home/vimkim/.cub/install/oos-readiness-221-release/release_gcc/include/gtest/gtest-assertion-result.h
-- Installing: /home/vimkim/.cub/install/oos-readiness-221-release/release_gcc/include/gtest/gtest-death-test.h
-- Installing: /home/vimkim/.cub/install/oos-readiness-221-release/release_gcc/include/gtest/gtest-matchers.h
-- Installing: /home/vimkim/.cub/install/oos-readiness-221-release/release_gcc/include/gtest/gtest-message.h
-- Installing: /home/vimkim/.cub/install/oos-readiness-221-release/release_gcc/include/gtest/gtest-param-test.h
-- Installing: /home/vimkim/.cub/install/oos-readiness-221-release/release_gcc/include/gtest/gtest-printers.h
-- Installing: /home/vimkim/.cub/install/oos-readiness-221-release/release_gcc/include/gtest/gtest-spi.h
-- Installing: /home/vimkim/.cub/install/oos-readiness-221-release/release_gcc/include/gtest/gtest-test-part.h
-- Installing: /home/vimkim/.cub/install/oos-readiness-221-release/release_gcc/include/gtest/gtest-typed-test.h
-- Installing: /home/vimkim/.cub/install/oos-readiness-221-release/release_gcc/include/gtest/gtest.h
-- Installing: /home/vimkim/.cub/install/oos-readiness-221-release/release_gcc/include/gtest/gtest_pred_impl.h
-- Installing: /home/vimkim/.cub/install/oos-readiness-221-release/release_gcc/include/gtest/gtest_prod.h
-- Installing: /home/vimkim/.cub/install/oos-readiness-221-release/release_gcc/include/gtest/internal
-- Installing: /home/vimkim/.cub/install/oos-readiness-221-release/release_gcc/include/gtest/internal/custom
-- Installing: /home/vimkim/.cub/install/oos-readiness-221-release/release_gcc/include/gtest/internal/custom/README.md
-- Installing: /home/vimkim/.cub/install/oos-readiness-221-release/release_gcc/include/gtest/internal/custom/gtest-port.h
-- Installing: /home/vimkim/.cub/install/oos-readiness-221-release/release_gcc/include/gtest/internal/custom/gtest-printers.h
-- Installing: /home/vimkim/.cub/install/oos-readiness-221-release/release_gcc/include/gtest/internal/custom/gtest.h
-- Installing: /home/vimkim/.cub/install/oos-readiness-221-release/release_gcc/include/gtest/internal/gtest-death-test-internal.h
-- Installing: /home/vimkim/.cub/install/oos-readiness-221-release/release_gcc/include/gtest/internal/gtest-filepath.h
-- Installing: /home/vimkim/.cub/install/oos-readiness-221-release/release_gcc/include/gtest/internal/gtest-internal.h
-- Installing: /home/vimkim/.cub/install/oos-readiness-221-release/release_gcc/include/gtest/internal/gtest-param-util.h
-- Installing: /home/vimkim/.cub/install/oos-readiness-221-release/release_gcc/include/gtest/internal/gtest-port-arch.h
-- Installing: /home/vimkim/.cub/install/oos-readiness-221-release/release_gcc/include/gtest/internal/gtest-port.h
-- Installing: /home/vimkim/.cub/install/oos-readiness-221-release/release_gcc/include/gtest/internal/gtest-string.h
-- Installing: /home/vimkim/.cub/install/oos-readiness-221-release/release_gcc/include/gtest/internal/gtest-type-util.h
-- Installing: /home/vimkim/.cub/install/oos-readiness-221-release/release_gcc/lib64/libgtest.a
-- Installing: /home/vimkim/.cub/install/oos-readiness-221-release/release_gcc/lib64/libgtest_main.a
-- Installing: /home/vimkim/.cub/install/oos-readiness-221-release/release_gcc/lib64/pkgconfig/gtest.pc
-- Installing: /home/vimkim/.cub/install/oos-readiness-221-release/release_gcc/lib64/pkgconfig/gtest_main.pc
-- Installing: /home/vimkim/.cub/install/oos-readiness-221-release/release_gcc/log
-- Installing: /home/vimkim/.cub/install/oos-readiness-221-release/release_gcc/var
-- Installing: /home/vimkim/.cub/install/oos-readiness-221-release/release_gcc/tmp
-- Installing: /home/vimkim/.cub/install/oos-readiness-221-release/release_gcc/databases
-- Installing: /home/vimkim/.cub/install/oos-readiness-221-release/release_gcc/var/CUBRID_SOCK
-- Installing: /home/vimkim/.cub/install/oos-readiness-221-release/release_gcc/3rdparty
-- Installing: /home/vimkim/.cub/install/oos-readiness-221-release/release_gcc/3rdparty/adoptium.temurin_license.txt
-- Installing: /home/vimkim/.cub/install/oos-readiness-221-release/release_gcc/3rdparty/adoptium.temurin_license_assembly_exception.txt
-- Installing: /home/vimkim/.cub/install/oos-readiness-221-release/release_gcc/3rdparty/libedit_license.txt
-- Installing: /home/vimkim/.cub/install/oos-readiness-221-release/release_gcc/3rdparty/libexpat_license.txt
-- Installing: /home/vimkim/.cub/install/oos-readiness-221-release/release_gcc/3rdparty/libodbc_license.txt
-- Installing: /home/vimkim/.cub/install/oos-readiness-221-release/release_gcc/3rdparty/libopenssl_license.txt
-- Installing: /home/vimkim/.cub/install/oos-readiness-221-release/release_gcc/3rdparty/libtbb_license.txt
-- Installing: /home/vimkim/.cub/install/oos-readiness-221-release/release_gcc/3rdparty/lz4_license.txt
-- Installing: /home/vimkim/.cub/install/oos-readiness-221-release/release_gcc/3rdparty/rapidjson_license.txt
-- Installing: /home/vimkim/.cub/install/oos-readiness-221-release/release_gcc/3rdparty/re2_license.txt
-- Installing: /home/vimkim/.cub/install/oos-readiness-221-release/release_gcc/./COPYING
-- Installing: /home/vimkim/.cub/install/oos-readiness-221-release/release_gcc/./CREDITS
-- Installing: /home/vimkim/.cub/install/oos-readiness-221-release/release_gcc/./README.md
-- Installing: /home/vimkim/.cub/install/oos-readiness-221-release/release_gcc/./README_TAR_INSTALL
-- Installing: /home/vimkim/.cub/install/oos-readiness-221-release/release_gcc/databases/databases.txt.sample
-- Installing: /home/vimkim/.cub/install/oos-readiness-221-release/release_gcc/var/CUBRID_SOCK/README.txt
-- Installing: /home/vimkim/.cub/install/oos-readiness-221-release/release_gcc/tmp/README.txt
Build and install completed successfully!
Outcome: ready
Worktree runtime: 291ca02c9106445b
Worktree: /home/vimkim/gh/cb/oos-readiness-221-release
Active preset: release_gcc
Manifest: /home/vimkim/.local/state/cubrid-worktree-guard/worktrees/291ca02c9106445b/manifest.json
Environment: /home/vimkim/.local/state/cubrid-worktree-guard/worktrees/291ca02c9106445b/env.sh
Kernel reservation: none; later kernel acquisition can still race.
[0mdirenv: loading ~/gh/cb/oos-readiness-221-release/.envrc
Preset Mode: release_gcc
Install Dir: /home/vimkim/.cub/install/oos-readiness-221-release/release_gcc
DB Dir: /home/vimkim/.cub/db/291ca02c/commondb
Build Dir: /home/vimkim/gh/cb/oos-readiness-221-release/build_preset_release_gcc
Creating database with 64.0M size using locale en_US.utf8. The total amount of disk space needed is 104.0M.

CUBRID 11.5.0

Created database: oos_readiness_221
